آب	الماضي	99
آبي	أحمد	99
آثار	الحرب	99
آثار	تغير	99
آخذة	في	99
آخر	في	99
آخر	المستجدات	33
آخر	التطورات	24
آخر	مرة	24
آخرون	من	99
آخرون	بجروح	99
آخرون	إلى	74
آخرين	في	99
آذار	من	99
آذار	الماضي	66
آر	تي	99
آسيا	الوسطى	99
آسيا	والمحيط	44
آفاق	جديدة	99
آفاق	التعاون	79
آفاق	الاقتصاد	59
آل	نهيان	99
آل	سعود	76
آل	الشيخ	69
آل	خليفة	38
آلاف	الأشخاص	99
آلاف	شخص	99
آلاف	المدنيين	79
آلاف	المتظاهرين	59
آليات	التعاون	99
آليات	الاحتلال	59
آمل	أن	99
آن	واحد	99
آن	الأوان	74
آنذاك	بنيامين	99
آي	إم	99
آيات	شيطانية	99
آية	الله	99
أؤكد	لكم	99
أب	لخمسة	99
أبريل	من	99
أبطال	أوروبا	99
أبطال	الجيش	30
أبعد	من	99
أبلغت	وزارة	99
أبناء	الشعب	99
أبناء	شعبنا	81
أبناء	اليمن	54
أبناء	محافظة	54
أبو	عاقلة	99
أبو	ظبي	73
أبو	حميد	70
أبو	بكر	33
أبي	هريرة	99
أبيب	إلى	99
أتمنى	أن	99
أثار	حفيظة	99
أثار	غضب	99
أثار	مخاوف	79
أثار	موجة	59
أثارت	جدلا	99
أثر	على	99
أثرت	على	99
أثناء	عملية	99
أثناء	حديثه	57
أثناء	فترة	57
أثناء	لقاء	42
أجانب	من	99
أجراه	مع	99
أجراها	مع	99
أجرتها	معه	99
أجرى	الرئيس	99
أجرى	محادثات	74
أجري	المقتضى	99
أجريت	في	99
أجزاء	من	99
أجل	تحقيق	99
أجل	ضمان	78
أجل	إعادة	64
أجل	تعزيز	50
أجهزة	التنفس	99
أجهزة	الاستخبارات	40
أجهزة	طرد	40
أجهزة	الكمبيوتر	30
أجواء	محافظات	99
أحد	أكبر	99
أحد	أفراد	57
أحد	أكثر	57
أحد	أهم	50
أحداث	العنف	99
أحداث	الشغب	74
أحداث	رياضية	74
أحدث	محاولة	99
أحزاب	اليمين	99
أحمد	أبو	99
أحمد	بن	59
أحمد	زبانة	50
أحمد	عبد	40
أحياء	في	99
أحيانا	إلى	99
أحيانا	خاصة	99
أحيانا	على	74
أخبار	ليبيا	99
أخبار	إقليمية	42
أخرى	في	99
أخرى	من	94
أخرى	إلى	27
أخرى	مثل	14
أخصائية	التغذية	99
أخطأ	في	99
أخمد	عناصر	99
أدان	رئيس	99
أدانت	وزارة	99
أدت	إلى	99
أدرك	أن	99
أدلة	على	99
أدلى	بها	99
أدنى	مستوى	99
أدنى	من	62
أدنى	مستوياتها	37
أدى	إلى	99
أدى	لإصابة	8
أدى	ذلك	5
أدى	الى	5
أديس	أبابا	99
أراد	أن	99
أراضي	المواطنين	99
أراضي	روسيا	99
أراضي	عام	74
أراضي	أوكرانيا	74
أرباب	العمل	99
أربع	سنوات	99
أربع	مناطق	27
أربع	نقاط	27
أربعة	أشخاص	99
أربعة	أيام	87
أربعة	أشهر	74
أربعة	أسابيع	37
أرخبيل	سقطرى	99
أردوغان	أن	99
أرض	الواقع	99
أرض	الملعب	77
أرض	الوطن	44
أرض	عربية	33
أرضية	الملعب	99
أرضية	ملعب	59
أرقاما	قياسية	99
أركان	الجيش	99
أرواح	الشهداء	99
أريحا	والأغوار	99
أريد	أن	99
أرييه	درعي	99
أزمات	اقتصادية	99
أزمة	اقتصادية	99
أزمة	الطاقة	99
أزمة	إنسانية	55
أزمة	صحية	44
أزيد	من	99
أسئلة	حول	99
أسابيع	من	99
أساس	لها	99
أساس	سنوي	77
أساس	له	33
أساسي	من	99
أساسي	على	74
أساسيا	في	99
أساسية	على	99
أسبوع	من	99
أسبوع	إلى	30
أسبوعين	على	99
أستاذ	العلوم	99
أستراليا	على	99
أستراليا	المفتوحة	99
أستطيع	أن	99
أسر	الشهداء	99
أسرة	الشهيد	99
أسرع	وقت	99
أسرع	من	50
أسرع	بكثير	25
أسطورة	كرة	99
أسعار	الفائدة	99
أسعار	النفط	80
أسعار	الطاقة	65
أسعار	المواد	46
أسفر	عن	99
أسفرت	عن	99
أسلحة	نووية	99
أسلحة	دمار	27
أسلوب	حياة	99
أسهم	في	99
أسوأ	من	99
أسوأ	ما	42
أسواق	الطاقة	99
أسواق	الأسهم	66
أسود	الأطلس	99
أسوشيتد	برس	99
أشاد	وزير	99
أشاد	وكيل	74
أشاد	مدير	74
أشار	إلى	99
أشار	رئيس	20
أشار	الرئيس	20
أشار	إليه	17
أشارت	إلى	99
أشارت	الوزيرة	20
أشارت	الى	20
أشاروا	إلى	99
أشباه	الموصلات	99
أشخاص	على	99
أشخاص	من	41
أشخاص	وأصيب	23
أشخاص	آخرين	17
أشد	العقوبات	99
أشرف	وزير	99
أشرف	على	42
أشرف	حكيمي	42
أشرف	عطية	42
أشعة	الشمس	99
أشغال	إنجاز	99
أشهر	من	99
أشهر	فقط	30
أشهر	الأولى	15
أشير	إليه	99
أصبح	أكثر	99
أصبح	هناك	74
أصبح	هذا	74
أصبحت	أكثر	99
أصبحت	الآن	79
أصبحت	اليوم	59
أصحاب	السوابق	99
أصحاب	العمل	99
أصدر	رئيس	99
أصدر	وزير	79
أصدر	الرئيس	79
أصدرت	وزارة	99
أصرت	على	99
أصيب	بها	99
أصيب	عدد	66
أصيب	خلالها	50
أصيب	بجروح	50
أضاف	أن	99
أضرار	جسيمة	99
أضراس	العقل	99
أطراف	النزاع	99
أطراف	اتفاقية	99
أطلق	من	99
أطلق	عليها	79
أطلق	النار	59
أطلقت	عليه	99
أطلقت	باتجاه	99
أطلقت	الشرطة	99
أطلقت	النار	99
أطول	من	99
أظهر	استطلاع	99
أظهرت	دراسة	99
أظهرت	بيانات	82
أظهرت	النتائج	66
أظهرت	نتائج	50
أعتقد	أن	99
أعتقد	أنه	50
أعتقد	أننا	29
أعتقد	أنها	25
أعداد	كبيرة	99
أعرب	عن	99
أعرب	الرئيس	71
أعربت	عن	99
أعضاء	مجلس	99
أعضاء	المجلس	82
أعضاء	اللجنة	44
أعضاء	لجنة	28
أعضائها	في	99
أعطيت	الأوامر	99
أعقاب	هجوم	99
أعقاب	الغزو	99
أعقب	ذلك	99
أعلم	أن	99
أعلن	وزير	99
أعلن	رئيس	86
أعلن	الجيش	73
أعلن	الرئيس	65
أعلنت	وزارة	99
أعلنت	السلطات	16
أعلنت	شركة	13
أعلنت	الحكومة	11
أعلنوا	عن	99
أعلى	من	99
أعلى	مستوى	94
أعلى	معدل	28
أعلى	نسبة	24
أعمارهم	بين	99
أعمارهم	عن	31
أعمارهم	ما	25
أعماق	البحار	99
أعمال	الشغب	99
أعمال	العنف	79
أعمال	عنف	69
أعمال	الدورة	40
أعماله	في	99
أعوام	بين	99
أعوام	من	99
أعوذ	بالله	99
أغلب	مناطق	99
أغلبية	وطنية	99
أفاد	به	99
أفاد	مراسل	16
أفاد	مصدر	16
أفاد	تقرير	12
أفادت	به	99
أفادت	وسائل	62
أفادت	مصادر	56
أفادت	تقارير	56
أفراد	العائلة	99
أفراد	الأسرة	74
أفراد	الجيش	50
أفراد	المجتمع	50
أفضل	من	99
أفضل	لاعب	29
أفضل	مما	21
أفضل	ما	21
أفق	سياسي	99
أفكر	في	99
أفيف	كوخافي	99
أقدم	على	99
أقرب	وقت	99
أقرب	إلى	58
أقره	مجلس	99
أقسام	الأسرى	99
أقصى	حد	99
أقصى	ما	99
أقصى	لسعر	99
أقل	من	99
أقل	بكثير	12
أقل	قدرة	4
أقل	مستوى	4
أقول	إن	99
أقوى	من	99
أقيم	في	99
أقيمت	في	99
أقيمت	على	71
أكبر	من	99
أكبر	بكثير	40
أكبر	عدد	36
أكبر	قدر	13
أكتوبر	تشرين	99
أكثر	من	99
أكثر	عرضة	2
أكثر	مما	2
أكثر	صعوبة	2
أكد	وزير	99
أكد	رئيس	76
أكد	أن	48
أكد	نائب	34
أكدت	وزارة	99
أكدت	أن	72
أكدت	مصادر	45
أكدت	فيه	27
أكدنا	على	99
أكسيد	الكربون	99
ألا	يكون	99
ألا	تكون	57
ألعاب	القوى	99
ألعاب	البحر	74
ألف	دولار	99
ألف	شخص	82
ألف	طن	58
ألف	جندي	50
ألقاها	خلال	99
ألقاها	عبر	99
ألقت	القبض	99
ألقى	كلمة	99
ألما	آتا	99
ألمانيا	النازية	99
أم	لا	99
أم	سلمة	33
أم	أنه	33
أم	كلثوم	33
أما	في	99
أما	بالنسبة	75
أما	عن	38
أما	على	38
أماكن	أخرى	99
أماكن	عملهم	57
أمام	مجلس	99
أمام	المحكمة	99
أمام	محكمة	85
أمام	الجمعية	71
أمانة	العاصمة	99
أمر	غير	99
أمر	طبيعي	57
أمر	لا	57
أمر	مهم	57
أمرا	غير	99
أمراض	القلب	99
أمراض	مزمنة	27
أمريكا	وبريطانيا	99
أمريكا	الجنوبية	74
أمريكا	والعالم	74
أمريكية	في	99
أمس	السبت	99
أمس	الأربعاء	82
أمس	الثلاثاء	61
أمس	الخميس	55
أمطار	متفرقة	99
أمطار	غزيرة	74
أمطار	رعدية	50
أمطار	متوسطة	37
أمل	أن	99
أمل	في	62
أمله	في	99
أملها	في	99
أمم	إفريقيا	99
أمم	أفريقيا	87
أمن	الدولة	99
أمن	الطاقة	79
أمن	البلاد	59
أمن	واستقرار	59
أمنية	وسياسية	99
أمهات	الشهداء	99
أموال	المودعين	99
أمير	عبد	99
أمير	قطر	54
أمير	دولة	27
أميركي	في	99
أمين	عام	99
أمين	سر	25
أميني	في	99
أن	يكون	99
أن	تكون	85
أن	هذه	83
أن	هذا	74
أنا	متأكد	99
أنا	سعيد	99
أنا	لا	99
أنا	لست	66
أنابيب	الغاز	99
أنابيب	غاز	37
أنباء	عن	99
أنباء	الصين	27
أنت	من	99
أنتوني	بلينكن	99
أنحاء	العالم	99
أنحاء	البلاد	21
أنحاء	الضفة	8
أنحاء	الشرق	6
أندريس	مانويل	99
أنصار	الله	99
أنطونيو	غوتيريش	99
أنظمة	الدفاع	99
أنظمة	صواريخ	87
أنظمة	دفاع	62
أنظمة	وقوانين	37
أنفسهم	في	99
أننا	لن	99
أننا	لا	99
أننا	كنا	59
أننا	لم	59
أنه	تم	99
أنه	لا	74
أنه	من	69
أنه	سيتم	37
أنها	لم	99
أنها	لن	93
أنها	لا	87
أنها	كانت	74
أنهم	لن	99
أنهم	لم	82
أنهم	كانوا	82
أنهم	لا	66
أنواع	من	99
أنواع	الخلايا	74
أنواع	الأسلحة	74
أهالي	ضحايا	99
أهداف	في	99
أهداف	التنمية	55
أهداف	لهدف	33
أهل	البيت	99
أهلنا	في	99
أهم	القضايا	99
أهمية	هذا	99
أهمية	تضافر	99
أهمية	التعاون	99
أهمية	استمرار	99
أو	حتى	99
أو	ما	94
أو	أي	68
أو	غير	52
أوائل	عام	99
أواخر	عام	99
أواصر	التعاون	99
أوبك	بلس	99
أوبورون	إكسبورت	99
أوبورون	أكسبورت	99
أود	أن	99
أودى	بحياة	99
أوراق	الاعتماد	99
أوردته	وكالة	99
أورسولا	فون	99
أوروبا	الشرقية	99
أوروبا	إلى	72
أوروبا	عبر	45
أوروبا	منذ	45
أوضح	أن	99
أوضح	الوزير	57
أوضح	أنه	35
أوضح	مدير	28
أوضحت	أن	99
أوف	إسرائيل	99
أوف	ذي	37
أوكرانيا	في	99
أوكرانيا	إلى	41
أوكرانيا	قد	15
أوكرانيا	هي	15
أوكرانية	في	99
أول	أمس	99
أول	زيارة	79
أول	اجتماع	79
أول	دولة	79
أولئك	الذين	99
أولاف	شولتز	99
أولاف	شولتس	99
أولد	ترافورد	99
أى	وقت	99
أي	شخص	99
أي	شيء	91
أي	وقت	80
أي	مكان	50
أيا	من	99
أيار	الجاري	99
أيار	الماضي	99
أيام	من	99
أيام	قليلة	25
أيام	على	20
أيام	فقط	14
أية	دولة	99
أية	حالة	99
أيضا	إلى	99
أيضا	أن	90
أيضا	في	90
أيضا	على	82
أيمن	بن	99
أيمن	الصفدي	30
أييليت	شاكيد	99
إبادة	جماعية	99
إبرام	اتفاقيات	99
إبراهيم	رئيسي	99
إبراهيم	غالي	42
إثارة	الأتربة	99
إثر	حادث	99
إجبارها	على	99
إجراء	الانتخابات	99
إجراء	تحقيق	73
إجراء	انتخابات	73
إجراء	عملية	26
إجراءات	قانونية	99
إجراءات	السلامة	79
إجراءات	البحث	79
إجراءات	الاحتلال	59
إجمالي	عدد	99
إجمالي	الناتج	57
إجمالي	الحالات	57
إجمالي	الإصابات	57
إحباط	محاولة	99
إحدى	الشركات	99
إحدى	دول	66
إحدى	أكبر	50
إحدى	الطائرات	50
إحراز	تقدم	99
إحراز	بعض	37
إحلال	السلام	99
إحياء	الذكرى	99
إحياء	ذكرى	85
إحياء	الاتفاق	71
إخراجه	من	99
إخطارا	من	99
إدارة	بايدن	99
إدارة	الرئيس	60
إدارة	الغذاء	35
إدارة	الأرصاد	28
إذ	لم	99
إذ	أن	79
إذ	إن	59
إذ	قال	53
إذا	كان	99
إذا	كانت	54
إذا	لم	32
إذا	كنت	17
إذاعة	الجيش	99
إذن	من	99
إرادة	الشعب	99
إزاء	استمرار	99
إزالة	الألغام	99
إس	إس	99
إسترليني	في	99
إسترليني	سنويا	74
إسحاق	هرتسوغ	99
إسرائيل	في	99
إسرائيل	إلى	50
إسرائيل	والولايات	22
إسرائيل	هي	15
إسرائيلي	كبير	99
إسرائيلية	رسمية	99
إسرائيليين	في	99
إسقاط	طائرة	99
إسماعيل	بن	99
إشارة	إلى	99
إشارة	القضاء	20
إشرافه	على	99
إشعار	آخر	99
إشغال	أجهزة	99
إصابات	جديدة	99
إصابة	جديدة	99
إصابة	بفيروس	20
إصابته	بفيروس	99
إصابتها	بفيروس	99
إصدار	حكم	99
إصدار	تأشيرات	74
إضافة	إلى	99
إضافة	الى	5
إضافية	من	99
إضراب	سائقي	99
إضفاء	الطابع	99
إطار	حملة	99
إطار	عمل	99
إطار	سياسة	79
إطار	جهود	79
إطارات	من	99
إطلاق	النار	99
إطلاق	نار	40
إطلاق	الصواريخ	15
إطلاق	سراح	8
إطلاقه	من	99
إطلاقه	في	99
إعادة	فتح	99
إعادة	بناء	73
إعادة	النظر	59
إعادة	إعمار	46
إعادتهم	إلى	99
إعاقة	حركة	99
إعصار	اليمن	99
إعطاء	الأولوية	99
إعلام	محلية	99
إعلام	إيرانية	74
إعلام	العدو	50
إعلام	أخرى	50
إعلان	الرئيس	99
إعلان	الجزائر	99
إعلان	نتائج	79
إعلان	الحكومة	59
إعمار	أوكرانيا	99
إغلاق	الحدود	99
إفادة	صحفية	99
إقامة	دولة	99
إقامة	علاقات	74
إقامة	الدولة	74
إقامته	على	99
إقامتها	في	99
إقبالا	كبيرا	99
إقرار	الموازنة	99
إقليم	كردستان	99
إقليم	الوسط	31
إقليم	دارفور	25
إقليم	دونباس	25
إل	جي	99
إلا	أن	99
إلا	أنه	27
إلا	أنها	20
إلا	إذا	8
إلقاء	القبض	99
إلقاء	نظرة	40
إلقاء	اللوم	30
إلى	أن	99
إلى	أنه	19
إلى	جانب	15
إلى	ما	6
إليزابيث	الثانية	99
إليه	في	99
إليه	من	71
إليه	راجعون	21
إليها	في	99
إليها	على	62
إم	إس	99
إم	بي	99
إما	أن	99
إمام	علي	99
إمدادات	الغاز	99
إمدادات	الطاقة	38
إمدادات	المياه	16
إمدادات	الكهرباء	16
إمكانية	الوصول	99
إمكانية	إجراء	74
إمكانية	الحصول	74
إمكانية	استخدام	74
إن	هذه	99
إن	الولايات	66
إن	كان	51
إن	هذا	51
إنا	لله	99
إنتاج	النفط	99
إنتاج	الكهرباء	33
إنتاج	الطاقة	33
إنتاج	الغاز	26
إنتاجها	من	99
إنسان	الغاب	99
إنشاء	مركز	99
إنشاء	محكمة	74
إنشاء	صندوق	74
إنفاذ	القانون	99
إنقاذ	وطن	99
إنقاذ	حياة	99
إننا	في	99
إنه	لا	99
إنه	تم	70
إنه	ليس	22
إنه	عندما	19
إنها	لا	99
إنها	كانت	85
إنها	لم	57
إنها	ضبطت	42
إنهاء	الحرب	99
إنهم	لا	99
إياها	بأنها	99
إياهم	إلى	99
إيتمار	بن	99
إيجابا	على	99
إيجابي	في	99
إيجاد	الحلول	99
إيجاد	حل	79
إيجاد	طرق	59
إيران	في	99
إيران	عن	22
إيران	منذ	22
إيران	بشأن	13
إيرانية	في	99
إيرلندا	الشمالية	99
إيغور	كوناشينكوف	99
إيقاف	تشغيل	99
إيلون	ماسك	99
إيمانويل	ماكرون	99
إيناسيو	لولا	99
ابتداء	من	99
ابن	سلمان	99
ابن	بطوطة	59
ابنة	الرئيس	99
اتحاد	نقابات	99
اتحاد	الكرة	74
اتحاد	بلديات	74
اتحاد	كرة	74
اتخاذ	إجراءات	99
اتخاذ	الإجراءات	99
اتخاذ	قرار	57
اتخاذ	القرار	50
اتصال	هاتفي	99
اتصال	مع	16
اتفاق	مع	99
اتفاق	بشأن	74
اتفاق	ترسيم	50
اتفاق	جيد	33
اتفاقيات	إبراهيم	99
اتفاقيات	مينسك	71
اتفاقية	تجارة	99
اتفاقية	تعاون	99
اتفاقية	التعاون	79
اتفاقية	جنيف	79
اتفقا	على	99
اتفقنا	على	99
اتمنى	ان	99
اتهام	ضد	99
اثنان	من	99
اثنان	آخران	74
اثني	عشر	99
اثنين	من	99
اجتماع	لمجلس	99
اجتماع	مجلس	99
اجتماع	مع	89
اجتماع	المجلس	79
اجتماعات	مع	99
اجتماعه	مع	99
اجتماعها	الدوري	99
اجتماعها	الوزاري	99
اجراء	انتخابات	99
اجل	ان	99
احتجاجا	على	99
احتجاجات	على	99
احتجاجات	عنيفة	99
احتجاز	سفن	99
احترام	القانون	99
احتلت	المرتبة	99
احتمال	حدوث	99
احتمال	أن	99
احتمالية	الإصابة	99
احتياجات	السوق	99
احتياجاتها	من	99
احرص	على	99
اختيار	رئيس	99
اذا	كان	99
اذا	لم	62
ارتداء	الكمامات	99
ارتداء	الحجاب	74
ارتفاع	أسعار	99
ارتفاع	الأسعار	52
ارتفاع	الموج	38
ارتفاع	معدلات	22
ارتفاعا	في	99
ارتفاعا	بنسبة	99
ارتفاعات	متوسطة	99
ارتفاعات	منخفضة	74
ارتفع	عدد	99
ارتفع	سعر	54
ارتفعت	أسعار	99
ارتفعت	إلى	33
ارتفعت	بنسبة	20
ارتكاب	أي	99
ارتكاب	جرائم	99
ارتكاب	هذه	74
ارتكاب	المزيد	74
ارتكبت	خلال	99
ارتكبتها	القوات	99
ارض	الواقع	99
ازدواجية	المعايير	99
استئناف	المفاوضات	99
استئناف	العمل	66
استثمار	أموال	99
استخدام	الأسلحة	99
استخدام	القوة	79
استخدام	أسلحة	50
استخدام	هذه	50
استخدامه	على	99
استخدامها	في	99
استخدمت	في	99
استخراج	الغاز	99
استخراج	النفط	50
استراتيجية	مع	99
استراتيجية	جديدة	74
استشارة	الطبيب	99
استشهاد	الشاب	99
استشهاد	الإمام	99
استشهد	الشاب	99
استضافة	مصر	99
استطلاع	للرأي	99
استطلاع	جديد	99
استطلاعات	الرأي	99
استعادة	العلاقات	99
استعداد	بلاده	99
استغلال	الوظيفة	99
استفادتهم	من	99
استفتاء	على	99
استفزاز	روسيا	99
استقالة	حكومة	99
استقالتها	من	99
استقبال	الرئيس	99
استقباله	في	99
استقبل	رئيس	99
استقبل	وزير	74
استقبل	الرئيس	74
استقرار	الوضع	99
استقرار	المنطقة	50
استكمال	الإجراءات	99
استمرار	تحالف	99
استمرار	دعم	74
استمرار	العمل	74
استمرار	الحصار	74
استمرارها	في	99
استمرت	أكثر	99
استهداف	المدنيين	99
استهلاك	الطاقة	99
استهلاك	المياه	37
استولت	على	99
استولى	على	99
استيراد	المواد	99
اشتباك	مسلح	99
اشتباكات	مع	99
اشتباكات	عنيفة	71
اشتباكات	مسلحة	57
اشتباكات	واسعة	42
اضافة	الى	99
اضطر	إلى	99
اضطراب	البحر	99
اضطرابات	في	99
اضطرت	إلى	99
اطلاق	نار	99
اطلعت	عليه	99
اعادة	النظر	99
اعتبارا	من	99
اعتبر	وزير	99
اعتبر	رئيس	66
اعتبر	عضو	50
اعتداء	قوات	99
اعتداء	على	74
اعتدى	مستوطنون	99
اعتراف	موسكو	99
اعتقال	عدد	99
اعتقدت	أن	99
اعتقلت	قوات	99
اعتقلت	الشرطة	40
اعتقلت	الشاب	30
اعتمادا	على	99
اعتمادها	على	99
اعلن	رئيس	99
اغتنام	الفرصة	99
افاد	به	99
افتتاح	دورة	99
افتتاح	الدورة	99
افتتح	رئيس	99
اقتحام	قوات	99
اقتحمت	قوات	99
اقتحمت	حي	37
اقتراح	قانون	99
اقتصادية	كبيرة	99
اقتصادية	وسياسية	99
اقتصادية	واجتماعية	99
اقرأ	أيضا	99
اقل	من	99
اكتشاف	حقل	99
اكتشف	علماء	99
اكتمال	النصاب	99
اكثر	من	99
اكد	على	99
الآثار	الجانبية	99
الآثار	المترتبة	99
الآجلة	لخام	99
الآجلة	للذهب	33
الآخر	من	99
الآخرين	على	99
الآسيوي	لكرة	99
الآلاف	من	99
الآليات	التي	99
الآلية	الثلاثية	99
الآن	في	99
الآن	أن	54
الآن	لم	40
الآن	إلى	36
الآونة	الأخيرة	99
الأبحاث	العلمية	99
الأبرياء	في	99
الأبيض	المتوسط	99
الأبيض	في	70
الأثر	في	99
الأجانب	في	99
الأجسام	المضادة	99
الأجنبية	التي	99
الأجهزة	الأمنية	99
الأجهزة	والمعدات	12
الأجهزة	التي	12
الأجواء	يوم	99
الأجيال	الجديدة	99
الأحد	إن	99
الأحد	أنه	71
الأحد	الماضي	71
الأحد	المقبل	57
الأحداث	في	99
الأحداث	التي	63
الأحداث	الأخيرة	36
الأحداث	الجارية	27
الأحزاب	السياسية	99
الأحزاب	اليمينية	55
الأحكام	القضائية	99
الأحمد	الجابر	99
الأحمر	الفلسطيني	99
الأحوال	الجوية	99
الأحياء	السكنية	99
الأحياء	التي	99
الأحيان	قد	99
الأخبار	الكاذبة	99
الأخذ	في	99
الأخرى	في	99
الأخرى	التي	63
الأخرى	مثل	27
الأخضر	في	99
الأخضر	على	59
الأخير	من	99
الأخير	في	72
الأخير	على	38
الأخير	الذي	22
الأخيرة	في	99
الأخيرة	من	50
الأخيرة	التي	25
الأخيرة	إلى	20
الأدنى	من	99
الأدوية	والمعدات	99
الأدوية	التي	99
الأدوية	والمستلزمات	99
الأدوية	المضادة	99
الأراضي	الفلسطينية	99
الأراضي	السورية	68
الأراضي	الأوكرانية	63
الأراضي	التي	36
الأربع	والعشرين	99
الأربع	التي	99
الأربعاء	الماضي	99
الأربعاء	إن	99
الأربعاء	عن	66
الأربعاء	الموافق	50
الأرجح	على	99
الأرجنتيني	ليونيل	99
الأردن	والعراق	99
الأردن	ومصر	99
الأردني	أن	99
الأردني	الملك	99
الأردنية	الهاشمية	99
الأرصاد	الجوية	99
الأرض	في	99
الأرض	الفلسطينية	23
الأرضية	التي	99
الأركان	العامة	99
الأزمات	التي	99
الأزمات	السياسية	99
الأزمة	الأوكرانية	99
الأزمة	الاقتصادية	73
الأزمة	المالية	52
الأزمة	السياسية	30
الأسابيع	الأخيرة	99
الأسابيع	القليلة	74
الأسابيع	المقبلة	37
الأساتذة	والطلاب	99
الأساسية	في	99
الأساسية	التي	92
الأساسية	مثل	42
الأسباب	التي	99
الأسباب	الحقيقية	42
الأسباب	الرئيسية	42
الأسبوع	الماضي	99
الأسبوع	المقبل	15
الأسبوع	الجاري	8
الأسبوع	الأخير	7
الأسبوعين	الماضيين	99
الأسر	الفقيرة	99
الأسرى	في	99
الأسرى	والمحررين	79
الأسطول	الخامس	99
الأسطول	الروسي	74
الأسعار	إلى	99
الأسف	الشديد	99
الأسلحة	النووية	99
الأسلحة	التي	40
الأسلحة	إلى	33
الأسلحة	والمعدات	26
الأسماك	في	99
الأسماك	التي	74
الأسوأ	على	99
الأسواق	العالمية	99
الأسواق	الدولية	50
الأسواق	المالية	37
الأسود	غير	99
الأسير	أبو	99
الأسير	المريض	62
الأسير	المحرر	37
الأسير	الفلسطيني	37
الأشجار	في	99
الأشخاص	الذين	99
الأشخاص	المصابين	8
الأشخاص	ذوي	8
الأشغال	العامة	99
الأشغال	العمومية	50
الأشقاء	في	99
الأشهر	الأخيرة	99
الأشهر	الستة	63
الأشهر	القليلة	54
الأشهر	الماضية	54
الأشياء	التي	99
الأصلي	والإضافي	99
الأضحى	المبارك	99
الأضرار	الناجمة	99
الأضرار	التي	99
الأطراف	في	99
الأطراف	السياسية	88
الأطراف	إلى	66
الأطراف	المتحاربة	55
الأطعمة	المصنعة	99
الأطعمة	الدهنية	99
الأطفال	في	99
الأطفال	الذين	88
الأطفال	والنساء	33
الأطلسي	في	99
الأعضاء	في	99
الأعلى	للدولة	99
الأعلى	في	76
الأعلى	للقوات	47
الأعلى	للقضاء	47
الأعمال	التي	99
الأعمال	العدائية	77
الأعمال	نجيب	55
الأعمال	الروسي	44
الأعوام	الماضية	99
الأعياد	التي	99
الأعيان	الأردني	99
الأعيرة	النارية	99
الأغذية	والزراعة	99
الأغلبية	في	99
الأغوار	والبحر	99
الأفريقي	لكرة	99
الأفضل	أن	99
الأفكار	التي	99
الأفلام	والمسلسلات	99
الأقصى	المبارك	99
الأقصى	خلال	42
الأقصى	والبلدة	42
الأقل	في	99
الأقل	من	56
الأقل	مصرعهم	19
الأقمار	الصناعية	99
الأقمار	الاصطناعية	23
الأقوى	في	99
الأكاديمية	في	99
الأكبر	من	99
الأكبر	في	68
الأكثر	عرضة	99
الأكثر	أهمية	99
الأكثر	فقرا	82
الأكثر	شهرة	66
الألعاب	الأولمبية	99
الألم	الذي	99
الألماني	أولاف	99
الألمانية	أن	99
الألمانية	أنالينا	74
الأمازيغية	الجديدة	99
الأماكن	التي	99
الأماكن	العامة	69
الأمانة	العامة	99
الأمة	الإسلامية	99
الأمثلة	على	99
الأمد	في	99
الأمر	الذي	99
الأمر	يتعلق	28
الأمر	لا	12
الأمر	كان	7
الأمراض	والوقاية	99
الأمراض	والسيطرة	66
الأمراض	المزمنة	33
الأمراض	أو	33
الأمريكي	جو	99
الأمريكي	السابق	31
الأمريكي	السعودي	26
الأمريكي	أنتوني	12
الأمريكية	في	99
الأمريكية	لمكافحة	44
الأمريكية	لدى	22
الأمريكية	إنه	18
الأمريكيين	على	99
الأمطار	الغزيرة	99
الأمعاء	الغليظة	99
الأمل	في	99
الأمم	المتحدة	99
الأمم	الأفريقية	3
الأمن	القومي	99
الأمن	الغذائي	45
الأمن	العام	41
الأمن	الداخلي	37
الأمنية	في	99
الأمنية	الإسرائيلية	43
الأمنية	والعسكرية	31
الأمنية	التي	31
الأموال	التي	99
الأموال	إلى	99
الأموال	العامة	59
الأمور	في	99
الأمور	على	85
الأمور	التي	57
الأمور	إلى	57
الأمير	محمد	99
الأمير	فيصل	22
الأمير	عبد	22
الأمير	تشارلز	18
الأميركي	جو	99
الأميركي	في	47
الأميركي	أنتوني	29
الأميركي	السابق	23
الأميركية	في	99
الأميركية	إلى	44
الأميركية	عن	33
الأميركية	لم	33
الأمين	العام	99
الأنباء	العراقية	99
الأنباء	السعودية	74
الأنباء	اليمنية	50
الأنباء	الفلسطينية	45
الأنبياء	والمرسلين	99
الأنشطة	الثقافية	99
الأهالي	في	99
الأهداف	التي	99
الأهلي	المصري	99
الأهلية	في	99
الأهمية	الاستراتيجية	99
الأهمية	التي	99
الأوامر	للعمل	99
الأوراق	المالية	99
الأوروبي	في	99
الأوروبي	قد	19
الأوروبي	ودول	19
الأوروبية	في	99
الأوروبية	أورسولا	69
الأوروبيين	في	99
الأوسط	وشمال	99
الأوضاع	في	99
الأوضاع	الاقتصادية	58
الأوضاع	الإنسانية	23
الأوضاع	السياسية	17
الأوعية	الدموية	99
الأوقاف	والشؤون	99
الأوقاف	الإسلامية	57
الأوكراني	فولوديمير	99
الأوكراني	فلاديمير	59
الأوكراني	في	54
الأوكراني	إلى	35
الأوكرانية	في	99
الأوكرانية	إلى	33
الأوكرانية	التي	29
الأوكرانية	كييف	29
الأوكرانيون	من	99
الأوكرانيين	الذين	99
الأوكرانيين	على	79
الأول	من	99
الأول	في	29
الأول	لرئيس	8
الأول	المقبل	8
الأولمبية	الشتوية	99
الأولوية	في	99
الأولى	من	99
الأولى	في	60
الأولى	التي	36
الأولى	منذ	17
الأولية	تشير	99
الأولية	التي	74
الأيام	المقبلة	99
الأيام	القليلة	87
الأيام	الأخيرة	87
الأيام	الماضية	50
الإبادة	الجماعية	99
الإبراهيمي	الشريف	99
الإبقاء	على	99
الإبلاغ	عن	99
الإثنين	المقبل	99
الإثنين	أن	99
الإثنين	والثلاثاء	99
الإثنين	الأسود	99
الإجابة	على	99
الإجراء	الذي	99
الإجراءات	التي	99
الإجراءات	القانونية	86
الإجراءات	اللازمة	73
الإجراءات	الاحترازية	22
الإجرامية	من	99
الإجمالي	للإصابات	99
الإجمالي	إلى	57
الإجمالي	للوفيات	57
الإخباري	إن	99
الإخوان	المسلمين	99
الإدارة	الأمريكية	99
الإدارة	العامة	87
الإدارة	المركزية	37
الإدارة	الأميركية	37
الإرادة	السياسية	99
الإرشاد	المتحفي	99
الإرهاب	في	99
الإرهابي	المحظور	99
الإرهابي	الذي	79
الإرهابية	في	99
الإرهابية	التي	62
الإرهابيين	في	99
الإسرائيلي	في	99
الإسرائيلي	على	65
الإسرائيلي	نفتالي	39
الإسرائيلي	اليوم	30
الإسرائيلية	والفلسطينية	99
الإسرائيلية	قد	79
الإسرائيلية	ومسلحين	59
الإسرائيلية	إن	59
الإسرائيليين	من	99
الإسراع	في	99
الإسلامي	في	99
الإسلامي	للتنمية	35
الإسلامي	الفلسطينية	28
الإسلامية	في	99
الإسلامية	الإيرانية	87
الإسلامية	والمسيحية	19
الإسماعيلي	يوم	99
الإشارة	إلى	99
الإشراف	على	99
الإصابات	الجديدة	99
الإصابات	التي	82
الإصابات	النشطة	66
الإصابات	بفيروس	66
الإصابة	بأمراض	99
الإصابة	بفيروس	99
الإصابة	بمرض	54
الإصابة	بالسرطان	36
الإصلاحات	التي	99
الإضافية	التي	99
الإضراب	عن	99
الإطار	التنسيقي	99
الإطار	القانوني	55
الإطلاق	في	99
الإعدام	بحق	99
الإعدامات	الميدانية	99
الإعلام	في	99
الإعلام	الروسية	54
الإعلام	المحلية	45
الإعلام	العبرية	45
الإعلامي	باسم	99
الإعلامية	التي	99
الإعلان	عن	99
الإعلان	عنه	12
الإعلان	الدستوري	9
الإغلاق	التي	99
الإفراج	عن	99
الإفراط	في	99
الإفريقي	والمغاربة	99
الإفصاح	عن	99
الإفلات	من	99
الإقامة	الجبرية	99
الإقبال	على	99
الإقدام	على	99
الإقرار	بالذنب	99
الإقلاع	عن	99
الإقليم	ذاته	99
الإقليمية	والدولية	99
الإلغاء	الفوري	99
الإلكتروني	الذي	99
الإلكترونية	مع	99
الإلكترونية	التي	99
الإمارات	العربية	99
الإمارات	والبحرين	3
الإماراتي	عبد	99
الإماراتي	على	74
الإمام	علي	99
الإمام	زيد	40
الإمام	السيد	26
الإمام	الخميني	20
الإمدادات	من	99
الإنتاج	الزراعي	99
الإنجاز	في	99
الإنجليزي	الممتاز	99
الإندونيسي	لكرة	99
الإنذار	تدوي	99
الإنسان	في	99
الإنسان	التابع	30
الإنسانية	التي	99
الإنسانية	إلى	99
الإنسانية	والتعاون	74
الإنشاء	في	99
الإنفاق	العسكري	99
الإنفاق	العام	74
الإنفوغرافيك	أعلاه	99
الإهمال	الطبي	99
الإيجابي	مع	99
الإيراني	في	99
الإيراني	حسين	77
الإيراني	إبراهيم	77
الإيراني	علي	55
الإيرانية	في	99
الإيرانية	إن	23
الإيرانية	الرسمية	23
الا	ان	99
الا	انه	37
الائتلاف	الحكومي	99
الائتلاف	الحاكم	50
الابتعاد	عن	99
الاتجاه	الذي	99
الاتحاد	الأوروبي	99
الاتحاد	الدولي	23
الاتحاد	السوفيتي	11
الاتحاد	الأفريقي	8
الاتحادية	لكرة	99
الاتحادية	في	99
الاتصال	مع	99
الاتصالات	التي	99
الاتصالات	الاستراتيجية	99
الاتصالات	بين	74
الاتفاق	على	99
الاتفاق	النووي	71
الاتفاق	مع	42
الاتفاق	الذي	39
الاتفاقية	مع	99
الاتفاقية	على	99
الاتفاقية	التي	99
الاتهامات	التي	99
الاثنين	المقبل	99
الاثنين	بعد	50
الاثنين	الماضي	50
الاجتماع	الذي	99
الاجتماع	مع	45
الاجتماع	السنوي	27
الاجتماع	أكد	27
الاجتماعي	حول	99
الاجتماعي	والاقتصادي	66
الاجتماعي	خلال	44
الاجتماعي	الذي	44
الاجتماعية	في	99
الاجتماعية	والاقتصادية	77
الاجتماعية	التي	66
الاجتماعية	والعمل	33
الاجتياح	الروسي	99
الاجراءات	القانونية	99
الاجراءات	التي	42
الاحتباس	الحراري	99
الاحتجاجات	التي	99
الاحتجاجات	الأخيرة	50
الاحترام	المتبادل	99
الاحتفال	باليوم	99
الاحتفال	بذكرى	59
الاحتفال	بعيد	59
الاحتلال	الإسرائيلي	99
الاحتلال	في	35
الاحتلال	المغربي	12
الاحتلال	اعتقلت	12
الاحتياجات	الخاصة	99
الاحتياجات	الإنسانية	79
الاحتياجات	الوطنية	59
الاحتياطي	الفيدرالي	99
الاحتياطي	الاتحادي	22
الاحد	في	99
الارتفاع	الكبير	99
الاسباب	التي	99
الاسبوع	الماضي	99
الاستئناف	في	99
الاستثمار	في	99
الاستثمار	الجديد	17
الاستثمارات	في	99
الاستثمارات	العامة	55
الاستثمارات	الأجنبية	44
الاستثمارية	في	99
الاستثنائية	التي	99
الاستجابة	لطلب	99
الاستحقاق	في	99
الاستحقاقات	الدستورية	99
الاستحواذ	على	99
الاستخبارات	الأمريكية	99
الاستخدام	المفرط	99
الاستدامة	المالية	99
الاستراتيجية	في	99
الاستراتيجية	التي	85
الاستراتيجية	بين	57
الاستراتيجية	مع	42
الاستشارات	النيابية	99
الاستطلاع	على	99
الاستطلاع	الذي	99
الاستطلاعي	المسلح	99
الاستغناء	عن	99
الاستفادة	من	99
الاستفادة	منه	7
الاستفادة	منها	7
الاستقرار	في	99
الاستقرار	السياسي	19
الاستقرار	الجوي	19
الاستقرار	الأمني	19
الاستكبار	العالمي	99
الاستماع	إلى	99
الاستمرار	في	99
الاستيلاء	على	99
الاسلامية	في	99
الاسلامية	الايرانية	74
الاشتباكات	التي	99
الاشتراكي	وليد	99
الاشتراكي	الديمقراطي	99
الاشخاص	ذوي	99
الاصطناعي	إلى	99
الاضطرابات	في	99
الاضطرابات	التي	59
الاضطرار	إلى	99
الاطلاع	على	99
الاعتداء	على	99
الاعتداء	الجنسي	19
الاعتداء	الذي	14
الاعتقال	الإداري	99
الاعتماد	على	99
الاعتماد	عليها	30
الاعتمادات	المستندية	99
الاعلان	عن	99
الاعمال	التجارية	99
الاقتراب	من	99
الاقتراع	في	99
الاقتصاد	الوطني	99
الاقتصاد	العالمي	83
الاقتصاد	والتجارة	31
الاقتصاد	الأخضر	31
الاقتصادات	المتقدمة	99
الاقتصادي	والاجتماعي	99
الاقتصادي	والمالي	85
الاقتصادي	مع	57
الاقتصادي	العالمي	57
الاقتصادية	التي	99
الاقتصادية	والمالية	66
الاقتصادية	والاجتماعية	41
الاقتصادية	مع	41
الاكتفاء	الذاتي	99
الالتزام	بها	99
الامانة	العامة	99
الامتحانات	الرسمية	99
الامتناع	عن	99
الامم	المتحدة	99
الامن	الداخلي	99
الامن	الدولي	74
الاميركي	جو	99
الامين	العام	99
الانباء	العراقية	99
الانتباه	إلى	99
الانتخابات	الرئاسية	99
الانتخابات	في	82
الانتخابات	النيابية	53
الانتخابات	البرلمانية	23
الانتخابي	في	99
الانترنت	في	99
الانتصار	في	99
الانتقال	إلى	99
الانتقال	الطاقوي	44
الانتقالات	الصيفية	99
الانتقالي	في	99
الانتهاء	من	99
الانتهاء	منها	16
الانتهاكات	الجسيمة	99
الانتهاكات	الإسرائيلية	59
الانتهاكات	والجرائم	59
الانخراط	في	99
الانخفاض	في	99
الانسحاب	من	99
الانضمام	إلى	99
الانفتاح	على	99
الانفجار	الذي	99
الانفجار	في	99
الانفصال	عن	99
الانقلاب	العسكري	99
الاهتمام	المشترك	99
الايام	القادمة	99
البؤر	الاستيطانية	99
الباب	أمام	99
البابا	فرنسيس	99
البابا	تواضروس	50
الباحث	في	99
الباحثون	في	99
الباحثون	أن	79
الباحثون	إلى	59
الباحثين	عن	99
الباحثين	في	79
البادية	والأغوار	99
البارزة	في	99
البارزة	التي	79
الباقي	بن	99
البالغ	من	99
البالغ	عددهم	31
البالغ	عددها	27
البالغة	من	99
البث	الإسرائيلية	99
البث	المباشر	59
البحث	عن	99
البحث	في	42
البحث	العلمي	29
البحث	والتحري	16
البحر	الأسود	99
البحر	الأبيض	57
البحر	المتوسط	48
البحر	الأحمر	35
البحرية	في	99
البحرية	مع	89
البحرية	الروسية	89
البحرية	بين	69
البدء	في	99
البر	الرئيسي	99
البرتغال	في	99
البرتغالي	جوسفالدو	99
البرتغالي	كريستيانو	99
البرلمان	الأوروبي	99
البرلمان	العراقي	54
البرلمان	الليبي	36
البرلمان	العربي	27
البرلمانية	التي	99
البرنامج	النووي	99
البرنامج	الذي	50
البرنامج	الوطني	50
البروتين	في	99
البريطاني	بوريس	99
البريطانية	في	99
البريطانية	ليز	40
البريطانية	أنها	30
البريطانية	فقد	30
البشرية	في	99
البشرية	والمادية	42
البشعة	التي	99
البطريرك	الماروني	99
البطريرك	الراعي	99
البطل	في	99
البطولة	العربية	99
البطولة	القارية	59
البطولة	التي	59
البطولة	الوطنية	59
البطولية	في	99
البعثات	الدبلوماسية	99
البعثة	في	99
البعثة	الأممية	59
البعد	عن	99
البعض	من	99
البعض	أن	82
البعض	الآخر	66
البعيدة	عن	99
البقاء	على	99
البقاء	في	99
البقاع	الغربي	99
البلاد	بعد	99
البلاد	خلال	99
البلاد	منذ	71
البلاد	بلغ	42
البلد	الذي	99
البلد	المضيف	59
البلد	هو	59
البلد	الوحيد	59
البلدان	النامية	99
البلدان	ذات	99
البلدان	العربية	87
البلدان	التي	87
البلدة	القديمة	99
البلديات	في	99
البلدين	في	99
البلدين	الصديقين	28
البلدين	الشقيقين	22
البلدين	والشعبين	16
البناء	الاجتماعي	99
البناء	الفلسطيني	74
البنك	المركزي	99
البنك	الدولي	35
البنك	الإسلامي	7
البنوك	المركزية	99
البنوك	الروسية	99
البنى	التحتية	99
البنية	التحتية	99
البولندي	روبرت	99
البيئة	التي	99
البيان	أن	99
البيان	إلى	82
البيان	أنه	43
البيان	الذي	26
البيانات	التي	99
البيانات	والمعلومات	50
البيانات	الرسمية	37
البيت	الأبيض	99
البيضاء	وجبهات	99
البيع	بالتجزئة	99
البيولوجية	في	99
التأثير	على	99
التأخير	في	99
التأكد	من	99
التأكيد	على	99
التأكيد	أن	11
التأمين	الصحي	99
التأهل	إلى	99
التابع	للأمم	99
التابع	للحكومة	37
التابع	للحرس	31
التابع	لوزارة	25
التابعة	لها	99
التابعة	للأمم	89
التابعة	لوزارة	50
التابعة	للجيش	40
التاريخ	الحديث	99
التاريخي	الذي	99
التاريخية	التي	99
التاريخية	بين	42
التاسع	عشر	99
التاسع	من	79
التاسعة	مساء	99
التاسعة	من	79
التالي	من	99
التبادل	التجاري	99
التجارة	والصناعة	99
التجارة	وترقية	69
التجارة	العالمية	69
التجارة	الخارجية	40
التجاري	بين	99
التجاري	والاقتصادي	71
التجارية	في	99
التجارية	التي	45
التجارية	والصناعية	27
التجارية	والاقتصادية	27
التجديد	النصفي	99
التجمع	الوطني	99
التحاضر	المرئي	99
التحاضر	عن	74
التحالف	العربي	99
التحالف	الدولي	40
التحالف	مع	30
التحتية	العسكرية	99
التحتية	التي	82
التحتية	المدنية	66
التحتية	الحيوية	50
التحدث	عن	99
التحدي	الذي	99
التحديات	التي	99
التحذير	من	99
التحرر	من	99
التحرير	الوطني	99
التحرير	الفلسطينية	99
التحرير	الشعبي	36
التحريرية	المجيدة	99
التحريض	على	99
التحفظ	على	99
التحقق	من	99
التحقيق	في	99
التحقيق	مع	26
التحقيق	الروسية	16
التحقيق	الجاري	16
التحقيقات	الفيدرالي	99
التحقيقات	في	62
التحقيقات	الأولية	62
التحكم	في	99
التحول	إلى	99
التحول	الرقمي	85
التخطيط	والتعاون	99
التخفيف	من	99
التخلص	من	99
التخلي	عن	99
التدابير	التي	99
التداول	في	99
التدخل	في	99
التدخل	العسكري	40
التدخلات	الخارجية	99
التدريبات	المشتركة	99
التدريبات	العسكرية	99
التدريبات	البحرية	74
التدريجي	من	99
التدشين	بحضور	99
التراب	الوطني	99
التراث	الثقافي	99
التراث	العالمي	82
التراجع	عن	99
التراكمي	للحالات	99
التربية	والتعليم	99
التربية	الوطنية	23
الترسيم	مع	99
الترشح	للانتخابات	99
التركي	رجب	99
التركي	مولود	28
التركي	خلوصي	21
التركي	ومرتزقته	11
التركية	في	99
التركيز	على	99
التزام	الدولة	99
التزاماتها	الدولية	99
التزود	بالوقود	99
التسبب	في	99
التشاور	مع	99
التشكيلة	الوزارية	99
التشكيلة	الأساسية	99
التشويش	على	99
التصدي	لها	99
التصدي	للعدوان	74
التصريحات	التي	99
التصعيد	العسكري	99
التصعيد	الأخيرة	99
التصنيع	في	99
التصنيف	العالمي	99
التصويت	على	99
التصويت	في	76
التصوير	الفوتوغرافي	99
التضامن	مع	99
التضامن	الوطني	62
التضامن	الاجتماعي	50
التضخم	في	99
التضخم	السنوي	41
التضخم	إلى	33
التضخم	المرتفع	25
التطبيع	مع	99
التطرق	إلى	99
التطعيم	ضد	99
التطورات	التي	99
التطورات	الأخيرة	59
التظاهرة	التي	99
التظاهرة	الرياضية	99
التعادل	السلبي	99
التعازي	وصادق	99
التعاطي	مع	99
التعافي	من	99
التعاقد	مع	99
التعامل	مع	99
التعامل	معها	14
التعاون	بين	99
التعاون	مع	93
التعاون	في	82
التعاون	الاقتصادي	37
التعايش	مع	99
التعبير	عن	99
التعديلات	الدستورية	99
التعرض	لأشعة	99
التعرف	على	99
التعرفة	الجديدة	99
التعليق	على	99
التعليم	العالي	99
التعليم	والعلوم	11
التعليم	المتوسط	11
التعليمية	في	99
التعويل	على	99
التغذية	الحاد	99
التغطية	الصحية	99
التغلب	على	99
التغير	المناخي	99
التغيرات	التي	99
التغيرات	المناخية	74
التغييرات	في	99
التغييرات	التي	99
التفاصيل	حول	99
التفاصيل	التي	59
التفاهم	بين	99
التفاوض	مع	99
التفاوض	على	50
التفكير	في	99
التقارب	بين	99
التقارير	التي	99
التقارير	إلى	50
التقارير	أن	37
التقاط	صورة	99
التقدم	في	99
التقدم	التكنولوجي	37
التقدمي	الاشتراكي	99
التقديرات	إلى	99
التقديرات	في	42
التقرير	أن	99
التقرير	الذي	53
التقرير	إلى	53
التقرير	إن	30
التقسيم	الزماني	99
التقطت	في	99
التقليل	من	99
التقى	وزير	99
التقى	رئيس	77
التقى	بهم	33
التقى	سفير	33
التكميلي	لسنة	99
التكنولوجية	في	99
التكوين	المهني	99
التكيف	مع	99
التلاعب	في	99
التلاميذ	في	99
التلفزيون	الرسمي	99
التلفزيون	الإسرائيلي	74
التلقيح	في	99
التلقيح	ضد	99
التمارين	الرياضية	99
التمارين	الهوائية	59
التماس	في	99
التمثيل	في	99
التمكن	من	99
التمويل	من	99
التميز	في	99
التنسيق	بين	99
التنسيق	مع	85
التنسيق	الأمني	35
التنظيم	الإرهابي	99
التنظيم	في	99
التنظيمات	الإرهابية	99
التنفس	الاصطناعي	99
التنفس	الصناعي	44
التنفس	أثناء	33
التنفيذ	في	99
التنفيذي	لشركة	99
التنفيذي	لـ	33
التنفيذي	للهيئة	25
التنفيذي	للاتحاد	25
التنفيذية	لمنظمة	99
التنقل	في	99
التنقيب	في	99
التنقيب	عن	99
التنمية	المستدامة	99
التنمية	الاقتصادية	50
التنمية	المحلية	21
التنوع	في	99
التهاب	الكبد	99
التهاني	والتبريكات	99
التهديد	الذي	99
التهديدات	التي	99
التهديدات	الأمنية	74
التهرب	من	99
التهم	التي	99
التهم	الموجهة	59
التواجد	في	99
التوازن	بين	99
التواصل	الاجتماعي	99
التواصل	مع	10
التواصل	الإجتماعي	2
التواصل	بين	2
التوافق	على	99
التوافق	بين	50
التوافق	مع	50
التوتر	بين	99
التوتر	في	71
التوترات	في	99
التوترات	بين	54
التوترات	الجيوسياسية	36
التوجه	إلى	99
التوجه	نحو	66
التوزيع	العادل	99
التوسط	في	99
التوسع	في	99
التوصل	إلى	99
التوصل	لاتفاق	17
التوصل	الى	14
التوصل	إليه	10
التوفيق	في	99
التوفيق	والنجاح	99
التوقف	عن	99
التوقيع	على	99
التونسي	قيس	99
التونسي	مع	50
التونسي	عثمان	50
التى	تم	99
التي	كانت	99
التي	تم	97
التي	لا	69
التي	يمكن	48
التيار	الصدري	99
التيار	الوطني	94
التيار	الكهربائي	63
التيار	الشمالي	63
الثابتة	في	99
الثالث	من	99
الثالث	على	29
الثالث	والرابع	23
الثالث	عشر	23
الثالثة	من	99
الثالثة	على	25
الثالثة	بعد	20
الثالثة	والأخيرة	15
الثامن	من	99
الثامن	عشر	57
الثامنة	من	99
الثامنة	عشرة	74
الثانوية	في	99
الثانوية	العامة	99
الثاني	من	99
الثاني	عام	28
الثاني	الجاري	20
الثاني	المقبل	14
الثانية	من	99
الثانية	في	57
الثانية	التي	19
الثانية	والثالثة	16
الثروة	الحيوانية	99
الثروة	السمكية	82
الثروة	النفطية	50
الثقافة	والفنون	99
الثقافي	الوطني	99
الثقافي	والأدبي	74
الثقافي	الذي	74
الثقافية	والتاريخية	99
الثقب	الأسود	99
الثقة	في	99
الثقة	من	55
الثقة	بين	55
الثقة	بمؤسسات	33
الثلاث	من	99
الثلاث	الماضية	74
الثلاثاء	الماضي	99
الثلاثاء	إن	82
الثلاثاء	المقبل	66
الثلاثاء	بالجزائر	50
الثلاثة	الأولى	99
الثلاثي	الأول	99
الثلث	في	99
الثنائية	بين	99
الثنائية	والتطورات	30
الثورة	التحريرية	99
الثورة	السيد	50
الثورة	الفلسطينية	37
الثورة	الإسلامية	37
الثوري	الإيراني	99
الثوري	لحركة	16
الثورية	والمجلس	99
الجابر	الصباح	99
الجاري	في	99
الجارية	في	99
الجالية	اليهودية	99
الجالية	الوطنية	33
الجامعة	العربية	99
الجامعة	اللبنانية	63
الجانب	الروسي	99
الجانب	الأوكراني	82
الجانب	اللبناني	66
الجانب	الاقتصادي	66
الجانبان	على	99
الجانبان	عن	33
الجانبين	في	99
الجبهات	بالمال	99
الجبهة	الشعبية	99
الجبهة	الداخلية	40
الجبهة	المغربية	30
الجدار	والاستيطان	99
الجدل	في	99
الجدل	حول	71
الجديد	الذي	99
الجديد	من	73
الجديد	هو	20
الجديد	المتعلق	20
الجديدة	التي	99
الجديدة	والتي	21
الجديدة	لفيروس	21
الجدير	بالذكر	99
الجرائم	التي	99
الجرائم	الإلكترونية	37
الجرعات	المعززة	99
الجرعة	الثالثة	99
الجرعة	المعززة	82
الجرعة	الأولى	66
الجريدة	الرسمية	99
الجريمة	التي	99
الجريمة	البشعة	50
الجزء	الأكبر	99
الجزء	من	57
الجزء	العلوي	42
الجزائري	أن	99
الجزيرة	الكورية	99
الجزيرة	منذ	99
الجسيمة	لحقوق	99
الجلسة	الأولى	99
الجلسة	العامة	74
الجلسة	الافتتاحية	74
الجليد	في	99
الجماعات	الإرهابية	99
الجماعات	المحلية	99
الجماعات	المسلحة	66
الجماعات	المتطرفة	50
الجماعة	بينها	99
الجمركية	على	99
الجمعة	في	99
الجمعة	إن	41
الجمعة	الماضي	23
الجمعية	العامة	99
الجمعية	الوطنية	25
الجمعية	العمومية	9
الجمهور	على	99
الجمهوري	في	99
الجمهورية	الإسلامية	99
الجمهورية	عبد	44
الجمهورية	السيد	26
الجمهورية	ميشال	22
الجمهوريين	في	99
الجمود	السياسي	99
الجميع	على	99
الجميع	أن	55
الجميع	يرى	33
الجميع	دون	33
الجناح	العسكري	99
الجنرال	مايكل	99
الجنسية	الروسية	99
الجنسين	في	99
الجنوبية	والشرقية	99
الجنوبية	مع	99
الجنود	الروس	99
الجنود	الأوكرانيين	59
الجنيه	الإسترليني	99
الجنيه	المصري	99
الجهات	المعنية	99
الجهات	ذات	87
الجهات	المختصة	87
الجهات	القضائية	87
الجهاد	الإسلامي	99
الجهاز	التنفسي	99
الجهاز	المركزي	99
الجهاز	الفني	66
الجهاز	الهضمي	50
الجهة	التي	99
الجهود	التي	99
الجهود	المبذولة	58
الجهود	الدبلوماسية	41
الجهود	المشتركة	25
الجولة	الثانية	99
الجولة	الأولى	55
الجولة	الثالثة	44
الجولة	السابعة	22
الجوي	في	99
الجوي	الإسرائيلي	37
الجوية	في	99
الجوية	التي	42
الجوية	إلى	42
الجوية	الأوكرانية	42
الجيش	الإسرائيلي	99
الجيش	الروسي	43
الجيش	واللجان	39
الجيش	الأوكراني	29
الجيل	الجديد	99
الجيل	الخامس	99
الجيل	الرابع	74
الجيل	التالي	74
الحاجة	إلى	99
الحاجة	إليه	19
الحاجة	الى	14
الحاد	في	99
الحادث	وقع	99
الحادث	الذي	42
الحادث	عن	42
الحادي	والعشرين	99
الحادية	عشرة	99
الحادية	والعشرين	99
الحاصل	في	99
الحاكم	في	99
الحاكمة	في	99
الحال	في	99
الحال	مع	63
الحالات	التي	99
الحالات	النشطة	33
الحالة	الصحية	99
الحالة	التي	66
الحالة	المرضية	50
الحالي	لا	99
الحالي	بين	74
الحالية	في	99
الحالية	والمستقبلية	44
الحالية	لا	33
الحبوب	من	99
الحبوب	الأوكرانية	91
الحثيثة	في	99
الحج	والعمرة	99
الحجاب	في	99
الحجر	الصحي	99
الحد	من	99
الحد	الأدنى	59
الحد	الأقصى	12
الحدث	الذي	99
الحدث	العالمي	59
الحدود	البحرية	99
الحدود	مع	67
الحدود	بين	39
الحدود	الأوكرانية	18
الحدودي	مع	99
الحديث	عن	99
الحديث	حول	8
الحديدة	اليوم	99
الحر	التي	99
الحرائق	التي	99
الحرارة	القصوى	99
الحرارة	مع	74
الحرارة	لتصبح	62
الحرارة	التي	37
الحرارية	في	99
الحرب	في	99
الحرب	العالمية	51
الحرب	الروسية	38
الحرب	الباردة	32
الحربية	التابعة	99
الحربين	العالميتين	99
الحرة	في	99
الحرجة	التي	99
الحرس	الثوري	99
الحرس	الوطني	17
الحرس	الجمهوري	8
الحرس	البحري	8
الحرص	على	99
الحركة	في	99
الحركة	الطلابية	33
الحركة	الجوية	25
الحرم	القدسي	99
الحرم	الإبراهيمي	38
الحرمين	الشريفين	99
الحريات	العامة	99
الحرية	والتغيير	99
الحرية	والكرامة	42
الحريري	في	99
الحريري	الدولي	59
الحريق	الذي	99
الحريق	اندلع	99
الحريقة	النفطي	99
الحزب	الديمقراطي	99
الحزب	التقدمي	59
الحزب	الجمهوري	59
الحزب	الحاكم	40
الحزن	على	99
الحساب	الرسمي	99
الحسابات	المزيفة	99
الحسابات	التي	99
الحسكة	والقامشلي	99
الحسكة	والرقة	99
الحسكة	الشمالي	99
الحسين	عليه	99
الحشد	الشعبي	99
الحصار	عن	99
الحصار	على	74
الحصار	المفروض	74
الحصول	على	99
الحصول	عليها	8
الحضارية	الحديثة	99
الحضور	إلى	99
الحضور	في	99
الحفاظ	على	99
الحفل	الذي	99
الحق	في	99
الحقوق	والحريات	99
الحقوق	والواجبات	99
الحقوقية	الدولية	99
الحكم	في	99
الحكم	على	90
الحكم	الذاتي	54
الحكم	الرابع	27
الحكومات	السابقة	99
الحكومة	الإسرائيلية	99
الحكومة	الألمانية	50
الحكومة	نجيب	42
الحكومة	الجديدة	42
الحكومي	في	99
الحكومية	في	99
الحكومية	الدولية	62
الحكومية	التي	62
الحكومية	والخاصة	37
الحل	السياسي	99
الحل	الوحيد	57
الحل	الدبلوماسي	42
الحلف	في	99
الحلف	الأطلسي	79
الحلفاء	الغربيين	99
الحلول	التي	99
الحلول	المناسبة	74
الحماية	المدنية	99
الحماية	من	79
الحماية	الدولية	30
الحماية	اللازمة	30
الحمد	لله	99
الحمض	النووي	99
الحملة	الانتخابية	99
الحملة	الوطنية	63
الحملة	عن	27
الحملة	التي	27
الحميد	الدبيبة	99
الحوادث	التي	99
الحوار	بين	99
الحوار	الوطني	45
الحوار	مع	45
الحوار	الذي	27
الحوثي	في	99
الحوثي	عن	74
الحوثيين	على	99
الحي	الذي	99
الحياة	السياسية	99
الحياة	اليومية	71
الحياة	البرية	57
الحياة	العامة	42
الحين	والآخر	99
الخارجية	الروسية	99
الخارجية	الروسي	87
الخارجية	الأمريكي	71
الخارجية	والمغتربين	59
الخارجين	عن	99
الخاص	للرئيس	99
الخاص	بها	79
الخاصة	في	99
الخاصة	بها	39
الخاصة	التي	22
الخاصة	بك	17
الخام	في	99
الخام	الروسي	79
الخامس	من	99
الخامس	عشر	79
الخامس	الأمريكي	30
الخامسة	من	99
الخامسة	التي	25
الخبراء	أن	99
الخبراء	على	45
الخبراء	إن	45
الخبير	الاقتصادي	99
الخبير	في	38
الخبير	العسكري	23
الخبيرة	في	99
الخدمات	الطبية	99
الخدمات	الصحية	99
الخدمات	المقدمة	87
الخدمات	التي	50
الخدمة	الصحفية	99
الخدمة	العامة	33
الخدمة	العسكرية	33
الخروج	من	99
الخروج	عن	15
الخزانة	الأمريكية	99
الخزينة	العمومية	99
الخسائر	التي	99
الخسائر	والأضرار	50
الخسائر	الناجمة	50
الخضر	والفواكه	99
الخط	العربي	99
الخطاب	الديني	99
الخطر	الذي	99
الخطوات	التي	99
الخطوة	الأولى	99
الخطوة	تأتي	71
الخطوة	التي	42
الخطوة	كانت	42
الخطوط	الجوية	99
الخطوط	الأمامية	61
الخطوط	الحمراء	23
الخطير	في	99
الخطيرة	التي	99
الخفيفة	والمعتدلة	99
الخلاف	بين	99
الخلافات	بين	99
الخلافات	التي	33
الخلافات	السياسية	33
الخلايا	العصبية	99
الخلفي	من	99
الخلل	في	99
الخليج	العربي	99
الخليج	العربية	30
الخليل	بالضفة	99
الخمسة	عشر	99
الخميس	في	99
الخميس	الماضي	73
الخميس	أن	46
الخميس	المقبل	46
الخناق	على	99
الخوض	في	99
الخوف	من	99
الخيار	الأخير	99
الدائرة	في	99
الدائم	لدى	99
الدائمين	في	99
الداخل	من	99
الداخل	والخارج	99
الداخلي	في	99
الداخلية	والخارجية	99
الداخلية	والجماعات	44
الداخلية	السابق	33
الداخلية	أييليت	33
الدبلوماسي	لرئيس	99
الدبلوماسية	بين	99
الدبلوماسية	مع	87
الدخان	في	99
الدخل	المنخفض	99
الدخل	المتوسط	59
الدخول	في	99
الدخول	إلى	44
الدخول	المدرسي	16
الدراجات	النارية	99
الدراسات	إلى	99
الدراسات	الاستراتيجية	99
الدراسات	أن	99
الدراسة	أن	99
الدراسة	التي	82
الدراسة	إلى	66
الدراسة	الجديدة	50
الدراسي	الجديد	99
الدرجة	الأولى	99
الدرجة	الثانية	30
الدروس	والعبر	99
الدستور	الجديد	99
الدستور	والقانون	74
الدستورية	في	99
الدعم	الذي	99
الدعم	المالي	85
الدعم	الأمريكي	85
الدعم	السياسي	71
الدعوة	إلى	99
الدعوة	الى	33
الدفاع	عن	99
الدفاع	الروسية	88
الدفاع	المدني	70
الدفاع	الجوي	63
الدفاعات	الجوية	99
الدفع	بالروبل	99
الدفعة	الأولى	99
الدفعة	الثانية	59
الدقائق	الأخيرة	99
الدقة	في	99
الدكتور	أحمد	99
الدكتور	محمد	84
الدكتور	علي	61
الدكتور	أشرف	53
الدكتوراه	الفخرية	99
الدكتورة	هالة	99
الدمار	الذي	99
الدنمارك	أول	99
الدهون	في	99
الدوائر	الحكومية	99
الدور	الأول	99
الدور	الذي	62
الدور	نصف	62
الدور	الثاني	50
الدورات	الصيفية	99
الدورات	التي	59
الدورة	الثانية	99
الدورة	الدموية	71
الدورة	الثالثة	57
الدورة	الـ	57
الدوري	الإنجليزي	99
الدوري	المصري	37
الدوري	الإنكليزي	25
الدوري	الإسباني	25
الدول	العربية	99
الدول	الأعضاء	50
الدول	التي	45
الدول	الأوروبية	41
الدولار	في	99
الدولار	الجمركي	79
الدولار	مقابل	59
الدولار	الأمريكي	59
الدولارات	من	99
الدولارات	على	50
الدولة	التي	99
الدولة	لشؤون	61
الدولة	الواقعة	61
الدولة	الفلسطينية	61
الدولي	في	99
الدولي	لكرة	80
الدولي	للكتاب	22
الدولي	الإنساني	13
الدولية	للطاقة	99
الدولية	للصليب	25
الدولية	والإقليمية	14
الدولية	لألعاب	11
الدوما	الروسي	99
الديمقراطي	في	99
الديمقراطي	الكردستاني	79
الديمقراطية	في	99
الديمقراطية	العراقية	42
الدين	العام	99
الدين	الحوثي	99
الديني	في	99
الدينية	التي	99
الديوان	الوطني	99
الديوان	الملكي	46
الذاتي	في	99
الذرية	رافائيل	99
الذكاء	الاصطناعي	99
الذكرى	السنوية	99
الذكرى	الثانية	62
الذكرى	ال	62
الذكرى	الـ	50
الذكية	التي	99
الذهاب	إلى	99
الذهاب	الى	20
الذهب	في	99
الذهب	اليوم	55
الذي	كان	99
الذي	تم	59
الذي	لا	58
الذي	لم	35
الذين	يعانون	99
الذين	كانوا	87
الذين	يعيشون	51
الذين	لا	48
الرأي	العام	99
الرؤية	الوطنية	99
الرئاسة	المصرية	99
الرئاسة	الفلسطينية	79
الرئاسة	الروسية	79
الرئاسة	اللبنانية	59
الرئاسية	في	99
الرئاسية	التي	40
الرئاسية	والبرلمانية	40
الرئاسية	الأمريكية	40
الرئيس	الأمريكي	99
الرئيس	الروسي	91
الرئيس	الأوكراني	54
الرئيس	التركي	38
الرئيسي	في	99
الرئيسي	هو	38
الرئيسي	وراء	38
الرئيسية	في	99
الرئيسية	التي	66
الرائدة	في	99
الرابط	بين	99
الرابطة	المحترفة	99
الرابطة	الثانية	74
الرابع	من	99
الرابع	عشر	43
الرابعة	من	99
الراتب	الشهري	99
الراحل	جمال	99
الراحل	هواري	99
الراصد	الجوي	99
الراغبة	في	99
الراغبين	في	99
الرامية	إلى	99
الراهن	في	99
الربط	الشبكي	99
الربط	الكهربائي	99
الربع	الأول	99
الربع	الثالث	46
الربع	الثاني	40
الربع	الرابع	26
الربيع	العربي	99
الرجال	والنساء	99
الرجل	الذي	99
الرجل	في	58
الرجوع	إلى	99
الرحلات	الجوية	99
الرحلات	إلى	30
الرحلة	كانت	99
الرد	على	99
الرسالة	التي	99
الرسم	العقاري	99
الرسم	على	99
الرسمي	على	99
الرسمي	باسم	94
الرسمي	لوزارة	16
الرسمي	للاتحاد	16
الرسمية	في	99
الرسمية	على	70
الرسمية	بموقع	23
الرسول	الأعظم	99
الرشيد	طبي	99
الرصاص	الحي	99
الرصاصة	التي	99
الرطوبة	العالية	99
الرعاية	الصحية	99
الرعاية	الطبية	15
الرعاية	الاجتماعية	15
الرغبة	في	99
الرغم	من	99
الرفع	من	99
الرقابة	على	99
الرقابة	القضائية	59
الرقم	القياسي	99
الرقمية	المشفرة	99
الرقمية	التي	74
الركن	مهدي	99
الرواية	الفلسطينية	99
الروبل	الروسي	99
الروح	المعنوية	99
الروس	من	99
الروس	على	50
الروس	الذين	40
الروسي	فلاديمير	99
الروسي	في	50
الروسي	لأوكرانيا	31
الروسي	سيرغي	27
الروسية	في	99
الروسية	أن	28
الروسية	الخاصة	19
الروسية	الأوكرانية	19
الرياح	شمالية	99
الرياح	غربية	45
الرياح	جنوبية	36
الرياح	شرقية	27
الرياض	على	99
الرياضة	في	99
الريفية	في	99
الزائدة	الدودية	99
الزراعة	في	99
الزراعة	والري	50
الزراعي	من	99
الزلزال	الذي	99
الزماني	والمكاني	99
الزي	العسكري	99
الزيادة	في	99
الزيادة	المستمرة	37
الزيارة	إلى	99
الزيارة	التي	85
الزيارة	تأتي	57
الزيت	على	99
السؤال	الذي	99
السؤال	هل	99
السؤال	عن	99
السائدة	في	99
السابع	عشر	99
السابع	من	74
السابعة	من	99
السابعة	عشرة	74
السابق	دونالد	99
السابق	في	57
السابق	الذي	25
السابق	بنيامين	21
السابقة	إلى	99
السابقة	التي	99
السابقين	في	99
الساحة	الدولية	99
الساحة	السياسية	55
الساحل	الشرقي	99
الساحل	الغربي	66
الساحل	مما	50
الساحلية	التي	99
السادس	من	99
السادس	عشر	50
السادس	في	50
السادسة	مساء	99
الساعات	الأولى	99
الساعات	الماضية	37
الساعة	الثالثة	99
الساعة	السادسة	88
الساعة	الثانية	88
الساعة	الخامسة	77
السامي	للأمم	99
السامية	للأمازيغية	99
السباحة	في	99
السبب	الرئيسي	99
السبب	في	66
السبب	وراء	55
السبب	الذي	44
السبت	الماضي	99
السبت	أن	99
السبت	المقبل	66
السبت	أنه	50
الستار	عن	99
الستة	عشر	99
الستة	المقبلة	42
السجون	الإسرائيلية	99
السحب	الخاصة	99
السد	الإثيوبي	99
السرعة	تنشط	99
السرعة	والبحر	45
السرقة	الإلكترونية	99
السريع	في	99
السطو	على	99
السعرات	الحرارية	99
السعودي	الإماراتي	99
السعودي	في	99
السعودي	الأمير	81
السعودي	والإماراتي	45
السعودية	في	99
السعودية	والإمارات	43
السعودية	الرسمية	13
السعودية	قد	13
السعي	إلى	99
السفارة	الأمريكية	99
السفارة	الروسية	69
السفارة	الأميركية	30
السفارة	الليبية	23
السفر	إلى	99
السفن	الحربية	99
السفن	التي	57
السفير	الأمريكي	99
السفير	الإسرائيلي	61
السفير	الروسي	38
السفير	التركي	30
السفيرة	الأمريكية	99
السفينة	التي	99
السكان	في	99
السكان	المحليين	45
السكان	المدنيين	36
السكان	إلى	36
السكتة	الدماغية	99
السكر	في	99
السكري	من	99
السكك	الحديدية	99
السكن	والعمران	99
السكنية	في	99
السلاح	النووي	99
السلام	في	99
السلام	والاستقرار	66
السلام	بين	44
السلام	مع	28
السلامة	المرورية	99
السلبي	من	99
السلبية	على	99
السلبية	التي	99
السلة	الغذائية	99
السلطات	المحلية	99
السلطات	الإسرائيلية	99
السلطات	الأوكرانية	57
السلطات	اللبنانية	50
السلطان	قابوس	99
السلطة	الفلسطينية	99
السلطة	في	34
السلطة	المحلية	29
السلطة	القضائية	14
السلع	الأساسية	99
السلع	الغذائية	99
السلع	التي	66
السلم	والأمن	99
السماء	صافية	99
السمعي	البصري	99
السنة	الجارية	99
السنة	الجديدة	37
السنة	المقبلة	37
السنة	الأمازيغية	37
السنوات	الأخيرة	99
السنوات	الماضية	33
السنوات	القليلة	23
السنوات	الخمس	18
السنوي	العام	99
السواحل	في	99
السواحل	الليبية	74
السوداء	بين	99
السوداني	في	99
السوري	بشار	99
السورية	في	99
السوريين	في	99
السوريين	إلى	50
السوشيال	ميديا	99
السوفيتي	السابق	99
السوفيتي	في	99
السوق	السوداء	99
السوق	المحلية	40
السوق	الوطنية	40
السوق	الموازية	40
السومرية	نيوز	99
السويد	وفنلندا	99
السياحة	والآثار	99
السيادة	الانتقالي	99
السيادة	الوطنية	66
السيارات	الكهربائية	99
السياسة	الخارجية	99
السياسة	النقدية	62
السياسة	الأمريكية	25
السياسة	والاقتصاد	25
السياسي	الأعلى	99
السياسي	في	92
السياسي	الذي	28
السياسي	لحركة	25
السياسية	في	99
السياسية	التي	79
السياسية	والاقتصادية	40
السياسية	والاجتماعية	30
السياسيين	في	99
السياق	أن	99
السياق	ذاته	99
السيد	عبد	99
السيد	الرئيس	40
السيد	حسن	40
السيد	أيمن	28
السير	على	99
السيطرة	على	99
السيطرة	عليه	9
السيطرة	عليها	7
السينمائي	الدولي	99
الشأن	العام	99
الشؤون	الخارجية	99
الشؤون	الاجتماعية	61
الشؤون	الاقتصادية	50
الشؤون	الإنسانية	50
الشائعات	التي	99
الشابة	في	99
الشابة	مهسا	59
الشابة	التي	59
الشاحنات	التي	99
الشارع	الفلسطيني	99
الشارع	الرئيسي	59
الشارع	المغربي	59
الشارع	السني	59
الشامل	في	99
الشاملة	المشتركة	99
الشاي	الأخضر	99
الشباب	والرياضة	99
الشباب	إلى	20
الشباب	والرياضيين	12
الشباب	الصحراوي	12
الشبابية	والرياضية	99
الشباك	في	99
الشبان	في	99
الشبان	الفلسطينيين	74
الشبان	الذين	74
الشبكات	الاجتماعية	99
الشبكة	الكهربائية	99
الشتوية	في	99
الشخص	الذي	99
الشخصيات	السياسية	99
الشديد	على	99
الشديدة	التي	99
الشراكة	مع	99
الشراكة	الاستراتيجية	66
الشراكة	بين	55
الشرب	والصرف	99
الشرطة	في	99
الشرطة	الإسرائيلية	72
الشرطة	على	55
الشرطة	أن	50
الشرعي	على	99
الشرعية	الدولية	99
الشرعية	التي	37
الشرف	والبطولة	99
الشرق	الأوسط	99
الشرق	الاوسط	6
الشرقي	من	99
الشرقية	والجنوبية	99
الشركاء	في	99
الشركاء	من	99
الشركات	التي	99
الشركات	الروسية	62
الشركات	التابعة	62
الشركات	الصينية	50
الشركة	في	99
الشركة	العامة	61
الشركة	التي	46
الشركة	مع	30
الشروط	التي	99
الشروع	في	99
الشريط	الحدودي	99
الشريعة	الإسلامية	99
الشريف	في	99
الشريك	التجاري	99
الشعاب	المرجانية	99
الشعب	الفلسطيني	99
الشعب	اليمني	94
الشعب	الصحراوي	26
الشعب	اللبناني	20
الشعبة	من	99
الشعبي	الوطني	99
الشعبي	الصحراوي	20
الشعبية	في	99
الشعبية	لتحرير	34
الشعبية	التي	11
الشعبية	المرابطين	11
الشعبين	الشقيقين	99
الشغب	في	99
الشغب	التي	66
الشفاء	العاجل	99
الشمالية	الشرقية	99
الشمالية	قد	66
الشمالية	كيم	50
الشمالية	الغربية	50
الشمس	المباشرة	99
الشمول	المالي	99
الشهداء	في	99
الشهداء	من	41
الشهداء	والأسرى	33
الشهداء	والجرحى	25
الشهر	الماضي	99
الشهر	الجاري	63
الشهر	المقبل	46
الشهر	الحالي	33
الشهيد	القائد	99
الشهيد	أحمد	25
الشهيرة	في	99
الشوط	الثاني	99
الشوط	الأول	77
الشوط	الإضافي	33
الشيء	الذي	99
الشيء	نفسه	99
الشيء	الوحيد	99
الشيخ	محمد	99
الشيخ	جراح	61
الشيخ	خليفة	47
الشيخ	قاسم	38
الشيعي	في	99
الشيوعي	الصيني	99
الصادر	عن	99
الصادر	من	19
الصادرات	من	99
الصادرات	إلى	74
الصادرات	العالمية	74
الصادرة	عن	99
الصادرة	عنها	23
الصادرة	من	23
الصاروخية	التي	99
الصاروخية	وسلاح	99
الصباح	إلى	99
الصباح	الباكر	99
الصباحية	والمسائية	99
الصبر	والسلوان	99
الصحافة	الفرنسية	99
الصحة	العالمية	99
الصحة	العامة	73
الصحة	في	61
الصحة	الفلسطينية	38
الصحراء	الغربية	99
الصحراوي	في	99
الصحراوي	من	71
الصحفي	جمال	99
الصحفي	الذي	82
الصحفية	الفلسطينية	99
الصحى	والمهنى	99
الصحي	في	99
الصحية	في	99
الصحية	الأولية	45
الصحية	التي	36
الصحية	والعلاجية	27
الصحيح	الذي	99
الصحيفة	أن	99
الصحيفة	عن	54
الصحيفة	إلى	50
الصحيفة	إن	40
الصخرة	التي	99
الصداقة	والتعاون	99
الصداقة	البرلمانية	74
الصدد	إلى	99
الصدد	أن	99
الصدر	في	99
الصدري	في	99
الصراع	في	99
الصراع	مع	23
الصراع	الذي	17
الصرف	الصحي	99
الصرف	الرسمي	79
الصعب	على	99
الصعب	للغاية	59
الصعب	تحديد	59
الصعبة	التي	99
الصعوبات	التي	99
الصعيد	العالمي	99
الصعيد	الصحى	99
الصغيرة	والمتوسطة	99
الصغيرة	في	82
الصغيرة	التي	50
الصف	الأول	99
الصفحة	الرسمية	99
الصلاة	والسلام	99
الصلاة	في	99
الصليب	الأحمر	99
الصمود	والثبات	99
الصمود	والتلاحم	74
الصناعات	الدفاعية	99
الصناعات	الغذائية	99
الصناعات	التحويلية	99
الصناعة	الصيدلانية	99
الصناعة	المحلية	50
الصناعية	الكبرى	99
الصندوق	الوطني	99
الصهيوني	في	99
الصهيوني	الذي	62
الصهيوني	الغاصب	37
الصهيونية	الدينية	99
الصهيونية	التي	33
الصواريخ	التي	99
الصواريخ	الروسية	74
الصوت	والغاز	99
الصور	التي	99
الصور	ومقاطع	79
الصورة	التي	99
الصيادين	في	99
الصيد	البحري	99
الصيدلانية	من	99
الصيغة	النهائية	99
الصيف	الماضي	99
الصيف	المقبل	74
الصيفية	في	99
الصين	وروسيا	99
الصين	الشعبية	62
الصين	عن	50
الصين	كانت	50
الصيني	شي	99
الصيني	وانغ	25
الضباب	على	99
الضخم	الذي	99
الضخمة	التي	99
الضرائب	على	99
الضربات	الجوية	99
الضربات	التي	57
الضربات	الصاروخية	42
الضربات	الروسية	42
الضرر	الذي	99
الضروري	أن	99
الضغط	على	99
الضغط	من	40
الضغط	الذي	15
الضفة	الغربية	99
الضفة	اليسرى	3
الضمان	الاجتماعي	99
الضمانات	الأمنية	99
الضوء	على	99
الضوء	الأخضر	12
الطائرات	المسيرة	99
الطائرات	بدون	79
الطائرات	الحربية	59
الطائرات	الروسية	50
الطائرة	من	99
الطائرة	التي	82
الطائرة	إلى	82
الطائرة	المسيرة	82
الطابع	الرسمي	99
الطابق	السفلي	99
الطاقات	المتجددة	99
الطاقة	في	99
الطاقة	الشمسية	73
الطاقة	النووية	65
الطاقة	الكهربائية	52
الطاقم	الفني	99
الطباعة	ثلاثية	99
الطبقة	السياسية	99
الطبية	التي	99
الطبية	المقدمة	74
الطبيعي	المسال	99
الطبيعي	من	59
الطبيعي	أن	26
الطرف	الآخر	99
الطرفان	خلال	99
الطرفان	على	99
الطرفان	إلى	74
الطرفين	على	99
الطرق	في	99
الطرق	التي	74
الطرق	السريعة	50
الطرق	الرئيسية	37
الطرقات	في	99
الطريق	إلى	99
الطريق	أمام	74
الطريق	الصحيح	50
الطريق	العام	37
الطريقة	التي	99
الطريقة	الوحيدة	40
الطعام	في	99
الطعام	لليوم	37
الطفل	ريان	99
الطقس	في	99
الطلب	على	99
الطلب	العالمي	26
الطوارئ	في	99
الطواقم	الطبية	99
الطيران	المدني	99
الطيران	الحربي	74
الظروف	الصعبة	99
الظروف	التي	50
الظروف	المحيطة	50
الظروف	الملائمة	37
العائلات	التي	99
العائلة	المالكة	99
العائلة	الملكية	57
العائلة	الحاكمة	42
العائلة	المقدسة	42
العابرة	للحدود	99
العادة	والمفوض	99
العاشر	من	99
العاصفة	الثلجية	99
العاصمة	صنعاء	99
العاصمة	الأوكرانية	79
العاصمة	بغداد	59
العاصمة	كييف	46
العالم	إلى	99
العالم	العربي	93
العالم	قطر	62
العالم	أجمع	56
العالمي	في	99
العالمي	للشمول	27
العالمية	الثانية	99
العالمية	في	86
العالمية	الكبرى	20
العالميتين	الأولى	99
العالي	والبحث	99
العالي	الدكتور	16
العالي	لجمهورية	16
العام	الماضي	99
العام	للأمم	36
العام	المقبل	26
العام	الجاري	22
العامة	في	99
العامة	للأمم	93
العامة	للأمن	29
العامة	التي	26
العاملات	في	99
العاملة	في	99
العاملين	في	99
العاملين	على	14
العامود	بالقدس	99
العامين	الماضيين	99
العاهل	الأردني	99
العاهل	المغربي	79
العاهل	السعودي	79
العبرية	أن	99
العبرية	عن	59
العبوات	الناسفة	99
العبور	إلى	99
العثور	على	99
العثور	عليها	26
العدالة	والتنمية	99
العدد	الإجمالي	99
العدد	التراكمي	28
العدد	الأخير	19
العدد	الأكبر	14
العدل	الدولية	99
العدل	العليا	57
العدل	حافظ	42
العدو	الصهيوني	99
العدو	الإسرائيلي	72
العدو	السعودي	36
العدوان	والحصار	99
العدوان	الأمريكي	81
العدوان	على	63
العدوان	الروسي	36
العدول	عن	99
العدوى	في	99
العديد	من	99
العديد	منهم	2
العديدة	التي	99
العراق	وسوريا	99
العراقي	محمد	99
العرب	في	99
العربي	السوري	99
العربي	الذي	85
العربي	بقيادة	71
العربية	المتحدة	99
العربية	السعودية	32
العربية	والإسلامية	4
العربية	الموحدة	3
العروب	شمال	99
العزة	والكرامة	99
العزل	في	99
العزيز	آل	99
العزيز	بوتفليقة	50
العسكري	في	99
العسكري	على	36
العسكري	الروسي	31
العسكري	الذي	31
العسكرية	الروسية	99
العسكرية	في	85
العسكرية	الخاصة	31
العسكرية	التي	20
العسكريين	في	99
العسكريين	على	74
العشر	سنوات	99
العشرات	من	99
العشرات	بحالات	16
العشرين	في	99
العشرينيات	من	99
العصر	الجديد	99
العضو	المنتدب	99
العضو	في	74
العظمى	من	99
العظمى	الإمام	59
العفو	الدولية	99
العفو	العام	42
العقار	الصناعي	99
العقارية	التي	99
العقبات	التي	99
العقبات	أمام	74
العقد	الماضي	99
العقد	الأول	42
العقلية	للأطفال	99
العقوبات	الغربية	99
العقوبات	على	99
العقوبات	التي	58
العقوبات	الاقتصادية	58
العقود	الآجلة	99
العقود	الثلاثة	20
العقيد	لؤي	99
العكس	من	99
العلاقات	بين	99
العلاقات	مع	91
العلاقات	الثنائية	53
العلاقات	الدبلوماسية	25
العلاقة	بين	99
العلاقة	مع	52
العلاقة	الوطيدة	14
العلامات	التجارية	99
العلامة	التجارية	99
العلم	أن	99
العلم	الفلسطيني	99
العلماء	أن	99
العلماء	إن	44
العلمي	في	99
العلمي	عبد	59
العلمي	الذي	59
العلمية	التي	99
العلمية	أن	74
العلوم	السياسية	99
العليا	في	99
العليا	لمكافحة	33
العليا	التي	25
العليا	للمشاريع	25
العماد	ميشال	99
العماد	جوزيف	33
العمال	الكردستاني	99
العمالية	في	99
العمقين	السعودي	99
العمل	على	99
العمل	في	84
العمل	مع	30
العمل	السياسي	25
العملات	الأجنبية	99
العملات	المشفرة	99
العملات	الرقمية	74
العملات	المعدنية	37
العملة	الصعبة	99
العملة	المحلية	62
العملة	المشفرة	37
العمليات	العسكرية	99
العمليات	المشتركة	40
العمليات	المركزية	40
العمليات	الاستيرادية	30
العملية	العسكرية	99
العملية	الانتخابية	24
العملية	الخاصة	19
العملية	الروسية	17
العمود	الفقري	99
العميد	محمد	99
العميد	الركن	99
العناصر	الغذائية	99
العناصر	الأساسية	50
العناصر	التي	50
العناية	الحثيثة	99
العناية	المركزة	62
العنف	في	99
العنف	التي	45
العنف	ضد	45
العنف	والإرهاب	27
العهد	السعودي	99
العهد	الأمير	22
العوامل	التي	99
العوامل	الرئيسية	57
العوامل	الاجتماعية	42
العودة	إلى	99
العودة	الطوعية	7
العيش	في	99
الغابات	في	99
الغارات	الجوية	99
الغاز	الطبيعي	99
الغاز	الروسي	68
الغاز	في	40
الغاز	من	37
الغالبية	العظمى	99
الغبار	في	99
الغدة	الدرقية	99
الغذاء	والدواء	99
الغذاء	العالمي	30
الغذاء	والطاقة	23
الغذائي	العالمي	99
الغذائية	في	99
الغذائية	التي	85
الغذائية	الأساسية	42
الغرب	إلى	99
الغرب	على	82
الغرب	حول	50
الغربي	في	99
الغربي	مع	59
الغربية	المحتلة	99
الغربية	التي	74
الغربية	وقطاع	66
الغربية	والقدس	33
الغربيون	على	99
الغرض	من	99
الغرفة	التي	99
الغزو	الروسي	99
الغلاف	الجوي	99
الغنية	بالنفط	99
الغيوم	على	99
الفئات	الأكثر	99
الفئة	المستهدفة	99
الفئة	الرابعة	74
الفئة	الأكثر	74
الفائدة	على	99
الفائدة	من	82
الفائدة	بمقدار	50
الفائز	في	99
الفائزة	في	99
الفائزين	في	99
الفاتحة	على	99
الفارق	بين	99
الفارين	من	99
الفاشلة	في	99
الفاصل	المؤهل	99
الفاعلة	في	99
الفتاح	السيسي	99
الفترة	من	99
الفترة	الماضية	50
الفترة	المقبلة	38
الفترة	الأخيرة	26
الفترتين	الصباحية	99
الفجوة	بين	99
الفحم	والنفط	99
الفحوصات	الطبية	99
الفرار	من	99
الفرد	في	99
الفرص	الاستثمارية	99
الفرق	بين	99
الفرق	المتأهلة	42
الفرق	الفنية	42
الفرنسي	إيمانويل	99
الفرنسي	جان	19
الفرنسي	ايمانويل	14
الفرنسية	عن	99
الفرنسية	التي	74
الفريق	أول	99
الفريق	الفائز	38
الفريق	الأول	23
الفريق	الواحد	23
الفساد	ومكافحته	99
الفشل	الكلوي	99
الفشل	في	74
الفصائل	الفلسطينية	99
الفصل	العنصري	99
الفصل	الثاني	50
الفصل	بين	40
الفصل	الدراسي	30
الفصول	الدراسية	99
الفضاء	الروسية	99
الفضاء	الأمريكية	79
الفضاء	الأوروبية	79
الفضاء	الدولية	59
الفضل	في	99
الفطر	المبارك	99
الفعالية	التي	99
الفعالية	المركزية	79
الفلاحة	والتنمية	99
الفلسطيني	في	99
الفلسطيني	الذي	22
الفلسطيني	محمد	17
الفلسطيني	محمود	13
الفلسطينية	في	99
الفلسطينية	المحتلة	21
الفلسطينية	التي	21
الفلسطينية	المستقلة	15
الفلسطينيين	في	99
الفلسطينيين	من	66
الفلسطينيين	الذين	14
الفلسطينيين	الى	14
الفلفل	الحار	99
الفنان	المصري	99
الفنان	اللبناني	66
الفنان	التشكيلي	66
الفنان	أحمد	50
الفنانة	اللبنانية	99
الفنانة	المصرية	66
الفنانين	في	99
الفنون	الجميلة	99
الفني	للمنتخب	99
الفني	لمنتخب	59
الفنية	في	99
الفنية	التي	55
الفنية	والهندسية	44
الفنية	مع	33
الفواكه	والخضروات	99
الفوري	عن	99
الفوز	على	99
الفوز	في	66
الفوضى	في	99
الفوضى	التي	99
الفيديو	التي	99
الفيديو	الذي	57
الفيروس	على	99
الفيلم	الوثائقي	99
القائد	العام	99
القائد	الأعلى	64
القائد	العسكري	35
القائد	السيد	21
القائم	على	99
القائم	بأعمال	88
القائم	في	55
القائم	الأيمن	33
القائمة	على	99
القائمة	العربية	87
القائمة	المشتركة	74
القائمة	السوداء	37
القائمين	على	99
القادة	السياسيين	99
القادة	الغربيون	74
القادة	العرب	74
القادرة	على	99
القادم	من	99
القادم	على	79
القادمين	من	99
القارة	الأوروبية	99
القارة	الإفريقية	66
القارة	الآسيوية	50
القارة	القطبية	50
القاضية	غادة	99
القانون	الدولي	99
القانون	الأساسي	22
القانون	الذي	22
القانون	رقم	16
القانوني	بحقه	99
القانونية	اللازمة	99
القانونية	التي	33
القانونية	حيال	25
القبة	الحديدية	99
القبض	على	99
القبض	عليه	13
القبض	عليها	6
القتال	في	99
القتلى	من	99
القتلى	في	99
القتلى	والجرحى	74
القدرة	على	99
القدرة	الشرائية	31
القدس	المحتلة	99
القدس	العربي	72
القدس	الشرقية	51
القدس	التابع	10
القدسي	الشريف	99
القدم	في	99
القديمة	في	99
القديمة	من	57
القرآن	الكريم	99
القرار	الذي	99
القرار	رقم	36
القرار	بعد	27
القرار	كان	27
القرارات	التي	99
القرارات	الصادرة	59
القردة	في	99
القرعة	النهائية	99
القرم	في	99
القرن	الماضي	99
القرن	العشرين	68
القرن	الحادي	50
القرن	التاسع	37
القريبة	من	99
القس	أندريه	99
القسم	الأكبر	99
القصر	الملكي	99
القصر	الرئاسي	99
القصر	الجمهوري	59
القصف	الروسي	99
القصف	التركي	66
القضاء	على	99
القضاء	الأعلى	36
القضاء	الاعلى	12
القضاء	والبرلمان	12
القضائية	في	99
القضائية	المختصة	50
القضايا	المتعلقة	99
القضايا	التي	99
القضايا	الإقليمية	82
القضايا	ذات	82
القضية	الفلسطينية	99
القضية	الأوكرانية	12
القضية	الصحراوية	12
القطاع	الخاص	99
القطاع	العام	75
القطاع	الصحي	24
القطاع	السياحي	20
القطاعين	العام	99
القطب	الشمالي	99
القطب	الجزائي	66
القطبية	الجنوبية	99
القطرية	إن	99
القطع	الأثرية	99
القلب	والأوعية	99
القلبية	الوعائية	99
القلق	بشأن	99
القلق	من	99
القلق	الذي	74
القليل	من	99
القليلة	الماضية	99
القليلة	المقبلة	57
القليلة	القادمة	21
القمة	العربية	99
القمة	التي	54
القمة	السادسة	27
القمح	في	99
القمح	إلى	44
القمر	الصناعي	99
القناة	أن	99
القناة	العبرية	79
القناة	الرسمية	59
القناع	الواقي	99
القنب	الهندي	99
القنبلة	القذرة	99
القنصل	العام	99
القنوات	الدبلوماسية	99
القوات	الروسية	99
القوات	المسلحة	99
القوات	الإسرائيلية	50
القوات	الأوكرانية	45
القواعد	التي	99
القوانين	الدولية	99
القوة	الشرائية	99
القوة	الجوية	82
القوة	الصاروخية	66
القوة	التي	50
القول	إن	99
القول	بأن	40
القول	أن	33
القول	إنه	26
القومي	الأمريكي	99
القومي	بالبيت	57
القومي	الإسرائيلي	42
القومي	والدفاع	42
القوى	السياسية	99
القوى	العاملة	52
القوى	الوطنية	29
القوى	الأمنية	29
القوية	في	99
القوية	التي	74
القيادة	المركزية	99
القيادة	العامة	63
القيادة	السياسية	54
القيادة	الثورية	45
القيادي	في	99
القيام	به	99
القيام	بذلك	91
القيام	بها	50
القيام	بشيء	33
القيم	العليا	99
القيم	التي	74
القيم	والمبادئ	74
القيمة	المضافة	99
القيمة	التبادلية	37
القيمة	السوقية	37
القيود	على	99
القيود	المفروضة	74
الكائنات	الحية	99
الكابيتال	كونترول	99
الكاتب	إن	99
الكافي	من	99
الكامل	على	99
الكاملة	عن	99
الكاملة	على	99
الكاملة	والمباشرة	85
الكاملة	في	71
الكبرى	التي	99
الكبرى	مثل	74
الكبير	الذي	99
الكبير	في	52
الكبير	من	52
الكبيرة	التي	99
الكبيرة	في	87
الكتاب	المقدس	99
الكتاب	المدرسي	57
الكتب	المدرسية	99
الكتل	النيابية	99
الكتلة	الصدرية	99
الكتلة	النيابية	99
الكثير	من	99
الكثير	منها	5
الكثير	منهم	3
الكثير	مما	3
الكثيرة	في	99
الكرة	في	99
الكرملين	دميتري	99
الكرملين	لم	74
الكشف	عن	99
الكشف	عنها	7
الكعبة	المشرفة	99
الكلمة	التي	99
الكلي	للجرعة	99
الكمامات	في	99
الكمبيوتر	المحمولة	99
الكنيسة	القبطية	99
الكهرباء	في	99
الكهرباء	من	40
الكهرباء	عن	20
الكهربائية	في	99
الكواكب	اليوم	99
الكوري	الجنوبي	99
الكوري	الشمالي	16
الكورية	الجنوبية	99
الكوليرا	في	99
الكونغرس	الأمريكي	99
الكونغرس	على	30
الكونغو	الديمقراطية	99
الكيان	الصهيوني	99
الكيفية	التي	99
الكيل	بمكيالين	99
الكيلة	أن	99
اللاجئين	الأوكرانيين	99
اللاجئين	السوريين	99
اللاجئين	الفلسطينيين	99
اللازمة	لضمان	99
اللازمة	بحق	74
اللاعب	البرازيلي	99
اللاعب	المغربي	59
اللاعبين	الذين	99
اللبناني	حسن	99
اللبناني	ميشال	74
اللبنانية	في	99
اللبنانية	إلى	31
اللبنانية	سمير	25
اللبنانية	التي	25
اللجنة	التنفيذية	99
اللجنة	الدولية	66
اللجنة	الوطنية	53
اللجنة	المركزية	46
اللجوء	إلى	99
اللجوء	في	25
اللحظات	الأولى	99
اللحظة	الأخيرة	99
اللحظة	الراهنة	74
اللحوم	الحمراء	99
اللطيف	رشيد	99
اللعب	في	99
اللعبة	في	99
اللعبة	السياسية	99
اللغة	العربية	99
اللغة	الإنجليزية	71
اللقاء	الذي	99
اللقاء	الوطني	21
اللقاء	أكد	21
اللقاء	مع	21
اللقاءات	التي	99
اللقاءات	مع	74
اللقاح	المضاد	99
اللقاحات	المضادة	99
الله	عليه	99
الله	تعالى	39
الله	بن	25
الله	صلى	21
اللهيان	إلى	99
اللواء	أشرف	99
اللواء	عباس	66
اللواء	جمال	66
اللواء	حسين	66
اللوتو	اللبناني	99
اللوحات	الفنية	99
اللوم	على	99
اللياقة	البدنية	99
الليبي	محمد	99
الليبية	في	99
الليبية	طرابلس	40
الليرة	اللبنانية	99
الليرة	التركية	66
الليل	في	99
الليلة	الماضية	99
المؤتمر	الصحفي	99
المؤتمر	الوطني	33
المؤتمر	الدولي	33
المؤتمر	الذي	25
المؤدية	إلى	99
المؤرخ	في	99
المؤسس	المشارك	99
المؤسسات	التعليمية	99
المؤسسات	الصغيرة	66
المؤسسات	الناشئة	66
المؤسسات	التي	55
المؤسسة	العسكرية	99
المؤسسة	الوطنية	88
المؤسسة	الأمنية	77
المؤسسة	العامة	55
المؤشرات	الاقتصادية	99
المؤقتة	في	99
المؤكد	أن	99
المؤكد	أنه	37
المؤهلة	لكأس	99
المئات	من	99
المئة	من	99
المئة	في	19
المئة	إلى	12
المئة	مقارنة	6
المائة	من	99
المائة	في	44
المائة	إلى	22
المائي	في	99
المائي	العربي	59
الماجستير	في	99
المادة	الحيوية	99
المادة	التي	99
الماضي	في	99
الماضي	بعد	34
الماضي	إن	30
الماضي	عن	23
الماضية	على	99
الماضية	فيما	33
الماضية	بشأن	33
المال	العام	99
المالي	في	99
المالي	الذي	37
المالية	التي	99
المالية	العامة	62
المالية	التكميلي	50
المالية	والاقتصادية	50
المبادرات	التي	99
المبادرات	المجتمعية	74
المبادرة	الرئاسية	99
المبادرة	التي	82
المبادرة	الوطنية	50
المباراة	التي	99
المباراة	النهائية	66
المباراة	الافتتاحية	26
المباراة	الأولى	26
المباريات	التي	99
المباريات	في	74
المباشر	مع	99
المباشر	على	99
المباشرة	بين	99
المباشرة	مع	50
المبالغ	التي	99
المبذولة	في	99
المبعوث	الخاص	99
المبعوث	الأممي	82
المبعوث	الأميركي	66
المبعوث	الأمريكي	50
المبلغ	المطلوب	99
المبنى	الذي	99
المبني	على	99
المتابعة	في	99
المتابعة	التي	59
المتبادلة	بين	99
المتبقية	من	99
المتبقية	في	74
المتتالية	التي	99
المتجهة	إلى	99
المتحاربة	في	99
المتحالفة	مع	99
المتحدة	الأمريكية	99
المتحدة	في	83
المتحدة	أنطونيو	19
المتحدة	إن	10
المتحدث	باسم	99
المتحدث	الرسمي	13
المتحدثة	باسم	99
المتحف	الوطني	99
المتحفي	والثقافي	99
المتحور	أوميكرون	99
المتحور	الجديد	99
المتخصص	في	99
المتخصصة	في	99
المتخصصين	في	99
المترتبة	على	99
المتزايد	من	99
المتزايد	على	99
المتصاعدة	ضد	99
المتضررة	من	99
المتضررين	من	99
المتطرف	إيتمار	99
المتطرف	الذي	74
المتطرفة	في	99
المتطرفين	في	99
المتظاهرين	في	99
المتظاهرين	السلميين	74
المتظاهرين	وقوات	74
المتعلقة	بإعادة	99
المتفق	عليها	99
المتقدمة	في	99
المتماثلين	للشفاء	99
المتمثل	في	99
المتمثلة	في	99
المتمردين	في	99
المتمركزة	في	99
المتميزة	التي	99
المتن	الشمالي	99
المتنازع	عليها	99
المتنقلة	للشرطة	99
المتواجدة	في	99
المتواجدين	في	99
المتواجدين	حاليا	59
المتواصل	على	99
المتواصلة	بحق	99
المتواصلة	في	99
المتورطين	في	99
المتوسط	في	99
المتوسط	ما	50
المتوقع	أن	99
المتوقع	أيضا	6
المتوقع	هطول	4
المتوقعة	في	99
المثبتة	الى	99
المثلية	الجنسية	99
المثير	للجدل	99
المثيرة	للجدل	99
المجازر	التي	99
المجال	الجوي	99
المجال	الاقتصادي	33
المجال	الزراعي	20
المجالات	ذات	99
المجالات	الاقتصادية	71
المجالات	كافة	42
المجالات	التي	42
المجالس	المحلية	99
المجاهد	محمد	99
المجاهدين	وذوي	99
المجاورة	التي	99
المجتمع	الدولي	99
المجتمع	المدني	38
المجتمع	العربي	10
المجتمع	الإسرائيلي	6
المجلة	إلى	99
المجلس	الأعلى	99
المجلس	السياسي	76
المجلس	المركزي	48
المجلس	الشعبي	41
المجموعات	في	99
المجموعة	الأولى	99
المجموعة	الرابعة	50
المجموعة	الثالثة	40
المجموعة	الثامنة	40
المجني	عليه	99
المجيد	تبون	99
المحادثات	مع	99
المحادثات	التي	71
المحادثات	بين	57
المحادثة	على	99
المحاربين	القدامى	99
المحاصر	منذ	99
المحافظ	في	99
المحافظات	الجنوبية	99
المحافظات	التي	85
المحافظة	على	99
المحافظين	في	99
المحاكمة	في	99
المحامين	في	99
المحاولات	التي	99
المحتجزين	في	99
المحترفة	الأولى	99
المحتلة	منذ	99
المحتمل	أن	99
المحتمل	ألا	10
المحتملة	على	99
المحددة	من	99
المحرومين	من	99
المحسوب	على	99
المحسوبة	على	99
المحسوبين	على	99
المحطات	في	99
المحطة	الحرارية	99
المحطة	النووية	99
المحظور	في	99
المحكمة	العليا	99
المحكمة	الاتحادية	57
المحكمة	الدستورية	26
المحكمة	العسكرية	16
المحلات	التجارية	99
المحلل	السياسي	99
المحللين	أن	99
المحلي	الإجمالي	99
المحلية	في	99
المحلية	والدولية	40
المحلية	والتهيئة	33
المحلية	بالمحافظة	26
المحيط	الهادئ	99
المحيط	الأطلسي	33
المحيطة	بها	99
المحيطين	الهندي	99
المخابرات	الإسرائيلية	99
المخابرات	الأمريكية	74
المخابرات	الأوكرانية	74
المخاطر	التي	99
المخالفات	التي	99
المخاوف	من	99
المخاوف	بشأن	41
المختص	في	99
المختص	بناء	74
المختصين	في	99
المختلفة	التي	99
المخدرات	على	99
المخزنة	في	99
المخضرمة	شيرين	99
المخطط	له	99
المدارس	الصيفية	99
المدارس	والثانويات	59
المدارس	الثانوية	59
المدافعين	عن	99
المدة	التي	99
المدخل	الشمالي	99
المدرب	الوطني	99
المدرجة	في	99
المدرجة	ضمن	30
المدعوم	من	99
المدعومة	من	99
المدعومين	من	99
المدعى	عليه	99
المدعي	العام	99
المدن	التاريخية	99
المدن	الأوكرانية	99
المدن	التي	99
المدن	الكبيرة	99
المدني	في	99
المدنيين	في	99
المدنيين	من	66
المدى	الطويل	99
المدى	القصير	38
المدى	القريب	38
المدى	المتوسط	23
المدير	العام	99
المدير	الفني	39
المدير	التنفيذي	9
المدير	الرياضي	5
المديرة	التنفيذية	99
المديرية	العامة	99
المديرية	إلى	20
المدينة	المنورة	99
المدينة	الساحلية	99
المدينة	التي	99
المرأة	في	99
المرئي	عن	99
المرابطين	في	99
المرافق	له	99
المرافق	العامة	50
المراقبة	في	99
المراكز	الأمريكية	99
المراكز	الصيفية	28
المربع	الذهبي	99
المرة	الأولى	99
المرة	الثانية	25
المرة	القادمة	19
المرتبة	الأولى	99
المرتبة	الثالثة	33
المرتبة	الثانية	33
المرتبة	الـ	25
المرتبطة	به	99
المرتبطة	بها	74
المرتفعات	الجبلية	99
المرتفعات	المتوسطة	30
المرتقبة	في	99
المرجح	أن	99
المرجع	المختص	99
المرحلة	الأولى	99
المرحلة	الثانية	62
المرحلة	المقبلة	37
المرحلة	التي	31
المرسوم	الرئاسي	99
المرشحين	للفوز	99
المرشد	الأعلى	99
المرضى	الذين	99
المركبات	العسكرية	99
المركبة	الفضائية	99
المركز	الوطني	99
المركز	الثاني	58
المركز	الثالث	45
المركز	الأول	40
المركزي	المصري	99
المركزي	الأمريكي	82
المركزي	الأوروبي	66
المركزي	للإحصاء	50
المركزية	في	99
المركزية	للجيش	44
المركزية	الأمريكية	33
المركزية	لحركة	33
المركزين	الثالث	99
المرور	في	99
المرور	عبر	59
المريض	ناصر	99
المزارعين	من	99
المزارعين	الفلسطينيين	99
المزدوج	الذي	99
المزيد	من	99
المزيد	عن	3
المسؤول	عن	99
المسؤول	الأول	82
المسؤول	الإسرائيلي	66
المسؤول	إن	50
المسؤولة	عن	99
المسؤولون	في	99
المسؤولون	الأمريكيون	57
المسؤولون	اللبنانيون	42
المسؤولون	عن	42
المسؤولية	الكاملة	99
المسؤولية	عن	70
المسؤولين	في	99
المسؤولين	عن	76
المسؤولين	الأمريكيين	61
المسابقة	الوطنية	99
المساحة	المزروعة	99
المسار	الصحيح	99
المسار	الدستوري	79
المساعدات	الإنسانية	99
المساعدات	العسكرية	55
المساعدات	التي	44
المساعدات	النقدية	33
المساعدة	في	99
المساعدة	على	57
المساعدة	النقدية	42
المساهمة	في	99
المساواة	في	99
المساواة	بين	74
المستبعد	أن	99
المستثمرين	في	99
المستثمرين	الأجانب	74
المستثمرين	على	74
المستخدم	في	99
المستخدمة	في	99
المستخدمين	من	99
المستشار	الألماني	99
المستشار	القانوني	26
المستشار	تركي	26
المستشار	أولاف	26
المستشفى	الجامعي	99
المستعملة	في	99
المستقبل	القريب	99
المستقلة	للانتخابات	99
المستقلة	وعاصمتها	79
المستقلة	في	79
المستلزمات	الطبية	99
المستمر	في	99
المستمر	منذ	74
المستمر	بين	62
المستمر	من	50
المستمرة	في	99
المستندة	إلى	99
المستهلك	في	99
المستوطنين	ضد	99
المستوطنين	اقتحموا	79
المستوطنين	وجنود	59
المستوى	الدولي	99
المستوى	الوطني	88
المستوى	الثاني	55
المستوى	المحلي	44
المسجد	الأقصى	99
المسجد	الحرام	12
المسجد	الاقصى	7
المسجلة	في	99
المسجلة	خلال	33
المسرح	الوطني	99
المسرح	الجهوي	99
المسلح	والتجسسي	99
المسلحة	الأوكرانية	99
المسلحة	الروسية	58
المسلسل	من	99
المسلمين	في	99
المسيحية	في	99
المسيحية	والإسلامية	59
المسيحيين	في	99
المسيرة	التي	99
المسيل	للدموع	99
المشار	إليها	99
المشارك	في	99
المشارك	لشركة	37
المشاركات	في	99
المشاركة	في	99
المشاركة	فيها	7
المشاركون	في	99
المشاركين	في	99
المشاريع	التي	99
المشاريع	المشتركة	57
المشاريع	الخدمية	57
المشاريع	ذات	42
المشاط	رئيس	99
المشاكل	التي	99
المشاكل	في	66
المشتبه	بهم	99
المشتبه	به	87
المشتبه	فيه	52
المشتبه	فيهم	23
المشترك	بين	99
المشتركة	بين	99
المشتركة	التي	24
المشتركة	مع	19
المشتقات	النفطية	99
المشرف	على	99
المشروبات	الكحولية	99
المشروبات	الوطنية	99
المشروع	الذي	99
المشروع	إلى	71
المشروع	يعد	42
المشكلة	مع	99
المشكلة	الأساسية	99
المشكلة	التي	99
المشهد	السياسي	99
المشير	الركن	99
المصادر	أن	99
المصادر	إلى	31
المصادر	إن	25
المصادر	أنه	25
المصادقة	على	99
المصارف	المركزية	99
المصالح	المشتركة	99
المصالح	الوطنية	42
المصالحة	الوطنية	99
المصدر	أن	99
المصدر	إلى	75
المصدر	ذاته	28
المصدر	أنه	28
المصدرة	للغاز	99
المصدرة	للبترول	79
المصدرة	للنفط	59
المصرف	المركزي	99
المصري	عبد	99
المصري	اليوم	66
المصري	سامح	66
المصري	أحمد	50
المصرية	على	99
المصرية	للاتصالات	42
المصرية	القاهرة	42
المصلحة	العامة	99
المصلحة	الوطنية	66
المصنوعة	من	99
المضادة	لفيروس	99
المضادة	للطائرات	99
المضبوطات	المرجع	99
المضي	قدما	99
المضي	في	42
المطاف	إلى	99
المطروحة	على	99
المطلوب	من	99
المطلوبة	من	99
المعابر	الحدودية	99
المعاملات	الفورية	99
المعايير	التي	99
المعتاد	في	99
المعترف	بها	99
المعتقلين	الإداريين	99
المعتمد	لدى	99
المعدات	العسكرية	99
المعدات	اللازمة	99
المعدل	السنوي	99
المعدني	المغلف	99
المعركة	الانتخابية	99
المعركة	التي	74
المعروض	من	99
المعروف	أن	99
المعروف	باسم	99
المعروفة	باسم	99
المعقول	أن	99
المعلن	عنها	99
المعلومات	التي	99
المعلومات	الاستخباراتية	23
المعلومات	والاتصالات	23
المعلومات	عن	17
المعمول	بها	99
المعنية	إلى	99
المعهد	الوطني	99
المعيشة	في	99
المغرب	في	99
المغرب	الذي	33
المغرب	والسودان	33
المغرب	وجبهة	25
المغربي	الذي	99
المغربي	عبد	74
المغربية	لحقوق	99
المغربية	لدعم	99
المغرر	بهم	99
المفاجئ	في	99
المفاوضات	مع	99
المفاوضات	بين	74
المفاوضات	التي	37
المفترض	أن	99
المفتوح	عن	99
المفتوحة	للتنس	99
المفتوحة	التي	99
المفرط	للقوة	99
المفروض	على	99
المفروضة	على	99
المفروضة	عليها	13
المفوض	الأوروبي	99
المفوضية	الأوروبية	99
المفوضية	السامية	33
المقام	الأول	99
المقام	على	79
المقامة	على	99
المقامة	في	99
المقاومة	في	99
المقاومة	الشعبية	77
المقاومة	الإسلامية	66
المقاومة	الفلسطينية	55
المقبلة	مع	99
المقبلة	ستكون	99
المقتضى	القانوني	99
المقدم	من	99
المقدمة	من	99
المقدمة	للمواطنين	57
المقرب	من	99
المقربة	من	99
المقربين	من	99
المقرر	أن	99
المقرر	إقامتها	9
المقرر	عقدها	5
المقررة	في	99
المقررة	يوم	71
المقيم	في	99
المقيمة	في	99
المقيمين	في	99
المقيمين	بالخارج	50
المكان	الذي	99
المكان	بعد	30
المكتب	السياسي	99
المكتب	الإعلامي	64
المكتب	التنفيذي	35
المكتب	الرئاسي	21
المكلف	بنيامين	99
المكلفة	من	99
المكون	من	99
المكونات	التي	99
المكونة	من	99
الملاحة	الجوية	99
الملاعب	التي	99
الملايين	من	99
الملحوظ	في	99
الملف	النووي	99
الملفات	التي	99
الملفات	السياسية	99
الملقحين	بالجرعة	99
الملك	عبد	99
الملك	سلمان	99
الملك	تشارلز	35
الملك	عبدالله	29
الملكة	إليزابيث	99
الملكة	الراحلة	16
المليارات	من	99
الملياردير	إيلون	99
الممتاز	لكرة	99
الممتدة	من	99
الممثل	الدائم	99
الممكن	أن	99
المملكة	المتحدة	99
المملكة	العربية	92
المملكة	المغربية	6
الممول	من	99
الممولة	من	99
المنازل	في	99
المنازل	التي	59
المناطق	التي	99
المناطق	الساحلية	69
المناطق	الشرقية	59
المناطق	الجبلية	59
المناظر	الطبيعية	99
المنافسة	في	99
المنافسة	على	59
المنافسة	العالمية	59
المناهضة	للحكومة	99
المنبثقة	عن	99
المنتج	من	99
المنتجات	الزراعية	99
المنتجات	الغذائية	66
المنتخب	الوطني	99
المنتخب	السعودي	36
المنتخب	المغربي	33
المنتخب	الفرنسي	20
المنتخبات	الوطنية	99
المنتدى	العالمي	99
المنتشرة	في	99
المنتظر	أن	99
المنتهية	ولايته	99
المنتهية	ولايتها	20
المنخفض	الجوي	99
المنخفض	من	99
المندلعة	في	99
المنشآت	النووية	99
المنشورة	على	99
المنشورة	في	99
المنصب	في	99
المنصة	الرقمية	99
المنصة	التي	59
المنصوص	عليها	99
المنطقة	من	99
المنطقة	التي	62
المنطقة	والعالم	43
المنطقة	الخضراء	43
المنطقتين	الانفصاليتين	99
المنظمات	الدولية	99
المنظمات	الإرهابية	25
المنظمات	الإنسانية	25
المنظمات	غير	25
المنظمة	الدولية	99
المنظمة	غير	59
المنظمة	التي	59
المنفعة	المتبادلة	99
المنهاج	الوزاري	99
المهاجرين	غير	99
المهاجرين	الذين	99
المهاجرين	على	74
المهارات	اللازمة	99
المهام	الموكلة	99
المهرجان	الذي	99
المهم	أن	99
المهم	هو	33
المهمة	التي	99
المهمة	الأولى	59
المهن	الحرة	99
المهندس	هشام	99
المهني	للحبوب	99
المهني	والتقني	99
المواجهات	مع	99
المواجهة	مع	99
المواد	الغذائية	99
المواد	الأولية	21
المواد	الكيميائية	12
المواد	الصيدلانية	12
الموارد	المائية	99
الموارد	البشرية	53
الموارد	الطبيعية	46
الموارد	اللازمة	30
الموازنة	العامة	99
الموازية	غير	99
المواطنون	في	99
المواطنون	من	99
المواطنين	في	99
المواطنين	ومواقع	68
المواطنين	إلى	56
المواطنين	الفلسطينيين	43
الموافقة	على	99
الموافقة	عليها	15
الموافقة	عليه	15
المواقع	التي	99
المواقع	الأثرية	42
المواقف	السياسية	99
المواقف	بشأن	74
الموانئ	الأوكرانية	99
المواهب	الشابة	99
الموت	في	99
الموجز	أن	99
الموجهة	إليه	99
الموجهة	إلى	74
الموجود	في	99
الموجود	على	79
الموجودة	في	99
الموجودين	في	99
الموسم	الماضي	99
الموصى	بها	99
الموضة	في	99
الموظفين	في	99
الموظفين	من	66
الموقع	الإلكتروني	99
الموقع	أن	53
الموقع	الرسمي	46
الموقع	إلى	30
الموقعة	في	99
الموقف	من	99
الموقف	الإسرائيلي	50
الموقف	التنفيذي	50
الموقوفين	بإشراف	99
المولد	النبوي	99
المولى	عز	99
المونديال	في	99
المياه	والبيئة	99
المياه	الجوفية	99
المياه	والكهرباء	74
المياه	والصرف	74
الميثاق	الوطني	99
الميدانية	التي	99
الميزان	التجاري	99
الميزانية	العامة	99
الميزة	في	99
الميلاد	في	99
النائب	العام	99
النائب	الأول	53
النائب	جبران	53
النائب	السابق	46
النائبة	السابقة	99
الناتج	المحلي	99
الناتج	عن	20
الناتجة	عن	99
الناجم	عن	99
الناجمة	عن	99
الناجين	من	99
الناحية	العسكرية	99
الناحية	النظرية	79
الناحية	العملية	79
الناخب	الوطني	99
النادي	الأهلي	99
النادي	الملكي	50
النادي	الكتالوني	50
النار	على	99
النار	في	82
النار	بين	16
النار	عليهم	16
النازحين	السوريين	99
النازحين	من	33
النازحين	والمتضررين	33
الناس	في	99
الناس	من	50
الناس	على	33
الناس	لا	16
الناشط	في	99
الناشط	الحقوقي	59
الناشطين	في	99
الناطق	باسم	99
الناطق	الرسمي	29
الناطق	الإعلامي	26
النبوي	الشريف	99
النبي	صلى	99
النبي	صالح	37
النتائج	التي	99
النجاح	في	99
النجاحات	التي	99
النجم	الأرجنتيني	99
النجم	المصري	37
النخب	السياسية	99
الندوة	في	99
النزاع	في	99
النزاع	بين	19
النزاهة	والشفافية	99
النزول	إلى	99
النساء	في	99
النساء	والأطفال	40
النسخة	الجديدة	99
النسيج	الاجتماعي	99
النشاط	الاقتصادي	99
النشاط	البدني	55
النشرة	اليومية	99
النشيد	الوطني	99
النصائح	التي	99
النصب	التذكاري	99
النصر	على	99
النصر	المبين	59
النصف	الأول	99
النصف	الثاني	33
النطاق	على	99
النطاق	في	99
النظافة	في	99
النظام	السوري	99
النظام	المالي	69
النظام	العسكري	46
النظام	الأساسي	38
النظر	في	99
النظر	عن	89
النظر	إلى	20
النظر	حول	17
النفايات	التي	99
النفط	والغاز	99
النفط	في	72
النفط	الخام	68
النفط	الروسي	38
النفطي	في	99
النفوذ	في	99
النقاب	عن	99
النقاط	الساخنة	99
النقاط	التي	99
النقد	الدولي	99
النقد	الأجنبي	8
النقدية	الطارئة	99
النقص	في	99
النقص	الحاصل	59
النقل	البري	99
النقل	إلى	99
النقل	الجوي	99
النقل	البحري	99
النمط	من	99
النمو	الاقتصادي	99
النمو	في	63
النمو	السكاني	36
النموذج	الذي	99
النهائي	على	99
النهائية	في	99
النهائية	بعد	66
النهائية	لكأس	50
النهاية	إلى	99
النهج	الذي	99
النواب	الأمريكي	99
النواب	محمد	74
النواب	عقيلة	74
النواب	نبيه	74
النوع	من	99
النوع	الثاني	10
النوم	خلال	99
النووي	الإيراني	99
النووي	مقابل	33
النووية	في	99
النووية	التي	16
النووية	الأوكرانية	16
النووية	الإيرانية	12
النيابة	العامة	99
النيابية	الملزمة	99
النيران	في	99
النيل	من	99
النيل	الأزرق	99
الهائل	في	99
الهائلة	في	99
الهاتف	الذكي	99
الهاتف	مع	79
الهاتف	المحمول	79
الهادفة	إلى	99
الهجرة	في	99
الهجرة	غير	99
الهجري	الجديد	99
الهجمات	التي	99
الهجمات	الصاروخية	40
الهجمات	الأخيرة	40
الهجمات	الإرهابية	30
الهجوم	على	99
الهجوم	الذي	66
الهجوم	الروسي	58
الهجوم	الإرهابي	41
الهداف	التاريخي	99
الهدف	من	99
الهدف	الرئيسي	35
الهدف	الأول	25
الهدف	الثاني	20
الهروب	من	99
الهزة	الأرضية	99
الهلال	الأحمر	99
الهندي	ناريندرا	99
الهواتف	الذكية	99
الهواتف	المحمولة	71
الهوية	الوطنية	99
الهوية	الإيمانية	50
الهيئة	العامة	99
الهيئة	في	28
الهيئة	الوطنية	25
الهيئة	أن	15
الهيدروجين	الأخضر	99
الهيمنة	على	99
الواحد	في	99
الواحدة	تلو	99
الواردات	من	99
الواردة	في	99
الواردة	من	79
الواسعة	في	99
الواضح	أن	99
الواضح	أنه	26
الواضح	ما	21
الواضح	أنها	16
الواعدة	التي	99
الواقع	في	99
الواقع	أن	50
الواقع	الذي	40
الواقع	الصحي	30
الواقعة	في	99
الواقعة	على	50
الواقعة	تحت	20
الواقعة	بين	15
الوباء	في	99
الوثائق	التي	99
الوثائق	الرسمية	59
الوثيق	مع	99
الوثيقة	الدستورية	99
الوجبات	السريعة	99
الوجود	الفلسطيني	99
الوحدات	العسكرية	99
الوحدة	الوطنية	99
الوحدة	التنفيذية	13
الوحيد	الذي	99
الوحيد	في	34
الوحيدة	التي	99
الوحيدة	هي	20
الورقة	التي	99
الوزارات	والمؤسسات	99
الوزارات	المعنية	74
الوزارة	في	99
الوزارة	أن	50
الوزارة	على	39
الوزارة	إلى	25
الوزاري	للحكومة	99
الوزارية	المشتركة	99
الوزراء	الإسرائيلي	99
الوزراء	السابق	71
الوزراء	محمد	48
الوزراء	البريطاني	44
الوزير	الأول	99
الوزير	إلى	53
الوزير	أن	46
الوزير	السابق	40
الوساطة	بين	99
الوسط	بلغت	99
الوسط	والجنوب	79
الوسط	الإعلامي	59
الوسطى	في	99
الوسيط	الأمريكي	99
الوسيط	الأميركي	72
الوسيط	الاميركي	36
الوسيلة	الوحيدة	99
الوصول	إلى	99
الوصول	الى	13
الوصول	إليها	6
الوصول	إليه	5
الوضع	في	99
الوضع	الاقتصادي	30
الوضع	الحالي	27
الوضع	الراهن	27
الوطن	العربي	99
الوطن	والمواطن	74
الوطني	الحر	99
الوطني	للأرصاد	60
الوطني	الشعبي	39
الوطني	لكرة	30
الوطنية	في	99
الوطنية	العليا	33
الوطنية	للنفط	33
الوطنية	التي	26
الوظائف	إلى	99
الوظائف	التي	99
الوعود	التي	99
الوعي	الحضاري	99
الوفاء	للمقاومة	99
الوفد	الروسي	99
الوفد	اللبناني	74
الوفيات	في	99
الوفيات	إلى	50
الوقاية	من	99
الوقت	الذي	99
الوقت	نفسه	36
الوقت	الحالي	28
الوقت	ذاته	17
الوقتين	الأصلي	99
الوقود	الأحفوري	99
الوقود	في	99
الوقود	إلى	37
الوقود	الأزرق	37
الوقوع	في	99
الوقوف	مع	99
الوقوف	على	99
الوكالة	الدولية	99
الوكالة	الوطنية	86
الوكالة	أن	30
الوكالة	إن	13
الولايات	المتحدة	99
الولوج	إلى	99
الوليد	غير	99
الى	أن	99
الى	ان	82
الى	جانب	37
الى	ما	34
اليابان	في	99
اليابانية	عن	99
اليد	العاملة	99
اليسار	إلى	99
اليمن	منذ	99
اليمن	هانس	50
اليمني	التابع	99
اليمني	على	99
اليمنية	المعترف	99
اليمنية	المشتركة	59
اليمنية	التي	59
اليمنيين	في	99
اليمين	المتطرف	99
اليمين	الإسرائيلي	50
اليمين	الدستورية	40
اليميني	المتطرف	99
اليميني	المتشدد	59
اليمينية	المتطرفة	99
اليهود	الذين	99
اليهودي	في	99
اليهودية	في	99
اليورو	في	99
اليوم	الثلاثاء	99
اليوم	الأربعاء	74
اليوم	الأحد	66
اليوم	السبت	62
اليومي	تسجيل	99
اليومية	لحصيلة	99
اليومين	الماضيين	99
اليوناني	نيكوس	99
امتلاك	أسلحة	99
امتيازات	غير	99
امرأة	أخرى	99
ان	يكون	99
ان	تكون	99
ان	هذا	91
ان	هذه	82
انبعاثات	غازات	99
انبعاثات	ثاني	74
انتخاب	رئيس	99
انتخابات	رئاسية	99
انتخابات	التجديد	69
انتخابات	رئاسة	40
انتخابات	جديدة	40
انتشار	فيروس	99
انتشار	الوباء	82
انتشار	العدوى	50
انتشر	على	99
انتقادات	واسعة	99
انتقادات	شديدة	74
انتقال	حر	99
انتقد	الرئيس	99
انتقل	من	99
انتقل	إلى	74
انتهاء	ولاية	99
انتهاكا	صارخا	99
انتهاكات	حقوق	99
انتهت	من	99
انخفاض	على	99
انخفاض	عدد	74
انخفاض	طفيف	74
انخفاض	سعر	74
انخفض	مؤشر	99
انخفضت	أسعار	99
اندلاع	الحرب	99
اندلاع	الحريق	57
اندلاع	حرب	42
اندلاع	أزمة	42
اندلع	في	99
اندلعت	في	99
اندلعت	مواجهات	50
اندلعت	اشتباكات	50
انسحاب	القوات	99
انسحابها	من	99
انسحبت	منه	99
انضم	إلى	99
انضمام	أوكرانيا	99
انضمام	جمهوريتي	50
انضمت	إلى	99
انطلاق	العملية	99
انطلاق	عملية	74
انطلاق	أشغال	74
انطلاقا	من	99
انطلقت	في	99
انطلقت	من	82
انعدام	الأمن	99
انعقاد	مجلس	99
انعقاد	المجلس	74
انفجار	مرفأ	99
انفجارات	في	99
انفصالها	عن	99
انقطاع	التيار	99
انقطاع	الكهرباء	44
انقطاع	الإمدادات	33
انه	كان	99
انه	لن	99
انه	تم	74
انه	سيتم	74
انهيار	الاتحاد	99
اهتمام	كبير	99
ايضا	على	99
ايمانويل	ماكرون	99
بأربعة	ألقاب	99
بأسرع	وقت	99
بأشد	العبارات	99
بأعداد	كبيرة	99
بأعمال	السفارة	99
بأعمال	وزير	99
بأعيرة	نارية	99
بأغلبية	ساحقة	99
بأغلبية	أعضاء	74
بأكثر	من	99
بأمانة	العاصمة	99
بأمراض	القلب	99
بأمراض	مزمنة	36
بأن	قوات	99
بأن	هذا	61
بأن	روسيا	50
بأن	يكون	44
بأنه	لا	99
بأنه	لن	88
بأنه	كان	77
بأنه	سيتم	66
بأنها	كانت	99
بأولئك	الذين	99
بأي	شكل	99
بأي	حال	66
بؤرة	استيطانية	99
بإجراء	الانتخابات	99
بإجراء	مناورات	74
بإجراء	تحقيق	74
بإذن	الله	99
بإشراف	القضاء	99
بإصابته	برصاص	99
بإطلاق	النار	99
بإطلاق	نار	99
بإعادة	فتح	99
بئر	السبع	99
باءت	بالفشل	99
باب	المندب	99
باب	الترشح	50
باتت	معروفة	99
باتخاذ	إجراءات	99
باتخاذ	الإجراءات	82
باتخاذ	موقف	50
باحات	المسجد	99
باحثون	في	99
باحثون	من	74
بادئ	ذي	99
باراك	أوباما	99
بارتداء	الكمامات	99
بارتكاب	جرائم	99
بارتكاب	جريمة	50
بارز	في	99
بارزة	في	99
بارك	جين	99
باريس	سان	99
باستخدام	طائرات	99
باستخدام	تقنيات	99
باستمرار	في	99
باسم	وزارة	99
باسم	الرئاسة	45
باسم	الخارجية	36
باسم	الشرطة	36
باشاغا	في	99
باعتبار	أن	99
باقة	من	99
باقري	كني	99
باقي	مناطق	99
باقي	دول	99
بالإسراع	في	99
بالإضافة	إلى	99
بالإضافة	الى	5
بالإعلان	عن	99
بالإفراج	عن	99
بالاتفاق	مع	99
بالاستثمار	في	99
بالاستمرار	في	99
بالاستناد	إلى	99
بالاشتراك	مع	99
بالاضافة	الى	99
بالاضافة	إلى	79
بالاعتماد	على	99
بالانتقال	إلى	99
بالانتماء	إلى	99
بالبحث	عن	99
بالبريد	الإلكتروني	99
بالبقاء	في	99
بالبلاد	إلى	99
بالبنية	التحتية	99
بالتأكيد	على	99
بالتبادل	التجاري	99
بالتجسس	لصالح	99
بالتحقيق	في	99
بالتخلي	عن	99
بالتركيز	على	99
بالتزامن	مع	99
بالتسبب	في	99
بالتعامل	مع	99
بالتعاون	مع	99
بالتعاون	بين	8
بالتفكير	في	99
بالتنسيق	مع	99
بالتوازي	مع	99
بالتوجه	إلى	99
بالتوصل	إلى	99
بالتوقيت	المحلي	99
بالجامعة	العربية	99
بالجرعة	الثانية	99
بالجزائر	العاصمة	99
بالجهود	التي	99
بالحاجة	إلى	99
بالحبوب	من	99
بالحد	من	99
بالحديث	عن	99
بالحصول	على	99
بالحفاظ	على	99
بالخروج	من	99
بالدار	البيضاء	99
بالدخول	إلى	99
بالدرجة	الأولى	99
بالدفاع	عن	99
بالدولار	الأميركي	99
بالذكر	أن	99
بالذهاب	إلى	99
بالرد	على	99
بالرصاص	المعدني	99
بالرصاص	الحي	74
بالرغم	من	99
بالسجن	لمدة	99
بالسجن	المؤبد	27
بالسير	في	99
بالسيطرة	على	99
بالشراكة	مع	99
بالشرق	الأوسط	99
بالشفاء	العاجل	99
بالشكل	الصحيح	99
بالضبط	ما	99
بالضغط	على	99
بالضفة	الغربية	99
بالضفة	المحتلة	10
بالطائرات	المسيرة	99
بالطريقة	التي	99
بالطريقة	نفسها	99
بالعاصمة	المصرية	99
بالعاصمة	صنعاء	74
بالعثور	على	99
بالعديد	من	99
بالعربية	مع	99
بالعمل	على	99
بالعمل	في	57
بالعملات	الأجنبية	99
بالعناية	المركزة	99
بالعواصف	الرعدية	99
بالعودة	إلى	99
بالغ	الأهمية	99
بالغاز	الطبيعي	99
بالفترة	نفسها	99
بالفعل	في	99
بالفوز	التاريخي	99
بالفيروس	في	99
بالقدرة	على	99
بالقدس	المحتلة	99
بالقرب	من	99
بالقطاع	الزراعي	99
بالقلق	من	99
بالقلق	إزاء	59
بالقول	إن	99
بالقول	إنه	79
بالكامل	عن	99
بالكامل	على	99
بالكثير	من	99
باللجوء	إلى	99
باللغة	العبرية	99
باللغة	العربية	79
بالله	من	99
بالليرة	اللبنانية	99
بالمئة	من	99
بالمئة	إلى	38
بالمئة	في	38
بالمائة	من	99
بالمال	والرجال	99
بالمجلس	الشعبي	99
بالمحافظة	على	99
بالمحافظة	محمد	99
بالمديرية	العامة	99
بالمركز	الأول	99
بالمركز	الثالث	99
بالمزيد	من	99
بالمسؤولية	عن	99
بالمسجد	الحرام	99
بالمشاركة	في	99
بالمعنى	الحقيقي	99
بالمقارنة	مع	99
بالمملكة	العربية	99
بالمواد	الغذائية	99
بالموافقة	على	99
بالمولد	النبوي	99
بالنسبة	إلى	99
بالنسبة	لنا	47
بالنسبة	لي	22
بالنسبة	لأولئك	22
بالنظر	إلى	99
بالنفع	على	99
بالنيابة	عن	99
بالوصول	إلى	99
بالوضع	في	99
بالولايات	المتحدة	99
باليوم	العالمي	99
باليوم	الوطني	50
بانتخاب	رئيس	99
بانتظام	في	99
باهتمام	كبير	99
باهظة	الثمن	99
بايدن	في	99
بايدن	إلى	63
بايدن	عن	36
بايدن	بأن	21
بايرن	ميونخ	99
بايرن	ميونيخ	71
ببطولة	كأس	99
بتحالف	عسكري	99
بتحليق	للطيران	99
بتسلئيل	سموتريتش	99
بتشجيع	من	99
بتشكيل	الحكومة	99
بتشكيل	لجنة	54
بتعليمات	رئيس	99
بتغير	المناخ	99
بتقديم	مساعدات	99
بتمويل	من	99
بتنظيم	القاعدة	99
بتنفيذ	القرار	99
بتوجيه	من	99
بتوقيت	غرينتش	99
بتوقيت	موسكو	30
بث	على	99
بث	مباشر	99
بثلاثة	أهداف	99
بجائزة	أفضل	99
بجدري	القردة	99
بجروح	خطيرة	99
بجروح	متفاوتة	55
بجروح	جراء	44
بجروح	طفيفة	33
بجمهورية	طاجيكستان	99
بجمهورية	دونيتسك	85
بجمهورية	أوزبكستان	42
بحاجة	إلى	99
بحاجة	الى	8
بحادث	سير	99
بحالات	اختناق	99
بحث	وزير	99
بحث	مع	71
بحث	الجانبان	42
بحث	سبل	42
بحثا	عن	99
بحد	ذاته	99
بحد	ذاتها	79
بحر	البلطيق	99
بحر	الصين	66
بحر	إيجة	50
بحسابه	على	99
بحسب	ما	99
بحسب	وكالة	27
بحسب	بيان	23
بحسب	صحيفة	14
بحضور	مدير	99
بحضور	عدد	85
بحضور	رئيس	42
بحق	الشعب	99
بحق	أبناء	77
بحق	شعبنا	44
بحق	المدنيين	33
بحقها	في	99
بحقوق	الإنسان	99
بحقيقة	أن	99
بحكومة	الوحدة	99
بحلول	عام	99
بحلول	نهاية	57
بحلول	الساعة	31
بحلول	العام	26
بحماية	قوات	99
بحمد	الله	99
بحيث	لا	99
بحيث	يكون	57
بحيث	تكون	42
بحيث	يمكن	42
بخاصة	وأن	99
بخبرة	في	99
بخلاف	ما	99
بد	من	99
بد	أن	47
بدء	الحرب	99
بدء	الغزو	69
بدء	العملية	69
بدء	عملية	50
بدءا	من	99
بدأ	في	99
بدأ	بالفعل	33
بدأ	الحديث	33
بدأت	في	99
بدأت	روسيا	40
بدأت	منذ	30
بداية	من	99
بداية	العام	90
بداية	السنة	32
بداية	عام	32
بدر	الدين	99
بدرجات	الحرارة	99
بدرجة	حرارة	99
بدعم	من	99
بدعوة	من	99
بدعوى	أن	99
بدفع	ثمن	99
بدلا	من	99
بدم	بارد	99
بدوره	أكد	99
بدوره	قال	88
بدوره	إلى	55
بدوره	أشار	55
بدوري	أبطال	99
بدون	طيار	99
بدون	ترخيص	25
بدون	أن	25
بديل	عن	99
بديلة	عن	99
بذكرى	المولد	99
بذل	الجهود	99
بذل	كل	99
بر	الأمان	99
برئاسة	رئيس	99
برئاسة	القاضي	45
برئاسة	وزير	36
برئاسة	المحافظ	27
برج	الثور	99
برج	السرطان	99
برج	الجوزاء	74
برج	خليفة	74
برس	إن	99
برس	أن	55
برس	عن	44
برصاص	قوات	99
برصاص	الاحتلال	99
برصاص	الجيش	55
برصاصة	في	99
برعاية	الرئيس	99
برفع	أسعار	99
برقية	تهنئة	99
برقية	عزاء	59
بركلات	الترجيح	99
برميل	يوميا	99
برميل	من	33
برنامج	خاص	99
برنامج	طهران	79
برنامج	عمل	79
برنامج	بيغاسوس	59
برنامجها	النووي	99
بروح	الفريق	99
برونو	فيرنانديز	99
بروين	إلى	99
بريتي	باتيل	99
بريطانيا	إن	99
بريف	الحسكة	99
بزيادة	قدرها	99
بسبب	عدم	99
بسبب	ما	86
بسبب	جائحة	86
بسبب	ارتفاع	73
بسرعة	إلى	99
بسرعة	كبيرة	74
بسكتة	دماغية	99
بسيط	في	99
بشأن	ما	99
بشأن	أوكرانيا	42
بشأن	هذه	35
بشأن	ترسيم	28
بشار	الأسد	99
بشبكة	الكهرباء	99
بشدة	في	99
بشدة	على	57
بشرط	عدم	99
بشرط	أن	99
بشعبية	كبيرة	99
بشكل	كبير	99
بشكل	خاص	50
بشكل	مباشر	47
بشكل	كامل	39
بشيء	من	99
بصحة	جيدة	99
بصرف	النظر	99
بصفة	عامة	99
بصمود	وثبات	99
بصورة	غير	99
بضربات	جوية	99
بضرورة	إجراء	99
بضرورة	تقديم	74
بضعة	أشهر	99
بضعة	أسابيع	99
بضعة	أيام	74
بضمانات	أمنية	99
بطائرات	مسيرة	99
بطبيعة	الحال	99
بطرق	غير	99
بطريقة	غير	99
بطش	الاحتلال	99
بطلب	للحصول	99
بطولة	كأس	99
بطولة	أمم	17
بطولة	العالم	12
بظلالها	على	99
بعث	رئيس	99
بعث	وزير	99
بعث	فخامة	99
بعثة	الأمم	99
بعثة	أثرية	27
بعد	أن	99
بعد	ذلك	19
بعد	يوم	9
بعد	انتهاء	8
بعدد	من	99
بعدم	وجود	99
بعدما	كان	99
بعدما	كانت	85
بعدما	تم	57
بعدما	أعلن	57
بعض	الدول	99
بعض	الأحيان	76
بعض	المناطق	54
بعض	الوقت	36
بعضها	البعض	99
بعضها	في	99
بعضها	من	99
بعضها	الآخر	74
بعضهم	البعض	99
بعضهم	إلى	79
بعضهما	البعض	99
بعلبك	الهرمل	99
بعملية	عسكرية	99
بعيد	ميلاده	99
بعيد	المدى	99
بعيدا	عن	99
بعيدا	من	13
بعيدة	المدى	99
بعيدة	عن	89
بعيدة	كل	30
بعيدين	عن	99
بعين	الاعتبار	99
بغض	النظر	99
بفتح	تحقيق	99
بفرض	عقوبات	99
بفضل	الله	99
بفضل	جهود	74
بفوزه	على	99
بفيروس	كورونا	99
بفيروس	جدري	5
بقانون	الاستثمار	99
بقدر	ما	99
بقرار	من	99
بقصف	مدفعي	99
بقوة	في	99
بقوة	السلاح	85
بقوة	على	42
بقوة	إلى	42
بقيادة	الولايات	99
بقيادة	السعودية	66
بقيادة	رئيس	44
بقيادة	المايسترو	33
بكأس	العالم	99
بكتلة	هوائية	99
بكثير	من	99
بكثير	مما	23
بكرة	القدم	99
بكل	ما	99
بكل	من	66
بكل	الوسائل	41
بكل	أشكاله	25
بكورونا	في	99
بل	هي	99
بل	إن	88
بل	هو	88
بل	حتى	44
بلا	شك	99
بلا	مأوى	74
بلاده	لن	99
بلاده	مع	59
بلاده	لديها	59
بلدان	العالم	99
بلدة	بيت	99
بلدة	سلوان	40
بلدة	العيسوية	30
بلدة	جبل	30
بلغ	عدد	99
بلغ	إجمالي	40
بلغ	العدد	20
بلغة	الإشارة	99
بلغت	نسبة	99
بلغت	مستويات	23
بلغت	ما	23
بما	في	99
بما	فيها	16
بما	يكفي	7
بما	يخدم	6
بمبادرة	من	99
بمبلغ	قدره	99
بمتحور	أوميكرون	99
بمثل	هذه	99
بمجرد	أن	99
بمجلس	النواب	99
بمجلس	الشورى	42
بمحافظة	الحديدة	99
بمحافظة	تعز	62
بمحافظة	الضالع	50
بمحافظة	صعدة	50
بمحكمة	سيدي	99
بمديرية	بني	99
بمدينة	رام	99
بمدينة	بنغازي	74
بمدينة	القدس	74
بمرض	السكري	99
بمرور	الوقت	99
بمزيد	من	99
بمشروع	قانون	99
بمعزل	عن	99
بمعنى	أن	99
بمقر	الوزارة	99
بمليارات	الدولارات	99
بمن	فيهم	99
بمناسبة	الذكرى	99
بمناسبة	عيد	92
بمناسبة	حلول	57
بمناسبة	يوم	42
بموجب	القانون	99
بموجب	اتفاقية	69
بموجب	قانون	50
بموجب	قرار	50
بموقع	التواصل	99
بن	سلمان	99
بن	عبد	86
بن	غفير	63
بن	زايد	51
بناء	على	99
بناء	دولة	12
بناء	علاقات	10
بناء	الدولة	10
بنتائج	عكسية	99
بنسبة	تصل	99
بنسبة	تتراوح	74
بنسبة	متوسطة	74
بنشر	قوات	99
بنفس	الفترة	99
بنك	الاحتياطي	99
بنك	المغرب	57
بنك	الاستثمار	42
بنك	الدم	42
بنوبة	قلبية	99
بنوك	روسية	99
بني	براك	99
بنيامين	نتنياهو	99
بنية	تحتية	99
به	من	99
به	بيان	42
به	اليوم	30
به	وزارة	27
بها	إلى	99
بها	الرئيس	54
بها	أي	36
بها	بعض	27
بهدف	تعزيز	99
بهدف	دون	74
بهدف	تحسين	50
بهدف	منع	37
بهدفين	مقابل	99
بهذا	الشأن	99
بهذا	الخصوص	79
بهذا	الشكل	50
بهذا	الصدد	50
بهذه	الطريقة	99
بهذه	المناسبة	99
بهذه	المادة	42
بهذه	الخطوة	42
بهم	في	99
بهم	السبل	57
بو	حبيب	99
بواسع	رحمته	99
بوتين	في	99
بوتين	إلى	63
بوتين	على	52
بوتين	أن	36
بورصة	نيويورك	99
بوركينا	فاسو	99
بوريس	جونسون	99
بوزارة	الخارجية	99
بوزارة	الدفاع	74
بوزير	الخارجية	99
بوكو	حرام	99
بولاية	تكساس	99
بولاية	نيويورك	59
بولاية	كاليفورنيا	59
بولندا	والمجر	99
بي	سي	99
بي	بي	55
بي	كي	10
بي	إس	10
بيئة	الأعمال	99
بيان	لها	99
بيان	صادر	80
بيان	إن	65
بيان	لوزارة	65
بيب	غوارديولا	99
بيت	لحم	99
بيت	إيل	13
بيت	حانون	10
بيت	حنينا	8
بيد	أن	99
بيد	أنها	27
بيد	أنه	27
بيدرو	سانشيز	99
بيروت	إلى	99
بيسكوف	أن	99
بيع	الأسلحة	99
بيلوسي	إن	99
بين	البلدين	99
بين	روسيا	31
بين	الدول	25
بين	إسرائيل	22
بينما	كان	99
بينما	كانت	85
بينما	لا	50
بينما	ارتفع	35
بينه	وبين	99
بينها	وبين	99
بينها	العاصمة	79
بينها	صحيفة	59
بينهم	اثنان	99
بينهم	نساء	59
بينهم	أكثر	59
بينهم	سبعة	59
بينهما	في	99
بينهما	منذ	59
بيني	غانتس	99
بينيت	في	99
بينيت	الذي	37
بيونغ	يانغ	99
تأتي	في	99
تأتي	من	28
تأتي	ضمن	16
تأتي	بعد	16
تأثير	كبير	99
تأثير	سلبي	50
تأجيل	الانتخابات	99
تأخير	في	99
تأسست	في	99
تأسيس	حركة	99
تأشيرات	الدخول	99
تأشيرة	دخول	99
تأكيدا	على	99
تأكيده	على	99
تأكيده	أن	99
تأمل	أن	99
تأمل	في	50
تأهب	قصوى	99
تأهيل	وتطوير	99
تؤثر	على	99
تؤثر	بشكل	12
تؤدي	إلى	99
تؤدي	هذه	10
تؤكد	أن	99
تؤكد	على	20
تابعة	لشركة	99
تابعة	للقوات	62
تابعة	للبحرية	50
تابعة	له	37
تاريخ	الدخول	99
تاريخية	مع	99
تايمز	أوف	99
تبادل	لإطلاق	99
تبادل	إطلاق	40
تبادل	الزيارات	30
تبحث	عن	99
تبدأ	في	99
تبدأ	من	40
تبسيط	الإجراءات	99
تبعد	عن	99
تبقى	من	99
تبلغ	قيمتها	99
تبلغ	من	99
تبلغ	مساحتها	57
تبون	عن	99
تبون	إلى	99
تبين	أن	99
تبين	أنه	57
تبين	أنها	42
تتجاوز	نسبة	99
تتجاوز	أعمارهم	99
تتحدث	عن	99
تتحمل	مسؤولية	99
تتحول	إلى	99
تتخذ	من	99
تتخذ	إجراءات	57
تتخلى	عن	99
تتدخل	في	99
تترافق	مع	99
تتراوح	أعمارهم	99
تتراوح	بين	84
تتراوح	ما	35
تترتب	على	99
تتساقط	الثلوج	99
تتسبب	في	99
تتطلب	من	99
تتطلع	إلى	99
تتعامل	مع	99
تتعرض	لها	99
تتكون	من	99
تتم	في	99
تتم	عبر	66
تتماشى	مع	99
تتمتع	بها	99
تتمثل	في	99
تتمكن	من	99
تتناسب	مع	99
تتنافس	على	99
تتنافى	مع	99
تتواجد	في	99
تتوافق	مع	99
تتوفر	على	99
تتوقف	عن	99
تتيح	لها	99
تثبت	أن	99
تجارة	حرة	99
تجاه	القضية	99
تجاه	المواطنين	79
تجاه	هذه	59
تجاه	الشعب	59
تجد	صعوبة	99
تجد	نفسها	99
تجدر	الإشارة	99
تجديد	عقد	99
تجربة	الشعب	99
تجري	في	99
تجريم	التطبيع	99
تجعل	من	99
تجمد	رصيد	99
تحافظ	على	99
تحالف	العدوان	99
تحالف	عسكري	11
تحاول	أن	99
تحاول	تغيير	59
تحت	شعار	99
تحت	عنوان	81
تحت	رعاية	60
تحت	قيادة	39
تحتاج	إلى	99
تحتل	المرتبة	99
تحتوي	على	99
تحد	من	99
تحدث	مع	99
تحدث	عنها	58
تحدث	عن	50
تحدث	الرئيس	33
تحدثت	عن	99
تحدثنا	عن	99
تحديد	مكان	99
تحديد	موعد	85
تحديد	هوية	71
تحديد	ما	57
تحديدها	من	99
تحذر	من	99
تحذيرات	من	99
تحرص	على	99
تحركات	مشبوهة	99
تحرير	الشام	99
تحرير	الأرض	79
تحرير	تيغراي	79
تحرير	كل	59
تحسبا	للدخول	99
تحسين	العلاقات	99
تحسين	الخدمات	79
تحسين	جودة	59
تحسين	البيئة	59
تحصل	على	99
تحصلت	على	99
تحطم	طائرة	99
تحطم	الطائرة	59
تحظى	بدعم	99
تحظى	بشعبية	74
تحقق	في	99
تحققت	في	99
تحقيق	الاستقرار	99
تحقيق	الأهداف	99
تحقيق	النصر	85
تحقيق	الأمن	71
تحقيقا	في	99
تحقيقه	من	99
تحلية	مياه	99
تحمل	اسم	99
تحمل	شعار	74
تحمل	المسؤولية	50
تحول	دون	99
تحول	إلى	59
تحولت	إلى	99
تحولها	إلى	99
تحويله	إلى	99
تحويلها	إلى	99
تختلف	عن	99
تخرج	من	99
تخصيب	اليورانيوم	99
تخفيض	سعر	99
تخلو	من	99
تخوفات	من	99
تداعيات	جائحة	99
تداعيات	الأزمة	74
تدافع	عن	99
تداول	مقطع	99
تداوله	على	99
تدخر	جهدا	99
تدخل	في	99
تدخل	الجيش	23
تدرك	أن	99
تدريبات	عسكرية	99
تدعو	إلى	99
تدفق	الدم	99
تدل	على	99
تدمير	أوكرانيا	99
تدهور	العلاقات	99
تدهور	الوضع	74
تدور	حول	99
تدور	رحاها	99
تدوي	في	99
تذهب	إلى	99
تراجع	عن	99
تراجع	عدد	50
تراجعت	أسعار	99
تراجعت	الأسهم	74
تراكم	الثلوج	99
ترامب	عن	99
ترامب	كان	99
تربط	بين	99
تربط	سلطنة	59
تربية	المواشي	99
تربية	المائيات	99
ترتكب	بحق	99
ترتيب	الدوري	99
ترتيب	المجموعة	79
ترخيص	من	99
ترد	تقارير	99
ترسيم	الحدود	99
ترغب	في	99
ترفع	من	99
ترك	هذه	99
تركز	على	99
تركزت	في	99
تركي	آل	99
تركيا	والأمم	99
ترمي	إلى	99
ترى	أن	99
ترى	أي	42
تريد	أن	99
تريليون	دولار	99
تزاحم	الرجل	99
تزال	هناك	99
تزال	ملتزمة	50
تزال	قائمة	37
تزال	غير	37
تزامنا	مع	99
تزامنت	مع	99
تزايد	عدد	99
تزود	بالوقود	99
تزويد	أوكرانيا	99
تزيد	من	99
تزيد	أعمارهم	37
تزيد	على	37
تساؤلات	حول	99
تساعد	على	99
تساعد	في	85
تساقط	الثلوج	99
تساقط	الشعر	79
تساقط	الأمطار	59
تساهم	في	99
تسبب	في	99
تسببت	في	99
تسببت	العاصفة	20
تستخدم	في	99
تستخدم	الماء	59
تستطيع	أن	99
تستعد	فيه	99
تستغرق	يومين	99
تستفيد	من	99
تستمر	في	99
تستند	إلى	99
تسجل	بها	99
تسجل	أي	99
تسجلوا	للتصويت	99
تسجيل	أي	99
تسجيل	ما	66
تسجيل	الهدف	50
تسجيل	حالة	50
تسديد	المستحقات	99
تسعة	أشهر	99
تسعة	من	99
تسعى	إلى	99
تسعى	الى	23
تسعينيات	القرن	99
تسفر	عن	99
تسلسل	قيادي	99
تسلط	الضوء	99
تسلم	رئيس	99
تسليط	الضوء	99
تسليم	السلطة	99
تسليمه	إلى	99
تسمح	له	99
تسمح	لها	99
تسهم	في	99
تسهيل	عمل	99
تسير	في	99
تسير	بشكل	50
تسيطر	عليها	99
تسيطر	على	28
تسيطر	عليه	16
تسيير	رحلات	99
تشارك	في	99
تشارلز	الثالث	99
تشارلز	على	74
تشافي	هيرنانديز	99
تشاووش	أوغلو	99
تشديد	العقوبات	99
تشرف	على	99
تشرين	الثاني	99
تشرين	الأول	90
تشعر	بها	99
تشكل	خطرا	99
تشكل	تهديدا	99
تشكل	فرصة	99
تشكيل	حكومة	99
تشكيل	الحكومة	55
تشكيل	لجنة	48
تشكيل	مجلس	16
تشمل	أيضا	99
تشن	حربا	99
تشنها	روسيا	99
تشهد	فيه	99
تشهدها	البلاد	99
تشير	إلى	99
تشير	إليه	7
تشيلسي	الإنجليزي	99
تشيلسي	في	59
تشييع	جنازة	99
تصاعد	التوترات	99
تصاعد	العنف	66
تصاعد	التوتر	50
تصاعدت	التوترات	99
تصب	في	99
تصدى	لها	99
تصدير	الحبوب	99
تصدير	الغاز	33
تصدير	الأسلحة	20
تصريح	لـ	99
تصريح	لمراسلة	55
تصريح	للصحافة	44
تصريح	لمراسل	44
تصريحات	لوكالة	99
تصريحات	أدلى	66
تصريحات	نقلتها	55
تصريحات	لـ	55
تصريحاته	التي	99
تصريف	الأعمال	99
تصريف	الاعمال	45
تصريف	أعمال	13
تصعيد	العدوان	99
تصفيات	كأس	99
تصل	إلى	99
تصل	سرعتها	7
تصل	الى	5
تصنيف	الحوثيين	99
تضاعف	عدد	99
تضاف	إلى	99
تضافر	الجهود	99
تضامنا	مع	99
تضطلع	به	99
تطبيع	العلاقات	99
تطبيق	القوانين	99
تطبيق	اتفاق	74
تطبيق	إجراءات	74
تطبيق	هذه	74
تطبيقها	في	99
تطرق	إلى	99
تطرقت	الى	99
تطرقه	إلى	99
تطلب	الأمر	99
تطلب	من	99
تطورات	الأوضاع	99
تطورات	الأحداث	74
تطوير	العلاقات	99
تطوير	التعاون	62
تطوير	القطاع	50
تطوير	وتعزيز	50
تظهر	على	99
تظهر	فيه	74
تعاقده	مع	99
تعامله	مع	99
تعاملها	مع	99
تعاني	من	99
تعاني	منها	10
تعاون	مع	99
تعبر	عن	99
تعبير	عن	99
تعتبر	من	99
تعتبر	أول	59
تعتقد	أن	99
تعتمد	على	99
تعتمد	عليها	21
تعجز	عن	99
تعد	من	99
تعد	موجودة	42
تعديل	يذكر	99
تعديلات	على	99
تعديلات	دستورية	99
تعرض	لها	99
تعرض	له	46
تعرض	للضرب	23
تعرضت	له	99
تعرضت	لها	74
تعرضت	للاغتصاب	37
تعرف	على	99
تعرف	أن	74
تعرف	كيف	74
تعريف	الارتباط	99
تعز	إلى	99
تعزيز	التعاون	99
تعزيز	العلاقات	45
تعزيز	الأمن	32
تعزيز	الشراكة	19
تعزيزات	أمنية	99
تعقد	في	99
تعقيب	على	99
تعلق	الأمر	99
تعلم	أن	99
تعليق	العمل	99
تعليقا	على	99
تعليقه	على	99
تعمل	على	99
تعمل	في	39
تعمل	بكل	9
تعمل	مع	9
تعني	أن	99
تعود	إلى	99
تعود	لعائلة	25
تعيش	في	99
تغريدات	على	99
تغريدة	على	99
تغريدة	عبر	66
تغريدة	جديدة	33
تغريدة	أخرى	26
تغلب	فريق	99
تغلب	على	74
تغير	المناخ	99
تغير	يذكر	9
تغيير	الحكومة	99
تغيير	النظام	99
تغييرات	في	99
تفاصيل	عن	99
تفاصيل	حول	50
تفاعلا	واسعا	99
تفاقم	أزمة	99
تفاقم	الأوضاع	99
تفاهم	بين	99
تفاهم	مع	74
تفتقر	إلى	99
تفجير	انتحاري	99
تفرض	على	99
تفشي	فيروس	99
تفشي	المرض	85
تفشي	الوباء	71
تفعل	ذلك	99
تفعيل	دور	99
تفقد	وزير	99
تفكر	في	99
تفكيره	في	99
تفكيك	شبكة	99
تفوق	سرعتها	99
تفيد	بأن	99
تقارير	إعلامية	99
تقارير	عن	69
تقارير	صحفية	61
تقارير	أن	61
تقترب	من	99
تقتصر	على	99
تقتضيه	المصلحة	99
تقدر	بـ	99
تقدر	قيمتها	82
تقدر	بنحو	66
تقدم	به	99
تقدم	بها	79
تقدم	الدعم	59
تقدم	أشغال	59
تقدما	في	99
تقدمه	من	99
تقديم	الخدمات	99
تقديم	الدعم	88
تقديم	خدمات	77
تقديم	صورة	44
تقرر	أن	99
تقريب	وجهات	99
تقريبا	من	99
تقريبا	منذ	50
تقرير	المصير	99
تقرير	مصيره	59
تقرير	نشرته	40
تقرير	لصحيفة	40
تقريرا	عن	99
تقريرها	اليومي	99
تقطعت	بهم	99
تقع	في	99
تقع	على	90
تقع	تحت	36
تقع	بين	27
تقف	وراء	99
تقل	عن	99
تقنية	التحاضر	99
تقنية	الاتصال	42
تقوده	السعودية	99
تقول	إن	99
تقول	إنها	74
تقول	السلطات	37
تقوم	بها	99
تقوم	على	89
تقوم	به	63
تقوم	هذه	16
تقييم	المخاطر	99
تكرر	في	99
تكساس	الوسيط	99
تكساس	الأمريكية	33
تكشف	عن	99
تكفل	الدولة	99
تكليفات	اللواء	99
تكمن	في	99
تكن	هناك	99
تكن	تلك	33
تكنولوجيا	المعلومات	99
تكون	هناك	99
تكون	هذه	38
تكون	قد	33
تكون	ضمن	19
تل	أبيب	99
تلبية	احتياجات	99
تلبية	لدعوة	74
تلجأ	إلى	99
تلفزيون	السلام	99
تلقته	وكالة	99
تلقوا	الجرعة	99
تلقي	اللقاح	99
تلقي	بظلالها	59
تلك	التي	99
تلك	الفترة	51
تلك	الدول	32
تلك	المناطق	28
تلوح	في	99
تم	تسجيل	99
تم	الاتفاق	38
تم	العثور	35
تم	وضع	32
تماشيا	مع	99
تمام	الساعة	99
تماما	مع	99
تماما	كما	74
تمت	الموافقة	99
تمت	دعوة	44
تمت	محاكمة	33
تمت	إعادة	33
تمتد	عبر	99
تمتلك	الدول	99
تمثلت	في	99
تمر	بها	99
تمر	به	59
تمكن	من	99
تمكنا	من	99
تمكنت	من	99
تمكنها	من	99
تمكنهم	من	99
تمكنوا	من	99
تملك	صلاحية	99
تمهيد	الطريق	99
تموز	الماضي	99
تميم	بن	99
تنافس	على	99
تناول	الطعام	99
تناول	هذا	30
تناول	الاجتماع	30
تنتشر	في	99
تنتمي	إلى	99
تنخفض	درجات	99
تندرج	في	99
تنسجم	مع	99
تنسحب	من	99
تنسيق	مع	99
تنشط	في	99
تنشط	الرياح	71
تنشط	على	71
تنشط	بين	42
تنص	على	99
تنطوي	على	99
تنظيم	الدولة	99
تنظيم	القاعدة	44
تنظيم	داعش	44
تنظيم	الانتخابات	33
تنفجر	في	99
تنفيذ	عملية	99
تنفيذ	مشاريع	77
تنفيذ	عمليات	66
تنفيذ	المشاريع	66
تنفيذها	من	99
تنفيذي	في	99
تنموية	في	99
تنويع	مصادر	99
تهدد	أمن	99
تهدف	إلى	99
تهديدات	العدو	99
تهديدات	الأمين	99
تهريب	مخدرات	99
تهريب	النفط	99
تهنئة	إلى	99
تهنئة	للرئيس	37
تهيئة	الظروف	99
تواجده	في	99
تواجه	دول	99
تواصل	مع	99
توافق	على	99
توتر	العلاقات	99
توتنهام	هوتسبير	99
توجد	طريقة	99
توجد	أي	74
توجه	إلى	99
توجهت	إلى	99
توجيه	اتهامات	99
توجيه	التهم	74
توجيه	ضربات	74
توجيهات	رئيس	99
توخي	الحذر	99
تورطه	في	99
تورطوا	في	99
توزيع	جوائز	99
توزيع	الجوائز	79
توسيع	نطاق	99
توصل	إليه	99
توصلت	إلى	99
توصلت	إليها	59
توفي	متأثرا	99
توفيت	يوم	99
توفير	كل	99
توفير	فرص	99
توفير	خدمات	74
توفير	الأسلحة	74
توقع	المركز	99
توقع	أن	74
توقعت	دائرة	99
توقفوا	عن	99
توقيع	اتفاقيات	99
توقيع	اتفاقية	99
توقيع	مذكرة	59
توقيع	اتفاق	59
توقيف	ثلاثة	99
توقيفه	في	99
توليد	الطاقة	99
توليد	الكهرباء	55
تونس	على	99
تونس	إلى	74
تونس	التي	74
تي	بي	99
تي	في	79
تيار	المستقبل	99
تيدروس	أدهانوم	99
تيزي	وزو	99
تيك	توك	99
ثالث	أكبر	99
ثاني	أكسيد	99
ثاني	أكبر	99
ثانية	على	99
ثبت	أن	99
ثغرات	في	99
ثقب	أسود	99
ثقته	في	99
ثلاث	سنوات	99
ثلاث	مرات	35
ثلاث	نقاط	29
ثلاث	قضايا	23
ثلاثة	أشهر	99
ثلاثة	أشخاص	99
ثلاثة	أيام	80
ثلاثة	من	80
ثلة	من	99
ثم	هناك	99
ثم	جاءت	74
ثم	بدأ	74
ثم	قال	74
ثماني	سنوات	99
ثمانية	أشخاص	99
ثمانية	آلاف	99
ثمانية	أشهر	59
ثمانينات	القرن	99
ثمن	النهائي	99
ثمن	نهائي	50
ثورة	التحرير	99
جاء	ذلك	99
جاء	في	61
جاء	بعد	15
جاء	فيه	12
جاءت	بعد	99
جاءت	خلال	99
جاءت	هذه	74
جائحة	كورونا	99
جائحة	فيروس	32
جائزة	أفضل	99
جائزة	نوبل	99
جاستن	ترودو	99
جامعة	الدول	99
جامعة	القدس	50
جامعة	بيرزيت	50
جامعة	دمشق	37
جان	إيف	99
جانب	آخر	99
جانب	الدول	66
جانب	القوات	50
جانب	عدد	50
جانبا	من	99
جانبه	أكد	99
جانبه	قال	82
جانبه	أوضح	50
جانبها	أكدت	99
جانبها	قالت	99
جاهدة	من	99
جاويش	أوغلو	99
جبران	باسيل	99
جبل	المكبر	99
جبل	لبنان	82
جبهة	التحرير	99
جبهة	تحرير	66
جبهة	البوليساريو	50
جثامين	الشهداء	99
جثث	الضحايا	99
جثمان	الطفل	99
جدا	عن	99
جدد	رئيس	99
جددت	قوات	99
جدري	القردة	99
جدري	القرود	69
جدلا	واسعا	99
جدول	أعمال	99
جدول	الأعمال	46
جدول	زمني	30
جدول	ترتيب	30
جديد	في	99
جديد	من	73
جديد	للرأي	20
جديد	للغاز	20
جديدا	في	99
جديدا	من	59
جديدة	من	99
جديدة	بفيروس	96
جديدة	في	84
جديدة	على	43
جدير	بالذكر	99
جراء	اعتداء	99
جراء	العدوان	82
جراء	القصف	66
جراء	قمع	66
جرائم	حرب	99
جرائم	الحرب	66
جرائم	الاحتلال	44
جرت	في	99
جرت	على	85
جرعات	من	99
جرعة	من	99
جرى	خلال	99
جرى	بمقر	74
جرى	بحضور	74
جرى	شرحه	74
جريمة	قتل	99
جريمة	حرب	36
جريمة	بشعة	27
جزء	من	99
جزء	كبير	21
جزء	منها	16
جزء	لا	11
جزءا	من	99
جزءا	كبيرا	12
جزئيا	الى	99
جزئيا	إلى	99
جزائر	جديدة	99
جزر	القمر	99
جزيرة	القرم	99
جسر	الملك	99
جسر	القرم	74
جسم	الإنسان	99
جعل	من	99
جلالة	الملك	99
جلسات	مجلس	99
جلسة	مجلس	99
جلسة	لمجلس	71
جلسة	انتخاب	57
جلسة	محاكمة	57
جماعة	الحوثي	99
جماعة	أنصار	82
جماعة	إرهابية	66
جماعية	في	99
جمال	خاشقجي	99
جمال	بلماضي	55
جمال	نور	44
جمال	عبد	44
جمعت	بين	99
جمعية	المصارف	99
جمعية	الهلال	74
جملة	من	99
جمهورية	طاجيكستان	99
جمهورية	دونيتسك	86
جمهورية	لوغانسك	34
جمهورية	مصر	26
جمهوريتي	دونيتسك	99
جمهوريتي	لوغانسك	33
جمود	سياسي	99
جميع	أنحاء	99
جميع	الأطراف	19
جميع	القوى	7
جميع	المجالات	7
جميعا	أن	99
جميل	الصبر	99
جنب	مع	99
جندي	روسي	99
جندي	أوكراني	59
جنديا	أوكرانيا	99
جنوب	شرق	99
جنوب	شرقي	77
جنوب	أفريقيا	50
جنوب	غرب	50
جنوبي	مدينة	99
جنوبي	البلاد	74
جنوبية	غربية	99
جنوبية	شرقية	85
جنود	الاحتلال	99
جنود	روس	25
جنود	أوكرانيون	25
جنود	العدو	25
جنيف	الرابعة	99
جنين	بالضفة	99
جنين	ومخيمها	74
جنيه	إسترليني	99
جنيه	استرليني	47
جهاز	الأمن	99
جهاز	الاستخبارات	30
جهاز	المناعة	30
جهاز	الامن	23
جهة	أخرى	99
جهة	ثانية	21
جهة	باب	11
جهته	قال	99
جهتها	قالت	99
جهدا	في	99
جهود	الصين	99
جهود	الدولة	74
جهودا	كبيرة	99
جهودها	في	99
جو	بايدن	99
جوا	إلى	99
جواز	السفر	99
جواز	سفر	74
جوازات	السفر	99
جودة	الخدمات	99
جوز	الهند	99
جوزيب	بوريل	99
جوسفالدو	فيريرا	99
جولات	استفزازية	99
جولة	جديدة	99
جولة	على	74
جولة	ثانية	74
جومارت	توكاييف	99
جون	كيربي	99
جونغ	أون	99
جوني	ديب	99
جوية	للطيران	99
جي	بي	99
جيد	في	99
جيدة	مع	99
جيدة	بين	59
جيروم	باول	99
جيش	الاحتلال	99
جيش	العدو	17
جيش	التحرير	14
جيش	الدفاع	8
جيك	سوليفان	99
جيل	من	99
جين	بينغ	99
حاجة	إلى	99
حاجة	ماسة	25
حاد	في	99
حادا	في	99
حادة	في	99
حادث	مرور	99
حادث	تحطم	59
حادثة	إطلاق	99
حادثة	غرق	74
حارس	مرمى	99
حارس	المرمى	85
حاز	على	99
حاسة	الشم	99
حاسما	في	99
حاسمة	في	99
حاكم	مصرف	99
حاكم	منطقة	44
حال	عدم	99
حال	كان	88
حال	لم	88
حال	تم	66
حالات	الإصابة	99
حالات	وفاة	40
حالات	الجفاف	20
حالات	الطوارئ	20
حالة	من	99
حالة	وفاة	80
حالة	الطوارئ	29
حالة	حرجة	19
حالت	دون	99
حالته	الصحية	99
حالتهم	الصحية	99
حاليا	في	99
حاليا	على	57
حامل	اللقب	99
حاملات	الطائرات	99
حاملة	الطائرات	99
حان	الوقت	99
حاول	أن	99
حبسا	نافذا	99
حبيب	في	99
حتفهم	في	99
حتفهم	وأصيب	74
حتى	الآن	99
حتى	لو	38
حتى	لا	33
حتى	نهاية	18
حجب	الثقة	99
حجز	أكثر	99
حجم	التبادل	99
حجم	الأضرار	59
حجم	القوات	59
حد	كبير	99
حد	تعبيره	51
حد	قوله	40
حد	سواء	29
حدادا	على	99
حدة	من	99
حدث	في	99
حدث	مع	35
حدثت	في	99
حدثنا	عن	99
حدوث	نقص	99
حدوث	هذا	99
حدوث	تسرب	99
حديث	لـ	99
حديث	مع	82
حديث	إلى	50
حديثة	من	99
حديثة	أن	99
حديثه	لـ	99
حديثه	مع	66
حديثه	عن	50
حديثها	لـ	99
حذر	من	99
حذر	اتحاد	59
حذرا	في	99
حذرت	مصالح	99
حذرت	الولايات	99
حذرت	وزارة	74
حرائق	الغابات	99
حرارة	الأرض	99
حرارة	الجسم	82
حرب	عالمية	99
حرب	اليمن	50
حرب	مع	37
حرب	أوكرانيا	37
حرس	الحدود	99
حرصه	على	99
حركة	حماس	99
حركة	الجهاد	89
حركة	طالبان	52
حركة	الشباب	42
حرية	التعبير	99
حرية	الصحافة	50
حريص	على	99
حريصة	على	99
حريق	كبير	99
حزب	الله	99
حزب	المحافظين	16
حزب	العمال	10
حزب	القوات	5
حزمة	مساعدات	99
حساباته	على	99
حسابه	على	99
حسابه	الرسمي	46
حسابه	في	32
حسابها	الرسمي	99
حسابها	على	77
حسابها	في	55
حسام	عبدالغفار	99
حسام	حبيب	99
حسام	عبد	99
حسب	ما	99
حسب	قوله	30
حسب	وكالة	24
حسب	بيان	21
حسبما	أفاد	99
حسبما	ذكرت	92
حسبما	أفادت	73
حسبما	قال	66
حسن	نصر	99
حسن	نصرالله	33
حسن	عبد	28
حسن	سير	22
حسيب	أو	99
حسين	أمير	99
حسين	الشيخ	46
حسين	بدر	30
حسين	سلامي	23
حشد	القوات	99
حشد	من	74
حصل	على	99
حصل	في	86
حصل	عليها	53
حصل	عليه	20
حصلت	على	99
حصلت	عليها	90
حصلت	عليه	27
حصلوا	على	99
حصوله	على	99
حصولها	على	99
حصيلة	القتلى	99
حضر	اللقاء	99
حضر	الاجتماع	99
حضر	التدشين	99
حضر	مراسم	74
حضرة	صاحب	99
حضرت	عناصر	99
حضرها	وكيل	99
حظر	طيران	99
حظر	على	99
حظر	الطيران	50
حظر	الأسلحة	50
حظك	اليوم	99
حفاظا	على	99
حفظ	السلام	99
حفظ	الله	50
حفظ	سلام	25
حفظه	الله	99
حفل	توزيع	99
حفل	افتتاح	66
حفل	الافتتاح	66
حفل	زفاف	55
حق	الشعب	99
حق	النقض	71
حق	التصويت	71
حق	استضافة	42
حقا	أن	99
حققت	أهدافها	99
حقل	كاريش	99
حقه	في	99
حقوق	الإنسان	99
حقوق	الملكية	5
حقوق	الانسان	5
حقوق	المرأة	5
حقول	النفط	99
حقيقة	أن	99
حقيقة	ما	21
حقيقة	الأمر	16
حقيقة	أنه	16
حكم	عليه	99
حكم	المباراة	74
حكم	الإعدام	74
حكومة	تصريف	99
حكومة	الوحدة	64
حكومة	الاحتلال	42
حكومة	جديدة	38
حل	الدولتين	99
حل	سياسي	72
حل	الأزمة	54
حل	سلمي	45
حلب	الشمالي	99
حلف	شمال	99
حلف	الناتو	64
حلقة	من	99
حلول	شهر	99
حلول	الذكرى	99
حلول	عيد	74
حماس	في	99
حماية	البيئة	99
حماية	المستهلك	55
حماية	الشعب	44
حماية	المنشآت	44
حمد	آل	99
حمد	بن	88
حمل	عنوان	99
حمل	السلاح	99
حملة	قمع	99
حملة	عسكرية	74
حملة	القمع	74
حملته	الانتخابية	99
حميد	الذي	99
حنينا	شمال	99
حوار	مع	99
حوار	وطني	44
حوار	بين	33
حوالي	الساعة	99
حوالي	أسبوع	23
حوالي	ثلث	23
حوالي	عشرة	23
حول	العالم	99
حول	ما	46
حول	كيفية	46
حول	هذه	23
حي	الشيخ	99
حياة	كريمة	99
حياة	الإنسان	55
حياة	الأسير	44
حياة	الناس	33
حياته	السياسية	99
حيث	تم	99
حيث	كان	48
حيث	يتم	26
حيث	لا	22
حيز	التنفيذ	99
حيز	الخدمة	50
حيس	بمحافظة	99
حين	أن	99
حين	كانت	17
حين	أنه	17
حين	كان	15
خادم	الحرمين	99
خارج	نطاق	99
خارج	إطار	85
خارج	البلاد	57
خارج	لبنان	42
خارجة	عن	99
خارجية	روسيا	99
خارجية	دول	99
خارجية	طاجيكستان	74
خارجية	جمهورية	74
خارطة	طريق	99
خارطة	الطريق	62
خاص	على	99
خاص	لتطوير	59
خاص	لوكالة	59
خاصة	في	99
خاصة	بعد	30
خاصة	وأن	25
خاصة	أن	22
خالد	المشري	99
خالد	عبد	50
خالد	بن	50
خالص	التعازي	99
خالية	من	99
خام	برنت	99
خام	غرب	82
خان	يونس	99
خبر	وفاة	99
خبراء	أن	99
خبراء	الأرصاد	50
خبراء	الصحة	50
خبراء	الاقتصاد	50
خبرة	في	99
خدمات	الرعاية	99
خدمات	الإنترنت	59
خدمات	المياه	59
خدمة	المجتمع	99
خدمة	الرسائل	50
خرج	عن	99
خرجت	من	99
خروج	بريطانيا	99
خروجه	من	99
خروقات	العدوان	99
خروقات	قوى	50
خريطة	طريق	99
خريطة	الطريق	99
خريفية	لطيفة	99
خزينة	الدولة	99
خسائر	فادحة	99
خسائر	بشرية	59
خسائر	كبيرة	59
خسائر	مادية	59
خسر	من	99
خشبة	المسرح	99
خصوصا	في	99
خصوصا	وأن	57
خصوصا	أن	57
خصوصا	مع	42
خضع	لعملية	99
خط	أنابيب	99
خط	الأنابيب	31
خط	الدفاع	26
خط	الوسط	26
خطاب	الكراهية	99
خطاب	الرئيس	59
خطابية	بمناسبة	99
خطة	العمل	99
خطة	التعافي	69
خطة	لبناء	30
خطر	الإصابة	99
خطر	على	37
خطر	الموت	19
خطر	التعرض	19
خطرا	على	99
خطوات	عملية	99
خطوة	مهمة	99
خطوة	كبيرة	30
خطوة	نحو	30
خطوة	هامة	23
خطورة	على	99
خطورة	عن	59
خطوط	الأنابيب	99
خطيب	زاده	99
خطير	على	99
خطير	في	99
خفر	السواحل	99
خفض	الانبعاثات	99
خفض	الإنتاج	82
خفض	سعر	50
خفض	أسعار	50
خفيف	ارتفاع	99
خفيف	إلى	50
خفيفة	إلى	99
خفيفة	متفرقة	37
خلاف	مع	99
خلاف	بين	74
خلافات	على	99
خلال	الفترة	99
خلال	فترة	68
خلال	هذه	57
خلال	العام	57
خلالها	أن	99
خلايا	الدم	99
خلصت	إلى	99
خلف	الرئيس	99
خلفية	العملية	99
خلفية	القصف	99
خلق	جو	99
خلق	فرص	74
خليج	عمان	99
خليفة	بن	99
خليفة	حفتر	50
خليل	عواودة	99
خمس	سنوات	99
خمس	دول	26
خمس	دقائق	20
خمسة	أيام	99
خمسة	أشخاص	50
خمسة	من	50
خمسة	أشهر	25
خوفا	من	99
خيار	سوى	99
خيار	آخر	99
خيرسون	في	99
خيرسون	وزابوروجيه	74
دا	سيلفا	99
دائرة	شؤون	99
دائرة	التقديرات	59
دائرة	الشمال	59
دائما	على	99
دائمة	في	99
داخل	الأراضي	99
داخل	البلاد	90
داخل	المنطقة	72
داخل	أحد	63
دار	بينه	99
دار	الثقافة	74
دار	الأوبرا	74
داعيا	إلى	99
داعيا	إياهم	27
داعية	إلى	99
دبلوماسية	بين	99
دبلوماسية	مع	99
دخل	الفرد	99
دخلت	حيز	99
دخلت	في	99
دخولها	إلى	99
دراجة	نارية	99
دراسة	جديدة	99
دراسة	حديثة	37
درجات	الحرارة	99
درجات	مئوية	7
درجات	حرارة	6
درجة	مئوية	99
درجة	حرارة	86
درجة	الحرارة	45
درجة	على	36
درهم	سنة	99
دعا	رئيس	99
دعا	وزير	79
دعا	إلى	69
دعا	الرئيس	59
دعاوى	قضائية	99
دعت	وزارة	99
دعت	حركة	59
دعت	الحكومة	59
دعم	بلاده	99
دعم	أوكرانيا	85
دعم	للجماعات	42
دعم	الأصدقاء	42
دعوى	قضائية	99
دفاع	جوي	99
دفاعا	عن	99
دفتر	الشروط	99
دفع	إلى	99
دفع	رباعي	99
دفع	الرواتب	74
دفع	ثمن	74
دفعة	جديدة	99
دفعة	من	74
دقائق	على	99
دقيقة	من	99
دكتوراه	في	99
دليل	على	99
دليلا	على	99
دمشق	الدولي	99
دموية	في	99
دميتري	بيسكوف	99
دوار	الشمس	99
دوت	كوم	99
دور	المجموعات	99
دور	الستة	58
دور	الثمانية	33
دور	البطولة	25
دورا	رئيسيا	99
دورا	مهما	59
دورة	الألعاب	99
دوره	في	99
دورها	في	99
دوري	أبطال	99
دوري	الدرجة	41
دورية	من	99
دول	العالم	99
دول	الخليج	83
دول	الاتحاد	67
دول	أخرى	63
دولار	في	99
دولار	من	60
دولار	أمريكي	41
دولار	للبرميل	30
دولة	الإمارات	99
دولة	فلسطين	55
دولة	قطر	50
دولة	الاحتلال	38
دولي	من	99
دون	أن	99
دون	أي	40
دون	طيار	20
دون	الحاجة	18
دونالد	ترامب	99
دونيتسك	الشعبية	99
دونيتسك	ولوغانسك	93
دوي	انفجارات	99
دي	بروين	99
دي	ميستورا	59
دير	لاين	99
دير	الزور	71
دير	عمار	42
ديسمبر	الماضي	99
ديسمبر	الجاري	74
ديفيد	فريدمان	99
ديلي	ميل	99
دينار	للبيع	99
دينار	جزائري	99
ذا	صن	99
ذات	الصلة	99
ذات	الاهتمام	94
ذات	الأولوية	42
ذات	المصدر	38
ذاته	إلى	99
ذاته	الذي	37
ذاتها	التي	99
ذاكر	زاده	99
ذكر	موقع	99
ذكر	أن	71
ذكر	الوزير	42
ذكر	البيان	42
ذكرت	صحيفة	99
ذكرت	وكالة	66
ذكرت	وسائل	33
ذكرت	ذلك	33
ذكرته	وكالة	99
ذكرته	صحيفة	59
ذكره	أن	99
ذكرى	استشهاد	99
ذكرى	المولد	79
ذكرى	يوم	59
ذلك	في	99
ذلك	إلى	44
ذلك	على	38
ذلك	خلال	35
ذهاب	الدور	99
ذهب	إلى	99
ذهبت	إلى	99
ذوي	الإعاقة	99
ذوي	الاعاقة	35
ذوي	الاحتياجات	35
ذي	قبل	99
رأس	السنة	99
رأس	المال	77
رأس	وفد	55
رأسا	على	99
رؤساء	الدول	99
رؤساء	البلديات	99
رؤساء	دول	66
رؤوس	الأموال	99
رئاسة	الجمهورية	99
رئاسة	الوزراء	50
رئاسة	الحكومة	35
رئاسة	مجلس	35
رئاسية	وبرلمانية	99
رئيس	الوزراء	99
رئيس	مجلس	45
رئيس	الجمهورية	42
رئيس	الحكومة	19
رئيسا	للوزراء	99
رئيسة	الوزراء	99
رئيسة	مجلس	94
رئيسة	المفوضية	22
رئيسة	قسم	16
رئيسي	في	99
رئيسي	عن	36
رئيسي	الجمهورية	27
رئيسيا	في	99
رئيسية	في	99
رائدة	في	99
رابح	ماجر	99
رابط	بين	99
رابطة	الدول	99
راح	ضحيتها	99
راديو	سبوتنيك	99
راشد	آل	99
راشد	الغنوشي	74
راغب	علامة	99
رافائيل	غروسي	99
رام	الله	99
رايتس	ووتش	99
ربع	النهائي	99
ربع	نهائي	36
ربما	تكون	99
ربما	يكون	69
ربما	كان	50
ربما	كانت	40
ربيع	الأول	99
رجال	الأعمال	99
رجال	الشرطة	22
رجال	الإنقاذ	22
رجال	الإطفاء	13
رجب	طيب	99
رجل	الأعمال	99
رجل	الدين	40
رجل	أعمال	20
رجل	يبلغ	20
رحلات	إلى	99
رحلات	جوية	74
رحلاتها	إلى	99
رحلة	بايدن	99
رحلة	جوية	99
رحلة	بحرية	74
رحلته	إلى	99
رحلتهم	من	99
رحم	الله	99
رحمه	الله	99
رد	فعل	99
رد	على	42
رد	الفعل	21
ردا	على	99
ردة	فعل	99
رده	على	99
ردود	فعل	99
ردود	الفعل	81
ردود	أفعال	27
رسالة	إلى	99
رسالة	مفتوحة	50
رسالة	سياسية	37
رسالة	صريحة	37
رسالته	التي	99
رسم	صورة	99
رسمي	من	99
رسميا	في	99
رسمية	إلى	99
رسمية	أن	59
رسول	الله	99
رشاد	العليمي	99
رص	الصفوف	99
رصيده	إلى	99
رضي	الله	99
رعاة	الأغنام	99
رعاية	طبية	99
رغبته	في	99
رغبتهم	في	99
رغد	صدام	99
رغم	أن	99
رغم	أنها	29
رغم	أنه	29
رغم	كل	26
رفض	أي	99
رفض	الاتحاد	74
رفض	رئيس	74
رفضها	أي	99
رفع	أسعار	99
رفع	العقوبات	40
رفع	سعر	32
رفع	مستوى	18
رفعت	العدد	99
رفقة	وزير	99
رفيع	المستوى	99
رفيع	إن	27
رفيعة	المستوى	99
رفيق	الحريري	99
رقم	قياسي	99
ركلات	الترجيح	99
ركلة	جزاء	99
رمزا	من	99
رمضان	المبارك	99
رواتب	الموظفين	99
رواتب	موظفي	50
رواد	الأعمال	99
رواد	مواقع	74
رواه	أبو	99
روس	أوبورون	99
روسي	محتمل	99
روسي	على	99
روسيا	وأوكرانيا	99
روسيا	على	60
روسيا	والصين	31
روسيا	اليوم	26
روسية	في	99
روسية	من	79
رونالد	ريغان	99
رياح	شديدة	99
رياح	قوية	99
ريادة	الأعمال	99
رياض	سلامة	99
رياض	محرز	42
ريال	مدريد	99
ريثما	يتم	99
ريشي	سوناك	99
ريف	دمشق	99
ريف	إدلب	30
ريو	دي	99
زابوروجيه	للطاقة	99
زابوروجيه	النووية	99
زاخاروفا	على	99
زادت	من	99
زار	رئيس	99
زار	الرئيس	99
زايد	آل	99
زايد	الذي	21
زخات	من	99
زعزعة	استقرار	99
زعم	أن	99
زعيم	حزب	99
زعيم	التيار	76
زعيم	المعارضة	69
زعيم	تنظيم	46
زعيمة	الحزب	99
زكاة	الفطر	99
زلنا	في	99
زمام	المبادرة	99
زمن	الشوط	99
زمن	قدره	99
زوابع	رملية	99
زيادة	الإنتاج	99
زيادة	إنتاج	59
زيادة	بنسبة	50
زيادة	خطر	40
زيارة	الرئيس	99
زيارة	إلى	50
زيارة	بايدن	43
زيارة	رسمية	43
زيارته	إلى	99
زيت	الزيتون	99
زيلينسكي	في	99
زيلينسكي	إن	77
زيلينسكي	الذي	55
سؤال	حول	99
سؤال	عما	31
سؤال	بشأن	31
سؤال	ما	16
سؤاله	عن	99
سئل	عما	99
سئم	من	99
سائقي	الشاحنات	99
سابق	من	99
سابق	اليوم	16
سابق	إلى	9
سابق	هذا	9
سابقة	من	99
سابقة	مع	74
ساحة	المعركة	99
ساحة	الصراع	55
ساحل	البحر	99
ساديو	ماني	99
ساري	المفعول	99
ساعات	من	99
ساعات	الصباح	50
ساعات	عن	25
ساعات	الليل	25
ساعة	الماضية	99
ساعة	الأخيرة	38
ساعة	مبكرة	33
ساعة	من	33
ساعد	في	99
ساعدت	في	99
سان	جيرمان	99
سان	فرانسيسكو	82
سانا	أن	99
ساهم	في	99
ساهمت	في	99
ساهموا	في	99
سبب	عدم	99
سبتمبر	الجاري	99
سبتمبر	المقبل	59
سبحانه	وتعالى	99
سبع	سنوات	99
سبعة	أعوام	99
سبعينيات	القرن	99
سبق	أن	99
سبق	له	66
سبق	وأن	50
سبل	تعزيز	99
سبل	التعاون	27
سبل	العيش	27
سبيل	المثال	99
سبيل	الله	29
ست	سنوات	99
ستؤدي	إلى	99
ستبقى	في	99
ستة	أشهر	99
ستة	ملايين	18
ستة	أشخاص	13
ستة	أسابيع	13
ستدخل	حيز	99
سترد	على	99
ستركز	على	99
ستريت	جورنال	99
ستساهم	في	99
ستستمر	في	99
ستسهم	في	99
ستشارك	في	99
ستعقد	في	99
ستعمل	على	99
ستقام	يومي	99
ستكون	هناك	99
ستكون	قادرة	33
ستواصل	العمل	99
ستولتنبرغ	في	99
سجلت	وزارة	99
سجلت	أسعار	99
سجلها	في	99
سجن	الصناعة	99
سجنا	نافذا	99
سجون	الاحتلال	99
سحب	الثقة	99
سد	النهضة	99
سداد	الديون	99
سرايا	القدس	99
سرطان	الأطفال	99
سرطان	القولون	99
سرعان	ما	99
سرعة	الصوت	99
سرعة	الرياح	59
سرعتها	سرعة	99
سرعتها	إلى	42
سريعة	في	99
سطح	البحر	99
سعادة	الدكتور	99
سعد	الحريري	99
سعر	صرف	99
سعر	الدولار	65
سعر	الصرف	57
سعر	الفائدة	38
سعرات	حرارية	99
سعيد	في	99
سعيد	عبد	33
سعيد	خطيب	33
سعيد	جدا	33
سعيها	لاستعادة	99
سفارتها	في	99
سفراء	الدول	99
سفن	المشتقات	99
سفن	الوقود	40
سفيان	بن	99
سفير	جمهورية	99
سفير	دولة	44
سفير	الإمارات	33
سفير	الجمهورية	33
سفيرة	الولايات	99
سقط	في	99
سقطت	في	99
سقطرى	وخليج	99
سقف	لسعر	99
سقف	أسعار	74
سقوط	قتلى	99
سقوط	ضحايا	99
سكان	العالم	99
سكان	المناطق	66
سكان	المدينة	50
سكاي	نيوز	99
سكة	حديد	99
سكرتير	مجلس	99
سكني	في	99
سكنية	في	99
سلاح	الجو	99
سلاح	نووي	85
سلاح	ناري	42
سلاسل	التوريد	99
سلالة	أوميكرون	99
سلام	الله	99
سلبا	على	99
سلبي	على	99
سلسلة	من	99
سلسلة	التوريد	11
سلسلة	عمليات	7
سلسلة	اجتماعات	7
سلطات	الاحتلال	99
سلطات	كييف	11
سلطان	آل	99
سلطانة	خيا	99
سلطة	الطاقة	99
سلطة	النقد	99
سلطنة	عمان	99
سلمان	بن	99
سلمان	وولي	25
سلمة	بن	99
سلوان	جنوب	99
سليمان	فرنجية	99
سماحة	السيد	99
سمو	الأمير	99
سمير	جعجع	99
سمير	غانم	42
سمير	صبري	42
سن	الـ	99
سنة	فما	99
سنتا	أو	99
سنتين	في	99
سندات	الخزانة	99
سنعمل	على	99
سنوات	من	99
سنوات	طويلة	13
سنوات	حبسا	11
سنوات	ونصف	11
سنواصل	العمل	99
سوء	التغذية	99
سوء	الأحوال	99
سواء	في	99
سواء	من	74
سواء	كانت	56
سواء	كان	31
سوري	في	99
سوريا	الديمقراطية	99
سوريا	لا	45
سوريا	ضد	27
سوريا	منذ	27
سوق	العمل	99
سوق	النفط	57
سوق	الانتقالات	42
سوق	الأسهم	42
سي	إن	99
سي	بي	50
سي	آر	19
سي	مع	19
سيؤثر	على	99
سيؤدي	إلى	99
سيئة	للغاية	99
سيادة	العراق	99
سيارات	الإسعاف	99
سيارات	إسعاف	82
سيارات	دفع	50
سيارة	إسعاف	99
سياسة	إسرائيلية	99
سياسة	إسرائيل	74
سياسة	الإهمال	74
سياسي	في	99
سياسي	عادل	33
سياسي	للأزمة	33
سياسية	واقتصادية	99
سياسية	أو	59
سياق	متصل	99
سياق	ليس	74
سيتم	خلال	99
سيتم	صرف	59
سيتم	التعامل	59
سيتي	الإنجليزي	99
سيتي	على	74
سيجعل	من	99
سيحدث	في	99
سيحصل	على	99
سيحصل	الفريق	74
سيدة	من	99
سيدي	عبد	99
سير	العمل	99
سير	العملية	50
سيرغي	لافروف	99
سيرغي	شويغو	25
سيرغي	ريابكوف	19
سيساعد	في	99
سيساعد	على	59
سيساهم	في	99
سيستمر	في	99
سيطرت	عليها	99
سيطرته	على	99
سيطرتها	على	99
سيعمل	على	99
سيف	القدس	99
سيكون	هناك	99
سيكون	له	76
سيكون	على	53
سيكون	لها	53
سيلفا	في	99
سيما	في	99
سيما	وأن	17
سيما	أن	17
سيما	مع	17
سيمكن	من	99
شأن	هذا	99
شأنه	أن	99
شأنها	أن	99
شأنها	تعزيز	21
شأنها	المساهمة	16
شؤون	الأسرى	99
شؤون	اللاجئين	30
شاء	الله	99
شائعة	في	99
شاب	في	99
شاب	وشابة	50
شابا	من	99
شابه	ذلك	99
شابين	من	99
شاحنات	صغيرة	99
شارع	الاستقلال	99
شارك	في	99
شارك	فيها	28
شارك	فيه	28
شاركت	في	99
شاركوا	في	99
شاسعة	من	99
شاملة	على	99
شاهد	عيان	99
شباب	بلوزداد	99
شباط	الماضي	99
شباط	الجاري	74
شبان	من	99
شبان	على	74
شبكات	التواصل	99
شبكة	الإنترنت	99
شبكة	الانترنت	66
شبكة	فلسطين	50
شبه	جزيرة	99
شبه	الجزيرة	34
شبه	يومية	13
شبه	يومي	13
شبيبة	القبائل	99
شبيبة	الساورة	99
شحنات	الحبوب	99
شحنة	من	99
شخص	في	99
شخص	ما	58
شخص	من	54
شخص	آخر	50
شخصا	في	99
شخصا	على	85
شخصا	تلقوا	57
شخصا	لقوا	42
شدد	على	99
شدد	وزير	29
شدد	رئيس	23
شددت	على	99
شديد	الحرارة	99
شديدة	البرودة	99
شراء	النفط	99
شراكات	مع	99
شراكة	مع	99
شراكتنا	مع	99
شرب	المياه	99
شرب	الماء	74
شرح	عن	99
شرط	أن	99
شرطة	محافظة	99
شرطة	الأخلاق	85
شرطة	الاحتلال	71
شرطة	العاصمة	57
شرف	الدين	99
شرق	مدينة	99
شرق	القدس	99
شرق	أوكرانيا	66
شرق	رام	66
شرقي	البلاد	99
شرقي	أوكرانيا	82
شرقية	معتدلة	99
شرقية	إلى	87
شرقية	خفيفة	37
شركات	الطيران	99
شركات	الطاقة	40
شركات	التأمين	30
شركات	النفط	30
شركة	الطيران	99
شركة	النفط	90
شركة	طيران	72
شركة	الخطوط	36
شرم	الشيخ	99
شريحة	كبيرة	99
شريطة	أن	99
شعبة	المعلومات	99
شعبنا	الفلسطيني	99
شعبي	في	99
شعوب	العالم	99
شعور	بأن	99
شغل	منصب	99
شك	أن	99
شك	في	99
شكري	أن	99
شكل	من	99
شكيب	خليل	99
شمال	الأطلسي	99
شمال	غرب	75
شمال	شرق	61
شمال	الضفة	41
شمالي	الضفة	99
شمالي	سوريا	57
شمالي	مدينة	42
شمالية	غربية	99
شمالية	شرقية	28
شن	هجوم	99
شن	حرب	99
شنت	روسيا	99
شنغهاي	للتعاون	99
شهادة	الدكتوراه	99
شهادة	بولاية	66
شهادة	البكالوريا	50
شهداء	الثورة	99
شهداء	الأقصى	59
شهدت	أسعار	99
شهدتها	العاصمة	99
شهر	رمضان	99
شهر	نوفمبر	33
شهر	مارس	30
شهر	ديسمبر	23
شهرا	من	99
شهرين	من	99
شهود	عيان	99
شهور	من	99
شولتز	إن	99
شولتس	في	99
شي	جين	99
شي	جينبينغ	50
شي	أن	28
شيء	في	99
شيء	من	58
شيء	آخر	41
شيء	ما	29
شيئا	من	99
شيئا	ما	59
شياع	السوداني	99
شيرين	أبو	99
صاحب	الجلالة	99
صاحب	السمو	66
صاحب	فكرة	50
صاحب	المركز	50
صادر	عن	99
صادرات	الغاز	99
صادرات	القمح	33
صادرات	النفط	33
صادراتها	من	99
صادرة	عن	99
صادقت	على	99
صاروخ	باليستي	99
صافرات	الإنذار	99
صافية	إلى	99
صافية	من	59
صالح	في	99
صالح	إلى	50
صالحة	للسكن	99
صباح	اليوم	99
صباح	يوم	20
صباح	أمس	15
صباح	الاثنين	8
صبحي	وزير	99
صحة	المعلومات	99
صحة	وسلامة	99
صحفي	مشترك	99
صحفي	مع	82
صحفي	عقد	66
صحفي	بعد	50
صحفية	أن	99
صحي	في	99
صحية	عامة	99
صحيح	أن	99
صحيفة	نيويورك	99
صحيفة	الغارديان	99
صخرية	في	99
صدارة	المجموعة	99
صدام	حسين	99
صدر	عن	99
صدر	في	78
صدمة	في	99
صدور	قرار	99
صدور	حكم	79
صديق	للبيئة	99
صديقة	للبيئة	99
صراع	مع	99
صراع	أوسع	50
صراعها	مع	99
صربيا	وكوسوفو	99
صرح	السيد	99
صرح	المتحدث	99
صرف	الدولار	99
صرف	صحي	17
صرف	الرواتب	17
صعدت	العقود	99
صعوبات	في	99
صعوبات	كبيرة	40
صعوبة	في	99
صغير	من	99
صغيرة	من	99
صفارات	الإنذار	99
صفحة	جديدة	99
صفحة	من	74
صفحته	الرسمية	99
صفحته	في	35
صفحته	على	28
صفحته	بموقع	21
صفحتها	الرسمية	99
صفحتها	على	81
صفحتها	في	45
صفر	كوفيد	99
صفوف	القوات	99
صفوف	المنتخب	99
صفيحة	البنزين	99
صلاة	الجمعة	99
صلاة	الفجر	23
صلاح	الدين	99
صلاح	إلى	37
صلاحية	إبرام	99
صلوات	الله	99
صلى	الله	99
صمود	الشعب	99
صناديق	الاقتراع	99
صناعة	السيارات	99
صناعة	الطيران	74
صندوق	النقد	99
صندوق	الاستثمارات	6
صنع	الله	99
صنع	في	79
صنعاء	الدولي	99
صنعاء	ومناطق	74
صواريخ	متعددة	99
صواريخ	باليستية	71
صواريخ	على	57
صور	الأقمار	99
صور	أخرى	37
صورة	عن	99
صورية	مولوجي	99
صيف	العام	99
ضابط	برتبة	99
ضابط	شرطة	99
ضباط	الشرطة	99
ضباط	الارتباط	59
ضبط	النفس	99
ضخ	الغاز	99
ضخمة	من	99
ضخمة	في	99
ضد	روسيا	99
ضد	الشعب	52
ضد	أوكرانيا	42
ضد	إيران	42
ضده	في	99
ضربات	جوية	99
ضربات	القلب	74
ضربة	قاسية	99
ضربة	موجعة	99
ضرورة	أن	99
ضرورة	إجراء	72
ضرورة	العمل	45
ضرورة	مواصلة	45
ضريبة	القيمة	99
ضغط	الدم	99
ضغط	من	50
ضفاف	نهر	99
ضم	روسيا	99
ضمان	أمن	99
ضمان	استقرار	99
ضمان	الأمن	74
ضمان	استمرار	74
ضمانات	أمنية	99
ضمن	منافسات	99
ضمن	فعاليات	43
ضمن	إطار	37
ضمن	المجموعة	37
ضمور	العضلات	99
ضوء	الشمس	99
ضوء	ما	59
ضواحي	القدس	99
ضيف	الله	99
ضيف	شرف	74
طائرات	مسيرة	99
طائرات	مقاتلة	50
طائرات	بدون	50
طائرات	دون	40
طائرة	مسيرة	99
طائرة	من	74
طائرة	تابعة	74
طائرة	نقل	50
طاجيكستان	لدى	99
طارق	المعظم	99
طاقة	شمسية	99
طاقة	الرياح	74
طاقة	نظيفة	74
طاقة	نووية	74
طالب	رئيس	99
طالبا	عدم	99
طالبان	على	99
طالبان	إلى	42
طالما	أنهم	99
طاولة	المفاوضات	99
طبيعة	العلاقة	99
طبيعي	في	99
طبيعية	في	99
طرأت	على	99
طرد	مركزي	99
طرد	الغزاة	59
طرفا	في	99
طرفي	النزاع	99
طريق	مسدود	99
طريق	الخطأ	74
طريقة	لإعادة	99
طريقة	أخرى	99
طريقه	إلى	99
طريقها	إلى	99
طريقهم	إلى	99
طعن	في	99
طفل	في	99
طفل	يبلغ	74
طفيف	على	99
طفيفة	في	99
طلاب	المدارس	99
طلب	من	99
طلب	عدم	23
طلب	للتعليق	23
طلبات	من	99
طلبت	من	99
طلبت	منه	42
طلبنا	من	99
طلقات	نارية	99
طن	من	99
طنا	من	99
طهران	لا	99
طوابير	طويلة	99
طوارئ	صحية	99
طواقم	الشركة	99
طواقم	الدفاع	99
طوال	الوقت	99
طوال	فترة	71
طوال	العام	57
طوال	اليوم	42
طول	خط	99
طول	الساحل	74
طولكرم	بالضفة	99
طويل	الأمد	99
طويل	الأجل	40
طويل	مع	30
طويلة	من	99
طويلة	الأمد	69
طويلة	المدى	30
طويلة	الأجل	23
طيب	أردوغان	99
طيب	اردوغان	22
طيران	العدوان	99
طيران	فوق	79
ظروف	صحية	99
ظل	غياب	99
ظل	هذه	72
ظل	وجود	63
ظل	أزمة	54
ظهر	اليوم	99
ظهر	يوم	33
ظهر	الجمعة	16
ظهرت	على	99
ظهور	بعض	99
ظهور	الغيوم	40
ظهور	المتحور	30
ظهوره	في	99
عائدات	النفط	99
عائلات	الضحايا	99
عائلة	من	99
عائلة	الشهيد	57
عائلتها	في	99
عائلية	في	99
عاجزة	عن	99
عاد	إلى	99
عادة	ما	99
عادة	في	38
عادل	ومنصف	99
عادية	في	99
عاش	في	99
عاصفة	ثلجية	99
عاصمة	ولاية	99
عالقة	في	99
عالم	السياسة	99
عالم	كرة	99
عالميا	في	99
عالمية	ثالثة	99
عالية	من	99
عالية	على	55
عالية	السرعة	44
عام	مكتب	99
عام	المديرية	79
عام	وزارة	79
عام	حزب	79
عاما	من	99
عاما	بعد	28
عاموس	هوكشتاين	99
عامين	من	99
عامين	ونصف	79
عامين	على	59
عانوا	من	99
عانى	من	99
عبارة	عن	99
عباس	في	99
عباس	على	57
عباس	الحلبي	57
عبد	الله	99
عبد	المجيد	71
عبد	الفتاح	45
عبد	العزيز	37
عبدالحميد	الدبيبة	99
عبدالعزيز	آل	99
عبدالغفار	المتحدث	99
عبدالفتاح	السيسي	99
عبدالله	بن	99
عبدالله	محمد	42
عبدالملك	بدر	99
عبر	حسابه	99
عبر	الإنترنت	42
عبر	مواقع	40
عبر	وسائل	33
عبرت	عن	99
عبروا	عن	99
عبرية	إن	99
عبوات	ناسفة	99
عبوة	ناسفة	99
عثر	عليها	99
عثرت	الشرطة	99
عثمان	الخميس	99
عثمان	الجرندي	99
عدا	عن	99
عداد	المفقودين	99
عدة	مرات	99
عدة	دول	66
عدة	أيام	41
عدة	ولايات	33
عدد	من	99
عدد	كبير	11
عدد	الإصابات	6
عدد	الوفيات	4
عددا	من	99
عددا	كبيرا	17
عددها	الصادر	99
عددهم	عن	99
عدم	وجود	99
عدم	الاستقرار	55
عدم	اليقين	29
عدم	الكشف	26
عديدة	في	99
عديدة	منها	71
عربية	وإسلامية	99
عربية	أخرى	74
عرض	الأزياء	99
عرض	البحر	74
عرض	قدمه	74
عرض	فيلم	74
عرضة	للإصابة	99
عرضة	للخطر	30
عرضه	على	99
عرفات	في	99
عرين	الأسود	99
عز	الدين	99
عز	وجل	46
عزاء	ومواساة	99
عزف	على	99
عسكري	لوكالة	99
عسكري	كبير	74
عسكريا	في	99
عسكريا	على	99
عسكرية	في	99
عسكرية	خاصة	36
عسكرية	كبيرة	26
عسكرية	إضافية	16
عشر	من	99
عشر	على	38
عشر	سنوات	33
عشرات	الآلاف	99
عشرات	المستوطنين	40
عشرات	الملايين	33
عشرات	المليارات	26
عشرة	أيام	99
عشرة	من	62
عشرة	آلاف	37
عشرين	عاما	99
عصر	اليوم	99
عصي	على	99
عضو	الكنيست	99
عضو	مجلس	77
عضو	المجلس	55
عضو	اللجنة	50
عضوا	في	99
عضوية	أوكرانيا	99
عضويتها	في	99
عطلة	نهاية	99
عطلة	عيد	36
عقب	انتهاء	99
عقب	لقاء	50
عقب	نهاية	50
عقب	فوز	37
عقد	اجتماع	99
عقد	جلسة	66
عقد	لقاء	50
عقد	مجلس	33
عقدت	في	99
عقدت	اللجنة	50
عقده	مع	99
عقدين	من	99
عقوبات	على	99
عقوبات	جديدة	26
عقوبات	اقتصادية	20
عقوبة	الإعدام	99
عقوبة	بالسجن	74
عقود	من	99
عقود	خام	42
عقيلة	صالح	99
علاء	عبد	99
علاقات	التعاون	99
علاقات	دبلوماسية	99
علاقات	جيدة	74
علاقات	استراتيجية	50
علاقاتنا	مع	99
علاقاته	مع	99
علاقاتها	مع	99
علاقاتها	الدبلوماسية	33
علاقة	لها	99
علاقة	مع	85
علاقة	له	71
علاقة	مباشرة	42
علاقتها	مع	99
علامات	على	99
علامة	على	99
علاوة	على	99
علق	على	99
علم	النفس	99
علم	الأعصاب	50
علم	بوجود	37
علما	أن	99
علما	بأن	33
علماء	الفلك	99
على	أن	99
على	مستوى	59
على	ما	44
على	الرغم	41
علي	بن	99
علي	الخامنئي	82
علي	عبد	66
علي	رضا	66
عليك	أن	99
علينا	أن	99
عليه	في	99
عليه	السلام	67
عليه	وسلم	51
عليه	وآله	43
عليها	في	99
عليها	القوات	25
عليها	اسم	15
عليها	السلام	9
عليهم	السلام	99
عما	إذا	99
عمر	يناهز	99
عمر	ناهز	41
عمران	خان	99
عمق	العلاقات	99
عمل	مع	99
عمل	الحكومة	82
عمل	هذه	66
عمل	أي	66
عملت	على	99
عملها	في	99
عمليات	البحث	99
عمليات	القتل	90
عمليات	الإغلاق	54
عمليات	إطلاق	45
عملياتها	في	99
عملية	عسكرية	99
عملية	إطلاق	57
عملية	إعادة	33
عملية	اغتيال	24
عميقة	بين	99
عن	طريق	99
عن	مقتل	45
عن	هذا	30
عن	هذه	29
عناصر	من	99
عناصر	الشرطة	71
عناصر	الجيش	28
عناصر	الدفاع	28
عند	الساعة	99
عند	مدخل	91
عند	مستوى	46
عند	الحاجة	30
عندما	يكون	99
عندما	كان	99
عندما	يتعلق	74
عندما	كانت	74
عنه	من	99
عنها	الرئيس	99
عنها	بشكل	99
عنها	خلال	99
عنيفة	بين	99
عنيفة	في	99
عهد	الرئيس	99
عهد	أبو	71
عهد	أبوظبي	42
عهده	الأمير	99
عواقب	وخيمة	99
عواقب	اقتصادية	50
عوتسما	يهوديت	99
عودة	النازحين	99
عودته	إلى	99
عودتها	إلى	99
عودتهم	إلى	99
عيد	الأضحى	99
عيد	الميلاد	79
عيد	الفطر	59
عيسى	آل	99
عين	التينة	99
عين	الدفلى	99
عين	المكان	99
غائم	جزئيا	99
غائما	جزئيا	99
غاب	عن	99
غادة	عون	99
غارة	على	99
غارقة	في	99
غاز	البترول	99
غازات	الاحتباس	99
غالبا	ما	99
غالبية	الدول	99
غاية	في	99
غاية	الأهمية	59
غد	الخميس	99
غد	السبت	50
غد	الاثنين	50
غدا	الخميس	99
غرار	ما	99
غرامة	مالية	99
غرب	تكساس	99
غرب	مدينة	69
غرب	البلاد	59
غرب	سوريا	40
غربي	اليمن	99
غربية	معتدلة	99
غربية	إلى	40
غربية	خفيفة	22
غربية	نشطة	13
غرف	العناية	99
غرفة	عمليات	99
غرفة	التجارة	99
غرفة	العمليات	74
غرفة	تجارة	62
غزة	إلى	99
غزة	خلال	74
غزو	أوكرانيا	99
غزو	روسي	63
غزو	روسيا	54
غزوها	لأوكرانيا	99
غضون	أيام	99
غضون	عامين	59
غضون	أسبوعين	59
غضون	أسبوع	59
غفير	على	99
غفير	وسموتريتش	99
غلاء	المعيشة	99
غلوبال	تايمز	99
غنى	عنها	99
غوث	وتشغيل	99
غياب	أي	99
غيابه	عن	99
غير	أن	99
غير	مسبوق	56
غير	مسبوقة	51
غير	الشرعية	39
غيره	من	99
غيرها	من	99
غيرهم	من	99
فؤاد	حسين	99
فؤاد	شهاب	59
فإذا	كان	99
فإن	هذا	99
فإن	ذلك	61
فإن	هذه	53
فإن	نسبة	46
فإنه	من	99
فإنه	لا	42
فإنه	يحتاج	42
فئة	الشباب	99
فادحة	في	99
فاز	في	99
فاز	بها	74
فالكثير	من	99
فاليري	زالوجني	99
فايننشال	تايمز	99
فبراير	الجاري	99
فبراير	من	85
فبراير	الماضي	42
فتح	تحقيق	99
فتح	باب	82
فتح	المجال	66
فتح	الطرق	50
فتحي	باشاغا	99
فترة	طويلة	99
فترة	وجيزة	28
فترة	ما	28
فترة	سابقة	21
فجر	اليوم	99
فجر	الخميس	9
فحسب	بل	99
فحص	دم	99
فخامة	المشير	99
فخامة	الرئيس	99
فدان	من	99
فراغ	في	99
فرانس	برس	99
فرص	عمل	99
فرص	العمل	89
فرصة	عمل	99
فرصة	جيدة	99
فرصة	كبيرة	59
فرض	عقوبات	99
فرض	حظر	50
فرض	قيود	30
فرض	مزيد	15
فرضت	عقوبات	99
فرضت	الولايات	74
فرضية	أن	99
فرع	الهيئة	99
فرع	الجمعية	74
فرع	المجلس	74
فرق	الإنقاذ	99
فرنسا	وألمانيا	99
فرنك	سويسري	99
فروا	من	99
فريد	من	99
فريد	الديب	99
فريدة	من	99
فريدمان	في	99
فريق	من	99
فريق	عمل	77
فريق	العمل	33
فريق	الخبراء	33
فريقه	على	99
فسيح	جناته	99
فشل	في	99
فشلت	في	99
فصائل	المقاومة	99
فصل	الشتاء	99
فصل	بين	79
فصل	الصيف	59
فضل	الله	99
فضلا	عن	99
فعالة	في	99
فعاليات	المؤتمر	99
فعاليات	التدريب	59
فعاليات	هذه	59
فعالية	خطابية	99
فعل	ذلك	99
فعل	على	57
فعل	أي	42
فعله	في	99
فعلى	سبيل	99
ففي	العام	99
ففي	عام	99
ففي	حين	99
فقد	تم	99
فقد	يكون	50
فقد	كان	37
فقد	أصبح	31
فقدان	الوزن	99
فقدان	حاسة	99
فقر	مدقع	99
فقط	من	99
فقط	في	46
فقط	على	41
فقط	بل	9
فقلت	له	99
فكرة	أن	99
فكرة	إنشاء	99
فلا	يمكن	99
فلا	يزال	79
فلا	بد	59
فلا	يجد	59
فلاديمير	بوتين	99
فلاديمير	زيلينسكي	14
فلسطين	المحتلة	99
فلسطين	هي	50
فلسطين	محمود	50
فلسطين	الاخبارية	50
فلسطيني	في	99
فلسطينية	أن	99
فلسطينيين	في	99
فلن	تكون	99
فلن	يكون	59
فما	هي	99
فما	هو	79
فما	الذي	79
فما	كان	59
فمن	المحتمل	99
فمن	المؤكد	59
فمن	الممكن	59
فمن	الواضح	59
فنلندا	والسويد	99
فهو	لا	99
فهو	شخص	99
فهو	يريد	74
فوات	الأوان	99
فواتير	الطاقة	99
فواتير	الكهرباء	74
فوزه	على	99
فوزه	في	74
فوق	مستوى	99
فوق	المرتفعات	79
فوق	سطح	79
فوق	سن	79
فولوديمير	زيلينسكي	99
فون	دير	99
فى	إطار	99
فى	العمل	74
فى	كل	74
فى	أى	74
في	بيان	99
في	وقت	94
في	هذا	88
في	عام	82
فيجب	أن	99
فيديو	على	99
فيديو	يظهر	54
فيديو	وصور	27
فيديو	نشره	27
فيروس	كورونا	99
فيروس	جدري	5
فيس	بوك	99
فيصل	بن	99
فيلق	القدس	99
فيلم	وثائقي	99
فيما	يتعلق	99
فيما	يخص	35
فيما	تم	25
فيما	بعد	25
فيمكن	أن	99
فينسيت	أبو	99
فيه	أن	99
فيه	إن	74
فيه	عن	66
فيه	الرئيس	41
فيها	على	99
فيها	عن	73
فيها	رئيس	26
فيها	قبل	20
فيينا	بشأن	99
قائد	الجيش	99
قائد	الثورة	99
قائد	فيلق	50
قائد	القوات	42
قائلا	إن	99
قائلا	إنه	21
قائلا	إنها	21
قائلا	له	21
قائلة	إن	99
قائلة	إنها	77
قائم	على	99
قائمة	على	99
قائمة	العقوبات	30
قائمة	الدول	30
قائمة	التراث	30
قابلة	للتجديد	99
قادة	دول	99
قادة	الدول	99
قادة	العالم	82
قادة	روسيا	50
قادت	إلى	99
قادر	على	99
قادرا	على	99
قادرة	على	99
قادرون	على	99
قادرين	على	99
قادما	من	99
قادمة	من	99
قادمين	من	99
قاسم	سليماني	99
قاسم	جومارت	57
قاسية	على	99
قاض	في	99
قاضي	التحقيق	99
قاعدة	دستورية	99
قاعدة	عسكرية	62
قاعدة	بيانات	37
قال	وزير	99
قال	الرئيس	77
قال	رئيس	71
قال	إن	67
قالت	وزارة	99
قالت	إنها	87
قالت	شركة	58
قالت	السلطات	47
قالوا	إن	99
قالوا	إنها	74
قام	بها	99
قام	به	72
قام	الجيش	22
قام	أحد	16
قامت	بها	99
قامت	القوات	28
قامت	السلطات	16
قامت	به	16
قاموا	به	99
قاموا	بها	99
قانون	المالية	99
قانون	العقوبات	37
قانون	الموازنة	25
قانون	الكابيتال	19
قانونية	ضد	99
قبالة	سواحل	99
قبالة	الساحل	44
قبة	البرلمان	99
قبضته	على	99
قبل	أن	99
قبل	أيام	15
قبل	نهاية	10
قبل	نحو	10
قبيل	انطلاق	99
قتل	ثلاثة	99
قتل	المدنيين	74
قتلوا	في	99
قتلى	وجرحى	99
قد	يكون	99
قد	تكون	95
قد	تم	51
قد	لا	48
قداسة	البابا	99
قدر	الإمكان	99
قدر	من	99
قدر	ممكن	66
قدرة	على	99
قدرة	كبيرة	20
قدرته	على	99
قدرتها	على	99
قدرتهم	على	99
قدم	وساق	99
قدما	في	99
قدمته	من	99
قذائف	صاروخية	99
قذائف	مدفعية	99
قرار	مجلس	99
قرار	المحكمة	53
قرار	بشأن	46
قرار	رئيس	38
قرارات	مجلس	99
قرارات	سياسية	74
قرارات	المجلس	74
قرب	الحدود	99
قرب	مدينة	99
قرب	قرية	74
قرب	بلدة	74
قرر	مجلس	99
قرر	الاتحاد	99
قرص	مهلوس	99
قرعة	بطولة	99
قره	باغ	99
قريب	في	99
قريب	من	74
قريبا	جدا	99
قريبا	عن	99
قريبة	من	99
قريبين	من	99
قرية	النبي	99
قسم	شرطة	99
قصارى	جهدنا	99
قصة	حب	99
قصر	بعبدا	99
قصر	باكنغهام	66
قصر	الاتحادية	50
قصير	من	99
قصيرة	الأجل	99
قصيرة	من	99
قصيرة	المدى	99
قضايا	فساد	99
قضايا	التعاون	59
قضت	محكمة	99
قضية	فلسطين	99
قضية	قتل	74
قضية	الأسرى	74
قضية	مقتل	74
قطاع	غزة	99
قطاع	الطاقة	36
قطاع	السياحة	11
قطاع	الثروة	9
قطر	الشقيقة	99
قطع	العلاقات	99
قطع	الغيار	27
قطعة	من	99
قطعة	سلاح	42
قطعة	أرض	42
قطعة	أثرية	42
قطيع	من	99
قلب	كل	99
قلة	النوم	99
قلقة	من	99
قلل	من	99
قليل	من	99
قليل	الغيوم	41
قليلا	عن	99
قليلة	من	99
قليلة	السحب	57
قمة	العشرين	99
قمة	مجموعة	82
قمة	جدة	50
قمة	منظمة	50
قنابل	الغاز	99
قناة	الجزيرة	99
قناة	المسيرة	37
قناة	السويس	37
قناته	في	99
قناتها	على	99
قنوات	التواصل	99
قوات	الاحتلال	99
قوات	الأمن	23
قوات	الجيش	7
قوات	سوريا	6
قواتنا	المسلحة	99
قواتها	العسكرية	99
قواسم	مشتركة	99
قواعد	اللعبة	99
قواعد	اللباس	59
قواعد	عسكرية	59
قوة	من	99
قوة	الأمم	36
قوة	الدفع	27
قوة	عسكرية	27
قوله	إن	99
قوله	بأن	33
قولها	إن	99
قولها	في	50
قولهم	إن	99
قوى	العدوان	99
قوى	الأمن	52
قوى	الامن	26
قوى	المعارضة	16
قوي	من	99
قوية	في	99
قوية	مع	66
قوية	على	66
قوية	بشكل	50
قيادة	الجيش	99
قيادة	العمليات	82
قيادة	السلطة	66
قيادة	البلاد	50
قياسي	جديد	99
قياسي	في	99
قياسي	بلغ	59
قياسية	من	99
قيام	القوات	99
قيام	بعض	99
قيام	روسيا	99
قيد	الحياة	99
قيد	الإقامة	25
قيد	الإنشاء	25
قيد	التحقيق	25
قيس	سعيد	99
قيمة	العملة	99
قيمة	الشيكات	74
قيمتها	نحو	99
قيمتها	إلى	99
قيود	على	99
قيود	جديدة	59
كأس	العالم	99
كأس	أمم	7
كأس	الأمم	7
كأس	الاتحاد	3
كارثة	إنسانية	99
كارثية	على	99
كازاخستان	في	99
كاف	من	99
كافة	الإجراءات	99
كافة	المستويات	45
كافة	الجهات	36
كافة	الجهود	36
كاليفورنيا	الأمريكية	99
كاليفورنيا	في	74
كامب	ديفيد	99
كامل	مع	99
كاملة	من	99
كاملة	في	85
كاميرات	المراقبة	99
كان	من	99
كان	هناك	58
كان	ذلك	31
كان	قد	28
كانا	على	99
كانت	هناك	99
كانت	عليه	38
كانت	هذه	33
كانت	قد	33
كانوا	في	99
كانوا	على	69
كانوا	يحاولون	23
كانوا	يعملون	23
كانون	الأول	99
كانون	الثاني	83
كانون	الاول	9
كبار	المسؤولين	99
كبار	السن	82
كبار	مساعدي	50
كبح	جماح	99
كبديل	عن	99
كبرى	في	99
كبرى	مدن	42
كبير	من	99
كبير	في	66
كبير	على	37
كبيرا	من	99
كبيرا	في	82
كبيرا	على	41
كبيرا	منذ	25
كبيرة	من	99
كبيرة	في	66
كبيرة	بين	10
كبيرة	مثل	9
كتائب	القسام	99
كتب	عليها	99
كتب	عن	74
كتلة	الوفاء	99
كتلة	نتنياهو	50
كثير	من	99
كثيرا	من	99
كثيرا	على	42
كثيرة	من	99
كثيف	من	99
كثيف	للرصاص	99
كجزء	من	99
كذلك	على	99
كذلك	إلى	66
كذلك	أن	44
كرة	القدم	99
كرة	السلة	21
كرة	قدم	10
كردستان	العراق	99
كردية	إيرانية	99
كرسي	متحرك	99
كريستيانو	رونالدو	99
كشف	عن	99
كشف	وزير	69
كشف	رئيس	50
كشف	الرئيس	40
كشفت	مصادر	99
كشفت	عن	74
كشفت	وسائل	62
كشفت	صحيفة	62
كل	من	99
كل	ما	43
كل	شيء	37
كل	هذه	16
كلا	من	99
كلا	الاتجاهين	33
كلا	الجانبين	33
كلفة	بدء	99
كلم	شمال	99
كلما	كان	99
كلمة	ألقاها	99
كلمة	له	69
كلمة	واحدة	50
كلمة	أمام	40
كلمته	التي	99
كلمته	خلال	99
كلية	الطب	99
كم	هائل	99
كما	أن	99
كما	تم	85
كما	أكد	46
كما	هو	45
كمال	رزيق	99
كمرحلة	أولى	99
كميات	كبيرة	99
كميات	من	63
كميات	أكبر	27
كمية	كبيرة	99
كمية	من	87
كمية	الطاقة	37
كنا	قد	99
كنت	في	99
كندا	في	99
كندا	والولايات	50
كنيس	يهودي	99
كهرباء	لبنان	99
كهرباء	محافظة	74
كهربائية	ومعدات	99
كواحد	من	99
كوت	ديفوار	99
كوثر	كريكو	99
كورونا	في	99
كورونا	المستجد	44
كورونا	خلال	36
كورونا	رفعت	12
كوريا	الشمالية	99
كوريا	الجنوبية	56
كوكب	الأرض	99
كوكبة	من	99
كي	لا	99
كيان	العدو	99
كيان	الاحتلال	50
كيب	تاون	99
كيف	يمكن	99
كيف	كانت	31
كيف	أنه	19
كيف	يتم	19
كيفن	دي	99
كيفية	التعامل	99
كيفية	إدارة	99
كيلوغرام	من	99
كيلومتر	مربع	99
كيلومترا	من	99
كيليان	مبابي	99
كيم	جونغ	99
كييف	في	99
كييف	بعد	27
كييف	حيث	27
لأبطال	الجيش	99
لأبناء	شعبنا	99
لأبناء	الشعب	99
لأحد	أن	99
لأخبار	ليبيا	99
لأداء	صلاة	99
لأسعار	الغاز	99
لأشعة	الشمس	99
لأقل	من	99
لأكثر	من	99
لألعاب	البحر	99
لأن	هذا	99
لأن	هذه	71
لأن	كل	35
لأن	هناك	28
لأنه	لم	99
لأنه	لا	63
لأنه	ليس	36
لأنه	قد	27
لأنها	تؤثر	99
لأوانه	معرفة	99
لأوكرانيا	في	99
لأوكرانيا	بقيمة	37
لأول	مرة	99
لأولئك	الذين	99
لأي	شخص	99
لؤي	ارزيقات	99
لإجراء	الانتخابات	99
لإجراء	محادثات	59
لإجراء	انتخابات	59
لإحياء	ذكرى	99
لإدارة	وتنسيق	99
لإطلاق	النار	99
لإطلاق	نار	37
لإطلاق	الرصاص	19
لإعادة	النظر	99
لإعادة	التدوير	99
لإنتاج	الأدوية	99
لإنجاح	هذه	99
لإنجاز	هذا	99
لإنقاذ	حياة	99
لإنهاء	الحرب	99
لإنهاء	الصراع	59
لإيران	في	99
لا	يمكن	99
لا	تزال	69
لا	يزال	68
لا	سيما	48
لائحة	الاتهام	99
لابد	من	99
لابد	أن	45
لاتخاذ	الإجراءات	99
لاتخاذ	قرارات	59
لاتفاق	حول	99
لاجئ	من	99
لاجئ	سوري	99
لاحق	من	99
لاحق	اليوم	33
لاحقا	على	99
لاختيار	رئيس	99
لاستخدامها	في	99
لاستعادة	مناطق	99
لاستعادة	العاصمة	99
لاستكمال	الإجراءات	99
لاسيما	في	99
لاعب	في	99
لاعب	التنس	41
لاعب	المنتخب	33
لاعب	نادي	25
لاعبة	التنس	99
لاعبين	مثل	99
لافتا	إلى	99
لافتة	إلى	99
لافروف	إلى	99
لافروف	أن	82
لاقتحامات	المستوطنين	99
لانتخاب	رئيس	99
لبثت	أن	99
لبس	فيه	99
لبطولة	كأس	99
لبطولة	الرابطة	59
لبعض	الدول	99
لبلاده	في	99
لبنان	على	99
لبنان	عبر	43
لبنان	الذي	43
لبنان	وإسرائيل	37
لبي	بي	99
لبيان	صادر	99
لبيانات	وزارة	99
لتحرير	تيغراي	99
لتحسين	العلاقات	99
لتحقيق	الفوز	99
لتحقيق	التنمية	79
لتحقيق	السلام	59
لتحقيق	الأمن	59
لتحل	محل	99
لتحلية	مياه	99
لترسيم	الحدود	99
لترشيد	استهلاك	99
لتسليط	الضوء	99
لتشكيل	حكومة	99
لتشكيل	الحكومة	30
لتصبح	أعلى	99
لتصدير	الغاز	99
لتصل	إلى	99
لتطبيع	العلاقات	99
لتطوير	قطاع	99
لتعديل	قانون	99
لتعزيز	العلاقات	99
لتعزيز	التعاون	66
لتعزيز	الأمن	50
لتغير	المناخ	99
لتفريق	المتظاهرين	99
لتقديم	المساعدة	99
لتقديم	الخدمات	66
لتقديم	مساعدات	50
لتقديم	الدعم	50
لتكون	أول	99
لتلبية	احتياجات	99
لتلبية	الطلب	99
لتلقي	العلاج	99
لتلك	التي	99
لتنظيم	داعش	99
لتنظيم	الدولة	99
لتنفيذ	عمليات	99
لتنفيذ	هذا	74
لتنفيذ	عملية	74
لتهيئة	ظروف	99
لتوجيهات	رئيس	99
لتوزيعها	على	99
لتوليد	الكهرباء	99
لجامعة	الدول	99
لجمع	التبرعات	99
لجمهورية	طاجيكستان	99
لجميع	أفراد	99
لجنة	الشؤون	99
لجنة	الانتخابات	89
لجنة	التحكيم	89
لجنة	الأمن	59
لحركة	حماس	99
لحركة	الجهاد	74
لحركة	فتح	74
لحزب	الله	99
لحزب	المحافظين	18
لحساب	ذهاب	99
لحشد	الدعم	99
لحقوق	الإنسان	99
لحقوق	الانسان	14
لحل	الأزمة	99
لحل	المشكلة	62
لحل	مشاكل	37
لحل	النزاع	37
لحلف	الناتو	99
لحلف	شمال	85
لحماية	أنفسهم	99
لحمايتها	من	99
لخام	برنت	99
لخام	غرب	99
لخدمة	المواطنين	99
لخط	أنابيب	99
لخطر	الإصابة	99
لخطر	أزمة	99
لخمس	سنوات	99
لخوض	الانتخابات	99
لدرجة	أن	99
لدرجة	أنه	50
لدعم	الحكومة	99
لدعم	وضد	99
لدعم	أوكرانيا	99
لدعمها	في	99
لدفع	ثمن	99
لدوره	في	99
لدول	غرب	99
لدول	الخليج	99
لدولة	الإمارات	99
لدونالد	ترامب	99
لدى	الأمم	99
لدى	البنك	53
لدى	الأشخاص	53
لدى	إسرائيل	53
لدينا	أي	99
لديه	أي	99
لديه	خطط	42
لديه	ما	42
لديها	أي	99
لذا	فإن	99
لذا	يجب	66
لذا	إن	50
لذلك	فإن	99
لذلك	لا	89
لذلك	من	79
لذلك	يجب	40
لرئاسة	الجمهورية	99
لرئاسة	الحكومة	42
لرئيس	الوزراء	99
لرئيس	مجلس	76
لرئيس	الحكومة	46
لرئيس	الجمهورية	38
لرجال	الأعمال	99
لرفع	مستوى	99
لروسيا	في	99
لزم	الأمر	99
لزيادة	عدد	99
لزيارة	الرئيس	99
لسان	وزير	99
لسعر	النفط	99
لسعر	الغاز	74
لسنا	في	99
لسنوات	عديدة	99
لسنوات	طويلة	99
لشؤون	اللاجئين	99
لشؤون	الشرق	42
لشركات	الطيران	99
لشركة	الطيران	99
لشركة	النفط	99
لشن	هجوم	99
لشن	هجمات	74
لشهر	تشرين	99
لصالح	قرار	99
لضمان	عدم	99
لضمان	أمن	37
لضمان	حسن	37
لضمان	استمرار	37
لطالما	كانت	99
لطيفة	في	99
لعب	دور	99
لعدة	ساعات	99
لعدد	من	99
لعدم	وجود	99
لعقد	جلسة	99
لعقد	اجتماع	74
لعملية	جراحية	99
لغزو	أوكرانيا	99
لـ	سانا	99
لفت	انتباه	99
لفترات	طويلة	99
لفترة	طويلة	99
لفترة	أطول	72
لفترة	وجيزة	72
لفرانس	برس	99
لفرض	عقوبات	99
لفيروس	كورونا	99
لقاء	مع	99
لقاء	الرئيس	31
لقاء	بين	25
لقاء	رئيس	25
لقاءات	مع	99
لقائه	مع	99
لقد	كان	99
لقد	كانت	42
لقد	تم	42
لقد	عملنا	28
لقطات	مصورة	99
لقناة	السويس	99
لقوا	حتفهم	99
لقوات	الاحتلال	99
لقوات	النظام	59
لقواته	في	99
لقوى	الأمن	99
لقي	ثمانية	99
لك	أن	99
لكأس	العالم	99
لكثير	من	99
لكرة	القدم	99
لكرة	السلة	4
لكرة	اليد	4
لكل	من	99
لكل	منهما	42
لكل	شخص	35
لكل	ما	35
لكلا	البلدين	99
لكم	على	99
لكن	لم	99
لكن	هذا	77
لكن	لا	60
لكن	ما	60
لكننا	نعلم	99
لكننا	لن	59
لكننا	لا	59
لكنني	لا	99
لكنني	أعتقد	99
لكنه	لم	99
لكنه	قال	28
لكنه	أضاف	19
لكنه	كان	19
لكنها	لم	99
لكنها	لا	28
لكنها	ما	24
لكنها	كانت	19
لكنهم	لم	99
لكنهم	لا	74
لكوريا	الشمالية	99
لكي	لا	99
للأرصاد	الجوية	99
للأسلحة	النووية	99
للأشخاص	الذين	99
للأشخاص	ذوي	50
للأطفال	المصابين	99
للأطفال	من	99
للأطفال	الذين	99
للأمم	المتحدة	99
للأمن	القومي	99
للأمن	الغذائي	41
للأمن	الوطني	41
للأمن	العام	41
للأمين	العام	99
للأوضاع	الاقتصادية	99
للإدارة	الأمريكية	99
للإشارة	إلى	99
للإشراف	على	99
للإصابة	بأمراض	99
للإعلان	عن	99
للإفراج	عن	99
للاتحاد	الأوروبي	99
للاتحاد	الدولي	38
للاتحاد	الإفريقي	23
للاتفاق	على	99
للاجئين	الفلسطينيين	99
للاحتجاج	على	99
للاستثمار	في	99
للاستفادة	من	99
للاستمرار	في	99
للاستيلاء	على	99
للاشتباه	في	99
للاشخاص	ذوي	99
للاطلاع	على	99
للاطمئنان	على	99
للاعبين	المحليين	99
للاعتداء	على	99
للاقتصاد	الوطني	99
للانتخابات	الرئاسية	99
للانتخابات	في	66
للانتخابات	النيابية	44
للانضمام	إلى	99
للبحث	في	99
للبحث	عن	62
للبحث	العلمي	37
للبدء	في	99
للبرلمان	في	99
للبنان	في	99
للبنك	المركزي	99
للبيت	الأبيض	99
للبيع	في	99
للتأثير	على	99
للتأكد	من	99
للتأكيد	على	99
للتايمز	أوف	99
للتحذير	من	99
للتحقيق	في	99
للتحكم	في	99
للتخفيف	من	99
للتخلص	من	99
للتخلي	عن	99
للتدخل	في	99
للتراجع	عن	99
للتركيز	على	99
للتصويت	على	99
للتضامن	مع	99
للتعامل	مع	99
للتعاون	مع	99
للتعبير	عن	99
للتعرف	على	99
للتعليق	على	99
للتغلب	على	99
للتفاعل	بين	99
للتفاوض	مع	99
للتواجد	في	99
للتواصل	الاجتماعي	99
للتوجه	إلى	99
للتوصل	إلى	99
للجماعات	الإرهابية	99
للجمعية	العامة	99
للجمهورية	الإسلامية	99
للجميع	أن	99
للجوء	إلى	99
للجيش	الإسرائيلي	99
للجيش	الأمريكي	82
للجيش	الأوكراني	66
للجيش	الوطني	66
للحالات	المثبتة	99
للحد	من	99
للحديث	عن	99
للحرب	في	99
للحرس	الثوري	99
للحزب	الشيوعي	99
للحصول	على	99
للحفاظ	على	99
للحكومة	في	99
للحكومة	المعترف	74
للحكومة	اليمنية	37
للحماية	من	99
للحوار	مع	99
للحيلولة	دون	99
للخروج	من	99
للدخول	المدرسي	99
للدعم	في	99
للدفاع	عن	99
للدفاع	الجوي	11
للدموع	لتفريق	99
للدول	التي	99
للدولة	في	99
للديوان	الوطني	99
للذهاب	إلى	99
للرأي	العام	99
للرئيس	الروسي	99
للرئيس	عبد	79
للرئيس	الأوكراني	79
للرئيس	الأمريكي	59
للرد	على	99
للرقابة	على	99
للسريان	الأرثوذكس	99
للسفر	إلى	99
للسلطات	العمومية	99
للسلطة	في	99
للسيطرة	على	99
للشؤون	السياسية	99
للشؤون	الخارجية	99
للشرطة	القضائية	99
للشرطة	في	79
للشرطة	الإسرائيلية	59
للشرق	الأوسط	99
للشركات	التي	99
للشعب	الفلسطيني	99
للشعب	اليمني	81
للشعب	الجزائري	27
للشعب	الصحراوي	27
للشمول	المالي	99
للصحفيين	في	99
للصليب	الأحمر	99
للصمود	في	99
للصناعة	الصيدلانية	99
للضغط	على	99
للضغط	من	50
للضفة	الغربية	99
للطاقة	الذرية	99
للطاقة	النووية	43
للطريقة	التي	99
للطعن	في	99
للطيران	الاستطلاعي	99
للعام	الدراسي	99
للعام	المالي	99
للعام	الجاري	74
للعب	في	99
للعثور	على	99
للعديد	من	99
للعلوم	الطبية	99
للعمل	على	99
للعمل	في	66
للعمل	مع	25
للعملية	العسكرية	99
للعملية	السياسية	59
للعودة	إلى	99
للعيش	في	99
للغاز	الطبيعي	99
للغاز	في	54
للغاية	من	99
للغاية	بالنسبة	37
للغاية	مع	37
للغة	العربية	99
للفوز	بجائزة	99
للقانون	الدولي	99
للقتال	في	99
للقضاء	على	99
للقضية	الفلسطينية	99
للقمح	في	99
للقوات	المسلحة	99
للقوات	الجوية	19
للقوات	الروسية	15
للقوات	الأوكرانية	11
للقوة	ضد	99
للقيام	بذلك	99
للقيود	المفروضة	99
للكثير	من	99
للكشف	عن	99
للمباراة	النهائية	99
للمتحدث	باسم	99
للمجلس	الأعلى	99
للمجلس	المركزي	66
للمحافظة	على	99
للمحكمة	العليا	99
للمحيطات	والغلاف	99
للمديرية	العامة	99
للمرة	الأولى	99
للمرة	الثالثة	27
للمرة	الثانية	27
للمرة	السابعة	10
للمرحلة	المقبلة	99
للمركز	الوطني	99
للمزيد	من	99
للمساعدة	في	99
للمساهمة	في	99
للمسجد	الأقصى	99
للمشاركة	في	99
للمشاريع	والإرث	99
للمشهد	السياسي	99
للمصالحة	بين	99
للمصدر	ذاته	99
للمضي	قدما	99
للمقاومة	النائب	99
للملكة	إليزابيث	99
للمملكة	العربية	99
للمملكة	المتحدة	59
للمنتخب	الوطني	99
للمنتخب	المغربي	59
للموسم	الحالي	99
للنظام	الدولي	99
للنظر	في	99
للنفط	في	99
للنهوض	بالاقتصاد	99
لله	رب	99
للهجوم	على	99
للهروب	من	99
للهيمنة	على	99
للوزراء	في	99
للوصول	إلى	99
للوصول	الى	10
للوضع	في	99
للوظيفة	العمومية	99
للوقاية	من	99
للوقوف	على	99
للوقوف	مع	27
للوكالة	الدولية	99
للولايات	المتحدة	99
لليوم	الثاني	99
لليوم	الثالث	99
لم	يكن	99
لم	تكن	50
لم	يتم	49
لم	يعد	35
لمؤتمر	أطراف	99
لما	نقلته	99
لما	ذكرته	77
لما	فيه	77
لما	ذكره	66
لماذا	لا	99
لماذا	لم	50
لمتابعة	المقتضى	99
لمتابعة	تنفيذ	99
لمثل	هذه	99
لمثل	هذا	74
لمجلس	الوزراء	99
لمجلس	الأمن	47
لمجموعة	من	99
لمحاكم	الاحتلال	99
لمحطة	زابوروجيه	99
لمدة	خمس	99
لمدة	ثلاثة	99
لمدة	تصل	99
لمدة	عامين	62
لمراسل	سانا	99
لمراسلة	سانا	99
لمرة	واحدة	99
لمرضى	السكري	99
لمزيد	من	99
لمسابقة	الدوري	99
لمساعدة	الأشخاص	99
لمصرف	لبنان	99
لمعالجة	هذه	99
لمعرفة	ما	99
لمكافحة	الأمراض	99
لمكافحة	الإرهاب	50
لمكافحة	الفساد	42
لمكافحة	عمليات	21
لملف	ترسيم	99
لمنتدى	الدول	99
لمنصب	رئيس	99
لمنظمة	التحرير	99
لمنظمة	الصحة	99
لمنظمة	التعاون	55
لمنظمة	معاهدة	44
لمنع	أي	99
لمنع	المزيد	99
لمواجهة	أي	99
لمواجهة	هذه	82
لمواجهة	ما	50
لمواجهة	فريق	50
لمونديال	قطر	99
لمياه	الشرب	99
لن	يكون	99
لن	تكون	61
لن	يسمح	19
لن	يتم	19
لنا	أن	99
لنزع	سلاح	99
لنزع	السلاح	74
لنصف	النهائي	99
لنقل	الغاز	99
لنهائيات	كأس	99
له	في	99
له	على	46
له	تأثير	32
له	خلال	25
لها	في	99
لها	من	91
لها	منذ	36
لها	دور	28
لهدف	في	99
لهذا	العام	99
لهذا	السبب	82
لهذا	الغرض	41
لهذا	النوع	33
لهذه	البطولة	99
لهذه	الغاية	99
لهيئة	البث	99
لو	كان	99
لو	لم	42
لو	كانت	28
لو	كنت	28
لوجه	الله	99
لوزارة	الخارجية	99
لوزارة	الدفاع	82
لوزارة	الصحة	74
لوزارة	العدل	41
لوزراء	خارجية	99
لوزير	الخارجية	99
لوس	أنجلوس	99
لوسائل	إعلام	99
لوغانسك	ودونيتسك	99
لوغانسك	الشعبية	74
لوكالة	فرانس	99
لوكالة	الأنباء	81
لوكالة	الفضاء	9
لوكهيد	مارتن	99
لولا	دا	99
لولاية	ثالثة	99
لولي	العهد	99
لويس	إيناسيو	99
ليبيا	إلى	99
ليتمكن	من	99
ليرة	لبنانية	99
ليرة	سورية	28
ليرة	لكل	21
ليرة	للشراء	21
ليرتفع	العدد	99
ليز	تراس	99
ليس	فقط	99
ليس	من	53
ليس	هناك	50
ليس	لديه	46
ليست	سوى	99
ليست	فقط	50
ليست	المرة	50
ليصل	إلى	99
ليعود	إلى	99
ليفربول	الإنجليزي	99
ليل	الثلاثاء	99
ليل	الجمعة	99
ليلة	رأس	99
ليلة	الأربعاء	74
ليندا	توماس	99
ليوم	غد	99
ليونيل	ميسي	99
مؤتمر	صحفي	99
مؤتمر	الأمم	16
مؤتمر	صحافي	16
مؤتمر	دولي	8
مؤسس	شركة	99
مؤسسات	الدولة	99
مؤسسة	كهرباء	99
مؤشر	على	99
مؤشر	أسعار	74
مؤكدا	أن	99
مؤكدا	أنه	26
مؤكدا	على	18
مؤكدا	أنها	9
مؤكدة	أن	99
مؤكدة	أنها	50
مؤكدة	على	37
مؤكدة	عن	19
مؤكدين	أن	99
مئات	الآلاف	99
مئات	الملايين	42
مئات	الأشخاص	42
ما	إذا	99
ما	بين	98
ما	هو	90
ما	أدى	51
مادة	المازوت	99
ماذا	عن	99
ماذا	يعني	36
ماذا	قالت	27
ماذا	وراء	27
مارس	الماضي	99
مارس	المقبل	79
مارس	الجاري	79
مارس	آذار	59
ماريا	زاخاروفا	99
ماريو	دراغي	99
ماريوبول	وفولنوفاخا	99
ماسة	إلى	99
ماسك	على	99
ماسك	عن	74
ماضية	في	99
ماكرون	على	99
ماكرون	إلى	74
مالي	على	99
مالية	قدرها	99
مالية	بقيمة	79
مالية	كبيرة	79
مالية	غير	59
مانشستر	يونايتد	99
مانشستر	سيتي	81
مانع	من	99
مانويل	لوبيز	99
مايا	ساندو	99
مايك	بومبيو	99
مبابي	في	99
مباحثات	مع	99
مبادرات	لتعزيز	99
مباراة	تحديد	99
مباراة	كرواتيا	99
مباراة	مع	99
مباراة	واحدة	74
مباراته	مع	99
مباريات	الجولة	99
مباريات	كأس	66
مباريات	الدوري	33
مباشر	في	99
مباشر	مع	42
مباشرة	إلى	99
مباشرة	من	74
مباشرة	مع	66
مباشرة	بين	41
مبالغ	مالية	99
مبدأ	المساواة	99
مبرزا	أن	99
مبعوث	الأمم	99
مبكر	من	99
مبكرة	من	99
مبنى	الكابيتول	99
مبنى	سكني	42
مبنى	وزارة	42
مبنى	بلدية	42
مبنية	على	99
مبيعات	الأسلحة	99
مبينا	أن	99
مبينا	أنه	57
متأثرا	بإصابته	99
متأخر	من	99
متأخرة	من	99
متأكد	من	99
متابعة	تنفيذ	99
متابعيه	على	99
متبادل	المنفعة	99
متجر	في	99
متجهة	إلى	99
متحالفة	معها	99
متحدث	باسم	99
متحف	التاريخ	99
متخصص	في	99
متخصصة	في	99
متر	مكعب	99
متر	مربع	58
مترامية	الأطراف	99
متزايد	في	99
متزايد	من	79
متزايد	إلى	59
متزايدة	على	99
متعدد	الأقطاب	99
متعددة	من	99
متعددة	الجنسيات	79
متفاوتة	الخطورة	99
متفرقة	من	99
متفرقة	بالضفة	50
متقدم	في	99
متقدما	على	99
متقدمة	في	99
متقدمة	من	79
متقلب	المزاج	99
متن	الطائرة	99
متن	طائرة	50
متن	السفينة	50
متنوعة	من	99
متورطين	في	99
متوسط	ارتفاع	99
متوسط	دخل	37
متوقعة	في	99
متى	ما	99
مثال	على	99
مثل	هذه	99
مثل	هذا	59
مثل	أمراض	7
مثل	أي	7
مثله	في	99
مثيرة	للجدل	99
مثيري	الشغب	99
مثيل	لها	99
مثيل	في	74
مجال	الطاقة	99
مجال	حقوق	79
مجال	إنتاج	50
مجال	الصناعة	50
مجالات	التعاون	99
مجالات	الطاقة	59
مجددا	في	99
مجددا	على	74
مجدي	يعقوب	99
مجلس	النواب	99
مجلس	الوزراء	56
مجلس	الأمن	56
مجلس	إدارة	26
مجلسي	النواب	99
مجمع	سوناطراك	99
مجموع	المتماثلين	99
مجموعات	من	99
مجموعات	مسلحة	50
مجموعة	من	99
مجموعة	العشرين	15
مجموعة	السبع	9
مجموعة	متنوعة	6
مجهولة	المصدر	99
محادثات	مع	99
محادثات	سلام	26
محادثات	السلام	16
محادثة	هاتفية	99
محاذاة	الكواكب	99
محاربة	ظاهرة	99
محاربي	الصحراء	99
محاسبة	المسؤولين	99
محافظ	كفر	99
محافظ	البنك	99
محافظ	الجيزة	74
محافظ	بنك	74
محافظات	الجمهورية	99
محافظة	الحديدة	99
محافظة	البيضاء	31
محافظة	شبوة	31
محافظة	رام	26
محاولة	للتوصل	99
محاولة	للحد	99
محتملة	في	99
محتملة	من	99
محددة	من	99
محذرا	من	99
محذرة	من	99
محسوبة	على	99
محطات	توليد	99
محطات	الطاقة	99
محطات	الوقود	99
محطات	الرصد	59
محطة	الطاقة	99
محطة	زابوريجيا	88
محطة	زابوروجيه	55
محطة	الفضاء	33
محظور	في	99
محكمة	العدل	99
محكمة	جنايات	54
محكمة	الجنايات	45
محكمة	الاحتلال	45
محل	تجاري	99
محللون	أن	99
محلية	بأن	99
محلية	أن	74
محلية	وتنفيذية	74
محلية	ودولية	74
محمد	بن	99
محمد	صلاح	26
محمد	شياع	16
محمد	علي	10
محمدطائر	ذاكر	99
محمود	عباس	99
محمود	أبو	15
محمود	الدبعي	15
محور	المقاومة	99
محيط	مدينة	99
مخاطر	الإصابة	99
مخالفة	صريحة	99
مخاوف	من	99
مخاوف	بشأن	32
مخاوفه	من	99
مختصة	في	99
مختلف	المجالات	99
مختلف	أنحاء	62
مختلف	المحافظات	50
مختلف	دول	37
مختلفة	من	99
مختلفة	في	68
مختلفة	عن	31
مخدر	الحشيش	99
مخطط	عمل	99
مخيم	جنين	99
مخيم	العروب	63
مخيم	شعفاط	36
مخيمات	النازحين	99
مداخلة	له	99
مدار	الساعة	99
مدار	السنوات	87
مدار	يومين	62
مدار	ثلاثة	50
مداها	إلى	99
مدخل	مدينة	99
مدخل	مخيم	74
مدخل	قرية	74
مدرب	منتخب	99
مدرب	المنتخب	79
مدرسة	التربية	99
مدعوة	إلى	99
مدفعي	مكثف	99
مدن	البلاد	99
مدنية	في	99
مدى	عقود	99
مدى	السنوات	99
مدى	الحياة	71
مدى	الرؤية	57
مدير	عام	99
مدير	مكتب	53
مدير	إدارة	28
مدير	المديرية	25
مديريات	المحافظة	99
مديريات	التربية	59
مديرية	الأمن	99
مديرية	أمن	66
مديرية	المخابرات	55
مديرية	التوجيه	44
مدينة	القدس	99
مدينة	رام	54
مدينة	جنين	41
مدينة	نيويورك	37
مدينتي	ماريوبول	99
مدينتي	نابلس	99
مذكرة	تفاهم	99
مذكرة	التفاهم	53
مذكرة	إلى	20
مذكرة	احتجاج	20
مر	السنين	99
مرات	في	99
مرات	من	44
مرات	عدة	33
مرارا	وتكرارا	99
مراسل	وكالة	99
مراسل	شبكة	74
مراسل	القناة	74
مراسم	إحياء	99
مراقب	في	99
مراكب	الصيادين	99
مراكز	البحث	99
مراكز	مكافحة	99
مراكز	الاقتراع	99
مربع	من	99
مرة	أخرى	99
مرة	في	38
مرة	منذ	25
مرة	واحدة	20
مرت	على	99
مرت	بها	99
مرتزقة	العدوان	99
مرتضى	منصور	99
مرتفعا	جدا	99
مرتفعة	على	99
مرتين	في	99
مرحلة	ما	99
مرحلة	من	87
مرحلة	جديدة	87
مرسوم	تنفيذي	99
مرض	السكري	99
مرض	السرطان	57
مرض	فيروس	42
مرغوب	فيه	99
مرفأ	بيروت	99
مركبات	المواطنين	99
مركز	الزلزال	99
مركز	أبحاث	85
مركز	إدارة	57
مركز	اقتراع	57
مريض	في	99
مريضا	بالعناية	99
مزاعم	عن	99
مزقتها	الحرب	99
مزيد	من	99
مزيدا	من	99
مسألة	حقوق	99
مسؤول	في	99
مسؤول	أمريكي	53
مسؤول	إسرائيلي	40
مسؤول	كبير	33
مسؤولا	عن	99
مسؤولة	عن	99
مسؤولون	في	99
مسؤولون	أمريكيون	57
مسؤولون	إسرائيليون	42
مسؤولون	أمنيون	42
مسؤولية	الأزمة	99
مسؤوليته	في	99
مسؤوليته	عن	99
مسؤوليتها	عن	99
مسؤولين	في	99
مسؤولين	أميركيين	40
مسؤولين	إسرائيليين	40
مسؤولين	أمريكيين	30
مساء	اليوم	99
مساء	أمس	42
مساء	يوم	21
مساء	الثلاثاء	14
مسابقة	الدوري	99
مساحات	شاسعة	99
مسار	الرحلة	99
مسار	العلاقات	99
مساعد	وزير	99
مساعد	الرئيس	37
مساعدات	عسكرية	99
مساعدات	إنسانية	85
مساعدات	مالية	71
مساعدة	وزير	99
مساعدة	صندوق	99
مسافة	تصل	99
مسبوق	في	99
مسبوقة	في	99
مسبوقة	على	59
مستشار	الأمن	99
مستشار	الرئيس	59
مستشار	رئيس	40
مستشفى	رفيديا	99
مستشفى	شفاء	74
مستقرا	عند	99
مستمر	في	99
مستمرة	في	99
مستمرة	حتى	59
مستوحاة	من	99
مستوطنون	على	99
مستوى	العالم	99
مستوى	له	61
مستوى	قياسي	46
مستوى	لها	38
مستويات	قياسية	99
مستويات	ما	71
مستويات	السكر	57
مستويات	إنتاج	42
مستوياتها	منذ	99
مسقط	رأسه	99
مسقط	رأس	74
مسلح	فلسطيني	99
مسلحة	من	99
مسلحون	مجهولون	99
مسلسل	الاختيار	99
مسلم	في	99
مسودة	الاتفاق	99
مسودة	اتفاق	99
مسيرة	في	99
مسيرة	إيرانية	50
مسيرة	أوكرانية	50
مشاة	قتالية	99
مشاركة	القطاع	99
مشاركته	في	99
مشاركتها	في	99
مشاركتهم	في	99
مشاركين	في	99
مشاريع	تنموية	99
مشاريع	قوانين	74
مشاعر	الخوف	99
مشاكل	في	99
مشترك	بين	99
مشتركة	بين	99
مشتركة	من	45
مشتركة	مع	27
مشددا	على	99
مشددة	على	99
مشددة	من	55
مشروع	قانون	99
مشروع	القانون	62
مشروع	مرسوم	25
مشروع	بناء	16
مشعل	الأحمد	99
مشكلة	في	99
مشيرا	إلى	99
مشيرا	أن	7
مشيرا	الى	6
مشيرة	إلى	99
مشيرة	الى	6
مشيرين	إلى	99
مصابا	بكورونا	99
مصادر	محلية	99
مصادر	في	70
مصادر	الطاقة	58
مصادر	مطلعة	41
مصالح	الأمن	99
مصالح	الحماية	57
مصالح	الأرصاد	57
مصالح	البلدين	42
مصالحة	وطنية	99
مصالحة	بين	99
مصحوبة	بالعواصف	99
مصدر	أمني	99
مصدر	في	90
مصدر	مطلع	72
مصدر	مسؤول	54
مصر	في	99
مصر	والأردن	31
مصر	العربية	31
مصر	خلال	31
مصرف	لبنان	99
مصطفى	الكاظمي	99
مصطفى	صنع	42
مصلحة	الأرصاد	99
مصلحة	الشعبين	99
مصنوعة	من	99
مضاد	للطائرات	99
مضى	على	99
مضيفا	أن	99
مضيفا	أنه	36
مضيفة	أن	99
مضيفة	أنها	45
مضيفة	أنه	36
مضيق	تايوان	99
مضيق	البوسفور	99
مطار	بن	99
مطار	بغداد	99
مطار	صنعاء	85
مطار	بيروت	57
مطروحة	على	99
مطلع	العام	99
مطلع	الشهر	77
مطلع	على	55
مطلع	هذا	44
مطلعة	أن	99
مطلق	النار	99
مظاهرة	في	99
مع	روسيا	99
مع	الرئيس	75
مع	نظيره	73
مع	دول	53
معا	في	99
معا	أن	74
معادية	للسامية	99
معاناة	المواطنين	99
معاناة	اليمنيين	74
معاناته	من	99
معاهدة	الأمن	99
معبر	الكرامة	99
معبر	الوليد	59
معتبرا	أن	99
معتبرا	ذلك	19
معتبرة	أن	99
معتبرين	أن	99
معتدلة	السرعة	99
معتدلة	إلى	15
معتقلات	الاحتلال	99
معدات	عسكرية	99
معدل	التضخم	99
معدل	نمو	26
معدل	البطالة	26
معدل	الوفيات	21
معدلات	الفائدة	99
معدلات	التضخم	82
معدلات	البطالة	66
معدلات	الإصابة	50
معدلاتها	الموسمية	99
معدلها	السنوي	99
معربا	عن	99
معربة	عن	99
معرضة	لخطر	99
معرفة	ما	99
معرفة	عدد	33
معركة	سيف	99
معروف	من	99
معظم	الناس	99
معظم	الدول	82
معظم	مناطق	66
معظم	الحالات	66
معظمهم	من	99
معفاة	من	99
معلقة	على	99
معلومات	عن	99
معلومات	حول	79
معلومات	استخباراتية	50
معلومات	جديدة	40
معنى	ذلك	99
معنى	الكلمة	99
معه	في	99
معها	من	99
معها	على	66
معهد	ديني	99
معين	من	99
معينة	من	99
مغادرة	منازلهم	99
مغادرة	الأراضي	99
مغادرته	البيت	99
مفادها	أن	99
مفادها	بأن	59
مفاوضات	فيينا	99
مفاوضات	مع	59
مفاوضات	السلام	59
مفاوضاتها	مع	99
مفترق	طرق	99
مفتوحة	إلى	99
مفتي	الجمهورية	99
مقابل	الدولار	99
مقابل	هدف	57
مقابل	الليرة	57
مقابل	اعتراض	57
مقابلات	مع	99
مقابلة	مع	99
مقابلة	تلفزيونية	10
مقابلة	أجراها	7
مقابلة	أجرتها	7
مقاتلة	من	99
مقاتلة	وطائرة	99
مقارنة	مع	99
مقارنة	بـ	28
مقارنة	بعام	14
مقارنة	بمستويات	14
مقاطع	فيديو	99
مقاطع	الفيديو	38
مقاطعة	خيرسون	99
مقاطعة	زابوروجيه	74
مقاطعتهم	لمحاكم	99
مقال	في	99
مقاومة	الجدار	99
مقتدى	الصدر	99
مقتل	الصحفي	99
مقتل	أربعة	87
مقتل	ما	74
مقتل	اثنين	50
مقتنع	بأن	99
مقدمة	من	99
مقر	وزارة	99
مقر	الرئاسة	82
مقر	إقامة	50
مقر	رئاسة	50
مقرب	من	99
مقربة	من	99
مقربون	من	99
مقررا	في	99
مقررة	في	99
مقرها	في	99
مقطع	فيديو	99
مقطع	الفيديو	27
مقطعا	مصورا	99
مقعد	في	99
مقعدا	من	99
مقومات	الحياة	99
مقياس	ريختر	99
مقيم	في	99
مكاسب	سياسية	99
مكافحة	الإرهاب	99
مكافحة	الأمراض	35
مكافحة	الفساد	35
مكافحة	هذه	17
مكالمة	هاتفية	99
مكالمة	من	74
مكان	الحادث	99
مكان	آخر	87
مكان	وجود	50
مكان	ما	37
مكانه	في	99
مكتب	التحقيقات	99
مكتب	رئيس	90
مكتب	الصحة	81
مكتب	المدعي	54
مكتبه	في	99
مكعب	من	99
مكون	من	99
مكونة	من	99
ملايين	دولار	99
ملايين	طن	63
ملايين	الأشخاص	54
ملايين	نسمة	45
ملحوظ	في	99
ملعب	البيت	99
ملعب	أحمدو	74
ملف	ترسيم	99
ملفات	تعريف	99
ملك	المملكة	99
ملموس	على	99
مليار	دولار	99
مليار	يورو	15
مليار	جنيه	13
مليار	دج	10
مليارات	دولار	99
مليارات	الدولارات	30
مليارات	درهم	13
مليون	دولار	99
مليون	يورو	25
مليون	برميل	23
مليون	شخص	21
مليوني	برميل	99
مما	أدى	99
مما	يؤدي	53
مما	يعني	46
مما	كان	46
مماثلة	في	99
ممارسات	الاحتلال	99
ممارسة	حقه	99
ممارسة	التمارين	74
ممارسة	الرياضة	74
ممتدة	من	99
ممثل	الاتحاد	99
ممثل	عن	74
ممثلة	في	99
ممثلي	المجلس	99
ممثلي	وسائل	74
ممثلين	عن	99
ممكن	من	99
من	خلال	99
من	أجل	90
من	قبل	77
من	دون	21
منا	أن	99
منا	لا	74
منازل	المواطنين	99
منازل	الفلسطينيين	20
مناسب	من	99
مناصب	الشغل	99
مناصب	العمل	99
مناطق	متفرقة	99
مناطق	البادية	89
مناطق	أخرى	69
مناطق	الشمال	59
منافسات	الجولة	99
منافسات	المجموعة	63
منافسات	كأس	45
منافسات	الدوري	36
مناقشات	مع	99
مناقشة	هذا	99
مناورات	عسكرية	99
منتجات	التبغ	99
منتخب	مصر	99
منتخب	الأرجنتين	38
منتخب	بلاده	28
منتخب	المغرب	28
منتخبات	في	99
منتخبات	المستوى	99
منتصف	الليل	99
منتصف	شهر	50
منتصف	القرن	50
منتصف	الطريق	37
منتظمة	مع	99
منتهية	الولاية	99
منح	الجنسية	99
منح	أوكرانيا	74
منحة	البطالة	99
منذ	عام	99
منذ	بداية	75
منذ	بدء	45
منذ	العام	37
منزل	عائلة	99
منزله	في	99
منزله	بمدينة	21
منزلها	في	99
منسق	الاتصالات	99
منشآت	نفطية	99
منشور	على	99
منشور	عبر	33
منشورات	عبر	99
منصات	التواصل	99
منصب	رئيس	99
منصب	وزير	46
منصب	مدير	23
منصة	رقمية	99
منطقة	الشرق	99
منطقة	حظر	46
منطقة	دونباس	33
منطقة	البحر	33
منظمات	غير	99
منظمات	حقوقية	85
منظمات	المجتمع	42
منظمات	حقوق	42
منظمة	الصحة	99
منظمة	شنغهاي	35
منظمة	إرهابية	22
منظمة	الأمم	22
منظومة	الدفاع	99
منعها	من	99
منفذ	عملية	99
منه	في	99
منه	إلى	50
منوها	إلى	99
مني	أركو	99
مهاجر	في	99
مهدي	المشاط	99
مهسا	أميني	99
مهلوس	من	99
مهم	جدا	99
مهم	للغاية	82
مهما	كانت	99
مهما	كان	38
مهمة	في	99
مهمة	من	44
مواجهات	مع	99
مواجهات	في	63
مواجهات	عنيفة	36
مواجهات	اندلعت	27
مواجهة	العدوان	99
مواجهة	التحديات	46
مواجهة	عسكرية	26
مواجهة	بين	20
مواد	غذائية	99
مواد	مخدرة	74
مواد	كيميائية	74
موارد	الطاقة	99
مواصلة	العمل	99
مواصلة	هذا	99
مواصلة	السير	99
مواطني	إسرائيل	99
مواطني	روسيا	74
موافقة	الدول	99
موافقة	مجلس	99
مواقع	التواصل	99
مواقع	الجيش	9
مواقع	حزب	3
مواليد	عام	99
موثوقة	عن	99
موجة	من	99
موجة	الحر	57
موجة	الغلاء	42
موجود	في	99
موجودة	في	99
موزعة	في	99
موزعة	على	99
موزعين	على	99
موسكو	وكييف	99
موسكو	وواشنطن	59
موسم	الرياض	99
موضحا	أن	99
موضحا	أنه	50
موضحة	أن	99
موضحة	أنها	50
موطئ	قدم	99
موظف	في	99
موظفي	القطاع	99
موظفي	البيت	50
موظفي	السفارة	50
موعد	الانتخابات	99
موعد	مباراة	79
موعد	جديد	59
موعد	مع	59
موقع	التواصل	99
موقع	فيسبوك	15
موقع	يوتيوب	15
موقع	تويتر	15
موقعه	الرسمي	99
موقعها	الرسمي	99
موقعها	في	99
موقف	الحكومة	99
موقف	الرئيس	74
موقف	الولايات	74
موقف	دولي	74
موقفه	من	99
مولد	الرسول	99
مولود	برج	99
مولود	تشاووش	42
مونديال	قطر	99
ميادين	العزة	99
مياه	البحر	99
مياه	الشرب	77
مياه	الأمطار	33
ميزان	المدفوعات	99
ميزانية	دفاع	99
ميسي	على	99
ميشال	عون	99
ميل	بحري	99
ميلوني	في	99
ميناء	الحديدة	99
ميناء	أوديسا	66
ميناء	الحريقة	50
نأمل	أن	99
نؤكد	أن	99
نؤكد	على	74
نائب	رئيس	99
نائب	وزير	50
نائب	الرئيس	15
نائب	مدير	14
نائبة	رئيس	99
نائبة	الرئيس	74
نابع	من	99
نابعة	من	99
نابلس	شمالي	99
ناتج	عن	99
ناجمة	عن	99
ناحية	أخرى	99
ناحيته	قال	99
نادرا	ما	99
نادي	الأسير	99
نادي	ليفربول	74
نادي	تشيلسي	74
نادي	مانشستر	50
نار	في	99
نار	على	87
ناريندرا	مودي	99
ناسفة	في	99
ناصر	أبو	99
ناصر	الدين	28
ناصر	المحمد	21
نافذا	في	99
ناقش	مع	99
ناقش	اجتماع	79
ناقش	الطرفان	59
نانسي	بيلوسي	99
ناهيك	عن	99
نايف	أكرد	99
نبحث	عن	99
نبذة	عن	99
نبيل	أبو	99
نبيه	بري	99
نتائج	الانتخابات	99
نتائج	التحقيق	50
نتائج	هذه	50
نتائج	انتخابات	37
نتج	عنه	99
نتج	عن	74
نتحدث	عن	99
نتخلى	عن	99
نتطلع	إلى	99
نتعامل	مع	99
نتمكن	من	99
نتمنى	أن	99
نتنياهو	إلى	99
نتنياهو	بتشكيل	74
نتنياهو	عن	74
نتوقع	أن	99
نتيجة	عدم	99
نتيجة	لذلك	59
نتيجة	إيجابية	59
نجاحها	في	99
نجح	في	99
نجحت	في	99
نجل	الرئيس	99
نجم	مانشستر	99
نجم	كرة	99
نجمة	داود	99
نجيب	ميقاتي	99
نحتاج	إلى	99
نحصل	على	99
نحن	بحاجة	99
نحن	لا	91
نحن	على	66
نحن	نعمل	58
نحو	ثلاثة	99
نحو	نصف	66
نحو	عامين	66
نحو	مليون	50
ندرك	أن	99
ندوة	حول	99
نر	أي	99
نريد	أن	99
نزع	السلاح	99
نسبة	إشغال	99
نسبة	المشاركة	31
نسبة	الرطوبة	31
نسبة	الإصابات	26
نسبيا	في	99
نستطيع	أن	99
نستطيع	ان	74
نستمع	إلى	99
نسخ	من	99
نسخة	من	99
نسخة	منه	85
نسخته	الثانية	99
نشر	الوعي	99
نشر	موقع	99
نشر	مقطع	79
نشر	قوات	59
نشرت	صحيفة	99
نشرت	على	85
نشرت	في	85
نشرت	وكالة	42
نشرته	وكالة	99
نشرته	صحيفة	62
نشرته	وزارة	50
نشرته	الجوية	50
نشره	موقع	99
نشره	في	62
نشره	على	37
نشرها	على	99
نشطاء	على	99
نشطاء	حماس	23
نشطة	السرعة	99
نشطة	في	50
نص	على	99
نص	البيان	74
نص	عليها	74
نصت	على	99
نصر	الله	99
نصر	الدين	13
نصف	النهائي	99
نصف	نهائي	82
نصف	سكان	41
نصف	ساعة	41
نصل	إلى	99
نصلي	من	99
نطاق	واسع	99
نطاق	أوسع	11
نطلب	من	99
نظام	كييف	99
نظام	الدفاع	90
نظام	الحكم	36
نظام	الصواريخ	36
نظرا	لأن	99
نظرا	لما	30
نظرائه	في	99
نظرة	على	99
نظرة	ثاقبة	50
نظريات	المؤامرة	99
نظم	مكتب	99
نظم	أبناء	74
نظم	اتحاد	74
نظمت	في	99
نظيره	الروسي	99
نظيره	التركي	66
نظيره	الإيراني	66
نظيره	الصيني	50
نعتقد	أن	99
نعتقد	أنه	37
نعش	الملكة	99
نعلم	أن	99
نعمل	على	99
نعمل	مع	30
نعود	إلى	99
نعيش	في	99
نعيم	قاسم	99
نفتالي	بينيت	99
نفس	الوقت	99
نفس	المصدر	82
نفس	المسؤول	33
نفس	اليوم	33
نفسه	في	99
نفسه	إلى	35
نفسه	أن	29
نفسه	بأنه	17
نفسها	من	99
نفسها	التي	74
نفسها	ضد	33
نفعل	ذلك	99
نفكر	في	99
نقابة	الأطباء	99
نقابة	اصحاب	59
نقاط	عن	99
نقاط	التفتيش	99
نقص	في	99
نقص	المناعة	35
نقص	المياه	28
نقص	الغذاء	21
نقطة	في	99
نقطة	مئوية	55
نقطة	تحول	55
نقطة	أساس	55
نقل	الغاز	99
نقل	عسكري	99
نقل	البضائع	99
نقل	موقع	99
نقلا	عن	99
نقلة	نوعية	99
نقلت	وكالة	99
نقلت	عن	40
نقلت	صحيفة	40
نقلته	وكالة	99
نقله	إلى	99
نقله	موقع	77
نقله	من	33
نقلها	إلى	99
نقلها	موقع	66
نقلهم	إلى	99
نقلوا	إلى	99
نمط	الحياة	99
نمو	اقتصادي	99
ننظر	إلى	99
نهائي	كأس	99
نهائي	بطولة	53
نهائي	دوري	46
نهائي	مونديال	26
نهائيات	كأس	99
نهاية	المطاف	99
نهاية	الأسبوع	91
نهاية	العام	87
نهاية	شهر	48
نهر	دنيبرو	99
نهيان	رئيس	99
نواب	البرلمان	99
نواب	في	99
نواب	من	79
نواب	مجلس	59
نور	الدين	99
نورد	ستريم	99
نوع	من	99
نوع	جديد	11
نوع	ما	11
نوعه	في	99
نوعها	في	99
نوعها	منذ	59
نوعية	في	99
نوفمبر	الماضي	99
نوفمبر	تشرين	42
نوفمبر	القادم	42
نوفمبر	المقبل	42
نووية	في	99
نووية	تكتيكية	50
نيابة	عن	99
نيفين	القباج	99
نيكوس	ديندياس	99
نيلسون	مانديلا	99
نيمار	دا	99
نيوز	عربية	99
نيويورك	تايمز	99
نيويورك	الأمريكية	40
هؤلاء	الأشخاص	99
هؤلاء	الشهداء	50
هائل	من	99
هائل	سعيد	37
هائلة	من	99
هاتفي	مع	99
هاتفية	مع	99
هاتفية	بين	50
هادي	عمرو	99
هاري	وميغان	99
هالة	السعيد	99
هامة	من	99
هامش	اجتماع	99
هامش	مؤتمر	79
هامش	قمة	59
هامش	هذا	59
هبات	نشطة	99
هبوب	رياح	99
هتافات	مناهضة	99
هتافات	غاضبة	99
هجمات	إرهابية	99
هجمات	بطائرات	99
هجمات	على	99
هجوم	على	99
هجوم	إرهابي	57
هجوما	على	99
هدف	المباراة	99
هدف	وحيد	99
هدفا	في	99
هدم	منزل	99
هدنة	الأمم	99
هذا	العام	99
هذا	الأمر	54
هذا	الأسبوع	51
هذا	هو	47
هذه	الخطوة	99
هذه	المنطقة	90
هذه	هي	84
هذه	العملية	84
هز	الشباك	99
هزة	أرضية	99
هشام	شرف	99
هطول	أمطار	99
هطول	الأمطار	59
هكتار	من	99
هل	يمكن	99
هل	هذا	87
هل	هي	50
هل	يمكنك	50
هم	من	99
هم	في	72
هم	الذين	45
هم	أكثر	45
هنأ	رئيس	99
هنا	في	99
هنا	وهناك	36
هنا	إلى	36
هنا	هو	27
هناك	الكثير	99
هناك	حاجة	94
هناك	أي	94
هناك	ما	77
هو	أن	99
هو	ما	48
هو	الحال	42
هو	الذي	42
هواري	بومدين	99
هونغ	كونغ	99
هوية	لبنان	99
هي	التي	99
هي	أن	85
هي	الأولى	57
هي	جزء	38
هيئة	الأركان	99
هيئة	شؤون	92
هيئة	البث	64
هيئة	الإذاعة	35
هيثم	بن	99
هيومن	رايتس	99
وآله	وسلم	99
وأبو	ظبي	99
وأثرها	على	99
وأجزاء	من	99
وأدانت	وزارة	99
وأرخبيل	سقطرى	99
وأرضهم	وممتلكاتهم	99
وأسفر	عن	99
وأسفرت	عن	99
وأشاد	رئيس	99
وأشار	إلى	99
وأشار	البيان	16
وأشار	رئيس	8
وأشار	المصدر	7
وأشارت	إلى	99
وأشارت	الصحيفة	23
وأشارت	الوزارة	9
وأشارت	الى	9
وأشاروا	إلى	99
وأصبح	من	99
وأصر	على	99
وأصيب	ثلاثة	99
وأصيب	أكثر	74
وأضاف	أن	99
وأضاف	أنه	45
وأضاف	البيان	38
وأضاف	المصدر	20
وأضافت	أن	99
وأضافت	أنه	37
وأضافت	المصادر	22
وأضافت	الصحيفة	18
وأظهر	مقطع	99
وأظهرت	صور	99
وأظهرت	لقطات	99
وأظهرت	مقاطع	99
وأعتقد	أنه	99
وأعرب	عن	99
وأعضاء	مجلس	99
وأعضاء	من	99
وأعضاء	المجلس	99
وأعلن	وزير	99
وأعلن	رئيس	82
وأعلن	عن	66
وأعلنت	وزارة	99
وأعلنت	السلطات	30
وأعلنت	الحكومة	23
وأفاد	بيان	99
وأفاد	بأن	59
وأفاد	موقع	59
وأفادت	مصادر	99
وأفادت	وكالة	46
وأفادت	تقارير	15
وأفادت	وزارة	15
وأكثر	من	99
وأكد	أن	99
وأكد	وزير	23
وأكد	على	23
وأكد	البيان	21
وأكدا	أن	99
وأكدت	أن	99
وأكدت	وزارة	46
وأكدت	المؤسسة	33
وأكدت	الشرطة	26
وألقي	القبض	99
وألمانيا	وفرنسا	99
وألمانيا	وإيطاليا	99
وأمنه	واستقراره	99
وأمين	عام	99
وأن	هناك	99
وأن	هذا	99
وأن	تكون	88
وأن	هذه	77
وأنا	واثق	99
وأنظمة	الدفاع	99
وأنه	لا	99
وأنه	تم	79
وأنه	لم	59
وأودت	الحرب	99
وأودعوا	مع	99
وأوضح	أن	99
وأوضح	أنه	23
وأوضح	البيان	19
وأوضح	مصدر	17
وأوضحت	أن	99
وأوضحت	الوزارة	62
وأوضحت	المصادر	43
وأوضحت	الصحيفة	43
وأوكرانيا	في	99
وأوكرانيا	والأمم	50
وأي	شخص	99
وأيضا	من	99
وإجراء	انتخابات	99
وإذا	كان	99
وإذا	ما	41
وإذا	لم	41
وإذا	لزم	25
وإرسالها	إلى	99
وإصابة	أكثر	99
وإصابة	ثلاثة	99
وإضافة	إلى	99
وإطلاق	النار	99
وإعادة	تأهيل	99
وإعادته	إلى	99
وإقامة	دولته	99
وإلقاء	القبض	99
وإلى	جانب	99
وإن	كان	99
وإن	لم	54
وإن	كانت	54
وإنعاش	الاقتصاد	99
واتخاذ	الإجراءات	99
واتفق	الجانبان	99
واتهم	الرئيس	99
واثق	من	99
واجب	العزاء	99
واحتجاز	سفن	99
واحترام	قواعد	99
واحد	من	99
واحد	في	40
واحد	فقط	12
واحد	منهم	9
واحدا	من	99
واحدة	من	99
واحدة	في	29
واحدة	فقط	6
وارتفاع	أسعار	99
وارتفاع	الموج	79
وارتفاع	ضغط	79
وارتفاع	الأسعار	59
وارتفع	عدد	99
وارتفعت	أسعار	99
وارتفعت	حصيلة	59
واردات	النفط	99
واردات	الغاز	55
واستمع	المجلس	99
واستولت	على	99
واسع	النطاق	99
واسع	في	77
واسع	على	66
واسعا	على	99
واسعا	بين	74
واسعة	النطاق	99
واسعة	من	57
واسعة	في	47
واشنطن	في	99
واشنطن	بوست	41
واضاف	ان	99
واضافت	ان	99
واضح	على	99
واضحة	في	99
واضحة	إلى	59
واضحة	عن	59
واعتبر	أن	99
واعتبر	الوزير	26
واعتبر	الرئيس	26
واعتبر	أنه	20
واعتبرت	أن	99
واعتدت	على	99
واعتدوا	على	99
واعتقلت	قوات	99
واعتقلت	القوات	99
وافق	على	99
وافق	عليها	23
وافقت	على	99
وافقت	عليه	42
وافقت	الحكومة	42
واقع	الأمر	99
واكرارة	الفرسيك	99
والأجهزة	الأمنية	99
والأحزاب	السياسية	99
والأردن	والعراق	99
والأسرة	وقضايا	99
والأطفال	الذين	99
والأغذية	والأسمدة	99
والأغوار	والبحر	99
والأمم	المتحدة	99
والأمن	الغذائي	99
والأمن	في	85
والأمن	والاستقرار	42
والأمن	المائي	42
والأمنية	في	99
والأمين	العام	99
والأهم	من	99
والأوعية	الدموية	99
والإبادة	الجماعية	99
والإبلاغ	عن	99
والإسهام	في	99
والإضافي	بالتعادل	99
والإعفاء	من	99
والإعلان	عن	99
والإمارات	العربية	99
والإمارات	والبحرين	82
والإمارات	على	50
والابتعاد	عن	99
والاتحاد	الأوروبي	99
والاتحاد	الأفريقي	25
والاجتماعية	في	99
والاجتماعية	التي	99
والاستفادة	من	99
والاستقرار	في	99
والاستمرار	في	99
والاعتداء	على	99
والاقتصادي	والاجتماعي	99
والاقتصادية	التي	99
والاقتصادية	والاجتماعية	74
والانتقال	إلى	99
والانخراط	في	99
والانهيار	الاقتصادي	99
والبحث	العلمي	99
والبحث	عن	36
والبحر	خفيف	99
والبحر	الميت	99
والبحر	متوسط	23
والبحرين	ومصر	99
والبحرين	والمغرب	74
والبدء	في	99
والبنية	التحتية	99
والتأكيد	على	99
والتحديات	التي	99
والتحقق	من	99
والتخفيف	من	99
والتدريب	المهني	99
والتدقيق	في	99
والتركيز	على	99
والتشغيل	والضمان	99
والتصويت	على	99
والتضحية	في	99
والتضييق	على	99
والتطورات	السياسية	99
والتطورات	الأخيرة	99
والتعامل	مع	99
والتعاون	في	99
والتعاون	الدولي	84
والتعاون	بين	61
والتعاون	مع	46
والتعدي	على	99
والتعليم	العالي	99
والتعليم	المهنيين	74
والتقليل	من	99
والتكوين	المهني	99
والتنسيق	مع	99
والتنمية	الريفية	99
والتنمية	المستدامة	79
والتنمية	الاجتماعية	59
والتهيئة	العمرانية	99
والتوتر	في	99
والتوجه	نحو	99
والتوقف	عن	99
والتي	كانت	99
والتي	يمكن	85
والتي	كان	64
والتي	لا	57
والتيار	الوطني	99
والثاني	من	99
والجالية	الوطنية	99
والجدير	بالذكر	99
والجماعات	المحلية	99
والجمعية	العامة	99
والجهات	المعنية	99
والجيش	اليمني	99
والحاجة	إلى	99
والحد	من	99
والحرص	على	99
والحصول	على	99
والحفاظ	على	99
والحفاظ	عليها	16
والحق	في	99
والحكومة	في	99
والحماية	الاجتماعية	99
والخارجية	التي	99
والخروج	من	99
والدته	في	99
والدخول	في	99
والدرك	الوطني	99
والدعم	من	99
والدفاع	عن	99
والدفاع	المدني	33
والدواء	الأمريكية	99
والدول	العربية	99
والدول	التي	82
والدولية	ذات	99
والذهاب	إلى	99
والذي	كان	99
والذي	تم	89
والذي	لا	50
والذي	قد	40
والرئيس	التنفيذي	99
والرئيس	الفرنسي	50
والرئيس	الأمريكي	50
والرجال	وقوافل	99
والرعاية	الصحية	99
والرياح	شمالية	99
والسلطات	المحلية	99
والسياسة	الخارجية	99
والسياسية	التي	99
والسير	على	99
والسيطرة	عليها	99
والسيطرة	على	66
والشؤون	الدينية	99
والشخصيات	الاجتماعية	99
والشرق	الأوسط	99
والصرف	الصحي	99
والصعوبات	التي	99
والصناعة	في	99
والصناعة	والتجارة	99
والضغط	على	99
والضفة	الغربية	99
والطائرات	المسيرة	99
والطاقات	المتجددة	99
والعالم	العربي	99
والعبر	من	99
والعديد	من	99
والعشرين	من	99
والعكس	صحيح	99
والعمل	على	99
والعمل	بروح	11
والعودة	إلى	99
والعيش	في	99
والغاز	في	99
والغاز	المنتج	42
والغلاف	الجوي	99
والفعاليات	التي	99
والقائم	بأعمال	99
والقبض	على	99
والقدرة	على	99
والقضاء	على	99
والقطاع	الخاص	99
والقوات	المسلحة	99
والقوات	الأجنبية	74
والقوانين	الدولية	99
والقوى	الأمنية	99
والقيم	التي	99
والقيود	المفروضة	99
والكثير	من	99
والكيان	الصهيوني	99
واللجان	الشعبية	99
والمؤثرات	العقلية	99
والمؤسسات	الأمنية	99
والمباشرة	عن	99
والمتمثل	في	99
والمتمثلة	في	99
والمجتمع	المدني	99
والمجتمع	الدولي	99
والمجلس	الأعلى	99
والمجلس	السياسي	59
والمجلس	الوطني	30
والمحيط	الهادئ	99
والمدير	العام	99
والمرتزقة	من	99
والمزيد	من	99
والمساهمة	في	99
والمستلزمات	الطبية	99
والمشاركة	في	99
والمصالح	المشتركة	99
والمعدات	العسكرية	99
والمعدات	الطبية	37
والمعلومات	التي	99
والمغاربة	المقيمين	99
والمكتب	التنفيذي	99
والمملكة	المتحدة	99
والمملكة	العربية	77
والمملكة	الأردنية	33
والمناجم	محمد	99
والمناطق	المحيطة	99
والمنتجات	الزراعية	99
والمنظمات	الدولية	99
والمواد	الغذائية	99
والموارد	البشرية	99
والموارد	المائية	59
والنجاح	في	99
والنظام	العام	99
والنفط	والغاز	99
والهواء	النظيف	99
والوصول	إلى	99
والوضع	في	99
والوفد	المرافق	99
والوقاية	منها	99
والوقوف	على	99
والولايات	المتحدة	99
واليوم	نحن	99
واندلعت	مواجهات	99
واندلعت	اشتباكات	99
وانطلاقا	من	99
وانغ	يي	99
وباء	كورونا	99
وباء	فيروس	42
وبالإضافة	إلى	99
وبالتالي	يمكن	99
وبالتالي	لا	74
وبالتالي	فإن	74
وبالتعاون	مع	99
وبالرغم	من	99
وبالعودة	إلى	99
وبالنسبة	إلى	99
وبالنظر	إلى	99
وبحسب	ما	99
وبحسب	بيان	42
وبحسب	وسائل	33
وبحسب	صحيفة	28
وبحلول	الساعة	99
وبخاصة	في	99
وبدا	أن	99
وبدلا	من	99
وبعد	ذلك	99
وبعد	أن	44
وبعد	فترة	33
وبعد	أكثر	22
وبعض	الدول	99
وبغض	النظر	99
وبلغ	سعر	99
وبلغ	عدد	57
وبلغ	إجمالي	42
وبلغت	قيمة	99
وبما	أن	99
وبموجب	هذا	99
وبناء	على	99
وبنك	التنمية	99
وبهذه	الطريقة	99
وبيعها	في	99
وبين	أن	99
وبينت	أن	99
وبينما	كان	99
وبينما	كانت	99
وتأتي	هذه	99
وتأثيرها	على	99
وتابع	أن	99
وتابع	قائلا	99
وتابع	البيان	69
وتابع	القول	40
وتابعت	أن	99
وتبادل	الخبرات	99
وتبقى	الأجواء	99
وتبين	أنه	99
وتتراوح	درجات	99
وتتمثل	في	99
وتجدر	الإشارة	99
وتحافظ	على	99
وتحت	شعار	99
وتحتاج	إلى	99
وتحد	من	99
وتحدث	عن	99
وتحقيق	النصر	99
وتراجع	سعر	99
وترقية	الصادرات	99
وتركيا	وأوكرانيا	99
وتزيد	من	99
وتسبب	في	99
وتسهم	في	99
وتسود	أجواء	99
وتشجيعهم	على	99
وتشير	التقديرات	99
وتشير	بعض	99
وتصحيح	أوضاع	99
وتضم	هذه	99
وتضم	القوات	99
وتضيف	أن	99
وتطرق	الاجتماع	99
وتطرق	إلى	99
وتعزيز	التعاون	99
وتعود	إلى	99
وتقديم	الدعم	99
وتقديم	خدمات	74
وتقديم	الخدمات	74
وتقلل	من	99
وتقول	الصحيفة	99
وتقول	إن	50
وتكثيف	الجهود	99
وتكنولوجيا	المعلومات	99
وتكون	الرياح	99
وتكون	الأجواء	33
وتل	أبيب	99
وتم	وضع	99
وتم	عرض	71
وتم	خلال	71
وتم	تحرير	57
وتمكن	من	99
وتمويل	المشاريع	99
وتنتهي	في	99
وتنسيق	الشؤون	99
وتنفيذ	عمليات	99
وتهدف	هذه	99
وتهدف	إلى	59
وتوجد	في	99
وتوزيعها	على	99
وتوفير	كافة	99
وتوفير	الحماية	99
وتوفير	فرص	99
وتونس	والجزائر	99
وثلاث	شاحنات	99
وثيق	مع	99
وثيقة	مع	99
وجاء	في	99
وجاء	ذلك	11
وجاء	هذا	6
وجاءت	هذه	99
وجبهات	الحدود	99
وجبهة	البوليساريو	99
وجد	الباحثون	99
وجدت	دراسة	99
وجدت	أن	59
وجل	أن	99
وجمع	المعلومات	99
وجنود	الاحتلال	99
وجه	الخصوص	99
وجه	التحديد	53
وجه	الرئيس	38
وجه	العدوان	38
وجهات	النظر	99
وجهات	نظر	46
وجهاز	الأمن	99
وجهة	نظر	99
وجهة	نظره	28
وجهة	نظرها	16
وجود	أي	99
وجود	القوات	30
وجود	عدد	30
وجود	تهديد	30
وجوده	في	99
وجودها	في	99
وجيزة	من	99
وحارة	في	99
وحتى	الآن	99
وحتى	نهاية	82
وحتى	اليوم	66
وحتى	لو	50
وحث	على	99
وحدات	من	99
وحدات	حماية	62
وحدات	الجيش	37
وحدة	سكنية	99
وحدة	وطنية	85
وحدة	أراضي	42
وحدة	الصف	42
وحذر	من	99
وحذرت	من	99
وحركة	حماس	99
وحزب	الله	99
وحسب	بيان	99
وحسب	وكالة	46
وحسب	ما	33
وحسب	صحيفة	26
وحشد	من	99
وحصل	على	99
وحقوق	الإنسان	99
وحكم	عليه	99
وحلف	شمال	99
وحلف	الناتو	57
وحلفائها	في	99
وحماية	المستهلك	99
وحمايته	من	99
وحمايتها	من	99
وخاصة	في	99
وخاصة	بعد	19
وخاصة	فيما	14
وخاصة	تلك	14
وختم	بالقول	99
وخلال	اللقاء	99
وخلال	هذا	85
وخلال	الاجتماع	71
وخلال	الزيارة	57
وخلق	فرص	99
وخليج	عدن	99
وخيانة	الأمانة	99
وخيمة	على	99
ودرجات	الحرارة	99
ودعا	إلى	99
ودعا	مدير	23
ودعت	إلى	99
ودعم	جهود	99
ودورها	في	99
ودول	أخرى	99
ودول	الخليج	81
ودية	مع	99
وذكر	أن	99
وذكر	بيان	84
وذكر	موقع	30
وذكر	الوزير	23
وذكرت	وكالة	99
وذكرت	صحيفة	60
وذكرت	مصادر	47
وذكرت	وسائل	43
وذلك	بعد	99
وذلك	في	86
وذلك	من	44
وذلك	على	27
ورأى	أن	99
ورئيس	الوزراء	99
ورئيس	مجلس	50
ورئيس	الحكومة	33
ورئيس	المجلس	22
وراء	ذلك	99
ورام	الله	99
وربما	يكون	99
ورجال	الأعمال	99
ورجال	الدين	79
ورد	في	99
وردا	على	99
وردت	في	99
ورشة	عمل	99
ورغم	أن	99
ورغم	ذلك	33
ورغم	كل	25
ورفد	الجبهات	99
ورفض	متحدث	99
ورفع	الحصار	99
ورفع	مستوى	42
وزارة	الخارجية	99
وزارة	الدفاع	86
وزارة	الصحة	79
وزارة	الداخلية	28
وزارتي	الخارجية	99
وزراء	خارجية	99
وزراء	الخارجية	45
وزراء	دفاع	27
وزير	الخارجية	99
وزير	الدفاع	28
وزير	الطاقة	15
وزير	الصحة	12
وزيرا	خارجية	99
وزيرة	الخارجية	99
وزيرة	الداخلية	47
وزيرة	التضامن	31
وزيرة	خارجية	26
وزيري	خارجية	99
وزيري	الخارجية	74
وسائل	إعلام	99
وسائل	الإعلام	95
وسائل	التواصل	71
وسائل	الاعلام	11
وساهم	في	99
وسبق	أن	99
وسبق	ذلك	36
وسبل	تطويرها	99
وسبل	دعمها	74
وسبل	العيش	74
وستكون	هذه	99
وسرعان	ما	99
وسط	العاصمة	99
وسط	مدينة	89
وسط	مخاوف	59
وسط	تصاعد	59
وسلاح	الجو	99
وسلامة	المواطنين	99
وسلسلة	من	99
وسلطنة	عمان	99
وسلم	قال	99
وسنبذل	قصارى	99
وسيؤدي	إلى	99
وسيكون	هذا	99
وشارك	في	99
وشاركوا	في	99
وشخصيات	اجتماعية	99
وشدد	على	99
وشدد	رئيس	13
وشدد	البيان	10
وشدد	الرئيس	10
وشددت	على	99
وشددت	الوزارة	25
وشددوا	على	99
وشركائها	الأوروبيين	99
وشمال	أفريقيا	99
وشمال	افريقيا	99
وصادق	المواساة	99
وصديقة	للبيئة	99
وصف	الرئيس	99
وصف	نائب	99
وصف	رئيس	99
وصفته	بـ	99
وصفتها	بـ	99
وصفه	بـ	99
وصفه	بأنه	71
وصفها	بأنها	99
وصل	إلى	99
وصل	إليه	21
وصل	عدد	21
وصل	إليها	16
وصلت	إلى	99
وصلت	إليه	21
وصلت	نسبة	18
وصلت	الى	18
وصلنا	الى	99
وصلنا	إلى	99
وصلوا	إلى	99
وصمة	عار	99
وصولا	إلى	99
وصولا	الى	40
وصوله	إلى	99
وصولها	إلى	99
وضح	النهار	99
وضد	التطبيع	99
وضع	حد	99
وضع	صحي	22
وضع	خطط	22
وضع	غير	22
وضعت	في	99
وضعه	الصحي	99
وضعها	في	99
وطائرة	اعتراضية	99
وطالبت	المنظمة	99
وطلب	من	99
وطلبت	من	99
وظهر	في	99
وظيفة	في	99
وعادة	ما	99
وعاصمتها	القدس	99
وعبد	القادر	99
وعبر	الرئيس	99
وعثر	على	99
وعدد	من	99
وعدد	كبير	17
وعدم	الاستقرار	99
وعدم	قدرة	74
وعضو	اللجنة	99
وعقد	لقاءات	99
وعلاوة	على	99
وعلى	الرغم	99
وعلى	رأسها	47
وعلى	رأسهم	35
وعلى	آله	20
وعلينا	أن	99
وعمل	على	99
وعمل	في	50
وعملت	على	99
وعن	سبب	99
وغالبا	ما	99
وغرامة	مالية	99
وغير	ذلك	99
وغير	القانوني	59
وغيره	من	99
وغيرها	من	99
وغيرهم	من	99
وفا	أن	99
وفاة	خلال	99
وفاة	الملكة	66
وفاة	منذ	50
وفاته	عام	99
وفد	من	99
وفد	أمريكي	23
وفدا	من	99
وفرت	الحماية	99
وفرض	عقوبات	99
وفق	ما	99
وفق	قوله	13
وفق	بيان	11
وفق	وكالة	11
وفقا	لما	99
وفقا	لوكالة	68
وفقا	للبيان	56
وفقا	لموقع	50
وفي	وقت	99
وفي	هذا	53
وفي	سياق	40
وفي	عام	37
وفيات	خلال	99
وفيما	يتعلق	99
وفيما	يخص	35
وقادة	القوات	99
وقادر	على	99
وقادرة	على	99
وقال	إن	99
وقال	المتحدث	81
وقال	رئيس	79
وقال	وزير	45
وقالت	وزارة	99
وقالت	إن	81
وقالت	الوزارة	55
وقالت	مصادر	51
وقالوا	إنهم	99
وقانون	حقوق	99
وقبل	ذلك	99
وقت	سابق	99
وقت	لاحق	25
وقت	ممكن	15
وقت	قصير	13
وقتا	طويلا	99
وقتل	أكثر	99
وقتها	في	99
وقد	تم	99
وقد	أعربت	16
وقد	أظهرت	16
وقد	كان	16
وقدرتها	على	99
وقدم	لهم	99
وقطاع	غزة	99
وقع	في	99
وقع	الرئيس	31
وقع	يوم	19
وقع	العام	19
وقعت	في	99
وقعت	بين	21
وقعت	إسرائيل	21
وقف	إطلاق	99
وقف	العدوان	20
وقف	العمليات	20
وقف	الحرب	15
وقفة	احتجاجية	99
وقنابل	الغاز	99
وقوات	الأمن	99
وقوات	الاحتلال	74
وقوافل	العطاء	99
وقوع	إصابات	99
وقوع	الحادث	44
وقوع	خسائر	33
وقوع	قتلى	33
وقوى	متحالفة	99
وكالة	الأنباء	99
وكالة	أنباء	15
وكالة	فرانس	13
وكالة	وفا	10
وكان	الرئيس	99
وكان	من	94
وكان	قد	90
وكان	وزير	75
وكانت	وزارة	99
وكانت	إدارة	59
وكانت	قد	50
وكانت	روسيا	50
وكبار	السن	99
وكبار	المسؤولين	99
وكتب	على	99
وكتبت	في	99
وكذا	حماية	99
وكذلك	بسبب	99
وكذلك	الذين	99
وكرة	القدم	99
وكشف	عن	99
وكشف	أن	57
وكشفت	عن	99
وكشفت	أن	99
وكل	من	99
وكل	ما	76
وكل	هذا	23
وكل	العالم	17
وكما	هو	99
وكما	أن	99
وكوريا	الجنوبية	99
وكوريا	الشمالية	33
وكيف	يمكن	99
وكيف	أن	50
وكيل	وزارة	99
وكيل	أول	31
وكيل	محافظة	25
وكيل	الوزارة	19
ولأول	مرة	99
ولا	سيما	99
ولا	يزال	89
ولا	يمكن	82
ولا	تزال	72
ولابد	من	99
ولاحظت	أن	99
ولايات	الوطن	99
ولايات	من	99
ولاية	كاليفورنيا	99
ولاية	الرئيس	44
ولاية	تكساس	44
ولاية	لم	33
ولجان	المقاومة	99
ولدت	في	99
ولدى	سؤاله	99
ولفت	إلى	99
ولفت	الى	14
ولفت	المصدر	12
ولفت	البيان	12
ولفتت	إلى	99
ولفتت	الوزارة	30
ولفتت	المجلة	23
ولفتت	الى	23
ولكن	في	99
ولكن	لا	68
ولكن	مع	40
ولكن	ليس	40
ولكنه	لم	99
ولكنها	ليست	99
ولم	يكن	99
ولم	يتم	99
ولم	تكن	72
ولم	يعد	50
ولن	يكون	99
ولن	تكون	85
ولن	يسمح	42
ولن	نسمح	42
ولهذا	السبب	99
ولوغانسك	الشعبيتين	99
ولي	العهد	99
ولي	عهد	16
وليد	جنبلاط	99
وليس	من	99
وليس	إلى	69
وليس	فقط	50
وليس	هناك	30
ومؤسسات	حكومية	99
وما	إذا	99
وما	هي	99
وما	يمكن	66
وما	زال	66
وماذا	عن	99
ومبلغ	مالي	99
ومجالات	التعاون	99
ومجلس	الوزراء	99
ومجموع	المتماثلين	99
ومجموعة	من	99
ومحاربة	الفساد	99
ومحمد	بن	99
ومدن	أخرى	99
ومدير	عام	99
ومدير	مكتب	50
ومدير	إدارة	50
ومرة	أخرى	99
ومساعدتها	على	99
ومع	ذلك	99
ومع	اقتراب	11
ومعتدلة	في	99
ومعدات	عسكرية	99
ومقاطع	الفيديو	99
ومقاطعتي	خيرسون	99
ومكافأة	مالية	99
وممثلين	عن	99
ومن	المقرر	99
ومن	المتوقع	94
ومن	ثم	69
ومن	بين	51
ومناطق	أخرى	99
ومناطق	واسعة	37
ومنذ	ذلك	99
ومنذ	أن	36
ومنذ	بداية	27
ومنطقة	الساحل	99
ومنظمات	المجتمع	99
ومنعتهم	من	99
ومنعها	من	99
ومواساة	في	99
ومواقع	الجيش	99
ونأمل	أن	99
ونائب	وزير	99
ونائب	رئيس	50
ونائب	مدير	50
وناقش	الطرفان	99
ونتج	عن	99
ونحن	بحاجة	99
ونحن	لن	99
ونسأل	الله	99
ونسبة	إشغال	99
ونشرت	وكالة	99
ونشرت	وزارة	99
ونشرت	مجلة	99
ونصف	من	99
ونفذوا	جولات	99
ونفس	الأمر	99
ونقلت	وكالة	99
ونقلت	الصحيفة	23
ونقلت	وسائل	20
ونقلت	صحيفة	20
ونقلهم	إلى	99
وهذا	ما	99
وهذا	هو	45
وهذا	يعني	40
وهذا	أمر	16
وهذه	هي	99
وهذه	ليست	27
وهذه	المرة	27
وهل	من	99
وهل	هناك	59
وهم	ليسوا	99
وهم	يعلمون	99
وهما	من	99
وهو	ما	99
وهو	أمر	14
وهو	الأمر	9
وهو	أحد	8
وهي	خطوة	99
وهي	التي	88
وهي	شركة	66
وهي	تحاول	55
وورد	في	99
ووزارة	الدفاع	99
ووزارة	الخارجية	79
ووزارة	الصحة	59
ووزير	الخارجية	99
ووزير	الدفاع	44
ووزير	الأشغال	33
ووزير	الداخلية	33
ووسائل	الإعلام	99
ووسائل	إعلام	82
ووسائل	التواصل	66
ووسائل	الاعلام	50
ووصف	وزير	99
ووصف	الرئيس	74
ووصلت	إلى	99
ووضع	حد	99
ووفد	من	99
ووفق	ما	99
ووفقا	لما	99
ووفقا	لمصادر	66
ووفقا	لبيان	50
ووفقا	لوكالة	50
ووقف	العدوان	99
ووكيل	المحافظة	99
وول	ستريت	99
وولي	عهده	99
وولي	العهد	59
ويأتي	ذلك	99
ويأتي	هذا	99
ويؤثر	على	99
ويؤدي	إلى	99
ويبدو	أن	99
ويبدو	أنه	40
ويبلغ	عدد	99
ويتعلق	الأمر	99
ويتمثل	في	99
ويتوقع	أن	99
ويجب	أن	99
ويجب	على	42
ويدور	الحديث	99
ويذكر	أن	99
ويرجع	ذلك	99
ويرى	أن	99
ويرى	خبراء	66
ويرى	بعض	50
ويزيد	من	99
ويساعد	في	99
ويسهم	في	99
ويشار	إلى	99
ويشارك	في	99
ويشمل	ذلك	99
ويشير	إلى	99
ويضيف	أن	99
ويطرأ	ارتفاع	99
ويطرأ	انخفاض	74
ويعتقد	أن	99
ويعد	هذا	99
ويعمل	على	99
ويعني	ذلك	99
ويقول	إنه	99
ويقول	الكاتب	74
ويقيم	في	99
ويل	سميث	99
ويلات	الحرب	99
ويمكن	أن	99
وينبغي	أن	99
ويوم	الاثنين	99
ويوم	الأحد	74
يأتي	ذلك	99
يأتي	في	58
يأتي	هذا	45
يأتي	من	36
يأمل	في	99
يأملون	في	99
يؤثر	على	99
يؤدي	إلى	99
يؤدي	الى	7
يؤدي	ذلك	7
يؤدي	ارتفاع	4
يؤكد	أن	99
يؤكد	على	30
يا	رب	99
يا	ترى	74
يائير	لابيد	99
يائير	لبيد	38
يبحث	عن	99
يبحثون	عن	99
يبدأ	في	99
يبدأ	من	99
يبدو	أن	99
يبدو	أنه	16
يبدو	أنها	14
يبدو	الأمر	7
يبعث	على	99
يبلغ	من	99
يبلغ	طوله	35
يبلغ	نحو	35
يبلغ	عدد	29
يبلغون	من	99
يتجزأ	من	99
يتجه	نحو	99
يتجه	إلى	59
يتحدث	عن	99
يتداول	في	99
يتدخل	في	99
يتراوح	بين	99
يترتب	على	99
يتزامن	مع	99
يتسبب	في	99
يتسحاق	هرتسوغ	99
يتضح	من	99
يتطلب	من	99
يتطلب	منا	79
يتطلع	إلى	99
يتعارض	مع	99
يتعامل	مع	99
يتعرض	له	99
يتعرض	لها	59
يتعلق	الأمر	99
يتعلق	بما	22
يتعلق	فقط	16
يتعلق	بالاتفاق	16
يتعين	على	99
يتعين	القيام	20
يتعين	علينا	20
يتكون	من	99
يتم	فيها	99
يتم	اتخاذ	59
يتم	الإبلاغ	50
يتم	استخدام	40
يتماشى	مع	99
يتمتع	بها	99
يتمتع	بخبرة	50
يتمتع	به	37
يتمتعون	بصحة	99
يتمثل	في	99
يتمكن	من	99
يتمكنوا	من	99
يتناسب	مع	99
يتواصل	مع	99
يتوافق	مع	99
يتوجه	إلى	99
يتوقع	أن	99
يتوقف	على	99
يتولى	رئاسة	99
يتيح	هذا	99
يثير	جدلا	99
يجب	أن	99
يجب	على	22
يجب	ألا	7
يجب	ان	6
يجد	نفسه	99
يجري	في	99
يجري	على	30
يجري	التحقيق	23
يجعل	من	99
يجمع	بين	99
يحافظ	على	99
يحتاج	إلى	99
يحتل	المركز	99
يحتل	المرتبة	50
يحتمل	أن	99
يحتوي	على	99
يحد	من	99
يحدث	في	99
يحدث	هذا	41
يحدث	ذلك	17
يحرص	على	99
يحصل	على	99
يحصل	في	35
يحصل	عليها	21
يحصلوا	على	99
يحصلون	على	99
يحظى	باهتمام	99
يحظى	بشعبية	74
يحمل	رقم	99
يحمل	اسم	99
يختلف	عن	99
يختلف	من	50
يخدم	مصلحة	99
يخدم	مصالح	74
يخرج	من	99
يخفف	من	99
يد	قوات	99
يد	أحد	74
يدافع	عن	99
يدافعون	عن	99
يدخل	في	99
يدرك	أن	99
يدعو	إلى	99
يدل	على	99
يدور	حول	99
يدور	في	59
يديعوت	أحرونوت	99
يذكر	أن	99
يذكر	أنه	13
يذهب	إلى	99
يربط	بين	99
يرتدون	سترات	99
يرجع	إلى	99
يرد	على	99
يرغب	في	99
يرغبون	في	99
يرقى	إلى	99
يركز	على	99
يرون	أن	99
يرى	أن	99
يرى	البعض	21
يرى	بعض	21
يريد	أن	99
يزال	هناك	99
يزال	غير	30
يزالون	في	99
يزيد	عن	99
يزيد	من	87
يزيد	على	68
يزيد	قليلا	37
يساعد	على	99
يساعد	في	99
يساهم	في	99
يسبق	له	99
يستطيع	أن	99
يستطيع	أحد	36
يستفيد	منها	99
يستمر	في	99
يستمر	حتى	74
يسجل	في	99
يسجل	سعر	99
يسعون	إلى	99
يسعى	إلى	99
يسفر	عن	99
يسمح	لها	99
يسمح	بتصدير	99
يسمى	بـ	99
يسهم	في	99
يسير	في	99
يسيطر	على	99
يسيطر	عليها	79
يشار	إلى	99
يشارك	في	99
يشارك	فيها	40
يشارك	فيه	40
يشارك	وزير	30
يشاركوا	في	99
يشاركون	في	99
يشتبه	في	99
يشغل	منصب	99
يشغل	أيضا	74
يشق	طريقه	99
يشكل	خطورة	99
يشهده	العالم	99
يشير	إلى	99
يشير	تقرير	11
يصب	في	99
يصح	أن	99
يصدر	أي	99
يصدر	عن	99
يصرون	على	99
يصل	إلى	99
يصل	مداها	6
يصنف	في	99
يضغط	على	99
يضم	نحو	99
يضيف	نفس	99
يطرأ	تغير	99
يطلق	عليه	99
يطلق	عليها	57
يطلق	على	57
يظهر	أنه	99
يعادل	نحو	99
يعاقب	عليها	99
يعانون	من	99
يعاني	من	99
يعاني	منها	20
يعانين	من	99
يعبر	عن	99
يعتبر	من	99
يعتزم	الاجتماع	99
يعتقد	أن	99
يعتقد	أنها	25
يعتقد	أنه	20
يعتقد	بأن	15
يعتقدون	أن	99
يعتقدون	أنه	44
يعتمد	على	99
يعتمد	بشكل	23
يعتمدون	على	99
يعد	من	99
يعد	هذا	50
يعد	أكبر	37
يعرض	على	99
يعرف	أن	99
يعرف	بـ	59
يعرف	أحد	59
يعرف	ما	59
يعرفون	ما	99
يعزز	من	99
يعكس	بشكل	99
يعلن	الجيش	99
يعمل	على	99
يعمل	في	76
يعمل	بالوقود	38
يعمل	مع	23
يعملون	في	99
يعملون	على	42
يعني	أن	99
يعني	أنه	28
يعني	ذلك	28
يعني	أنهم	24
يعنيه	ذلك	99
يعود	إلى	99
يعود	تاريخ	17
يعيش	في	99
يعيش	فيها	74
يعيش	فيه	74
يعيشون	في	99
يعيشون	على	25
يفتح	الباب	99
يفترض	أن	99
يفرض	على	99
يفعل	ذلك	99
يفعلون	ذلك	99
يفكر	في	99
يقارب	من	99
يقال	إن	99
يقال	عن	99
يقترب	من	99
يقتصر	على	99
يقدر	على	99
يقرب	من	99
يقطنون	في	99
يقع	في	99
يقع	على	82
يقف	في	99
يقف	على	74
يقفون	وراء	99
يقل	عن	99
يقل	خطورة	9
يقلل	من	99
يقود	إلى	99
يقول	إن	99
يقول	إنه	66
يقول	السيد	33
يقول	المحلل	33
يقولون	إن	99
يقولون	إنهم	66
يقوم	بها	99
يقوم	على	53
يقوم	به	53
يقوم	بدور	23
يكشف	عن	99
يكفي	من	99
يكفي	أن	74
يكمن	في	99
يكن	هناك	99
يكن	لديه	40
يكن	لديها	30
يكن	لدى	30
يكون	هناك	99
يكون	هذا	41
يكون	الجو	30
يكون	ذلك	25
يكونوا	أكثر	99
يلتقي	خلالها	99
يلجأ	إلى	99
يلجأ	إليها	99
يمتاز	مولود	99
يمتد	من	99
يمر	بها	99
يمكن	أن	99
يمكن	ان	7
يمكن	القيام	3
يمكن	الاستفادة	2
يمكنك	أن	99
يمكننا	أن	99
يمكنه	من	99
يمكنها	من	99
يمكنها	أن	77
يمنعه	من	99
يميل	إلى	99
يميلون	إلى	99
يناير	الجاري	99
يناير	إلى	66
يناير	الماضي	66
يناير	كانون	66
ينبغي	أن	99
ينبغي	على	29
ينبغي	علينا	15
ينتج	عنها	99
ينتمون	إلى	99
ينتمي	إلى	99
ينجح	في	99
ينسجم	مع	99
ينص	على	99
ينطبق	على	99
ينطلق	من	99
ينطوي	على	99
ينظر	إلى	99
ينظر	إليها	74
ينعقد	في	99
ينعكس	على	99
يهدف	إلى	99
يهدف	الى	12
يهودي	في	99
يو	إس	99
يوجد	هناك	99
يوجد	دليل	57
يوجد	حاليا	42
يوجد	فيها	42
يورغن	كلوب	99
يورو	لكل	99
يوسف	بلايلي	99
يوسف	الخليل	74
يوم	الأحد	99
يوم	السبت	97
يوم	الخميس	87
يوم	الأربعاء	80
يوما	بعد	99
يوما	ما	59
يومنا	هذا	99
يومي	الإثنين	99
يوميا	من	99
يوميا	على	59
يومين	من	99
يومين	في	53
يون	سوك	99
يونيو	المقبل	99
