في	255
من	255
بن	255
الله	253
عن	249
على	247
قال	244
أن	241
عليه	235
لا	235
ما	234
إلى	231
أو	224
كان	222
ذلك	219
عبد	218
له	217
ابن	216
ولا	215
محمد	215
أبي	214
أبو	214
لم	214
هذا	214
صلى	213
به	212
وسلم	210
ثم	210
إذا	210
وهو	209
أي	209
إن	208
أنه	207
فيه	206
إلا	206
وقال	206
قوله	205
هو	204
كما	201
فقال	200
رسول	200
عنه	200
الذي	199
علي	198
بعد	197
حتى	196
مع	196
فإن	195
وقد	195
كل	195
تعالى	194
وإن	194
غير	194
قد	194
وفي	194
حدثنا	192
أحمد	192
منه	191
هذه	191
بين	191
يكون	190
السلام	189
ومن	189
يا	188
فلا	187
النبي	186
لأن	186
وكان	186
بها	186
فيها	186
عند	185
عمر	184
وما	184
سنة	184
ولم	184
التي	184
إليه	183
يقول	183
لو	182
الناس	182
أهل	181
قبل	181
يوم	181
الحديث	180
لأنه	180
لما	180
حديث	179
أيضا	179
بعض	179
الحسن	178
ليس	178
ولو	177
بل	177
منها	176
كانت	176
ثنا	175
الدين	175
بكر	174
بما	174
الصلاة	173
وهذا	173
ذكر	172
إبراهيم	172
سعيد	172
أنا	172
لها	172
رضي	171
قلت	171
لهم	171
أحد	171
وهي	171
قول	170
كتاب	170
الرحمن	170
فى	170
الأول	170
مثل	170
وأما	169
فهو	169
فيما	169
الشيخ	168
آخر	168
الذين	168
روسيا	168
وقيل	167
عمرو	167
فإذا	167
يحيى	167
رجل	167
باب	167
شيء	167
عليها	167
ان	167
أخبرنا	166
مالك	166
فإنه	166
إنما	166
منهم	166
واحد	166
أم	166
مما	166
إذ	166
عليهم	165
يكن	165
بأن	165
فقد	165
هي	165
والله	164
جعفر	164
يقال	164
لي	164
روى	163
عباس	163
الأرض	163
الثاني	163
أوكرانيا	163
فلما	162
يجوز	162
وإذا	162
يعني	162
موسى	161
غيره	161
الحسين	161
وعن	161
الملك	161
حيث	161
أبا	160
قيل	160
الرجل	160
دون	160
وابن	159
سمعت	159
زيد	159
الإمام	159
أما	159
نفسه	159
الاحتلال	159
رواه	158
إسحاق	158
وإنما	158
بذلك	158
وعلى	158
أبيه	157
فلم	157
وأبو	157
مسلم	157
وآله	157
ذكره	157
العلم	157
شيئا	157
القرآن	157
وليس	157
أمر	157
إنه	157
وأن	157
الآية	156
تقدم	156
وذلك	156
الروسية	156
الوطني	156
وقوله	155
نا	155
قالوا	155
لك	155
بني	155
يزيد	155
الحكم	155
عدم	155
الروسي	155
القاسم	154
عز	154
الكتاب	154
رواية	154
وكذا	154
علم	154
صاحب	154
الأمر	154
ولكن	154
مليون	154
داود	153
عبيد	153
الدنيا	153
سعد	153
سليمان	153
فما	153
هل	153
وكذلك	153
أول	153
يجب	153
أكثر	153
لكن	153
القوات	153
مات	152
كذا	152
عثمان	152
نعم	152
كثير	152
عشر	152
معه	152
الماء	152
جاء	152
كذلك	152
ثلاثة	152
وجه	152
أنها	152
حين	152
الدولي	152
رحمه	151
المؤمنين	151
هنا	151
يوسف	151
عنها	151
نحو	151
تلك	151
تكون	151
جميع	151
الأولى	151
الأمريكية	151
قوات	151
أحدهما	150
وجل	150
لله	150
الباب	150
إسماعيل	150
معنى	150
صلاة	150
حق	150
حال	150
دولار	150
حدثني	149
وفيه	149
الكلام	149
الحق	149
القول	149
المال	149
كنت	149
القاضي	149
حكم	149
قالت	149
اه	148
صحيح	148
أنت	148
الإسلام	148
حسن	148
النار	148
كانوا	148
الأمريكي	148
هريرة	147
أعلم	147
سفيان	147
فمن	147
بعضهم	147
وبين	147
الآخر	147
العديد	147
الإمارات	147
الجنة	146
وروى	146
وغيره	146
شاء	146
كلام	146
لمن	146
لنا	146
فعل	146
وهم	146
واحدة	146
اليوم	146
عيسى	145
خير	145
أراد	145
انتهى	145
عشرة	145
خالد	145
صالح	145
ألا	145
هم	145
ألف	145
الفلسطينية	145
الشافعي	144
الأصل	144
المسلمين	144
العزيز	144
جمع	144
أصحاب	144
أمير	144
اسم	144
طريق	144
عنده	143
وإلا	143
أنس	143
بنت	143
وله	143
بينهما	143
ثلاث	143
السنة	143
وذكر	143
الدولية	143
بـ	143
عائشة	142
سمع	142
فقلت	142
قاله	142
ولد	142
موضع	142
خرج	142
منهما	142
إليها	142
طالب	142
قتل	142
العرب	142
كتب	142
النساء	142
بهذا	142
كيف	142
المدينة	142
الإسرائيلية	142
السلطات	142
البخاري	141
المراد	141
بغير	141
العبد	141
سلمة	141
بالله	141
المعنى	141
أخذ	141
عليك	141
لكم	141
أبواب	141
مر	141
جماعة	141
وقع	141
رقم	141
وقت	141
بايدن	141
أسعار	141
مليار	141
إني	140
العباس	140
سورة	140
يصح	140
بقوله	140
رجلا	140
بمعنى	140
فكان	140
شرح	140
الفضل	140
دخل	140
البيت	140
سواء	140
المسجد	140
أيام	140
مرة	140
أخرى	140
إطار	140
عمليات	140
رأيت	139
بعده	139
بخلاف	139
ملك	139
يعلم	139
يدل	139
الصحيح	139
المرأة	139
بلا	139
بهم	139
مسألة	139
أنهم	139
الأوكرانية	139
التواصل	139
الجمهورية	139
النفط	139
الأوروبي	139
الانتخابات	139
معاوية	138
ويقال	138
إلخ	138
اللهم	138
هشام	138
خلاف	138
ممن	138
السماء	138
امرأة	138
دار	138
لأنها	138
الثانية	138
الاقتصادية	138
بوتين	138
مال	137
أخرجه	137
ظاهر	137
سبحانه	137
مكة	137
وعبد	137
رب	137
الليل	137
جعل	137
ومحمد	137
يريد	137
العلماء	137
بيت	137
السيد	137
وكانت	137
كورونا	137
وفقا	137
الفلسطيني	137
المواطنين	137
المناطق	137
حنيفة	136
الحافظ	136
مثله	136
مسعود	136
الحج	136
كله	136
المذكور	136
يعقوب	136
يونس	136
العين	136
الخطاب	136
الشمس	136
وكل	136
هؤلاء	136
الجمعة	136
تحت	136
يمكن	136
تعزيز	136
لـ	136
شئ	135
قوم	135
القيامة	135
عنهم	135
جابر	135
أولى	135
الا	135
ترك	135
رأى	135
سبيل	135
يوما	135
بأنه	135
يأتي	135
العمل	135
أبى	134
فلان	134
عامر	134
لان	134
مائة	134
بفتح	134
يده	134
المسألة	134
وأنا	134
ذي	134
توفي	134
أربعة	134
الثالث	134
البحر	134
انه	134
مناطق	134
دعم	134
وأبي	133
فلو	133
ولما	133
قلنا	133
البيع	133
عليكم	133
السلطان	133
فصل	133
الحال	133
فان	133
ليلة	133
منصور	133
نصر	133
خلق	133
تقول	133
شهر	133
الإنسان	133
مصر	133
منظمة	133
الضفة	133
الحارث	132
الوليد	132
القوم	132
المصنف	132
الخبر	132
الكافي	132
يخرج	132
ثابت	132
والثاني	132
الوجه	132
الموت	132
والسلام	132
قدر	132
وان	132
بد	132
الوسائل	132
ورد	132
قدم	132
آل	132
رمضان	132
يعرف	132
لكل	132
أفضل	132
بيان	132
الوقت	132
موسكو	132
وأضافت	132
فيكون	131
قل	131
حاتم	131
آدم	131
جميعا	131
نظر	131
العقد	131
ترى	131
كلها	131
قيس	131
شرط	131
إما	131
ثقة	131
ذهب	131
يقع	131
جهة	131
عمل	131
الأزمة	131
الجوية	131
حماد	130
الظاهر	130
ومنه	130
معناه	130
إلي	130
يدخل	130
أصل	130
الفعل	130
الواحد	130
أقول	130
يذكر	130
أربع	130
الأمة	130
وأنه	130
خمس	130
لقد	130
نفس	130
الى	130
الأمنية	130
تويتر	130
التهذيب	129
مطلقا	129
قبله	129
ضعيف	129
آية	129
خبر	129
إليهم	129
ماء	129
ثبت	129
كونه	129
زياد	129
الحاكم	129
فهذا	129
النفس	129
كون	129
ومنها	129
عين	129
بيع	129
حدث	129
دينار	129
فهي	129
عما	129
نصف	129
علينا	129
القضاء	129
المركزي	129
واشنطن	129
سيتم	129
الاقتصادي	129
العالمي	129
فأما	128
الفقيه	128
بأس	128
أيها	128
شعبة	128
كثيرة	128
الشيء	128
فيهم	128
ينبغي	128
والذي	128
الإجراءات	128
تشرين	128
عسكرية	128
اللبنانية	128
قتادة	127
الزبير	127
الخ	127
قرأ	127
عنهما	127
جاز	127
أيوب	127
وهب	127
الآخرة	127
وجوب	127
فليس	127
عمران	127
عليهما	127
الإيمان	127
حجة	127
صار	127
دليل	127
كثيرا	127
وهذه	127
يد	127
خمسة	127
قام	127
لذلك	127
رفع	127
فقط	127
ذات	127
هناك	127
العالم	127
الأوكراني	127
المتحدث	127
فلاديمير	127
الزهري	126
وبه	126
قالا	126
الطلاق	126
ومنهم	126
إليك	126
الزكاة	126
روي	126
حمزة	126
أتى	126
يرد	126
رأسه	126
الخلاف	126
تفسير	126
حميد	126
الرجال	126
هكذا	126
الرواية	126
خلف	126
رجال	126
ظهر	126
حد	126
فوق	126
الطريق	126
إحدى	126
البرلمان	126
السعودي	126
الصحية	126
مكتب	126
الفلسطينيين	126
برنامج	126
تصريحات	126
تنظيم	126
إجراءات	126
بهدف	126
كييف	126
لكرة	126
ورواه	125
نافع	125
ماله	125
عطاء	125
الدار	125
الحمد	125
شيخ	125
وجب	125
صفة	125
وجد	125
أحب	125
يرجع	125
الرسول	125
سهل	125
جواز	125
ذا	125
يظهر	125
قطع	125
بينهم	125
الأمير	125
زيادة	125
نقل	125
عدة	125
تسجيل	125
لوكالة	125
الدعم	125
إنتاج	125
المستوى	125
البقرة	124
لفظ	124
إله	124
أخبرني	124
عاصم	124
النكاح	124
فقالت	124
دين	124
الرزاق	124
وفى	124
العلامة	124
كتابه	124
يثبت	124
جملة	124
وغيرهم	124
زاد	124
المعروف	124
سبع	124
رد	124
وغير	124
يرى	124
تطوير	124
السنوات	124
المؤسسات	124
الصحابة	123
مولى	123
أنبأنا	123
لأبي	123
يصلي	123
صح	123
وعنه	123
أمره	123
فيهما	123
كأنه	123
هارون	123
بشر	123
نزل	123
نعيم	123
يديه	123
حجر	123
وجهه	123
أحسن	123
بك	123
يلزم	123
وعليه	123
حبيب	123
مدة	123
قراءة	123
محل	123
ففي	123
طلب	123
المصدر	123
نحن	123
عام	123
الرسمي	123
اللبناني	123
المسلحة	123
النووية	123
جرير	122
لابن	122
الخلق	122
بضم	122
الشام	122
الفتح	122
أحدا	122
منكم	122
سائر	122
الجمع	122
فضل	122
مني	122
بقي	122
أولا	122
الخير	122
الثمن	122
فهل	122
كنا	122
النظر	122
حقيقة	122
سبب	122
ولي	122
الثلاثة	122
وجود	122
مكان	122
ليست	122
الدولة	122
الأسلحة	122
نادي	122
وأوضحت	122
الأوروبية	122
الفرنسي	122
وأشارت	122
الإيراني	122
جمهورية	122
للأمم	122
حينئذ	121
الملائكة	121
مذهب	121
اللفظ	121
فيقول	121
فكيف	121
يقبل	121
معين	121
درهم	121
غيرها	121
سبق	121
شك	121
لهما	121
اسمه	121
صحة	121
بلغ	121
الأمور	121
بناء	121
بي	121
فتح	121
خاصة	121
إسرائيل	121
الإيرانية	121
الجهود	121
نتنياهو	121
وخلال	121
وقرأ	120
الولد	120
الترمذي	120
فقالوا	120
كعب	120
الأنصاري	120
أسلم	120
أصحابه	120
قريش	120
الزوج	120
المشتري	120
الأنبياء	120
عندي	120
مجاهد	120
منك	120
وعشرين	120
ذكرنا	120
قولهم	120
سألت	120
ولهذا	120
فإنها	120
وأحمد	120
وحده	120
يقولون	120
مثلا	120
الجواب	120
ذو	120
الميت	120
ابنه	120
الأخبار	120
الشعر	120
حمل	120
فرق	120
ويكون	120
اليمين	120
رأس	120
فرض	120
الكبير	120
القلب	120
أرض	120
وغيرها	120
أقل	120
أشهر	120
الآن	120
تشكيل	120
الـ	120
المتوقع	120
فيديو	120
حاليا	120
سبوتنيك	120
وأكدت	120
وأخرج	119
أصحابنا	119
وفيها	119
رجع	119
كلامه	119
الصادق	119
وأنت	119
الشيطان	119
يفعل	119
واحدا	119
دمشق	119
وهل	119
يحصل	119
بعدها	119
عمار	119
بعضها	119
الكتب	119
مضى	119
نسخة	119
لعدم	119
الطعام	119
تكن	119
حاجة	119
عبارة	119
صورة	119
عقد	119
وضع	119
أجل	119
الحرب	119
أكدت	119
الشعبية	119
لمواجهة	119
ملايين	119
انتخابات	119
محطة	119
جراء	119
عناصر	119
لقوله	118
بيده	118
ويجوز	118
ربك	118
فقيل	118
عروة	118
خيرا	118
كأن	118
الشرط	118
ربه	118
المسلم	118
طاهر	118
أهله	118
عدي	118
بينه	118
ورسوله	118
فعلى	118
يحل	118
حقه	118
الربيع	118
بدل	118
قضاء	118
الشاعر	118
أين	118
اللغة	118
الجماعة	118
سوى	118
ستة	118
الدم	118
بحيث	118
يوجد	118
حرب	118
تاريخ	118
بسبب	118
الأميركي	118
الخدمات	118
فيروس	118
القومي	118
مباراة	118
مديرية	118
ولفت	118
أمريكا	118
الناتو	118
السفير	118
شيبة	117
حبان	117
الرحيم	117
عندنا	117
وتعالى	117
معمر	117
الزمان	117
إنا	117
بشيء	117
وجعل	117
ذاك	117
الأحكام	117
العقل	117
ضرب	117
يجعل	117
منا	117
بهذه	117
النهاية	117
الرابع	117
بغداد	117
حلف	117
ويقول	117
يقوم	117
كلمة	117
المغرب	117
وبعد	117
أكبر	117
المقبلة	117
طائرة	117
ليبيا	117
التيار	117
الجنوبية	117
قمة	117
التضخم	117
الحكومية	117
العنف	117
الهجوم	117
بالمئة	117
التنمية	117
الكهرباء	117
بطولة	117
الوضوء	116
ثلاثا	116
البائع	116
بكسر	116
آمنوا	116
طلحة	116
صاحبه	116
الحجة	116
يقتضي	116
شهاب	116
سئل	116
البر	116
الإبل	116
وعند	116
سالم	116
أبدا	116
نفسي	116
بهما	116
الشيعة	116
الأب	116
ست	116
غاية	116
متى	116
قصد	116
اليهود	116
الكريم	116
أشد	116
معرفة	116
نص	116
يحتاج	116
الأسود	116
شهد	116
الحد	116
الثالثة	116
بكل	116
الأخرى	116
العامة	116
الأميركية	116
الطائرات	116
المقاومة	116
جهود	116
حماس	116
الجوي	116
الروس	116
المباراة	116
المسؤولين	116
ترامب	116
مطار	116
ألمانيا	116
شيخنا	115
بمنزلة	115
صلاته	115
جده	115
نزلت	115
انظر	115
المذهب	115
مروان	115
الأئمة	115
عبادة	115
أمة	115
الحجاج	115
يأخذ	115
يمنع	115
بدر	115
لنفسه	115
العصر	115
بنفسه	115
الواجب	115
الجزء	115
فهم	115
المبارك	115
حسين	115
وإلى	115
السفر	115
يحدث	115
دفع	115
الحياة	115
البلاد	115
سبتمبر	115
شركات	115
اتفاقية	115
الاستثمار	115
الرئيسية	115
توفير	115
وأفادت	115
المنظمة	115
عقوبات	115
كقوله	114
حفص	114
والمراد	114
ونحوه	114
عندهم	114
عبيدة	114
والأرض	114
هاشم	114
القدر	114
المتوفى	114
الفجر	114
ولقد	114
عليا	114
فعله	114
الظهر	114
القراءة	114
سلم	114
وأخذ	114
الرضا	114
فاطمة	114
عهد	114
الزيادة	114
وهما	114
زوجها	114
بعث	114
المذكورة	114
كم	114
وكتب	114
منع	114
قيمة	114
يتعلق	114
بالنسبة	114
إنها	114
الأعلى	114
أهداف	114
الإنتاج	114
الصراع	114
المشاريع	114
بمناسبة	114
قيادة	114
كوريا	114
العراقية	114
لأوكرانيا	114
الرئيسي	114
القيادة	114
فله	113
وروي	113
جبير	113
ملكه	113
معاذ	113
المؤمن	113
ربيعة	113
الدعاء	113
يخفى	113
أني	113
عمير	113
يوجب	113
مقام	113
الذكر	113
عباد	113
أخرج	113
وعلي	113
الجامع	113
البصري	113
سنين	113
يحتمل	113
عظيم	113
أعظم	113
ترجمة	113
عرف	113
يقدر	113
عاد	113
أسماء	113
دخلت	113
نقله	113
حديثه	113
نور	113
شهادة	113
الفرق	113
حصل	113
جدا	113
ونحن	113
الثوري	113
وعدم	113
أشار	113
قوة	113
لهذا	113
الجميع	113
مدينة	113
عدد	113
الغذائية	113
الفنية	113
بفيروس	113
خدمات	113
زيلينسكي	113
لدعم	113
البيانات	113
السوري	113
المحتلة	113
المناخ	113
برس	113
تقارير	113
إمكانية	113
الدولار	113
العمليات	113
مضيفا	113
حنبل	112
الأصحاب	112
الأعمش	112
أمه	112
وغيرهما	112
حرف	112
بمكة	112
نبي	112
أنزل	112
يلزمه	112
المشهور	112
الكفر	112
وقالوا	112
المثل	112
قط	112
جل	112
المطلب	112
يقرأ	112
اختلاف	112
الفقه	112
لأنهم	112
الخطيب	112
النهار	112
الشهادة	112
تمام	112
الحجر	112
الجملة	112
وربما	112
سلام	112
السؤال	112
وصف	112
يجد	112
سبعة	112
محمود	112
يعمل	112
البيان	112
حل	112
ومع	112
السابق	112
الحوار	112
الصيني	112
علاقات	112
مكافحة	112
التنفيذي	112
الصحي	112
برئاسة	112
رئيسة	112
الطائرة	112
القانونية	112
المركزية	112
بقيادة	112
تواجه	112
طائرات	112
وزيرة	112
أمية	111
الواو	111
الليث	111
فيمن	111
آخره	111
شئت	111
الآيات	111
عوف	111
عني	111
والمعنى	111
فذكر	111
العذاب	111
صدق	111
الثلث	111
حرم	111
الألف	111
أخيه	111
المولى	111
أكل	111
كلهم	111
ولأن	111
الأحاديث	111
يشترط	111
زكريا	111
مريم	111
الحرام	111
جامع	111
نقول	111
تسع	111
الطويل	111
بقية	111
جبل	111
صرح	111
أنفسهم	111
الفصل	111
الرد	111
معهم	111
النصف	111
عالم	111
وقف	111
جزء	111
الساعة	111
ضمن	111
العام	111
العربية	111
بمحافظة	111
يناير	111
المفاوضات	111
بحلول	111
لرئيس	111
نوفمبر	111
أسلحة	111
الصينية	111
انخفاض	111
تلفزيون	111
سلطات	111
فبراير	111
مستشفى	111
مشاريع	111
ملف	111
أحدكم	110
الطهارة	110
ذر	110
ولده	110
الخمر	110
الصوم	110
شعيب	110
قتله	110
اختلف	110
أوله	110
الاسلام	110
ومات	110
صدقة	110
جبريل	110
الرجوع	110
لكان	110
بنى	110
وخرج	110
إنك	110
أصلا	110
علمت	110
يسمع	110
المقام	110
بلاد	110
لغة	110
شريك	110
أرى	110
عرفت	110
الاسم	110
اليد	110
شعر	110
الحقيقة	110
ولذلك	110
القتل	110
معروف	110
الأشياء	110
أولئك	110
اليمن	110
العراق	110
لكنه	110
الهجمات	110
تغريدة	110
مراكز	110
الجولة	110
السفارة	110
تهدف	110
صحفي	110
لضمان	110
مشيرة	110
أجهزة	110
البيئة	110
سياسي	110
مستويات	110
الدية	109
نهى	109
اللام	109
الياء	109
عيينة	109
المغيرة	109
يومئذ	109
المحرم	109
بنو	109
النسخ	109
نحوه	109
يدي	109
أحاديث	109
فخرج	109
اللسان	109
علمه	109
المهملة	109
الكوفة	109
وإما	109
حرام	109
غسل	109
عقبة	109
ادعى	109
أهلها	109
الوقف	109
وأهل	109
ينظر	109
العظيم	109
أحكام	109
قضى	109
لولا	109
أربعين	109
معا	109
القسم	109
سليم	109
وأيضا	109
الأصول	109
يملك	109
أثر	109
الخيار	109
وفتح	109
يبقى	109
وصل	109
يحمل	109
الحاجة	109
البلد	109
آلاف	109
الأعمال	109
بحسب	109
لاعب	109
ووفقا	109
الاستراتيجية	109
الفيديو	109
بريطانيا	109
الخبراء	109
النهائي	109
تحالف	109
صواريخ	109
فرانس	109
ليرة	109
يحرم	108
المنذر	108
جريج	108
الشرع	108
ويحتمل	108
الكوفي	108
الكفار	108
وقول	108
الرازي	108
تجب	108
ذكرناه	108
دل	108
العلاء	108
الدهر	108
فجعل	108
الفقهاء	108
خلافا	108
وعمر	108
كنتم	108
المقصود	108
الباقي	108
إياه	108
البغدادي	108
أخي	108
الوصية	108
وتوفي	108
واجب	108
ألم	108
الصغير	108
للناس	108
دم	108
شمس	108
لأجل	108
مسجد	108
أريد	108
تقدير	108
قليلا	108
يقل	108
الحر	108
خطأ	108
أقر	108
الذهب	108
والذين	108
الأم	108
وكيف	108
إشارة	108
الدخول	108
السبب	108
الشهر	108
حول	108
إجمالي	108
السيطرة	108
وأعلن	108
ورغم	108
إغلاق	108
بيانات	108
تشكل	108
اقتصادية	108
البطولة	108
التصويت	108
الزراعية	108
المستوطنين	108
باستخدام	108
طن	108
لإعادة	108
لوزارة	108
ماكرون	108
نيويورك	108
يعلى	107
وثلاثين	107
المسيب	107
يجز	107
المشركين	107
النسائي	107
بينة	107
عذاب	107
الوجوب	107
محمدا	107
النهي	107
امرأته	107
قبلها	107
بلفظ	107
القياس	107
الأنصار	107
ثمان	107
قلبه	107
المالك	107
بيته	107
الروم	107
العالمين	107
اشترى	107
المتن	107
سقط	107
البحار	107
أسامة	107
ربيع	107
الرأس	107
قليل	107
أقرب	107
الشريف	107
يسمى	107
القيمة	107
الخروج	107
الوجود	107
ولكنه	107
جرى	107
عرض	107
الأيام	107
دعا	107
صدر	107
ساعة	107
لن	107
حالة	107
يتم	107
المغربية	107
جرائم	107
حفل	107
رسمية	107
يورو	107
الإصابات	107
الخطوة	107
المسؤولية	107
مبادرة	107
مسار	107
أردوغان	107
الإرهاب	107
الدبلوماسية	107
الصهيوني	107
المجالات	107
بلدية	107
خلفية	107
عائلة	107
للحصول	107
متر	107
مخاوف	107
جائز	106
الطبراني	106
وأخرجه	106
الموضع	106
إدريس	106
التوبة	106
بسم	106
الثوب	106
أصله	106
باطل	106
راجع	106
أنبأ	106
فقام	106
وصلى	106
ربي	106
الكل	106
غريب	106
نفي	106
ربنا	106
ونحو	106
سأل	106
يصلح	106
دلالة	106
الطيب	106
إمام	106
ومما	106
وهكذا	106
رحمة	106
الوهاب	106
أنك	106
بنا	106
باعتبار	106
أنتم	106
البصرة	106
خرجت	106
كلا	106
العلوم	106
قرية	106
معها	106
القيام	106
قرب	106
بدون	106
يبلغ	106
كشف	106
العدو	106
الكثير	106
كبير	106
الصحة	106
الصواريخ	106
القمة	106
الكنيست	106
الليبية	106
النتائج	106
بنك	106
طاجيكستان	106
للجيش	106
منصة	106
يعاني	106
أكتوبر	106
قرارات	106
للطاقة	106
مقاطعة	106
مواصلة	106
هجمات	106
وبالتالي	106
بالتعاون	106
فعاليات	106
للقوات	106
معدلات	106
البيهقي	105
عكرمة	105
ركعتين	105
الهمزة	105
فإني	105
ومائة	105
السماوات	105
والظاهر	105
مالا	105
الميم	105
فإنما	105
يشاء	105
وسمع	105
دينه	105
نوح	105
يزل	105
قومه	105
الدليل	105
حج	105
جواب	105
الفرج	105
ومثله	105
الضمير	105
حر	105
وجوه	105
حديثا	105
وأمر	105
غالب	105
حكيم	105
زمان	105
هلال	105
عشرين	105
اعتبار	105
جارية	105
سيف	105
لأحد	105
قريب	105
تقبل	105
الخمس	105
شديد	105
زمن	105
قيمته	105
روح	105
ابتداء	105
الكامل	105
الحرم	105
الخامس	105
فرع	105
يعتبر	105
وراء	105
جاءت	105
نفسها	105
الصورة	105
مجلس	105
الألمانية	105
الديمقراطية	105
الصناعية	105
داعش	105
سجلت	105
لشركة	105
لمجلس	105
هدف	105
وأعلنت	105
وطنية	105
الإرهابية	105
الإنترنت	105
الثقافي	105
الرئاسية	105
المديرية	105
المستشفى	105
المعنية	105
لتعزيز	105
للمرة	105
محافظ	105
وكيع	104
وسكون	104
القبلة	104
النون	104
الراء	104
الغسل	104
خلقه	104
العتق	104
العدة	104
ومعنى	104
عطف	104
عرفة	104
يكره	104
سنان	104
بعضه	104
سم	104
أسد	104
الصدقة	104
يروي	104
النعمان	104
يأكل	104
قبض	104
يصير	104
الجوهري	104
حذف	104
حسان	104
أحدها	104
الكعبة	104
زكاة	104
يسقط	104
بمصر	104
نصب	104
يحب	104
المسلمون	104
تعلم	104
كفر	104
حقا	104
القطع	104
قاضي	104
الامام	104
حب	104
غيرهم	104
بمن	104
الأربعة	104
هما	104
خليفة	104
يضمن	104
بعيد	104
علماء	104
ألفا	104
قصة	104
بحر	104
الشعبي	104
ذكرت	104
سيما	104
دخول	104
العدل	104
الجهاد	104
العدد	104
وجاء	104
جانب	104
منذ	104
الأجهزة	104
الإقليمية	104
الضغط	104
بدوره	104
ديسمبر	104
للرئيس	104
محادثات	104
ممارسة	104
موجة	104
نقاط	104
أوبك	104
الإطار	104
التحديات	104
الفني	104
اللبنانيين	104
المنتجات	104
بمشاركة	104
شعبنا	104
غضون	104
لروسيا	104
مئات	104
والغاز	104
اتفاقيات	104
اعتقال	104
الإعلامي	104
الانتخابية	104
التركيز	104
اللاعب	104
دونيتسك	104
عسكري	104
لحماية	104
نهائي	104
وأنشد	103
قتيبة	103
وجهان	103
الدارقطني	103
البينة	103
أحق	103
أذن	103
الإسناد	103
الجاهلية	103
العاص	103
الظن	103
باع	103
ماجه	103
فصار	103
بابن	103
فعليه	103
ينزل	103
عقيل	103
عنك	103
زهير	103
طائفة	103
عبده	103
إلينا	103
الصفة	103
يقتل	103
وترك	103
فائدة	103
بالمدينة	103
التفسير	103
جنس	103
الغير	103
آيات	103
تميم	103
سيد	103
فارس	103
صحيحة	103
النور	103
بقدر	103
الضمان	103
الذى	103
الوكيل	103
مجمع	103
عمله	103
النص	103
ثمانية	103
الجمهور	103
ضمان	103
وقعت	103
نقص	103
القبض	103
المكان	103
الكبرى	103
حي	103
البناء	103
مصدر	103
نسبة	103
ضرورة	103
يعد	103
نهاية	103
المجلس	103
أفريقيا	103
أمنية	103
أوميكرون	103
الألماني	103
البرنامج	103
الشراكة	103
الكيان	103
فيسبوك	103
للشعب	103
مؤسسات	103
أمريكي	103
أنظمة	103
الغذائي	103
الفنان	103
القضائية	103
المستشار	103
باتجاه	103
بينيت	103
تعاني	103
لتنفيذ	103
لمكافحة	103
وتابعت	103
والحسن	102
وخمسين	102
فجاء	102
وأربعين	102
وحدثنا	102
عبدا	102
طالق	102
أخذه	102
حكمه	102
رافع	102
لئلا	102
شعره	102
علة	102
فأمر	102
الصواب	102
حاله	102
الخيل	102
بطن	102
يمين	102
زوج	102
يحكم	102
يكتب	102
كلاهما	102
النية	102
اثنتين	102
عطية	102
النسب	102
فإنهم	102
حسنة	102
الأسماء	102
الحمل	102
تعلق	102
إذن	102
لسان	102
الوفاة	102
الصالح	102
نفسك	102
كمال	102
الثلاث	102
ضعف	102
عبدالله	102
مرات	102
يشهد	102
كلما	102
حضر	102
أخبار	102
وجدت	102
ببعض	102
زال	102
نار	102
يعود	102
ربما	102
بعدم	102
يصل	102
رسالة	102
تحقيق	102
خارج	102
وقالت	102
حسب	102
استراتيجية	102
الداخلي	102
اللاجئين	102
المحافظات	102
دونالد	102
قادرة	102
مسؤولية	102
ملعب	102
منافسات	102
آلية	102
إسرائيلية	102
إصابات	102
إضافية	102
الأجواء	102
الأساسي	102
التكنولوجيا	102
القانوني	102
النيابية	102
تحاول	102
خبراء	102
مانشستر	102
مخاطر	102
يعانون	102
يوليو	102
الطبري	101
يمينه	101
شر	101
المعجمة	101
ببغداد	101
مرفوعا	101
زرعة	101
الصبح	101
لغير	101
الأصح	101
عتق	101
المنع	101
صفوان	101
وستين	101
عساكر	101
يقطع	101
موته	101
محرم	101
الرهن	101
الصبي	101
ثبوت	101
فذلك	101
المؤلف	101
بمثل	101
جعلت	101
عم	101
القصاص	101
التوحيد	101
أخبر	101
وزاد	101
إثبات	101
بشرط	101
ثلث	101
يجمع	101
ولعل	101
العادة	101
علما	101
بلد	101
الصيد	101
وأكثر	101
الحميد	101
عامة	101
أصول	101
قلب	101
اثنين	101
لبعض	101
نوع	101
يجري	101
القتال	101
المصري	101
باسم	101
إنجاز	101
البريطاني	101
التصعيد	101
الحماية	101
الرئاسي	101
الطوارئ	101
تقنية	101
فرص	101
لفترة	101
مباريات	101
مجالات	101
محلية	101
مليارات	101
وأوكرانيا	101
ودعم	101
الأوكرانيين	101
الإرهابي	101
الإقليمي	101
الاتصالات	101
التجاري	101
الديمقراطي	101
السياحة	101
المساعدات	101
انتخاب	101
بمنطقة	101
تبون	101
تتراوح	101
فشل	101
قانونية	101
لتقديم	101
لعام	101
محاولات	101
بلى	100
وسبعين	100
العلة	100
ركعة	100
ومائتين	100
جهنم	100
الأعرابي	100
عفان	100
وأصحابه	100
ففيه	100
الكافر	100
يبق	100
بالحق	100
لغيره	100
السلف	100
وتسعين	100
ومسلم	100
بالفتح	100
زائدة	100
القائل	100
الجن	100
قلوبهم	100
وأبا	100
أبان	100
لأهل	100
يسلم	100
عمه	100
وكانوا	100
مثلها	100
المائدة	100
جعله	100
العرش	100
كذب	100
مسائل	100
العبادة	100
مجهول	100
سمي	100
والآخر	100
شدة	100
هبة	100
وتقدم	100
المدة	100
التوفيق	100
أشبه	100
نية	100
أقام	100
شرب	100
أولاد	100
ونقل	100
رجب	100
يدعو	100
وقتل	100
طويل	100
طول	100
الرأي	100
إنهم	100
قسم	100
الأموال	100
التاريخ	100
عون	100
البعض	100
عادة	100
حياة	100
تقديم	100
تم	100
الآلاف	100
التوتر	100
الجزائرية	100
سفير	100
غرار	100
كوفيد	100
لتطوير	100
للحكومة	100
للمشاركة	100
ماسك	100
إمدادات	100
الاتحادية	100
الاحتجاجات	100
التاريخي	100
التحقيقات	100
الرياضية	100
النهائية	100
اندلاع	100
للحفاظ	100
لمنظمة	100
ميقاتي	100
والتنمية	100
وحدات	100
كفروا	99
كفارة	99
إسناده	99
تصح	99
المبسوط	99
شاة	99
حذيفة	99
معلوم	99
فرعون	99
وذكره	99
تبارك	99
والنسائي	99
ولأنه	99
القبر	99
دونه	99
يعنى	99
رسوله	99
العباد	99
يسار	99
قرأت	99
بعينه	99
يؤخذ	99
وثمانين	99
بينا	99
أردت	99
كثرة	99
بدمشق	99
أوصى	99
والحديث	99
الروايات	99
الذهبي	99
دعوى	99
ليلى	99
ديوان	99
يرفع	99
التصرف	99
صلوات	99
الامر	99
إنسان	99
ومعه	99
العشر	99
موت	99
حازم	99
فعلت	99
فهذه	99
الصديق	99
أنهما	99
يكفي	99
مهدي	99
قبول	99
قريبا	99
أنواع	99
الرابعة	99
مرض	99
قيام	99
العهد	99
الشرعية	99
او	99
عضو	99
أعلى	99
أمريكية	99
إصدار	99
الأمني	99
الأهداف	99
الإسرائيليين	99
التنفيذية	99
المشاركين	99
تستهدف	99
رويترز	99
ضحايا	99
غياب	99
مخيم	99
والولايات	99
اكتشاف	99
الأنشطة	99
الصادرات	99
الصحافة	99
النفطية	99
تبادل	99
دولية	99
سان	99
لموقع	99
مفاوضات	99
وتعزيز	99
ووزير	99
السجود	98
الشارح	98
الباء	98
الوارث	98
بالكسر	98
قولان	98
الكمال	98
الحيض	98
الذمة	98
فأخذ	98
نكاح	98
ذكرها	98
فكذلك	98
نوى	98
أمتي	98
هاهنا	98
الفراء	98
تكلم	98
بالضم	98
وأخبرنا	98
النضر	98
النجاشي	98
والجمع	98
فيقال	98
بدليل	98
والسنة	98
القلوب	98
فدخل	98
حيان	98
تركه	98
الريح	98
عالما	98
فكتب	98
الأدب	98
لكونه	98
الكتابة	98
وجماعة	98
المغني	98
والثالث	98
تدل	98
كتابا	98
قائما	98
عدل	98
الجبل	98
اللحم	98
ظن	98
ومثل	98
عتبة	98
بلال	98
بأمر	98
بشير	98
كانا	98
العامل	98
يضرب	98
حلب	98
نصيب	98
الحلبي	98
أدرك	98
بان	98
قصر	98
حصول	98
تبين	98
أقوى	98
الإشارة	98
كامل	98
الشهيد	98
شبه	98
ولاية	98
شخص	98
الأمم	98
إطلاق	98
الأمريكيين	98
التنسيق	98
العاملة	98
الفيروس	98
القادمة	98
اللاعبين	98
الليبي	98
المحادثات	98
المواقع	98
الوحيدة	98
بجروح	98
تدمير	98
تستمر	98
حوار	98
لحقوق	98
للمواطنين	98
مسؤولون	98
يونيو	98
آذار	98
آسيا	98
أصدر	98
إفريقيا	98
إنهاء	98
استهداف	98
الاتفاقية	98
الاستثمارات	98
الخلايا	98
الدستورية	98
الصحراوي	98
الصحفي	98
القرارات	98
القطاعات	98
الكرملين	98
المخابرات	98
المسيرة	98
المنظمات	98
بتهمة	98
تصدير	98
جولة	98
سيارات	98
قائلة	98
قدرات	98
لحزب	98
للأمن	98
محطات	98
مغادرة	98
الشرك	97
الرسل	97
جهل	97
يراد	97
الدمشقي	97
النبوة	97
شعبان	97
الهدى	97
القرشي	97
بعضا	97
بكير	97
أعني	97
المثنى	97
ويحيى	97
اى	97
الولي	97
الأنعام	97
يسأل	97
سنن	97
سيرين	97
كتبه	97
مؤمن	97
ثلاثين	97
الشريعة	97
إحداهما	97
الفاعل	97
تزوج	97
سيأتي	97
الهوى	97
طعام	97
يموت	97
الشك	97
فأنت	97
مرتين	97
فكل	97
تخرج	97
ووجه	97
هذين	97
أمور	97
نسب	97
فيجب	97
الروح	97
ودخل	97
غدا	97
الليلة	97
سوء	97
النوم	97
الرسالة	97
زوجته	97
إرادة	97
أظهر	97
الخوف	97
الكاتب	97
بيد	97
بقاء	97
مجرد	97
وقوع	97
ظهور	97
ماذا	97
سلمان	97
القدرة	97
النووي	97
القاهرة	97
تقوم	97
الوزير	97
وسائل	97
الأخير	97
أسابيع	97
استهدفت	97
الثقافية	97
السنوي	97
العائلة	97
العبرية	97
المخدرات	97
الناتج	97
بالمحافظة	97
برامج	97
برميل	97
خسائر	97
رسمي	97
روسية	97
لإجراء	97
للتعاون	97
مذكرة	97
مسؤولين	97
مستشار	97
يتطلب	97
اعتقلت	97
الأردنية	97
الإلكتروني	97
الجنوبي	97
المراكز	97
انفجار	97
بالضفة	97
بدعم	97
تؤكد	97
تايوان	97
تسببت	97
تكاليف	97
دوري	97
رئيسي	97
رصد	97
فلسطينية	97
لحركة	97
للاتحاد	97
مشاكل	97
واختلف	96
محذوف	96
فرغ	96
المبيع	96
يبطل	96
حم	96
الركوع	96
لزمه	96
تهذيب	96
السورة	96
الإجماع	96
عياش	96
الفرس	96
فأجاب	96
متعلق	96
الكفارة	96
والأول	96
وإني	96
عمن	96
قطعا	96
أدري	96
المختار	96
أجر	96
أصاب	96
المسائل	96
والصلاة	96
الحكمة	96
وصار	96
فكانت	96
حامد	96
الكذب	96
يضر	96
حيا	96
بكم	96
الحيوان	96
وكسر	96
السلمي	96
الصفات	96
يفيد	96
الجنس	96
نسخ	96
يسير	96
يستحق	96
قائم	96
وفاته	96
أشياء	96
أحدهم	96
مقدار	96
عدا	96
مطلق	96
ولذا	96
وسائر	96
خيار	96
يقضي	96
الجارية	96
كونها	96
السادس	96
الخليل	96
أمرا	96
طرق	96
الحي	96
بلغت	96
النوع	96
بينها	96
الواقع	96
الإسلامية	96
البحث	96
الأكثر	96
أجواء	96
أصدرت	96
إسرائيلي	96
استعادة	96
الإلكترونية	96
الإنجليزي	96
الثنائية	96
الجريمة	96
الخام	96
العملة	96
الكهربائية	96
الموظفين	96
تنشط	96
كميات	96
ليفربول	96
مساعدات	96
مواجهات	96
نشرته	96
ودول	96
ولفتت	96
أبيب	96
أنقرة	96
إس	96
إيجابية	96
الإعلامية	96
الإنقاذ	96
التعليمية	96
التهديدات	96
التوترات	96
المحطة	96
المخاطر	96
المصابين	96
المصارف	96
المفوضية	96
الوعي	96
انطلاق	96
بالكامل	96
تدعم	96
تساعد	96
ضغط	96
فيلم	96
كتلة	96
لافتا	96
لافروف	96
للانتخابات	96
مؤشر	96
مونديال	96
ميشال	96
والاستقرار	96
يوميا	96
زرارة	95
الفرض	95
دية	95
الضحاك	95
دراهم	95
الفاء	95
الصحيحين	95
واعلم	95
القطان	95
وحكى	95
وظاهر	95
قوما	95
الثقات	95
الأصمعي	95
الشئ	95
فصلى	95
ورجل	95
ربهم	95
تحريم	95
طاعة	95
مسلمة	95
الملوك	95
وكتاب	95
الخليفة	95
سبحان	95
المهر	95
أخو	95
اللبن	95
وأقام	95
رضى	95
يخلو	95
وحدث	95
أبوه	95
عينه	95
المطلق	95
المتقدم	95
قبر	95
سبعين	95
خمسين	95
عمارة	95
بطريق	95
الاختلاف	95
نعمة	95
الوجوه	95
لزم	95
يذهب	95
بطل	95
التراب	95
نعلم	95
مكانه	95
أرسل	95
يطلب	95
بيننا	95
العموم	95
تسعة	95
والده	95
المدعي	95
رأي	95
شرف	95
يدفع	95
وعد	95
القمر	95
المعرفة	95
والعمل	95
ويمكن	95
فضلا	95
الفساد	95
ناصر	95
إقامة	95
جمال	95
واضح	95
استغلال	95
الأطلسي	95
الباحثون	95
الرقمية	95
المجموعات	95
المرتبطة	95
المسار	95
انهيار	95
بالتنسيق	95
بكين	95
خطيرة	95
روسي	95
فلسطيني	95
نشطاء	95
نووية	95
والاقتصادية	95
وتشير	95
ومدير	95
يهدف	95
يواجه	95
آليات	95
إرهابية	95
اغتيال	95
الأزمات	95
التقارير	95
التمويل	95
الصهيونية	95
العملات	95
القصف	95
الكونغرس	95
المستشفيات	95
بتوقيت	95
جونسون	95
دبي	95
دولي	95
سيرغي	95
لتنظيم	95
محافظات	95
النبى	94
مسند	94
أقبل	94
حكى	94
فمات	94
ربكم	94
بإسناده	94
المقرئ	94
وسيأتي	94
عباده	94
وخمسمائة	94
الدال	94
الصدوق	94
ودفن	94
الحنفي	94
السيف	94
ونحوها	94
المنكر	94
البدن	94
واما	94
التوراة	94
ثوب	94
قولا	94
المنصور	94
جمادى	94
بقول	94
مصعب	94
المعاني	94
الجبار	94
وجهين	94
بإذن	94
فاعل	94
ملكا	94
ثانيا	94
أقوال	94
الجواز	94
وذهب	94
منى	94
متفق	94
خلفه	94
يبين	94
انا	94
وأم	94
سهم	94
اجتمع	94
الكلمة	94
عموم	94
الغالب	94
المقدس	94
يترك	94
مئة	94
رده	94
يؤمن	94
الأدلة	94
المسمى	94
الأجل	94
المرء	94
القضاة	94
القصر	94
تعرف	94
يطلق	94
شأن	94
يشبه	94
السير	94
يقدم	94
خروج	94
شاهد	94
جيد	94
وكما	94
الهجرة	94
ويجب	94
طرف	94
القوة	94
ثمن	94
المدني	94
نائب	94
أصبح	94
العربي	94
الحدود	94
داخل	94
إنقاذ	94
اتجاه	94
التقنية	94
الحكومي	94
اللحظة	94
المدرب	94
المسؤولون	94
بالعاصمة	94
برصيد	94
تايمز	94
توسيع	94
حصيلة	94
دورة	94
روس	94
شباط	94
صحية	94
غانتس	94
للدفاع	94
للدول	94
مدرب	94
وبدأت	94
شرعا	93
عندك	93
سيبويه	93
تجوز	93
الفاضل	93
مبتدأ	93
التاء	93
الزنا	93
وحديث	93
التحريم	93
حكاه	93
الهاء	93
ميمون	93
صوم	93
سيده	93
منكر	93
والأصل	93
حصين	93
أئمة	93
مفعول	93
خزيمة	93
أشهد	93
هلك	93
رآه	93
وسئل	93
الصمد	93
غلام	93
مواضع	93
تنبيه	93
النفقة	93
الورثة	93
محله	93
ثور	93
شىء	93
وإنه	93
أخر	93
مهر	93
وحسن	93
يقصد	93
الأعراف	93
ليلا	93
يعلمون	93
المساجد	93
الحديد	93
الزوجة	93
صارت	93
التقدير	93
جد	93
ضمير	93
شرع	93
العشاء	93
كثر	93
والشيخ	93
الفطر	93
وبهذا	93
ابنة	93
الحكيم	93
السابع	93
أخذت	93
وجوده	93
دام	93
سفر	93
كتبت	93
آمن	93
الخطأ	93
زعم	93
موجود	93
الشعراء	93
الصبر	93
ناحية	93
حياته	93
الأحوال	93
النسخة	93
وبعض	93
بدا	93
حفظ	93
اختيار	93
أطلق	93
صفر	93
الأكبر	93
السابقة	93
الخارج	93
درجة	93
إيرانية	93
التقليدية	93
التنظيم	93
الرحلات	93
الفيدرالي	93
تداعيات	93
تداول	93
تمويل	93
حقل	93
حكومية	93
خطورة	93
دونباس	93
صراع	93
عالمية	93
للولايات	93
مئوية	93
معاناة	93
إزاء	93
إسبانيا	93
استخدامها	93
الإسباني	93
الاتجاه	93
التطبيع	93
التلفزيون	93
الحوثيين	93
السياسات	93
الطقس	93
المنافسة	93
المهام	93
تاريخية	93
تطور	93
تموز	93
رسميا	93
شمالية	93
طالبان	93
علاوة	93
لابيد	93
للوصول	93
مجموعات	93
ممثلي	93
ناقش	93
نفتالي	93
وأعرب	93
وروسيا	93
وسيتم	93
ونشرت	93
يتسبب	93
الخدري	92
الاستبصار	92
الأوزاعي	92
لقول	92
يروى	92
الإجارة	92
الأشعري	92
أعتق	92
عياض	92
والترمذي	92
مولاه	92
وثلاثمائة	92
والجواب	92
فأنزل	92
النجاسة	92
أصح	92
إشكال	92
مسلما	92
سواه	92
ومالك	92
اعلم	92
بالمعروف	92
رجاء	92
فتنة	92
قدس	92
داره	92
حالا	92
بصير	92
سره	92
الشاهد	92
كن	92
سماع	92
وائل	92
الصلح	92
المهدي	92
رفعه	92
للشيخ	92
العشرة	92
دينا	92
يصدق	92
وإبراهيم	92
أجد	92
لرجل	92
إجازة	92
أمكن	92
اثنان	92
يختلف	92
جزاء	92
وجمع	92
العيد	92
اليه	92
عظيمة	92
شجرة	92
يلي	92
عملا	92
الحاج	92
جميل	92
لست	92
التى	92
تقع	92
نساء	92
طيب	92
الواحدة	92
بيروت	92
صرف	92
تحمل	92
الشارع	92
ذوي	92
تدخل	92
حدود	92
النقل	92
الصور	92
يزال	92
الاثنين	92
الماضي	92
كبيرة	92
الرئيس	92
أغسطس	92
أهالي	92
أيلول	92
إنسانية	92
احتجاجات	92
احتياجات	92
الأردني	92
الإيطالي	92
التضامن	92
الحوثي	92
الدبيبة	92
الفيلم	92
اللجوء	92
المتظاهرين	92
المسؤولة	92
الملف	92
المهرجان	92
الناجمة	92
باستمرار	92
ترسيم	92
تصاعد	92
تعاون	92
خطط	92
فعالية	92
لإدارة	92
لإسرائيل	92
للعام	92
مضيفة	92
نقابة	92
وأردف	92
وأشاد	92
وأظهرت	92
والمؤسسات	92
يائير	92
يعكس	92
فلانا	91
الروضة	91
التيمم	91
علقمة	91
السنن	91
ينافي	91
صالحا	91
الصحاح	91
الثقفي	91
الهيثم	91
فكأنه	91
والشافعي	91
الطوسي	91
ظاهره	91
الطواف	91
لفظه	91
وحينئذ	91
بيعه	91
الهداية	91
الأذان	91
شديدا	91
طبع	91
بخط	91
ولعله	91
وعلم	91
ولولا	91
وبالله	91
لرسول	91
نذر	91
شوال	91
الربا	91
والحاكم	91
فإنك	91
عمرة	91
وسعيد	91
رأيته	91
مانع	91
معي	91
قلبي	91
وأنتم	91
اشتراط	91
قياس	91
أولها	91
الكلب	91
وكنت	91
مد	91
الخلافة	91
أحوال	91
عمره	91
غالبا	91
ويوم	91
نجد	91
الجبال	91
اليقين	91
القديم	91
أوجه	91
تحل	91
بعين	91
ترد	91
يكونوا	91
وقبل	91
صنع	91
الانسان	91
بمجرد	91
الصوت	91
الصدر	91
المطلوب	91
أجزاء	91
العلمية	91
قيد	91
ويأتي	91
أداء	91
الحدث	91
تريد	91
قدمت	91
يؤدي	91
مختلف	91
وسط	91
المصرية	91
عقب	91
الخاص	91
الجيش	91
وأشار	91
أساسي	91
ألكسندر	91
أيار	91
اشتباكات	91
الإماراتي	91
الاحتياطي	91
التدخل	91
الخسائر	91
الراحل	91
السيسي	91
العثور	91
الفنانة	91
المنصة	91
الوحدات	91
اندلعت	91
بولندا	91
تستخدم	91
تفشي	91
تي	91
محور	91
مرتبطة	91
والمجتمع	91
أبطال	91
إم	91
إيمانويل	91
الألعاب	91
البرازيل	91
البنزين	91
التطورات	91
الدبلوماسي	91
الطرفان	91
المحافظين	91
المشاكل	91
المنشآت	91
برصاص	91
بمديرية	91
تراس	91
تمتلك	91
حذرت	91
رفضت	91
فلسطينيين	91
لشؤون	91
لشبكة	91
مراسم	91
ممثل	91
نوعية	91
والإمارات	91
المعتبر	90
أمرهم	90
مقتضى	90
قائل	90
تفرد	90
الدابة	90
قولك	90
بعدي	90
طلق	90
كنز	90
وحدثني	90
الدرداء	90
المؤمنون	90
المأمون	90
ويدل	90
الجمل	90
الثواب	90
الوصف	90
الصلاح	90
المكي	90
الصلوات	90
حجاج	90
الباطل	90
طلاق	90
كره	90
والقول	90
الحروف	90
ريب	90
المنبر	90
كمن	90
حمله	90
الاستثناء	90
السين	90
للنبي	90
سمعته	90
القاموس	90
كأنها	90
دعاء	90
معك	90
الشر	90
وبقي	90
والناس	90
الآتي	90
أيديهم	90
أى	90
المفعول	90
الأفعال	90
الرحمة	90
الأولين	90
حزم	90
الإقرار	90
الأخذ	90
خوف	90
التميمي	90
يحسن	90
الدعوى	90
الصحيحة	90
فرد	90
السبيل	90
تام	90
سلطان	90
فساد	90
الرب	90
عجز	90
ووقع	90
تحقق	90
أدنى	90
وقدم	90
صوت	90
السلم	90
نهر	90
ربع	90
الصباح	90
المرض	90
العمال	90
التجارة	90
موضوع	90
أسباب	90
كيفية	90
الحالة	90
الطلب	90
طريقة	90
أعمال	90
أثناء	90
ظل	90
آنذاك	90
إيطاليا	90
الأسابيع	90
الأهمية	90
الانفجار	90
الجماعية	90
الرياضي	90
الطبي	90
المحتملة	90
المحروقات	90
المهني	90
النطاق	90
الهاتف	90
اليابان	90
بالسجن	90
بوزارة	90
تتمتع	90
تخطط	90
تدريب	90
تفعيل	90
تقييم	90
جوية	90
طيران	90
لصحيفة	90
للتعامل	90
مسابقة	90
نمو	90
وإصابة	90
والرياضة	90
وتوفير	90
وجهات	90
وكشفت	90
الحول	89
الكلبي	89
معشر	89
خلافه	89
والصحيح	89
يحلف	89
نبينا	89
ههنا	89
ياء	89
الزمخشري	89
التأويل	89
والحسين	89
سويد	89
الواسطي	89
الأزدي	89
كافر	89
يعتق	89
الأسدي	89
صحيحه	89
الفسخ	89
أرأيت	89
ثواب	89
النصارى	89
شريح	89
وستمائة	89
فلذلك	89
صريح	89
حسنا	89
العبارة	89
عذر	89
وعمرو	89
فيك	89
الجد	89
كبر	89
نفقة	89
عنا	89
ورحمة	89
السائل	89
الإحرام	89
الطاعة	89
الثياب	89
رجاله	89
الصيام	89
لعلي	89
المحقق	89
المفيد	89
المحل	89
عمدا	89
المجموع	89
بالماء	89
النحو	89
زين	89
صفات	89
القبول	89
صاحبها	89
مجرى	89
ها	89
الرشيد	89
نظير	89
روايته	89
لبس	89
النفوس	89
برد	89
حكما	89
المكاتب	89
المتقدمة	89
ليكون	89
النسبة	89
يفهم	89
بجميع	89
مقدمة	89
الحب	89
نبيه	89
المريض	89
الضرر	89
الآثار	89
وليست	89
احتمال	89
علامة	89
لحم	89
لهذه	89
خاص	89
شأنه	89
أدى	89
مختلفة	89
وفاة	89
جديد	89
بالفعل	89
السبت	89
ضد	89
أبريل	89
أشاد	89
ارتداء	89
استهلاك	89
الخلافات	89
السياسيين	89
الضربات	89
الفعالية	89
المخصصة	89
النقاط	89
بتنفيذ	89
تهدد	89
طيار	89
كارثة	89
لقاح	89
لكننا	89
للبلاد	89
للنفط	89
لمساعدة	89
لمناقشة	89
مسؤولي	89
منتجات	89
مهرجان	89
نيوز	89
والاجتماعية	89
والرئيس	89
وطني	89
أثارت	89
إليزابيث	89
اقتحام	89
الأولمبية	89
الإفريقية	89
الإمدادات	89
البث	89
التدريب	89
الجانبان	89
الصدد	89
الصيفية	89
اللقاحات	89
المستقلة	89
الملعب	89
بطاقة	89
تطورات	89
تعلن	89
توقعات	89
جلسات	89
جي	89
خيرسون	89
دج	89
سياسات	89
شبكات	89
لمتابعة	89
مقاطع	89
منظمات	89
واضاف	89
يمتلك	89
يحنث	88
وإسحاق	88
الطير	88
درهما	88
فذكره	88
لئن	88
نسبه	88
ظاهرا	88
البغوي	88
المجاز	88
ثعلبة	88
أمامة	88
الألفاظ	88
الغنم	88
الشرح	88
وعثمان	88
وجبت	88
الأصبهاني	88
الحضرمي	88
وألف	88
ويروى	88
أنكر	88
يتكلم	88
صحيحا	88
خيبر	88
حرمة	88
والحمد	88
الأكل	88
الحمام	88
تفسيره	88
سكن	88
وأراد	88
المدعى	88
فتكون	88
الفارسي	88
وعشرون	88
همام	88
خراسان	88
المديني	88
الابن	88
أسمع	88
لعل	88
قبره	88
تقديره	88
الأمراء	88
النجوم	88
النصوص	88
أجرة	88
سببا	88
يفرق	88
ولها	88
جلس	88
الأبواب	88
فخر	88
الميزان	88
النهر	88
منهن	88
سار	88
التسليم	88
أجمع	88
ولدت	88
تجد	88
الناصر	88
تثبت	88
المسيح	88
آخرها	88
القليل	88
القصة	88
بحكم	88
أعطى	88
وحمل	88
الفتنة	88
يدرك	88
والد	88
إليكم	88
ثالث	88
الدعوة	88
قبيل	88
السبع	88
قدره	88
الأسباب	88
اما	88
البشر	88
الإطلاق	88
خان	88
الموحدة	88
الأحزاب	88
صلاح	88
هامش	88
بحق	88
المائة	88
قامت	88
وفيما	88
الولاية	88
تغير	88
بعدما	88
خط	88
الأوسط	88
عبر	88
أشغال	88
أنابيب	88
إعلامية	88
استشهاد	88
الآونة	88
الإغلاق	88
الثنائي	88
الجامعات	88
الجمهوري	88
الحفل	88
الدكتورة	88
السوريين	88
الصاروخية	88
الصحفية	88
العاصفة	88
الكتلة	88
النقدية	88
بمختلف	88
بيئة	88
تصعيد	88
رونالدو	88
سيطرة	88
شيرين	88
فيفا	88
كجزء	88
لعملية	88
للجمهورية	88
موضحا	88
واللجان	88
ووزارة	88
ويضيف	88
كمباني	87
الحنفية	87
فتأمل	87
البزار	87
القسمة	87
يستحب	87
النفي	87
وأربعمائة	87
البعير	87
الغلام	87
بأبي	87
زيدا	87
موضعه	87
ومعناه	87
الوطء	87
مخلد	87
منزلة	87
أمته	87
اختلفوا	87
النخل	87
القعدة	87
وهى	87
بألف	87
خالف	87
المطر	87
لازم	87
بالناس	87
تبعا	87
بذكر	87
الجهل	87
كلامهم	87
مشهور	87
الذنوب	87
الرواة	87
أتيت	87
لعبد	87
بالصلاة	87
طلوع	87
شبهة	87
والآخرة	87
لأنهما	87
يكنى	87
ريح	87
الأقوال	87
المعتمد	87
المدونة	87
المفضل	87
بر	87
الضرب	87
أموالهم	87
عدو	87
الغاصب	87
العمرة	87
تارة	87
سيدنا	87
صحته	87
المشرق	87
وإذ	87
الغرض	87
المقر	87
راشد	87
أعرف	87
القادر	87
العفو	87
احمد	87
الشراء	87
شهرا	87
الأخلاق	87
مراد	87
تصرف	87
اتفق	87
بيني	87
أثبت	87
كريم	87
بدلا	87
البقاء	87
مخالفة	87
خليل	87
القائم	87
منزله	87
أسود	87
يمكنه	87
الثامن	87
ذاته	87
ورفع	87
القرن	87
الثقة	87
سؤال	87
بأنها	87
الخميس	87
عاما	87
الأخيرة	87
أنشطة	87
الائتلاف	87
الاصطناعي	87
الاعتقال	87
التصريحات	87
الخطوات	87
الخليجية	87
الدولتين	87
الزراعي	87
الليكود	87
المحافظ	87
المطار	87
الملايين	87
الموجهة	87
امس	87
باسيل	87
بحماية	87
برشلونة	87
تتمثل	87
تعكس	87
تفاقم	87
زراعة	87
ساهم	87
طبية	87
لإنهاء	87
لتوفير	87
لطالما	87
للغاز	87
لمجموعة	87
مدريد	87
مراسل	87
مستوطنة	87
موظفي	87
والمجلس	87
وتركيا	87
ولايات	87
يونايتد	87
النيسابوري	86
الدلالة	86
المروزي	86
المزني	86
فيكم	86
السائب	86
سألته	86
يختص	86
أربعا	86
والصواب	86
بشئ	86
وقل	86
التيمي	86
بالليل	86
أباه	86
الاجماع	86
سميت	86
يمتنع	86
الشجرة	86
وصححه	86
الاستدلال	86
تسمع	86
ابني	86
الراوي	86
المظفر	86
أجمعين	86
الاجتهاد	86
هند	86
المحدث	86
تقي	86
أر	86
تأويل	86
بحديث	86
يبعد	86
يأمر	86
در	86
الزجاج	86
التمر	86
الجزاء	86
الرفع	86
واسمه	86
ومتى	86
ضرر	86
الخطبة	86
الهبة	86
وينبغي	86
القبور	86
التابعين	86
مكتبة	86
الفروع	86
الكاف	86
الفاتحة	86
القصد	86
سماه	86
مخالف	86
مسح	86
البئر	86
زوجة	86
أبلغ	86
وعاد	86
كاتب	86
جار	86
رضا	86
والثانية	86
الأستاذ	86
الترتيب	86
تأمل	86
الإقامة	86
يعرض	86
أقسام	86
تفعل	86
استعمال	86
تمر	86
الوفاء	86
الوقوف	86
قاسم	86
الخامسة	86
ظاهرة	86
بشار	86
صغير	86
سن	86
النجم	86
الحل	86
اذا	86
بفعل	86
يضع	86
ونصف	86
آخرون	86
كبيرا	86
الفائدة	86
رؤية	86
منزل	86
وتقول	86
أساسية	86
أعربت	86
اختراق	86
استهدف	86
اقتصادي	86
الأرصاد	86
الاستخبارات	86
التدريبات	86
التطعيم	86
التطور	86
التغذية	86
الرقابة	86
السوداني	86
السياحية	86
السينما	86
الصحراوية	86
الصناعي	86
القدرات	86
الكهربائي	86
اللجان	86
المسلح	86
المشاركون	86
المطاف	86
الملفات	86
تزويد	86
تسيطر	86
تلقت	86
تهديدات	86
جنوبي	86
جورج	86
جوي	86
حزمة	86
دميتري	86
رحلات	86
سيتي	86
صاروخ	86
صعوبات	86
صفحته	86
طالبت	86
طلبات	86
عنيفة	86
قواتها	86
لعدد	86
لمعالجة	86
متحدث	86
مزاعم	86
مستعدة	86
منخفضة	86
مهام	86
والتنسيق	86
والدفاع	86
والدولية	86
والصين	86
وحماية	86
وسيكون	86
ووفق	86
فقوله	85
إبليس	85
فنزل	85
فيجوز	85
الصفار	85
السموات	85
خبره	85
ترجمته	85
الهمداني	85
مرسلا	85
الجيم	85
النحر	85
العرف	85
القولين	85
الإمامة	85
الناقة	85
نفر	85
البراء	85
القمي	85
غزوة	85
فأتى	85
فدعا	85
الشجر	85
القاف	85
وأصله	85
الروض	85
القيس	85
الحاء	85
رشد	85
محبوب	85
الترك	85
والوجه	85
التذكرة	85
وصاحب	85
يخالف	85
أمرنا	85
ركب	85
ينفع	85
فذهب	85
غيرهما	85
المضاف	85
قم	85
النحل	85
المرتهن	85
وإليه	85
للرجل	85
صنف	85
عظيما	85
أخبره	85
المختلف	85
سمعه	85
صدره	85
يخاف	85
وسمعت	85
سمرة	85
مقاتل	85
لهن	85
الغائب	85
أخت	85
الشيباني	85
نزول	85
يؤمنون	85
الغاية	85
بحال	85
وزن	85
هدى	85
الفتوى	85
زينب	85
ويقولون	85
ستين	85
فسخ	85
والفرق	85
المعلوم	85
قدمنا	85
يتحقق	85
الأجرة	85
وأول	85
التكليف	85
جدي	85
الفقراء	85
عوض	85
طال	85
وقتها	85
الأخ	85
تأخر	85
قصيدة	85
بكرة	85
وعمل	85
المحيط	85
جرت	85
الحرة	85
تذكر	85
وجميع	85
التاسع	85
المهاجرين	85
أمن	85
الهند	85
التحقيق	85
الشركة	85
الحركة	85
البلدان	85
إعادة	85
رئيس	85
أستراليا	85
أصيبوا	85
أفغانستان	85
أمطار	85
استيراد	85
الإسبانية	85
الاحتياجات	85
الاقتراع	85
البرازيلي	85
التخطيط	85
التفتيش	85
الجنرال	85
الخطيرة	85
الدستوري	85
الدولارات	85
الشخصيات	85
العامين	85
المحيطة	85
المخاوف	85
المعايير	85
الممثل	85
النفايات	85
الهوية	85
الواردات	85
الوزيرة	85
انتقادات	85
بتشكيل	85
بدورها	85
بزيارة	85
بعملية	85
بيلوسي	85
تشغيل	85
تكساس	85
تكلفة	85
تمديد	85
تواجد	85
دبلوماسية	85
زايد	85
سانا	85
شوارع	85
صادرات	85
فشلت	85
فنية	85
قصف	85
كندا	85
لائحة	85
لافتة	85
لتحسين	85
لتغطية	85
لحكومة	85
للمجلس	85
لمدينة	85
مسلحة	85
هطول	85
واعتبرت	85
وتضيف	85
وشددت	85
يعادل	85
يواصل	85
الوجهين	84
الحجاز	84
الايمان	84
عظم	84
الشافعية	84
أنفسكم	84
الفرائض	84
العوام	84
أعم	84
دابة	84
واللام	84
الأزهري	84
أوجب	84
فضله	84
صحبة	84
الغيب	84
فنقول	84
بماء	84
مختصر	84
فوجب	84
لهيعة	84
ذكرا	84
المنتهى	84
طلقها	84
ثقات	84
سمى	84
يغفر	84
مقامه	84
الأنوار	84
الجناية	84
المتأخرين	84
نمير	84
معجم	84
جئت	84
وصحبه	84
الهدي	84
ولهم	84
الزرع	84
شرحه	84
تبطل	84
المنافقين	84
الشرائع	84
رجلين	84
مقدم	84
ورأيت	84
ينكر	84
أدخل	84
امتنع	84
النعم	84
فالقول	84
العود	84
خلافة	84
عيب	84
وصية	84
سر	84
تعذر	84
للذين	84
وقلت	84
الزوال	84
وكم	84
الأثر	84
عندها	84
السر	84
ماتت	84
فأنا	84
بالبيت	84
يفعله	84
آله	84
أليس	84
تلف	84
الجراح	84
الظلم	84
قاتل	84
القرى	84
الحساب	84
كسر	84
كاف	84
الراهن	84
نظرا	84
قطعة	84
تقرر	84
مالي	84
دعوة	84
الشديد	84
الأسد	84
سيدي	84
وآخر	84
وبما	84
الواقعة	84
صور	84
الأحمر	84
آثار	84
الخاصة	84
حركة	84
أرضية	84
أمني	84
إدانة	84
إشغال	84
اقتحمت	84
الأسبق	84
الأفريقي	84
الإدارية	84
الانضمام	84
البرلمانية	84
التصدي	84
التفاوض	84
التونسية	84
الحشد	84
الحيوية	84
الدخل	84
الصمود	84
الكوري	84
المتجددة	84
المستثمرين	84
المشجعين	84
النارية	84
اليمنيين	84
باكستان	84
تتحول	84
تريليون	84
تقنيات	84
ثقافة	84
ردود	84
سيؤدي	84
صحفية	84
غالبية	84
ــ	84
فريقه	84
كردستان	84
كيلومتر	84
لاستخدام	84
لكأس	84
للأطفال	84
للشرطة	84
للصحفيين	84
محددة	84
مديرة	84
ممارسات	84
منصات	84
نيسان	84
وتطوير	84
وتنفيذ	84
يستخدم	84
أبوظبي	84
أسفرت	84
أميركا	84
أنتوني	84
إيقاف	84
اجتماعات	84
الأجور	84
الأشغال	84
الإجراء	84
الإماراتية	84
الاستراتيجي	84
الانتهاكات	84
التراجع	84
الترشح	84
الجماعي	84
الراهنة	84
الزمالك	84
الساحلية	84
الشغب	84
الضرائب	84
الفرص	84
الفوري	84
القطرية	84
الكربون	84
المبادرات	84
المتاحة	84
المتطرف	84
المجتمعات	84
المساهمة	84
المستدامة	84
المستويات	84
المسرح	84
الممارسات	84
المواجهات	84
باستثناء	84
بالتأكيد	84
بنتيجة	84
تتطلب	84
تفاهم	84
تهريب	84
جزئيا	84
حسابها	84
حشد	84
خسارة	84
زابوروجيه	84
سيادة	84
صفحتها	84
عطلة	84
كهرباء	84
لإنتاج	84
لتشكيل	84
للسيطرة	84
للشؤون	84
للقانون	84
متزايد	84
محاكمة	84
مشاعر	84
مكونات	84
وإيران	84
والحصار	84
والمعدات	84
والمملكة	84
وفا	84
يحتل	84
غلب	83
الوحي	83
فبعث	83
لأنا	83
عينا	83
حدثه	83
لسانه	83
بطلان	83
يقسم	83
ماجة	83
الباقون	83
يسجد	83
الكراهة	83
صليت	83
مولانا	83
الحاجب	83
كراهة	83
وزيد	83
الجوزي	83
فوالله	83
والبيهقي	83
فقتل	83
أوس	83
بغيره	83
مهران	83
وسبعمائة	83
للصلاة	83
بعدهم	83
عنقه	83
لعله	83
ليث	83
شاعر	83
ينسب	83
والعلم	83
العطار	83
هود	83
النعمة	83
رمى	83
واجبة	83
ينقص	83
الباقر	83
مرسل	83
التفصيل	83
الإذن	83
وقاص	83
إجماعا	83
خلا	83
السراج	83
إجماع	83
الصالحين	83
أفعل	83
يبعث	83
المسح	83
حمدان	83
يتبع	83
إياها	83
حكاية	83
يدعي	83
الشهود	83
قلوب	83
الرحم	83
بنات	83
والحكم	83
يظن	83
الهاشمي	83
أنظر	83
الأجر	83
الغني	83
حرج	83
ذنب	83
اليمنى	83
والأمر	83
زوال	83
الكندي	83
الأداء	83
بوجه	83
يتوقف	83
ويزيد	83
عقل	83
طريقه	83
وخلق	83
رحم	83
الخمسة	83
حرة	83
البرهان	83
تسمى	83
الشرعي	83
أحدث	83
يؤثر	83
القواعد	83
بئر	83
قيمتها	83
تجري	83
خصوصا	83
الفقر	83
الاختيار	83
سقوط	83
جزءا	83
تعرض	83
خطاب	83
الوضع	83
أسبوعين	83
أوكرانية	83
إنستغرام	83
إيلون	83
استثنائية	83
اقتراح	83
الأفلام	83
الاستفتاء	83
الجالية	83
الحسابات	83
الدوحة	83
السجون	83
السنوية	83
العقيد	83
الكورية	83
المتهمين	83
المزارعين	83
المضادة	83
الناجم	83
الهواتف	83
الوزارية	83
بإجراء	83
بلينكن	83
بمقر	83
بوابة	83
تدهور	83
تراجعت	83
تطبيع	83
دستورية	83
سباق	83
ستريم	83
سنويا	83
شنغهاي	83
شيكل	83
عائلات	83
قضائية	83
قطاعات	83
لتأمين	83
لدول	83
للحزب	83
للمساعدة	83
لوقف	83
ليز	83
مؤسس	83
مجددا	83
نجح	83
نورد	83
واع	83
والسعودية	83
والشركات	83
وسوريا	83
وضرورة	83
وطالبت	83
ومواقع	83
المصلي	82
فقل	82
سجد	82
حارثة	82
قبضه	82
فوقع	82
بلغني	82
النخعي	82
الركعة	82
فأقام	82
عليم	82
أخاه	82
الشفعة	82
انصرف	82
غلط	82
الدراهم	82
يحتج	82
نصيبه	82
يصلى	82
فأرسل	82
الموكل	82
عوانة	82
وأصل	82
ولى	82
تاب	82
إماما	82
الشاة	82
يكفر	82
دينارا	82
الابتداء	82
عمي	82
الجزية	82
فرجع	82
ابنا	82
أعوذ	82
عنكم	82
حاشية	82
يتصور	82
قدامة	82
وشرح	82
واختلفوا	82
وقته	82
بيتي	82
النجار	82
إسناد	82
فضة	82
الكهف	82
والتهذيب	82
الغيبة	82
تصدق	82
شهادته	82
الحلال	82
لزوم	82
يشرب	82
الرافعي	82
ابى	82
الصدق	82
طعاما	82
وبعث	82
فينا	82
محمول	82
فاسد	82
للمسلمين	82
وابنه	82
المسند	82
الأمرين	82
كناية	82
يبيع	82
وبينه	82
ويا	82
رقبة	82
البول	82
الحسيني	82
الربح	82
ظهره	82
السند	82
أنثى	82
أولياء	82
مبني	82
ملوك	82
فعلا	82
كفاية	82
الأعيان	82
الفرات	82
سهيل	82
بخير	82
طبقات	82
قتال	82
القاتل	82
السحر	82
الضرورة	82
جناح	82
لحق	82
وحكم	82
الجمال	82
الإسراء	82
اليدين	82
أعلام	82
وردت	82
وكأنه	82
تركت	82
العالية	82
التعريف	82
أجاب	82
تاريخه	82
رأت	82
بتلك	82
علق	82
ورقة	82
مثال	82
وتكون	82
الجسم	82
وقام	82
وصفه	82
يقف	82
الرؤية	82
إخراج	82
صلة	82
تخصيص	82
قدمه	82
أشرف	82
مفهوم	82
يتعين	82
نرى	82
أموال	82
تجعل	82
بدأ	82
تبلغ	82
بحث	82
تأتي	82
مقابلة	82
شهدت	82
أبناء	82
الأعضاء	82
ودعا	82
السوق	82
قائمة	82
الأمين	82
إضافة	82
أغلقت	82
اتصالات	82
استخدمت	82
البابا	82
الخبرات	82
السيناريو	82
الصحفيين	82
العملاقة	82
الفيفا	82
المرتفعات	82
المرشحين	82
المستخدمين	82
المشروعات	82
المناعة	82
المنتدى	82
الميدانية	82
اليومي	82
انخفض	82
انسحاب	82
باعتبارها	82
بالرصاص	82
برلين	82
بروكسل	82
بيسكوف	82
تحديات	82
تخفيض	82
تعتزم	82
تعليمات	82
تقليص	82
توليد	82
جين	82
دراسات	82
دستور	82
سجون	82
شاركت	82
شملت	82
صياغة	82
ضباط	82
عائدات	82
قنبلة	82
كازاخستان	82
لاتخاذ	82
لتصبح	82
لقناة	82
محاور	82
مركبات	82
مكعب	82
والحفاظ	82
وتدمير	82
وتعد	82
ومناطق	82
يستهدف	82
يوفر	82
وبالجملة	81
خيثمة	81
الجرح	81
بإسناد	81
وانظر	81
دريد	81
هشيم	81
وبها	81
بسنده	81
زمانه	81
الفريضة	81
فمنهم	81
بمثله	81
الدالة	81
وجديد	81
يرويه	81
فقتله	81
غفر	81
المعتزلة	81
فنزلت	81
فرس	81
معصية	81
فدل	81
الواقدي	81
ورجع	81
مجاز	81
الصفا	81
جزم	81
ذيل	81
ونزل	81
سلف	81
والنهي	81
الأثير	81
واسم	81
رباح	81
تعلمون	81
خطب	81
لام	81
واجبا	81
العيب	81
مضافا	81
وتشديد	81
نصه	81
الوتر	81
امرئ	81
يكاد	81
انما	81
شرطا	81
أعطاه	81
للإمام	81
عد	81
تحتها	81
البدل	81
ينقل	81
متروك	81
بيتا	81
السمع	81
ساكنة	81
المجد	81
غاب	81
أمرت	81
ذمة	81
إليهما	81
أسفل	81
يصنع	81
وخمس	81
يجلس	81
الأعرج	81
للسيد	81
يليق	81
ميتا	81
رسم	81
وطلب	81
اختار	81
المنفعة	81
أفعال	81
وأصحاب	81
حوله	81
بنية	81
الأعظم	81
وزعم	81
قرى	81
فرقة	81
يعطي	81
السن	81
الجلد	81
الفرع	81
خوفا	81
غضب	81
دائما	81
الصرف	81
نجم	81
قوي	81
تعيين	81
الشخص	81
بزيادة	81
كبار	81
ضم	81
يشعر	81
صفحة	81
نظم	81
قلة	81
الطبعة	81
يريدون	81
وضعت	81
العمر	81
الطرق	81
طويلة	81
ولن	81
الموضوع	81
يشير	81
السلاح	81
توجد	81
سلامة	81
أصبحت	81
الأحد	81
أبرزها	81
أجراها	81
أراضيها	81
أرقام	81
استطلاع	81
الأنظمة	81
الأهالي	81
الإذاعة	81
الإصلاحات	81
الانهيار	81
البرامج	81
التلفزيونية	81
التوافق	81
الجبلية	81
الحدودية	81
الرقمي	81
السلبية	81
السوفيتي	81
السويد	81
الصدري	81
الصيدلانية	81
العائلات	81
العملاء	81
الفائز	81
الفشل	81
الفعاليات	81
الفلاحة	81
الفلسطينيون	81
المتبادلة	81
المحتل	81
المحليين	81
المدرسية	81
المرشح	81
المستخدمة	81
المعتقلين	81
المعهد	81
المنتهية	81
المنخفض	81
المونديال	81
الناخبين	81
النازحين	81
الوزاري	81
بأمراض	81
برقية	81
تتوقع	81
تحدثت	81
تحظى	81
تخضع	81
تزايد	81
تشهدها	81
تغييرات	81
تنمية	81
جماعية	81
حجز	81
حينها	81
دورية	81
رئيسية	81
ريف	81
شخصيات	81
شعبية	81
شهدتها	81
عضوية	81
فولوديمير	81
فيينا	81
لإنقاذ	81
لاعبي	81
لتجنب	81
لشراء	81
لعدة	81
لقاءات	81
للإصابة	81
للتنمية	81
للتوصل	81
للوزارة	81
مارك	81
مرشح	81
مسبوقة	81
معبر	81
معسكر	81
نشرتها	81
والاقتصادي	81
والصناعة	81
وتسعى	81
ووسائل	81
يديعوت	81
بطلت	80
توضأ	80
الكسائي	80
الموصلي	80
ولدها	80
السرائر	80
الميراث	80
آنفا	80
بالشام	80
ففعل	80
البصر	80
السدي	80
يمشي	80
فينبغي	80
أتاه	80
ولنا	80
صام	80
الجنابة	80
فإنا	80
التشهد	80
فريضة	80
الرزق	80
المنام	80
فسر	80
توفى	80
حلال	80
خاف	80
عدمه	80
المانع	80
احتج	80
وسار	80
ورواية	80
وإسماعيل	80
منفعة	80
شيبان	80
أبيض	80
بال	80
مولده	80
منعه	80
الترجمة	80
العقول	80
مبين	80
بمال	80
مضاف	80
سرق	80
عينيه	80
جلد	80
الفقير	80
العدم	80
الجنيد	80
السماع	80
دارا	80
يفسد	80
سأله	80
ير	80
ميت	80
الشياطين	80
فضائل	80
العسكر	80
الأوقات	80
وبعضهم	80
المسافر	80
يدعى	80
أعين	80
البسيط	80
يلحق	80
جنب	80
يدعون	80
الجليل	80
شاه	80
حفظه	80
والمرأة	80
يقيم	80
النصب	80
العلوي	80
حبس	80
لصاحب	80
الوادي	80
ظلم	80
الولاء	80
البطن	80
لمحمد	80
خذ	80
الطالب	80
الرحمان	80
الصف	80
تولى	80
وولي	80
مخرج	80
طب	80
الأربع	80
الغد	80
ابو	80
تطلق	80
المشي	80
جمهور	80
ذهبت	80
التعليق	80
طه	80
الرياض	80
الربع	80
أمين	80
الطريقة	80
المنزل	80
القرية	80
زالت	80
الجهة	80
السابعة	80
الاعتبار	80
صغيرة	80
الأفضل	80
والعشرين	80
مفتوحة	80
نقلا	80
تسليم	80
شراء	80
بنحو	80
مادة	80
الحفاظ	80
واسع	80
الوكالة	80
قضية	80
الجديد	80
حقوق	80
دولة	80
أحزاب	80
أضرار	80
أنطونيو	80
أوروبية	80
إذاعة	80
إسرائيليين	80
اتهامات	80
ارتفاعا	80
الآلية	80
الأرقام	80
الأسطول	80
الأضرار	80
الأقمار	80
الإبلاغ	80
الإفراج	80
الاتفاقيات	80
الاضطرابات	80
البضائع	80
البنتاغون	80
التجمع	80
التعافي	80
التقديرات	80
الخليجي	80
الدفاعية	80
الرامية	80
السودانية	80
الشحن	80
الصحافي	80
الفصائل	80
الفوضى	80
المتبادل	80
المحددة	80
المستهلك	80
المكون	80
الممتاز	80
المناخي	80
الموانئ	80
الوزارات	80
اليابانية	80
انتقد	80
انتهاك	80
بالتوقيت	80
برعاية	80
بمرور	80
تدابير	80
تسيير	80
تشارك	80
تكريم	80
تهم	80
توجيهات	80
تيك	80
جهودها	80
جوائز	80
حزيران	80
حكومي	80
خارطة	80
خلايا	80
خيارات	80
دوت	80
قانوني	80
قسد	80
قواته	80
لإنشاء	80
لاستعادة	80
لحضور	80
لسنوات	80
لفت	80
لقوات	80
للاقتصاد	80
للتأكد	80
للمقاومة	80
مبكرة	80
مبيعات	80
مسلحين	80
مصنع	80
منتدى	80
نجحت	80
نشطة	80
نفط	80
هوية	80
وأعضاء	80
وأوروبا	80
واردات	80
والدول	80
والسياسي	80
وبخصوص	80
وفرنسا	80
فقيه	79
ذمته	79
صدوق	79
فضيل	79
نبيا	79
أشهب	79
النحوي	79
السهو	79
النذر	79
الأشعث	79
صحت	79
لبني	79
بخطه	79
دينهم	79
التعليل	79
الميتة	79
وقتادة	79
المؤذن	79
يدري	79
أخوه	79
ولك	79
فقه	79
رسولا	79
الذنب	79
تعين	79
شجر	79
بالقرآن	79
بدعة	79
المناقب	79
وسواء	79
أخذها	79
إنكم	79
الحلي	79
يستعمل	79
ينتفع	79
والنهار	79
وإنا	79
بلغه	79
وجها	79
بابه	79
صوته	79
تركها	79
المواضع	79
والنصارى	79
انقطع	79
الأندلس	79
تحته	79
فأبى	79
بالحج	79
نصفه	79
بيانه	79
معنا	79
ركن	79
المعين	79
أمي	79
يستلزم	79
صيام	79
يخلق	79
أب	79
الحرف	79
مناقب	79
يصف	79
المتوكل	79
ذبح	79
المقاصد	79
والتقدير	79
ولكل	79
اليسرى	79
يراه	79
الشيرازي	79
تاج	79
يأت	79
دفعه	79
جمعة	79
أبعد	79
مجموع	79
الفرقة	79
الفوائد	79
بأنهم	79
كرم	79
الذات	79
وشهد	79
المالكي	79
الموجود	79
واليوم	79
وأنها	79
انتقل	79
الغضب	79
صيد	79
رأوا	79
توجه	79
النصر	79
السفينة	79
حمد	79
ألقى	79
شروط	79
الشروط	79
ثانية	79
ووضع	79
انها	79
الدفع	79
الهواء	79
شعب	79
وأي	79
عصر	79
الخط	79
قاعدة	79
مزيد	79
العدالة	79
اجتماع	79
سابق	79
الوصول	79
اللجنة	79
هيئة	79
خلال	79
وارث	78
ثوبا	78
بالياء	78
والباقون	78
الهروي	78
سحنون	78
جنة	78
الخلفاء	78
ولدا	78
مناف	78
بينكم	78
والكلام	78
مردويه	78
يرث	78
ضعفه	78
العبادات	78
الحراني	78
بريدة	78
بالكوفة	78
الأنفال	78
تبع	78
الكافرين	78
خص	78
فقلنا	78
لى	78
ولله	78
وعنده	78
السدس	78
الماوردي	78
واحتج	78
وأمه	78
كافرا	78
التكبير	78
جبرئيل	78
نجيح	78
المشركون	78
المأمور	78
الخالق	78
يشتري	78
القراء	78
أتم	78
علمنا	78
قرة	78
لحديث	78
السواد	78
فضيلة	78
فيقولون	78
ثمانين	78
اقتصر	78
وليلة	78
يعقل	78
المقدسي	78
غياث	78
المشايخ	78
كقول	78
مهملة	78
المعاصي	78
الإضافة	78
كلب	78
يهدي	78
نقض	78
عقله	78
معاني	78
الكبائر	78
كه	78
يدع	78
المصحف	78
الانتفاع	78
الظالمين	78
ثمنه	78
أصابه	78
دليلا	78
العيون	78
الجنازة	78
طواف	78
طويلا	78
بلده	78
وآل	78
براءة	78
محال	78
الأولاد	78
عيون	78
فتى	78
رضوان	78
والحق	78
يجتمع	78
وثلاث	78
حصن	78
بقيت	78
الديار	78
أرادوا	78
لقي	78
يرون	78
وكأن	78
تسمية	78
لوجود	78
اتباع	78
تسقط	78
العقاب	78
بالمعنى	78
سقطت	78
علوم	78
مرارا	78
بالقاهرة	78
تأخير	78
تأليف	78
الطائفة	78
يمر	78
صادق	78
الحربي	78
الشكر	78
الطرف	78
القيم	78
البحرين	78
عامل	78
الشأن	78
ترتيب	78
الحقوق	78
باقي	78
العرض	78
السادسة	78
يومين	78
وهنا	78
يستطيع	78
توقف	78
مصلحة	78
آخرين	78
تشهد	78
الجانب	78
قائلا	78
القدس	78
ألعاب	78
إثيوبيا	78
إدراج	78
احتجاجا	78
اختبارات	78
اقتصاد	78
الأرجنتين	78
الأسماك	78
الأفريقية	78
الإعاقة	78
الاستطلاع	78
الاسرائيلي	78
البرتغالي	78
التبادل	78
التغييرات	78
التوازن	78
الجرعة	78
الحاكمة	78
الدراسي	78
الركود	78
السكنية	78
السلة	78
الطابع	78
العاهل	78
العسكريين	78
اللقاءات	78
المباريات	78
المخطط	78
المسجلة	78
المعدات	78
المكلفة	78
المناخية	78
بالغاز	78
بنظام	78
بوريس	78
تأهيل	78
تحدد	78
تحركات	78
تساهم	78
تشجيع	78
تصريحاته	78
تصميم	78
تفجير	78
تفوق	78
حملات	78
ديفيد	78
رواتب	78
رياضية	78
سرطان	78
سيناريو	78
شراكة	78
صحي	78
فئات	78
فحص	78
قياسية	78
كرواتيا	78
لبرنامج	78
لتحرير	78
لدرجة	78
لدولة	78
لفيروس	78
لقطاع	78
لكافة	78
للأشخاص	78
للتحقيق	78
للسكان	78
لمشروع	78
لوغانسك	78
ماريوبول	78
معدات	78
ملفات	78
ميسي	78
نارية	78
هاتفي	78
والثقافية	78
والخدمات	78
وتنظيم	78
يساهم	78
يسبب	78
أحرم	77
صل	77
فرأى	77
عيني	77
البلاء	77
بكذا	77
باعه	77
أكله	77
يغسل	77
ثعلب	77
التشبيه	77
البلاغة	77
عدتها	77
لبيك	77
موجب	77
وممن	77
أخاف	77
الصداق	77
بالسيف	77
مذهبه	77
وأمره	77
ميراث	77
فضالة	77
حفصة	77
أخ	77
الحصين	77
حروف	77
وعدمه	77
يخطب	77
يتوضأ	77
أصبغ	77
الجماع	77
وعز	77
طاوس	77
يؤذن	77
والدليل	77
حظ	77
فلأن	77
المعالي	77
مراده	77
يذكره	77
التنبيه	77
كف	77
العمد	77
ذكروا	77
لبن	77
ميسرة	77
سكت	77
نفع	77
يعلمه	77
محدث	77
المسالك	77
الفطرة	77
المرتضى	77
بأرض	77
الموفق	77
بالعلم	77
مدح	77
عصره	77
رجلان	77
عوضا	77
الذبح	77
لكون	77
تر	77
السحاب	77
مؤمنا	77
ناقة	77
رجوع	77
يصوم	77
خطبة	77
الموصل	77
السبعة	77
أعمالهم	77
كتابة	77
وقطع	77
وهؤلاء	77
الجاني	77
وضرب	77
يحفظ	77
تحصيل	77
انقضاء	77
الأولياء	77
والدين	77
نظرت	77
ابي	77
معبد	77
الضعف	77
ترجع	77
تذكرة	77
قرن	77
سابقا	77
ويظهر	77
الخضر	77
يمينا	77
الهادي	77
المكلف	77
يعملون	77
صيغة	77
الثابت	77
فرج	77
حملت	77
القصص	77
أحمر	77
الكثيرة	77
ينفذ	77
الواردة	77
الحاصل	77
لجميع	77
عربي	77
الطب	77
الهلال	77
الحلف	77
أوائل	77
الستة	77
بالنظر	77
المصلحة	77
اعتبر	77
وفد	77
الذكرى	77
ثاني	77
المشترك	77
العسكري	77
لدى	77
أدان	77
احتجاز	77
ارتكبت	77
استثمارات	77
استعرض	77
اقتراب	77
الأوكرانيون	77
الإرهابيين	77
الانسحاب	77
البلديات	77
التقني	77
الجامعية	77
الحديدية	77
الحسكة	77
الدموية	77
الدنمارك	77
الشرائية	77
الضمانات	77
الغيوم	77
القروض	77
القيادي	77
القياسي	77
المتحدثة	77
المحامي	77
المسلحين	77
المصدرة	77
الناشط	77
بالجزائر	77
بالحصول	77
بالرغم	77
بالضبط	77
بالمناسبة	77
بجائزة	77
بجهود	77
بمساعدة	77
بموقع	77
تجسيد	77
تدفق	77
تشارلز	77
تعديلات	77
تكثيف	77
تكمن	77
تمارس	77
توك	77
تيغراي	77
ثقافية	77
جدري	77
خريطة	77
دولارا	77
صاروخية	77
صدام	77
صدمة	77
عالميا	77
غوتيريش	77
كيلومترا	77
لإيران	77
لبنانية	77
لتمويل	77
لخوض	77
لعلاج	77
للاتفاق	77
للبنان	77
للمنتخب	77
للهجوم	77
لويس	77
ماريا	77
مباحثات	77
مترا	77
متطلبات	77
مخطط	77
مسؤولة	77
نهائيات	77
هجوما	77
واتهم	77
والاجتماعي	77
والجيش	77
والسياسية	77
والطاقة	77
وتحسين	77
وسبل	77
وصولا	77
يتيح	77
يعزز	77
أسألك	76
مالكا	76
بكار	76
القرطبي	76
وتارة	76
العوض	76
غنم	76
المهذب	76
أسيد	76
الزناد	76
جالسا	76
الضحى	76
السوء	76
ولأبي	76
بالبصرة	76
فكذا	76
فاضلا	76
مرضه	76
ويكره	76
أبنا	76
ركعات	76
المستأجر	76
العطف	76
ثوبه	76
استحباب	76
أجاز	76
شداد	76
وجده	76
خمسمائة	76
الحرمة	76
بكتاب	76
الموطأ	76
الطائي	76
مسروق	76
عليهن	76
الأحوص	76
وعبارة	76
فقرأ	76
توبة	76
بهن	76
أمرها	76
وسليمان	76
نون	76
الأصنام	76
وثقه	76
عبدي	76
نفسا	76
حاجته	76
أياما	76
أولاده	76
كوفي	76
اسما	76
أفلا	76
تفصيل	76
يصلون	76
وموسى	76
وأحسن	76
يقولوا	76
مطر	76
داء	76
البقر	76
ستر	76
الواقف	76
جعلنا	76
جالس	76
يكثر	76
لانه	76
لكثرة	76
وعلا	76
خارجة	76
مغني	76
وانما	76
يعطى	76
وبعده	76
أورده	76
يعرفه	76
دونها	76
الإجازة	76
لأمر	76
شق	76
عسى	76
الضعيف	76
النداء	76
بالإجماع	76
الزائد	76
رأينا	76
قديم	76
إمكان	76
السري	76
بالحديث	76
رزق	76
قبيلة	76
النصاب	76
الإعادة	76
ويعرف	76
حملها	76
البعث	76
بالمال	76
بيضاء	76
المتعة	76
يتبين	76
أكون	76
الحادي	76
اتخذ	76
السعي	76
الظاهرة	76
العجز	76
الركن	76
النقص	76
طيبة	76
يتخذ	76
أيدي	76
رشيد	76
بأحد	76
والنساء	76
يعيد	76
تردد	76
النزاع	76
يشمل	76
إقرار	76
يبدأ	76
يتمكن	76
شديدة	76
تحصل	76
قادر	76
موجودة	76
إزالة	76
كاملة	76
وبلغ	76
القاعدة	76
المقدمة	76
حساب	76
العراقي	76
قدرة	76
بعنوان	76
سوق	76
الرياح	76
جيش	76
زيارة	76
الأربعاء	76
الشباب	76
أحرونوت	76
أوكراني	76
أولويات	76
إحباط	76
إرهابي	76
إعصار	76
إلكترونية	76
استثمار	76
استخدم	76
اضطرابات	76
الآجلة	76
الأثرية	76
الأندية	76
الأوروبيين	76
الإسعاف	76
الإيطالية	76
الاتهامات	76
الاجراءات	76
الادعاء	76
الاستثمارية	76
الاشتباكات	76
الاعتداءات	76
الانبعاثات	76
البترول	76
التداول	76
التعاطي	76
التلقيح	76
الثانوية	76
الجامعي	76
الجمعيات	76
الحرائق	76
الخيارات	76
الدورات	76
السينمائي	76
الضباط	76
الغابات	76
الفردية	76
الفيدرالية	76
القضائي	76
القيادات	76
المالكة	76
المتمثلة	76
المتوقعة	76
المدعومة	76
المدفعية	76
المستهلكين	76
المشاط	76
المشفرة	76
المناهضة	76
المودعين	76
الهادئ	76
الهادفة	76
اليميني	76
باشاغا	76
بانتظام	76
بتنظيم	76
بجمهورية	76
بمعدل	76
بنجاح	76
تتجه	76
تجارية	76
تجميد	76
تحديث	76
ترخيص	76
ترفض	76
تستعد	76
تشيلسي	76
تطالب	76
تقريرها	76
تنفيذها	76
تيار	76
جبران	76
جبهات	76
جدية	76
حكومته	76
خاشقجي	76
رئاسية	76
ساعدت	76
ستواصل	76
سكاي	76
شرم	76
طاولة	76
عائلته	76
عبور	76
علاقاتها	76
غذائية	76
غوغل	76
فلوريدا	76
قنوات	76
قياسي	76
كاليفورنيا	76
كريستيانو	76
لاعبين	76
لبحث	76
للبرميل	76
للسلطة	76
للطائرات	76
للفريق	76
للمنطقة	76
مبكر	76
متجر	76
مديريات	76
مسلسل	76
مكاسب	76
ملتزمة	76
منشآت	76
منشأة	76
ميخائيل	76
ندوة	76
هرتسوغ	76
وألمانيا	76
وإدارة	76
والقوانين	76
والمناطق	76
والمنظمات	76
وبشكل	76
وبموجب	76
وتأمين	76
وتبادل	76
وتوقع	76
وثائق	76
وستكون	76
وسجل	76
وشركة	76
وقوات	76
وكالات	76
وكوريا	76
ومجلس	76
يهدد	76
يواجهون	76
السمرقندي	75
جمعا	75
العبدي	75
ويستحب	75
عفا	75
باختلاف	75
كريب	75
الأظهر	75
اختاره	75
يلتفت	75
غيري	75
نسي	75
تزوجها	75
المعصية	75
الرضاع	75
رجعت	75
قولي	75
حرا	75
شاذان	75
المستدرك	75
والكسائي	75
ويعقوب	75
يقتضيه	75
لعن	75
المتكلم	75
مسدد	75
يؤكل	75
هانئ	75
الثمرة	75
أحل	75
الزاهد	75
ثلاثمائة	75
بالرفع	75
قولنا	75
للمشتري	75
كأنما	75
ورب	75
محرما	75
خلقا	75
عبدة	75
فرأيت	75
التقوى	75
أكثرهم	75
قدمناه	75
الخزاعي	75
فبلغ	75
عنى	75
يحج	75
نارا	75
وثبت	75
مسنده	75
بردة	75
واختاره	75
مجازا	75
الخوارج	75
فرضا	75
العلل	75
علية	75
يطلع	75
وجعله	75
معناها	75
فأراد	75
آمنا	75
التركة	75
سواد	75
الوداع	75
شجاع	75
الفتن	75
خبرا	75
والأولى	75
الغنى	75
وبيان	75
برجل	75
نزيل	75
يجبر	75
تراب	75
الأشرف	75
الخلاصة	75
نام	75
وكثرة	75
برقم	75
لعمر	75
القراءات	75
الوصي	75
التسمية	75
باشا	75
الشيخان	75
السهم	75
مكي	75
اتفاقا	75
أكرم	75
خلقت	75
الفتى	75
تراه	75
لاحتمال	75
الكفاية	75
ناس	75
مضت	75
سافر	75
وأربع	75
تقتضي	75
وقفت	75
خروجه	75
المطلقة	75
هدية	75
يتناول	75
تغلب	75
الموصى	75
أرضا	75
مراتب	75
الحائط	75
البيوت	75
كلمات	75
عزل	75
يحضر	75
الاحتجاج	75
البرد	75
الطبقة	75
قطعت	75
وأنهم	75
إظهار	75
يقوله	75
هنالك	75
أطراف	75
ومنع	75
ممكن	75
العيش	75
العقود	75
وبذلك	75
اي	75
واقع	75
سير	75
الإسلامي	75
بالقول	75
الأقل	75
تعليق	75
الأشهر	75
الدور	75
تظهر	75
يعتقد	75
بلدة	75
تقرير	75
كافة	75
الاتفاق	75
الحكومة	75
آر	75
أبلغت	75
أدانت	75
أزمات	75
أولاف	75
إقليمية	75
اتهام	75
اجتماعي	75
استضافة	75
اعلنت	75
الأجيال	75
الأسهم	75
الأغلبية	75
الأميرة	75
الإضراب	75
الإعدام	75
الاسرائيلية	75
الاشتراكي	75
الانتخابي	75
البيئي	75
التدابير	75
التشريعية	75
التفاهم	75
الحدودي	75
الذكية	75
الريفية	75
السينمائية	75
الشاي	75
الشتوية	75
الطاقات	75
الطاقم	75
الفحم	75
الفنانين	75
القطري	75
المئات	75
المائي	75
المبذولة	75
المتحف	75
المتحور	75
المتزايد	75
المحتوى	75
المخيم	75
المستخدم	75
المستقبلية	75
المسيرات	75
المهنية	75
المواطنون	75
النامية	75
النزاعات	75
النقابة	75
الياباني	75
اليورو	75
انعدام	75
بإلغاء	75
بدءا	75
بقرار	75
بنغازي	75
تتيح	75
ترسيخ	75
تركز	75
تصويت	75
تفكيك	75
تلغرام	75
تنافس	75
تنسيق	75
توصلت	75
جمهوريتي	75
حددت	75
حربية	75
حسابات	75
خلافات	75
دعمه	75
زيارات	75
زيارتها	75
ساعتين	75
ستبقى	75
ستستمر	75
سراح	75
سلبي	75
سلبية	75
سليماني	75
سميث	75
سوري	75
سوناطراك	75
شبوة	75
شولتس	75
صحافي	75
طاقم	75
غائم	75
فتحي	75
فترات	75
فندق	75
قتالية	75
قنابل	75
كاريش	75
لاستكمال	75
لتحديد	75
لتلقي	75
لجمهورية	75
للجمعية	75
للخطر	75
للقوة	75
للوكالة	75
لنظام	75
متحف	75
مسلح	75
معايير	75
مقاتلة	75
ملحوظ	75
ممثلو	75
مهاجم	75
مواطني	75
مواليد	75
نفت	75
هائل	75
هبوط	75
وإجراء	75
واصلت	75
والجهات	75
والزراعة	75
والقوات	75
والمالية	75
وبريطانيا	75
وتحديد	75
وتيرة	75
وجنوب	75
وسياسية	75
وقطاع	75
يفترض	75
فضرب	74
يجيء	74
مطرف	74
مخلوق	74
الكشي	74
رجليه	74
حنث	74
ربا	74
مكروه	74
الجعفي	74
مسكين	74
ظنه	74
فالظاهر	74
السجدة	74
الخراج	74
يرو	74
مس	74
مضر	74
شيخه	74
عرفا	74
صدقت	74
وأبى	74
وضوء	74
السيوطي	74
كقولك	74
التنزيل	74
ساق	74
فنظر	74
الوراق	74
مخطوط	74
معجمة	74
طلقت	74
ينصرف	74
وأجيب	74
فارسي	74
بالخيار	74
قثنا	74
كمثل	74
لفظا	74
دلت	74
الدر	74
والفضة	74
لفلان	74
وعبيد	74
القرب	74
وكلام	74
المحاسن	74
منتهى	74
والطبراني	74
سبيلا	74
دما	74
الخلع	74
أورد	74
روحه	74
الوالد	74
الموتى	74
عسكر	74
الجار	74
التخصيص	74
ابنته	74
ممنوع	74
قلابة	74
الوصل	74
الطاهر	74
ونقله	74
القلم	74
بصري	74
يأذن	74
اهل	74
الصوفي	74
البدر	74
وقوعه	74
أربعون	74
عجلان	74
الورد	74
يأخذه	74
الأربعين	74
قصده	74
الرجلين	74
سماعة	74
يكبر	74
برهان	74
ره	74
فوقه	74
الغريب	74
الاستفهام	74
جاءه	74
فهما	74
استثناء	74
أكمل	74
رأيه	74
الاحتياط	74
إقراره	74
المعارف	74
حنين	74
جعلها	74
طلبه	74
حرمت	74
وضم	74
مسمى	74
الأقرب	74
محالة	74
الحداد	74
حاضر	74
المشار	74
روايات	74
إنكار	74
المقتول	74
أجله	74
سرا	74
والا	74
أخطأ	74
وحيث	74
حية	74
الحرمين	74
ومضى	74
بركة	74
والقاضي	74
الشامي	74
وثلاثة	74
بالذكر	74
ودفع	74
ضربت	74
عزيز	74
قدرته	74
المفهوم	74
الدروس	74
النظم	74
الفكر	74
ذكرته	74
البعد	74
ويرجع	74
الكواكب	74
تقدمت	74
السلامة	74
السعادة	74
عاش	74
نفى	74
الحوادث	74
أسرع	74
ظهرت	74
قولها	74
بواسطة	74
بذل	74
الأمانة	74
أدلة	74
الشتاء	74
الحرية	74
التعبير	74
المادة	74
المصادر	74
العليا	74
تعد	74
ارتفع	74
الإصابة	74
عيد	74
الاجتماع	74
نظام	74
نشر	74
أمام	74
والتي	74
استحق	73
طهارة	73
للذي	73
فأقبل	73
همزة	73
أهلك	73
العز	73
المأموم	73
بالذي	73
الصراط	73
الفضائل	73
منصوب	73
وبركاته	73
والقمر	73
نجاسة	73
قبلك	73
الحمار	73
أخا	73
بيمينه	73
مأخوذ	73
فسأله	73
اتقوا	73
فعلم	73
الشين	73
أراه	73
المخزومي	73
ثياب	73
رحيم	73
فوجد	73
فلهذا	73
وبنو	73
بسند	73
وسنة	73
بدرا	73
استدل	73
مذكور	73
عبدان	73
الصلت	73
ومجاهد	73
فخرجت	73
الشبهة	73
أفطر	73
ينقض	73
اشتراه	73
دنانير	73
استعمل	73
از	73
إيجاب	73
الخاء	73
بياض	73
بالدين	73
العجلي	73
فيصير	73
فيهن	73
شيخا	73
بدنه	73
ونحوهما	73
يقضى	73
خمسا	73
أنى	73
فسار	73
بكونه	73
الاخبار	73
يتزوج	73
بيض	73
وحمزة	73
ويؤيده	73
يغلب	73
الجواهر	73
مقدر	73
الحرث	73
خديجة	73
وولد	73
تصير	73
خرجوا	73
فقدم	73
قديما	73
الصامت	73
النبيين	73
حاصل	73
الشفيع	73
بترك	73
الروايتين	73
تقطع	73
وخلف	73
الثناء	73
يرضى	73
تأكل	73
باق	73
اشتد	73
الغزالي	73
يباع	73
الزهد	73
لقيت	73
ضربه	73
الكبر	73
الكف	73
سبيله	73
قبلت	73
فإما	73
بدار	73
خاتم	73
يقر	73
شقيق	73
معلومة	73
الحبس	73
رحل	73
الحلق	73
استحقاق	73
وآخرون	73
جمعه	73
عرق	73
العقبة	73
الحوض	73
دخوله	73
فانه	73
ورق	73
الجسد	73
يوصف	73
أرباب	73
الأعلام	73
التصريح	73
بصيغة	73
فاضل	73
خلع	73
الفلك	73
للمرأة	73
يعرفون	73
ليل	73
أتت	73
رهن	73
فوائد	73
يفتح	73
وضعه	73
المقدم	73
حديد	73
بثلاثة	73
الشيوخ	73
شرعي	73
الف	73
وجهها	73
الكريمة	73
تأخذ	73
خشية	73
ولايته	73
وتلك	73
والمغرب	73
ويبقى	73
البيض	73
شهيد	73
ينتهي	73
عهده	73
عقوبة	73
لبيد	73
ورأى	73
تملك	73
يتضمن	73
يقرب	73
بأي	73
أواخر	73
الشمال	73
حضور	73
حصة	73
الحقيقي	73
جائزة	73
تبقى	73
تصل	73
المستقبل	73
أفراد	73
الثلاثاء	73
تعمل	73
بينما	73
أكسيد	73
أهدافها	73
أوقفت	73
إبرام	73
إجلاء	73
إخلاء	73
إسترليني	73
احتلال	73
استخدامه	73
استطلاعات	73
استقالة	73
الأكاديمية	73
الإداري	73
الاجتماعات	73
الاستعمارية	73
الاستيطان	73
البرلماني	73
البيئية	73
التسجيل	73
التشغيل	73
التطوير	73
التعادل	73
التعرف	73
التنس	73
التهاب	73
التوقعات	73
الثلوج	73
الجثث	73
الحريات	73
الحيوي	73
الخرطوم	73
السلبي	73
الشاباك	73
الشيوعي	73
الطاولة	73
العنصري	73
العنصرية	73
الغربيين	73
الكتل	73
اللبنانيون	73
اللعبة	73
الليرة	73
الماضيين	73
المتكررة	73
المحاكمة	73
المحاولات	73
المحتجين	73
المحطات	73
المدرسي	73
المسال	73
المنتخبات	73
الميناء	73
النازية	73
النموذج	73
انتهاكات	73
انجاز	73
انخفضت	73
بالأسلحة	73
بالدولار	73
بالوقود	73
باهتمام	73
بتوجيه	73
بحجم	73
بذكرى	73
بريف	73
بهدفين	73
بوريل	73
تحذيرات	73
تدرس	73
تركيز	73
تطويرها	73
تهنئة	73
توماس	73
جعجع	73
جنيف	73
خوض	73
سفارة	73
شولتز	73
عسكريا	73
فازت	73
فعالة	73
قاسية	73
كونغ	73
لأسعار	73
لإنجاز	73
لبدء	73
لتلبية	73
لخطر	73
للأرصاد	73
للاجئين	73
للجدل	73
للحرس	73
للرأي	73
للشركات	73
للطيران	73
للمياه	73
للنظام	73
للوضع	73
للوقوف	73
لمراقبة	73
لولاية	73
ليصبح	73
مؤشرات	73
مثيرة	73
مستخدمي	73
معادية	73
معارك	73
معدلاتها	73
مقتدى	73
ممثلة	73
منتخبات	73
ميزانية	73
نشاطات	73
وأثار	73
وأصدر	73
واحترام	73
واستعرض	73
والأمنية	73
والثقافة	73
والوقاية	73
وتشمل	73
وتطرق	73
وجبة	73
وحذرت	73
ولوغانسك	73
يرفض	73
يعتزم	73
فأذن	72
وأخبرني	72
الرجعة	72
وعيسى	72
يسيرا	72
المحدثين	72
الخلال	72
موقوفا	72
سماك	72
البجلي	72
البتة	72
علل	72
أصلها	72
واستدل	72
واو	72
نهي	72
والحاصل	72
الدجال	72
ومر	72
بطنه	72
أسلمت	72
السبكي	72
أعيان	72
طاعته	72
اليمان	72
وعطاء	72
الاحرام	72
فانظر	72
البرقي	72
الخصال	72
نجس	72
اللخمي	72
الصالحات	72
الإثم	72
الأصم	72
تيمية	72
سبعون	72
صدقه	72
بالنصب	72
فسلم	72
المفسرين	72
يزول	72
الطبرانى	72
بصره	72
الغنيمة	72
غيرك	72
الرمي	72
استوى	72
يقصر	72
فأتاه	72
الزركشي	72
قرئ	72
الجنان	72
الخطابي	72
وجوبه	72
بالموت	72
الإلهية	72
جمل	72
خمر	72
فات	72
انتفاء	72
تعدد	72
اختلفا	72
الجعد	72
الظهار	72
الفاسد	72
الحسنة	72
ردها	72
الحبشة	72
مثنى	72
والنار	72
وخير	72
الداعي	72
وجوههم	72
عشرون	72
تصلي	72
ميتة	72
أنعم	72
ويجعل	72
المستحق	72
قبلهم	72
المشهورة	72
فالله	72
الأزهر	72
الحمى	72
أكره	72
تحفة	72
لأحدهما	72
وامرأة	72
والباقي	72
الكشاف	72
كسائر	72
الشريفة	72
حكمة	72
البلوغ	72
الطيبي	72
ينقطع	72
البراءة	72
ضيق	72
الأقوى	72
الوقوع	72
بيوت	72
أمثال	72
حقها	72
ينعقد	72
المبالغة	72
واختار	72
الأذى	72
دمه	72
أهلي	72
استقر	72
سمعنا	72
وأورد	72
مرتبة	72
شهيدا	72
يخبر	72
العظيمة	72
والرابع	72
أولي	72
صورته	72
حضرت	72
صبر	72
فارغة	72
الظرف	72
قتلت	72
معروفة	72
التمييز	72
ياسر	72
العاشر	72
الحاضر	72
النيل	72
زرع	72
قابل	72
العادل	72
حافظ	72
سماء	72
الشرف	72
تابع	72
يتقدم	72
الإرادة	72
قتلوا	72
بقتل	72
فروع	72
ظرف	72
ال	72
وافق	72
نهج	72
اللازم	72
كي	72
موافقة	72
وزيادة	72
المرة	72
بأكثر	72
تمنع	72
الأعداء	72
معينة	72
الدوري	72
وصلت	72
الأبيض	72
تتعلق	72
المجيد	72
قواعد	72
درجات	72
الجزيرة	72
مقابل	72
أندية	72
أوديسا	72
إسطنبول	72
إسعاف	72
إصلاحات	72
إضراب	72
إعدام	72
إمداد	72
إيجابي	72
اجتماعا	72
احتمالية	72
استاد	72
استعراض	72
استكشاف	72
اعتداء	72
الألغام	72
الأممية	72
الإنجاز	72
الاحد	72
الانتقالي	72
البرتغال	72
البروتين	72
التأهل	72
التصدير	72
التغلب	72
التغيرات	72
التكفل	72
التنقل	72
التنموية	72
الجرحى	72
الحياد	72
الخاضعة	72
الذاكرة	72
الصاروخ	72
الصعوبات	72
العمانية	72
الفحوصات	72
القديس	72
القمع	72
الكوارث	72
الليبيين	72
المتطرفين	72
المحامين	72
المديريات	72
المرابطين	72
المزاعم	72
المستوطنات	72
المصنعة	72
المعترف	72
المعتقل	72
المقاطعة	72
المكونات	72
المنصات	72
النفطي	72
الهدوء	72
الولائية	72
اندلع	72
انفجارات	72
بأسعار	72
بأغلبية	72
بالتزامن	72
بالفيروس	72
بالقلق	72
بالمديرية	72
بالمنطقة	72
ببساطة	72
بتطوير	72
بمبادرة	72
بمستوى	72
بورصة	72
بوضوح	72
تبحث	72
تجارب	72
تدريبات	72
تستفيد	72
تسريع	72
تصنيع	72
تطعيم	72
تلفزيونية	72
تنطلق	72
تهديدا	72
توازن	72
تواصلت	72
جثمان	72
جسيمة	72
جنوبية	72
جورجيا	72
جيمس	72
حرجة	72
خروقات	72
داخلية	72
دعمها	72
ديمقراطية	72
رائعة	72
ستعمل	72
سكنية	72
سموتريتش	72
سوناك	72
شحن	72
شحنات	72
شنت	72
صناديق	72
عالمي	72
عبدالفتاح	72
عملة	72
عميقة	72
عيان	72
فخامة	72
فواتير	72
كوخافي	72
لبيانات	72
لجان	72
لشركات	72
لقرار	72
لقيادة	72
للأسف	72
للانضمام	72
للتفاوض	72
للشباب	72
للفلسطينيين	72
للمواطن	72
لمؤسسة	72
لوزير	72
مرمى	72
مشروعات	72
مصداقية	72
مقدمتها	72
مكتبه	72
مناورات	72
موجهة	72
نؤكد	72
نووي	72
وآليات	72
وإيطاليا	72
والقانون	72
والمغتربين	72
والنظام	72
وتراجع	72
وتهدف	72
ورشة	72
وسام	72
وصناعة	72
وعضو	72
وعمليات	72
ولبنان	72
ومراقبة	72
ويتابع	72
يأمل	72
يستعد	72
يسجل	72
الجلال	71
بخلافه	71
المهلب	71
معطوف	71
للبائع	71
تحرم	71
فرفع	71
جندب	71
حراما	71
السمعاني	71
الرؤيا	71
البلخي	71
للمؤمنين	71
الهلاك	71
مشى	71
التدبير	71
الأبيات	71
الغنائم	71
وفلان	71
وقولهم	71
إبطال	71
لجواز	71
دعواه	71
وآخره	71
طاف	71
شبيب	71
الحميدي	71
الصيرفي	71
اغفر	71
اذهب	71
شمر	71
ذئب	71
يسم	71
كنانة	71
بعير	71
فداك	71
بإذنه	71
التخيير	71
قبلكم	71
رجله	71
الركعتين	71
غلاما	71
ذوات	71
إذنه	71
يلبس	71
الكليني	71
أوفى	71
أصلي	71
الدواب	71
الأنباري	71
قياسا	71
بدين	71
الحفظ	71
بابا	71
الاحتمال	71
كفى	71
قرينة	71
والعصر	71
الضعفاء	71
وجزم	71
الحسنى	71
سعة	71
المذكورين	71
السيرة	71
يسكن	71
مرزوق	71
الرمل	71
أنفق	71
واد	71
صغيرا	71
ألفاظ	71
روضة	71
اليتيم	71
ومعلوم	71
ولكني	71
فكما	71
فحينئذ	71
فيا	71
وفعل	71
مقصود	71
مخصوص	71
يقبض	71
الموجب	71
والخبر	71
يصرف	71
الخصم	71
خلت	71
المسك	71
صلوا	71
وعده	71
الفزاري	71
سببه	71
ولست	71
الباطن	71
بالنار	71
إياك	71
والرجل	71
الرملي	71
الفرقان	71
جنات	71
توجب	71
الأديب	71
جنى	71
يدا	71
والعشرون	71
مررت	71
موجودا	71
الفريقين	71
مفتاح	71
الفهم	71
المحبة	71
بالأمر	71
أدب	71
يعبد	71
فأكثر	71
وكثير	71
يترتب	71
قومي	71
القلعة	71
منسوب	71
النمل	71
حكمها	71
يصيب	71
المنافع	71
دفن	71
الإنكار	71
وأهله	71
هى	71
الأجزاء	71
جنازة	71
الأمان	71
يخشى	71
أعاد	71
حدثت	71
المجمع	71
أرضه	71
لون	71
الأرواح	71
سيئة	71
الشريك	71
الجلوس	71
بصفة	71
الدماء	71
الحجاب	71
لبيان	71
شكر	71
الشرب	71
رأسها	71
ابراهيم	71
حاكم	71
أحيانا	71
المعروفة	71
صدور	71
حصلت	71
الديوان	71
يخص	71
يتعرض	71
الزمن	71
منازل	71
الشهداء	71
مسيرة	71
خدمة	71
جزيرة	71
تأثير	71
تمت	71
الكبيرة	71
الهيئة	71
الشعب	71
مجموعة	71
كلاما	70
فلها	70
فقيها	70
وأجاز	70
سننه	70
منقطع	70
طلع	70
السور	70
بمائة	70
فمر	70
ذراعا	70
يطوف	70
وشرط	70
امرؤ	70
البركات	70
طهر	70
ذم	70
الأذرعي	70
الشيخين	70
البدع	70
الأخفش	70
الغرماء	70
الهذلي	70
لصاحبه	70
قدير	70
وخبر	70
نورا	70
الشفاعة	70
ولئن	70
وص	70
الضبي	70
البزاز	70
قومك	70
أرش	70
الطحاوي	70
باسناده	70
الجنب	70
الطيالسي	70
واللفظ	70
يجزئ	70
العقيلي	70
الناظر	70
روينا	70
بالثمن	70
ثوبان	70
العجم	70
رفاعة	70
الإتيان	70
شرطه	70
احتمل	70
الدارمي	70
فعند	70
يلقى	70
باطلا	70
مجلسه	70
وكون	70
وصنف	70
الصبيان	70
بأهل	70
والحال	70
والإمام	70
وعليها	70
عمد	70
آبائه	70
جرم	70
إياس	70
ويدخل	70
يملكه	70
ظلما	70
ويسمى	70
بوجوب	70
عود	70
النبوية	70
مت	70
خصوص	70
تنزل	70
فتقول	70
العذر	70
الفضيل	70
انفرد	70
صفين	70
وادعى	70
والمغني	70
بالعراق	70
موقوف	70
بالطلاق	70
فأي	70
كيسان	70
أقسم	70
مثقال	70
النبات	70
لعموم	70
عبرة	70
الليالي	70
يتعدى	70
لأب	70
مخافة	70
آخذ	70
وأجاب	70
جنسه	70
التلف	70
يولد	70
جوازه	70
التأخير	70
عقدة	70
الكسر	70
زهرة	70
غسان	70
تطلع	70
النزول	70
وحق	70
اثني	70
الإرث	70
لأنك	70
اختصاص	70
العسل	70
جر	70
الأيمن	70
حامل	70
دخلوا	70
اسمها	70
غنى	70
أنكم	70
يوافق	70
ينتقل	70
وجدنا	70
حمص	70
أسعد	70
الجوع	70
المطالبة	70
ثابتة	70
شهود	70
مراعاة	70
يومه	70
الشهير	70
يتغير	70
الدائمة	70
جميعها	70
دقيق	70
الإرشاد	70
جسده	70
العظام	70
قلعة	70
عزم	70
جلال	70
المعدة	70
بصحة	70
آن	70
وحدها	70
يسعى	70
القديمة	70
المدرسة	70
الصغيرة	70
لقب	70
انتهت	70
القريب	70
الطبيعة	70
أقصى	70
شاب	70
بعيدا	70
السجن	70
تحدث	70
الدينية	70
أهم	70
سفينة	70
سياق	70
وفق	70
القدم	70
جامعة	70
لقاء	70
عندما	70
أجرتها	70
أكاديمية	70
أميني	70
إرنا	70
اتهمت	70
احتواء	70
ارتفاعات	70
استفتاء	70
اشتية	70
اعادة	70
اعتقاله	70
اكتشف	70
الآليات	70
الأخلاقية	70
الأرجنتيني	70
الأسوأ	70
الإجرامية	70
الإيجابي	70
الإيجابية	70
الإيرانيين	70
الاختبارات	70
الاخيرة	70
الاستعمار	70
الاستيراد	70
الافتراضي	70
البارزة	70
التحضير	70
الجبهات	70
الجرعات	70
الجمارك	70
الجمركية	70
الجنيه	70
الحاد	70
الذهبية	70
الردع	70
السعوديين	70
السفيرة	70
الشاحنات	70
الشباك	70
الشبكات	70
العقارات	70
الغلاف	70
الفئات	70
الفضائية	70
الفقيد	70
الفقيرة	70
المؤشرات	70
المبكر	70
المتطرفة	70
المتواصل	70
المجتمعية	70
المخططات	70
المدرجة	70
المريخ	70
المشتقات	70
المشروبات	70
المصرفية	70
المصنع	70
المعارك	70
المكونة	70
الملاعب	70
المناقشات	70
المنتج	70
المهاجم	70
الموقعة	70
الناتجة	70
الهجومية	70
الوجبات	70
اليوناني	70
بأهمية	70
بالمركز	70
ببلدية	70
بتكلفة	70
بديلة	70
بفارق	70
بقطاع	70
بمركز	70
بمشروع	70
بواقع	70
تأشيرات	70
تتحدث	70
تحسبا	70
تزامنا	70
تسرب	70
تعميق	70
تعويض	70
تقديرات	70
تكنولوجيا	70
تمنح	70
تنتمي	70
تنظم	70
جراحية	70
جويلية	70
دبلوماسي	70
رأسهم	70
رفضا	70
روبرت	70
سرعتها	70
سنواصل	70
سويفت	70
سيبقى	70
سيطرت	70
شبان	70
شكلت	70
صمود	70
ضغوط	70
ضمانات	70
طفيف	70
عديد	70
غازبروم	70
فريدة	70
فصائل	70
فوري	70
قيادات	70
كاميرا	70
كيان	70
لاستضافة	70
لتغيير	70
لحلف	70
لخفض	70
لدراسة	70
لشهر	70
لقطات	70
للحركة	70
للحوار	70
للخدمات	70
للسلطات	70
للعملية	70
للمؤسسات	70
للمجتمع	70
للمملكة	70
لهيئة	70
مؤقتا	70
مؤكدين	70
مبادرات	70
مسؤولو	70
مستعد	70
مسيرات	70
مشاركته	70
مشاركتها	70
مشجعي	70
مصرية	70
معظمهم	70
مقاتلات	70
منتج	70
منحت	70
مهامها	70
مواطنين	70
ميلاد	70
نانسي	70
ناهيك	70
نيو	70
هاتفية	70
هكتار	70
هونغ	70
وأبرز	70
وأجهزة	70
وأطلقت	70
واعتقلت	70
والحكومة	70
والسيطرة	70
والعديد	70
والعودة	70
واللجنة	70
والمشاركة	70
والموارد	70
وانتقد	70
وتستمر	70
وتنمية	70
وحلفائها	70
وسجلت	70
وفقدان	70
ومحاولة	70
ومقرها	70
ومنطقة	70
ومواجهة	70
ونتيجة	70
ونوه	70
يتراوح	70
يتعرضون	70
يحظى	70
الضلال	69
لقوم	69
كسرى	69
وملك	69
المنكدر	69
أمرك	69
أعرابي	69
حنظلة	69
والأنثى	69
المبتدأ	69
فأخبر	69
الصائم	69
المرسلين	69
الرقيق	69
فالجواب	69
الحنبلي	69
غيلان	69
الكرم	69
غسله	69
ويحك	69
برسول	69
أمري	69
الأموي	69
والجملة	69
أفتى	69
الصاد	69
ففيها	69
وثلاثون	69
يدك	69
فسمع	69
الإحسان	69
الورى	69
البطلان	69
أيهما	69
معلوما	69
التقييد	69
وجوبا	69
السكيت	69
فدخلت	69
بابويه	69
أبيات	69
الأعشى	69
شرا	69
سبعا	69
القود	69
حمار	69
ولفظ	69
الأرحام	69
بالتاء	69
المجتهد	69
الوافر	69
الاستحباب	69
باز	69
فوضع	69
الإخبار	69
الزاي	69
لفظة	69
نسلم	69
البين	69
بعينها	69
ولان	69
بشهادة	69
بالألف	69
كلاب	69
العارفين	69
سجود	69
هوى	69
حلق	69
أتي	69
ويرد	69
فعلها	69
جناية	69
محض	69
يعتد	69
المنقول	69
الشراب	69
نصا	69
يساره	69
مستقيم	69
مسجدا	69
اختلفت	69
فلك	69
المملوك	69
الإعراب	69
عبادي	69
عدلا	69
كأنهم	69
يورث	69
الاستعمال	69
مملوك	69
بخ	69
والقرآن	69
مكحول	69
جوابا	69
العبيد	69
بكلام	69
الحنطة	69
للأول	69
صريحا	69
وجعفر	69
بيدي	69
أثره	69
بخبر	69
اشترط	69
فصارت	69
ويخرج	69
وسفيان	69
الفضة	69
وتبعه	69
معكم	69
الوديعة	69
عرضا	69
هاتين	69
السلعة	69
مكتوب	69
بثلاث	69
التعيين	69
بالعين	69
وكلاهما	69
ثمرة	69
العقوبة	69
شريكه	69
والدي	69
الصفحة	69
يقم	69
فأين	69
المخالفة	69
ثان	69
وفرق	69
بيعها	69
الحقائق	69
اللون	69
وادي	69
الفراغ	69
شهرين	69
حيوان	69
صنعت	69
الكلمات	69
علاء	69
وفاء	69
جمعت	69
السرقة	69
رفعت	69
وأخرى	69
اللطيف	69
تتبع	69
تختلف	69
لابد	69
تمكن	69
الهندي	69
الرقم	69
إسقاط	69
طارق	69
قليلة	69
تزيد	69
بنفس	69
الآخرين	69
عددا	69
خطر	69
معظم	69
السياق	69
الطفل	69
بالإضافة	69
تزال	69
دور	69
وزير	69
أرباح	69
أغلبية	69
إضفاء	69
إف	69
اجراء	69
احتفالات	69
افريقيا	69
الآمن	69
الأبرياء	69
الأزياء	69
الأنابيب	69
الأناضول	69
الأولويات	69
الإخباري	69
الادعاءات	69
الاستثنائية	69
الاستعدادات	69
الاقتراح	69
الانترنت	69
البريطانيين	69
التدخين	69
التظاهرة	69
التعبئة	69
التكنولوجية	69
التمارين	69
التهريب	69
الجدد	69
الجنسي	69
الحضاري	69
الدوليين	69
الرائدة	69
الزلزال	69
السجناء	69
السياحي	69
الصهاينة	69
الضغوط	69
العقبات	69
العميق	69
العواصف	69
الفلاحي	69
القتالية	69
الكاميرون	69
الكثيرين	69
الكردستاني	69
الكمبيوتر	69
اللائحة	69
المادي	69
المتخصصة	69
المتمثل	69
المثير	69
المحادثة	69
المستجد	69
المطارات	69
الممثلة	69
المنشور	69
المواطنة	69
الميزانية	69
الهولندي	69
الهيدروجين	69
امتلاك	69
انبعاثات	69
انتاج	69
اوكرانيا	69
ايران	69
باحثون	69
بالحفاظ	69
بالخارج	69
بالعودة	69
بالقطاع	69
بتمويل	69
بحدود	69
بدائل	69
برلمان	69
بشرية	69
بعبدا	69
بند	69
بورسعيد	69
بيونغ	69
تأشيرة	69
تتسبب	69
تتواصل	69
تجاهل	69
تجدر	69
تحطم	69
تحقيقها	69
تحمي	69
تداوله	69
ترأس	69
ترميم	69
تسجل	69
توقعت	69
ثلاثية	69
ثنائية	69
جماعي	69
جوان	69
جولات	69
حرائق	69
خام	69
دعما	69
دمرت	69
دوائر	69
رئيسيا	69
ركلة	69
سلمية	69
سياحية	69
سيسمح	69
شاحنة	69
شراكات	69
شريحة	69
شياع	69
صربيا	69
صناعية	69
ضحيتها	69
ضواحي	69
طيلة	69
عبوة	69
عوتسما	69
غلوبال	69
فنلندا	69
فورية	69
فوزه	69
فون	69
قاعة	69
قرارها	69
كوشنر	69
لإيجاد	69
لاستقبال	69
لبطولة	69
لعمليات	69
للاستثمار	69
للبنك	69
للبيئة	69
للجزائر	69
للمرضى	69
للمطالبة	69
لمنطقة	69
لمواصلة	69
لوائح	69
ليبي	69
مايكل	69
مبرر	69
متاحة	69
متكاملة	69
مثيل	69
محامي	69
محتوى	69
محليا	69
مدراء	69
مدينتي	69
مرتزقة	69
مرفأ	69
مستوطنين	69
مطلعة	69
مقترح	69
مقعدا	69
موريس	69
موظف	69
ناجحة	69
ندرك	69
نشاطها	69
وأثارت	69
وأثناء	69
وإنهاء	69
والإعلام	69
والبيئة	69
والتدريب	69
والحريات	69
والدعم	69
والسلطات	69
والشؤون	69
والشعب	69
والعسكرية	69
والعلاقات	69
والمنتجات	69
وتفعيل	69
وتوسيع	69
وحارة	69
وشخصيات	69
ومدى	69
ووصفت	69
وول	69
يانغ	69
يتطلع	69
يرتدون	69
يوتيوب	69
يومية	69
فخذ	68
للعبد	68
فعلوا	68
الإناء	68
الكرماني	68
ويصح	68
المدارك	68
الإباحة	68
صفته	68
وأشهد	68
ظفر	68
المنذري	68
الزوائد	68
الوعد	68
فاعله	68
لوط	68
الجهني	68
الأرش	68
القذف	68
تعليل	68
والعبد	68
قسمة	68
اثنا	68
عذابا	68
متاع	68
فأخبره	68
وطء	68
أجرا	68
إسلامه	68
فالمراد	68
الطهر	68
القزويني	68
وليه	68
زفر	68
الباري	68
ليت	68
عقيب	68
الطفيل	68
تعملون	68
بسر	68
نصير	68
وأنكر	68
بمنى	68
فاته	68
هاجر	68
الجر	68
إثم	68
نوفل	68
وطئ	68
وجوز	68
قولين	68
فالذي	68
ويحرم	68
وجملة	68
والأصح	68
استعماله	68
عقلا	68
كفار	68
ملكت	68
معرفته	68
تزل	68
غرض	68
المبين	68
كذبوا	68
الحديبية	68
ترجيح	68
يمسح	68
ينفق	68
بعضكم	68
القارئ	68
أرجو	68
بالأصل	68
وجهك	68
ذراع	68
الصوفية	68
والمشهور	68
يغني	68
عروبة	68
ينادي	68
فسد	68
وهشام	68
فكانوا	68
الكرام	68
ثيابه	68
تامة	68
للأب	68
الأعراب	68
رجالا	68
برواية	68
للزوج	68
الصحابي	68
احتاج	68
بالكلية	68
والثوري	68
جوف	68
لأبيه	68
وأثنى	68
وانه	68
ويأخذ	68
المذاهب	68
باقية	68
معقل	68
العاقل	68
الدلائل	68
معن	68
نقد	68
بهاء	68
طريقا	68
يعدل	68
النجف	68
رحمته	68
باتفاق	68
المجهول	68
ينوي	68
العمري	68
شيوخ	68
بعشرة	68
الاكتفاء	68
السعدي	68
الحجارة	68
شفاء	68
الحزن	68
محبة	68
الفم	68
الإله	68
الشورى	68
المعلم	68
انهم	68
متصل	68
المتقدمين	68
أناس	68
قبلي	68
معروفا	68
والعرب	68
يمنعه	68
وهن	68
والماء	68
إيمان	68
والمال	68
الاخر	68
حبة	68
تعريف	68
بحجة	68
نهار	68
تذهب	68
مبارك	68
المثال	68
العكس	68
الأجسام	68
ويذكر	68
قاض	68
الأجنبي	68
أمانة	68
رياض	68
عكس	68
ينظرون	68
بالغ	68
شتى	68
بيوم	68
رؤوس	68
الخبز	68
فتحت	68
يعتمد	68
الطبيب	68
مبلغ	68
الأزرق	68
الوزن	68
العناية	68
انقطاع	68
العشرين	68
الطرفين	68
الصيف	68
العقلية	68
أنني	68
الكشف	68
لديه	68
مصطفى	68
التعليم	68
إنشاء	68
المصالح	68
تعود	68
الجامعة	68
وكيل	68
ضبط	68
أصيب	68
التحرير	68
يبدو	68
الأمن	68
بالواو	67
المتقين	67
نبت	67
أعطي	67
يرده	67
وقرئ	67
الرومي	67
فهرس	67
المختصر	67
اعتقاد	67
وولده	67
بالكتاب	67
اللعان	67
وحكي	67
فجلس	67
ضمرة	67
والملائكة	67
والمروة	67
رحمهما	67
بباب	67
المدح	67
كتبهم	67
إباحة	67
فرسه	67
والاستبصار	67
بعثه	67
أرقم	67
القربى	67
الرق	67
بأمره	67
الفرنج	67
وسعد	67
وثمانمائة	67
الرطب	67
صفية	67
قذف	67
مشايخ	67
رزين	67
فوقها	67
والنون	67
والفضل	67
وكونه	67
وصلاة	67
دبر	67
وظاهره	67
فقالا	67
صاع	67
بالنون	67
كذاب	67
كذبت	67
آمين	67
والدعاء	67
منده	67
الأيمان	67
ظلموا	67
توهم	67
بالملك	67
ورسول	67
الصبا	67
مباح	67
العظم	67
الجزري	67
الفهرست	67
المستقيم	67
بالعقد	67
للأصل	67
صاعد	67
المصباح	67
أذى	67
والإيمان	67
نهارا	67
وبنى	67
الشهاب	67
الحرير	67
آثاره	67
يعم	67
المقدار	67
يجر	67
يكذب	67
أعمى	67
سلك	67
أمسك	67
النحاس	67
يسر	67
أهلا	67
فقهاء	67
وذو	67
المحققين	67
الجرجاني	67
وست	67
المصطفى	67
عندكم	67
الحصر	67
لباس	67
بتشديد	67
سل	67
صبي	67
العاملي	67
وجهي	67
أرسلنا	67
الأصابع	67
جبلة	67
ثلاثون	67
السكون	67
فأمره	67
للعلم	67
المخطوط	67
يجعله	67
الدرهم	67
وأتى	67
وأين	67
الآتية	67
والشمس	67
ليال	67
ديوانه	67
وعملوا	67
حرفا	67
كلثوم	67
فانطلق	67
ينام	67
مليكة	67
عدوا	67
جرح	67
يتوهم	67
يحد	67
هب	67
التصديق	67
رابع	67
الحذاء	67
الأعمى	67
ومرة	67
الذخيرة	67
كسب	67
والحكمة	67
المنعم	67
حمى	67
الطائف	67
اقرأ	67
نعت	67
الأصغر	67
اجتمعت	67
سوداء	67
الأنهار	67
الوسيلة	67
بنصف	67
طلقة	67
باسمه	67
يليه	67
وبن	67
الزوجين	67
وقلة	67
كاملا	67
المؤيد	67
ضعيفة	67
وسبب	67
باليمن	67
تخلف	67
الرقي	67
يزعم	67
المحال	67
والأخرى	67
الزبيدي	67
العدول	67
صغار	67
ينتظر	67
الكبار	67
المقال	67
اليهودي	67
عملت	67
تقييد	67
الإجابة	67
الاستحقاق	67
زادت	67
وبعدها	67
أسر	67
عماد	67
بلوغ	67
تصحيح	67
ليسوا	67
بعمل	67
مضمون	67
صديق	67
فنحن	67
وظهر	67
زاده	67
مرت	67
أوقات	67
ايضا	67
سبأ	67
يعيش	67
سريع	67
تجمع	67
الأطعمة	67
الفرد	67
ضربة	67
نيابة	67
وحصل	67
مدرسة	67
تتم	67
العالي	67
بمدينة	67
تحرير	67
القوى	67
حدوث	67
تناول	67
الخدمة	67
طهران	67
المملكة	67
الشرق	67
القضية	67
المياه	67
أعضاء	67
موقع	67
شركة	67
ارتفاع	67
آبل	67
أبل	67
أخطاء	67
أراضيهم	67
أعقبت	67
أنور	67
أوغلو	67
اتفاقات	67
استحداث	67
استقباله	67
اطار	67
اقتصاديا	67
الأمريكيون	67
الأميركيين	67
الأنسجة	67
الإدارات	67
الإنجليزية	67
الافريقية	67
الاقتصادات	67
الاقتصاديين	67
البكتيريا	67
التدشين	67
التربوية	67
الترتيبات	67
الترويج	67
التشكيلة	67
التعازي	67
التنسيقي	67
التوريد	67
الجمركي	67
الحارس	67
الحرارية	67
الحراك	67
الدمار	67
الستار	67
الصارمة	67
الطائفية	67
الفيضانات	67
القنصلية	67
المؤقت	67
المتبقية	67
المتضررة	67
المحمولة	67
المراقبين	67
المرتزقة	67
المساعد	67
المشاورات	67
المصرفي	67
المعابر	67
المعادية	67
المغادرة	67
المقاتلين	67
المنتجة	67
الموجة	67
الموسيقية	67
النزاهة	67
النماذج	67
الهيمنة	67
بإجراءات	67
بإنهاء	67
باستقلال	67
بالتوازي	67
بالمواد	67
بايرن	67
بتحويل	67
بجنوب	67
بدرجات	67
برفقة	67
برنت	67
بزعامة	67
بطبيعة	67
بعمق	67
بغرض	67
بلجيكا	67
بيغاسوس	67
بيلاروسيا	67
تتأثر	67
تتزايد	67
تتسم	67
تتكون	67
ترتبط	67
تسديد	67
تسلا	67
تشاووش	67
تقترب	67
تقوده	67
تنخفض	67
تندرج	67
تنفيذه	67
تواجده	67
حقوقية	67
خزانات	67
دورات	67
رائد	67
رصيد	67
رفضها	67
رقمية	67
ستريت	67
ستقوم	67
سيحصل	67
شبيبة	67
شعارات	67
شعبي	67
صارمة	67
صلاحيات	67
ضحية	67
ضريبة	67
طارئة	67
طوكيو	67
طولكرم	67
عائلتها	67
عاصفة	67
عانى	67
عرقلة	67
عسكريين	67
عملياتها	67
عيار	67
غرينتش	67
غزوها	67
فسيكون	67
فيتامين	67
فيلق	67
قدرتها	67
قدمتها	67
قصارى	67
كثافة	67
كفاءة	67
لإنجاح	67
لاستيراد	67
لتصدير	67
لتمكين	67
لجهاز	67
لرئاسة	67
لسياسة	67
للاحتفال	67
للاحتلال	67
للدعم	67
للسماح	67
للصناعة	67
للضغط	67
للعقوبات	67
للعودة	67
للفوز	67
للمحافظة	67
للمشروع	67
للوقاية	67
لمركز	67
لمصر	67
لمونديال	67
لنادي	67
لوسائل	67
محادثة	67
محملة	67
مخدر	67
مخرجات	67
مدعومة	67
مركزي	67
مصادرة	67
مصالحة	67
مضادة	67
مكون	67
ملموس	67
مناصب	67
منافسة	67
مناقشات	67
منسق	67
مهاجمة	67
مهامه	67
مواطنيها	67
موانئ	67
ميزة	67
ميشيل	67
ناسفة	67
نتائجه	67
نتائجها	67
نجمة	67
نضال	67
نعيش	67
نفكر	67
نقاش	67
نموذج	67
نهيان	67
هاجم	67
هاري	67
هجومية	67
هنأ	67
هوكشتاين	67
وأصدرت	67
وأعربت	67
وأمريكا	67
واختتم	67
واعتقال	67
والإجراءات	67
والإسلامية	67
والتحديات	67
والسلع	67
والكهرباء	67
والمتوسطة	67
والمناجم	67
والمنطقة	67
وتؤكد	67
وترقية	67
وتضمنت	67
وجهود	67
وجيزة	67
وحاول	67
وخيمة	67
ورؤساء	67
وضعية	67
وقانون	67
وقضايا	67
ويشار	67
ويمثل	67
يتماشى	67
يحاولون	67
يقلل	67
يقودها	67
ينجح	67
بالبيع	66
أويس	66
الأمثال	66
أنشدني	66
أخذا	66
لشيء	66
الذمي	66
أمراء	66
واقد	66
حكي	66
الليثي	66
هبيرة	66
فيلزم	66
عشرا	66
جميعه	66
رضيت	66
ميمونة	66
ذكروه	66
وأقبل	66
الخراساني	66
فأخرج	66
المجلسي	66
والعشاء	66
العاقلة	66
الحمصي	66
المتاع	66
بعدك	66
ركع	66
يعين	66
ربها	66
ملائكة	66
المعتق	66
تركته	66
يرفعه	66
يتصدق	66
الطاء	66
ملة	66
لأم	66
الحباب	66
أبيها	66
التطوع	66
علا	66
الوعيد	66
الأمصار	66
صخر	66
سيار	66
وأنزل	66
لعلكم	66
آداب	66
عتاب	66
الحائض	66
يس	66
المشترى	66
ذهبا	66
فضال	66
ولفظه	66
أيما	66
الغصب	66
الحميري	66
الجاهل	66
وطائفة	66
الفرزدق	66
غصب	66
صائم	66
أراك	66
الصدقات	66
بظاهر	66
بذي	66
زنى	66
أعرفه	66
فولدت	66
جوابه	66
الجنائز	66
روايتان	66
ياقوت	66
حقيقته	66
الطبع	66
ظالم	66
الحامل	66
يركب	66
العجب	66
لقمان	66
نادى	66
ادعاه	66
التقريب	66
رقيق	66
ونعم	66
عجل	66
جلاله	66
وصدق	66
وجعلت	66
الكثرة	66
لين	66
نقصان	66
هن	66
قصاص	66
رأسي	66
بيعة	66
للآخر	66
الأسلمي	66
الولادة	66
أتاني	66
الرعد	66
قراءته	66
كثرت	66
أظن	66
كاد	66
جعلوا	66
امتناع	66
أنزلت	66
طلعت	66
الخلائق	66
البنت	66
شئتم	66
اللغوي	66
الإمامية	66
الستر	66
تزوجت	66
أصلح	66
الشدة	66
وبني	66
كتابي	66
مشكل	66
ختم	66
الاعتقاد	66
حدا	66
بعلم	66
آلة	66
تعارض	66
لكونها	66
الورق	66
طائر	66
إسلام	66
سيرة	66
صلح	66
عبدالرحمن	66
حضرة	66
إياهم	66
وأرسل	66
ولمن	66
أعطيت	66
المخالف	66
الصغرى	66
الإشكال	66
والعمرة	66
وحضر	66
سرية	66
انطلق	66
فلن	66
صلب	66
أعداء	66
ومعرفة	66
وصرح	66
ميل	66
الاختصاص	66
جسم	66
بالاتفاق	66
ترفع	66
السكر	66
مهما	66
البرية	66
شهداء	66
الدائم	66
مشترك	66
قرابة	66
بري	66
رغبة	66
اتحاد	66
نزع	66
القوي	66
بالعمل	66
والبحر	66
اعترف	66
ولكنها	66
إحياء	66
تغيير	66
النقد	66
متعددة	66
الجهات	66
التقى	66
فتاوى	65
فأولئك	65
هدي	65
عتقه	65
دلائل	65
ذكوان	65
أسباط	65
قريشا	65
وفيهم	65
أنشد	65
فذكرت	65
فإنهما	65
وفاطمة	65
وعائشة	65
قاعدا	65
فرواه	65
أخبركم	65
فجعلت	65
ويعلم	65
يطول	65
عندهما	65
فسأل	65
وجمعه	65
والنظر	65
العقلاء	65
أجود	65
والإفتاء	65
وقعة	65
قلتم	65
الرجز	65
بندار	65
رحمهم	65
أصحابي	65
والسجود	65
وب	65
الصاحب	65
فظاهر	65
قلناه	65
الآمر	65
يأتيه	65
قبيصة	65
دنا	65
بمعناه	65
سجدة	65
صومه	65
يؤتى	65
مسهر	65
السباع	65
المفرد	65
لمسلم	65
وأخوه	65
ثلثه	65
الديلمي	65
وحج	65
الباهلي	65
تدري	65
الاسناد	65
خلاد	65
وحماد	65
يفطر	65
بالقياس	65
القشيري	65
الموصي	65
فسكت	65
البلقيني	65
متعمدا	65
إناء	65
والعين	65
بموت	65
فربما	65
والنبي	65
فمتى	65
والأنصار	65
بحمد	65
غفلة	65
مخالفا	65
شد	65
الاعتكاف	65
فالأول	65
جليل	65
يرسل	65
برئ	65
والضمير	65
المولود	65
والملك	65
سمعوا	65
شاهدا	65
أيامه	65
يشك	65
الدرجات	65
إجارة	65
المنزلة	65
امر	65
حبل	65
مشهورة	65
خفي	65
الفداء	65
الحبل	65
والفعل	65
البياض	65
خيل	65
شيطان	65
بحار	65
جاهلا	65
المجنون	65
الخندق	65
المحسن	65
العياشي	65
يفصل	65
قلبك	65
سماعه	65
التقليد	65
صادقا	65
الطول	65
لحمه	65
فكنت	65
خال	65
معينا	65
كليب	65
شعرا	65
حالهم	65
اشتهر	65
الكافرون	65
الحكماء	65
باليد	65
البكاء	65
الحنث	65
قبلة	65
عائد	65
الشهوة	65
وأمي	65
فجاءت	65
تكرر	65
نشأ	65
نيته	65
الصغار	65
وكنا	65
وبقية	65
وبعضها	65
قمت	65
ثبتت	65
دواء	65
قبوله	65
مطلقة	65
جوهر	65
الأنف	65
الكلاب	65
العم	65
ورود	65
حلت	65
يقاتل	65
يشق	65
الجواد	65
إدراك	65
تقل	65
يرتفع	65
التام	65
الترجيح	65
واصل	65
سنتين	65
يعبر	65
درس	65
العماد	65
عرضت	65
يسبق	65
نعرف	65
ووقف	65
أجنبي	65
حولها	65
مقبول	65
أزيد	65
تضمن	65
الوسطى	65
يصدر	65
تدعو	65
الانتقال	65
مسافة	65
محتمل	65
أركان	65
اللذين	65
الموافق	65
تحتاج	65
تجارة	65
المختلفة	65
بفضل	65
الغرب	65
يشكل	65
فريق	65
وحتى	65
اتفاق	65
أمس	65
أرجاء	65
أسوشيتد	65
أصدقاء	65
أنشطتها	65
أنماط	65
إرهاب	65
إسرائيليون	65
إصابتهم	65
إصرار	65
إضعاف	65
إنجازات	65
إيرادات	65
احتجاجية	65
اعلن	65
الأساليب	65
الأسترالية	65
الأفغانية	65
الألمان	65
الأوان	65
الأونروا	65
الإثيوبية	65
الإمكانات	65
الإنتاجية	65
الإيرادات	65
الاحتجاز	65
الازمة	65
الاستوائية	65
الافريقي	65
الاقتراب	65
الالتزامات	65
الامتحانات	65
الانتحار	65
الانتقالية	65
الاوضاع	65
البترون	65
البيولوجية	65
الترسيم	65
التزامات	65
التصنيع	65
التعديلات	65
التقطت	65
التقييم	65
التلاميذ	65
التنفسي	65
التهنئة	65
التوعية	65
الثقافات	65
الثلاثية	65
الثورية	65
الجلسات	65
الحليب	65
الخطورة	65
الداعم	65
السيادية	65
الشقيقين	65
الصفقات	65
الصيادين	65
الطابق	65
الطفلة	65
العدائية	65
العدوانية	65
العنيف	65
الغارديان	65
الغواصة	65
الفائزة	65
الفردي	65
الفنادق	65
القادمين	65
القنوات	65
الكاميرا	65
الكردية	65
الكميات	65
الكويتي	65
اللحظات	65
المؤقتة	65
المازوت	65
المتزايدة	65
المتواصلة	65
المخالفات	65
المرصد	65
المركزة	65
المسابقات	65
المستهدفة	65
المعاناة	65
المعدنية	65
المفاجئ	65
المقاعد	65
المقترح	65
المقترحة	65
المكسيك	65
الممارسة	65
المنتشرة	65
المنزلية	65
المنظم	65
المهارات	65
المواضيع	65
الموسمية	65
النخب	65
الورشة	65
اليورانيوم	65
بإعداد	65
بالتعادل	65
بالتعامل	65
بالدفاع	65
بالدور	65
بالرئيس	65
بالطاقة	65
بالمملكة	65
بالمناطق	65
بالنفط	65
باهظة	65
بتهم	65
بتوفير	65
بحوالي	65
برصاصة	65
برلمانية	65
برنامجها	65
بسحب	65
بكافة	65
بلدات	65
بلماضي	65
بلومبرغ	65
بمحاولة	65
بمقتل	65
بملعب	65
بمواجهة	65
تأثيرات	65
تأكيده	65
تاريخي	65
تبعات	65
تتولى	65
تحفيز	65
تدريبية	65
تستغرق	65
تضخم	65
تعترف	65
تعزز	65
تقتصر	65
تلقته	65
تمهيدا	65
تنصيب	65
تنفيذي	65
تهيئة	65
توليه	65
جزائري	65
جيرمان	65
حاسمة	65
حتفهم	65
حققته	65
حقول	65
حوالى	65
خفر	65
دمج	65
رفضه	65
رمزية	65
زمنية	65
ستشهد	65
ستعيد	65
سرعان	65
سعودي	65
سنوي	65
سويسرا	65
سيحدث	65
سيستمر	65
شخصيا	65
صوتية	65
صينية	65
طبي	65
عبرية	65
عملاء	65
عينة	65
فرانسيسكو	65
فيكتور	65
قادمة	65
قروض	65
كابول	65
كاميرات	65
لانتخاب	65
لتخفيف	65
لتوسيع	65
لسعر	65
لقاحات	65
لقانون	65
لقوى	65
للأنباء	65
للتصويت	65
للحدود	65
للدور	65
للرئاسة	65
للشفاء	65
للصحافة	65
للصين	65
للعلاقات	65
لمحافظة	65
لمحاولة	65
لمحطة	65
لموسكو	65
لهجوم	65
ماني	65
متطورة	65
متوقعة	65
مخططات	65
مداخلة	65
مرتبات	65
مساحات	65
مسارات	65
مستجدات	65
مسلحون	65
مقياس	65
مكثفة	65
ممثلين	65
مناسبات	65
مهسا	65
مهنة	65
مواطنا	65
موجات	65
ميونخ	65
ناتج	65
نحاول	65
هدفا	65
واجهت	65
واستغلال	65
واستقرار	65
واقتصادية	65
والأردن	65
والإنتاج	65
والاتصالات	65
والتعامل	65
والجماعات	65
والخارجية	65
والسويد	65
والمستوطنين	65
والمواد	65
وتبلغ	65
وتجدر	65
وتسبب	65
وجبات	65
وحزب	65
وسحب	65
وسرعان	65
وغياب	65
وفرضت	65
وقررت	65
وقطر	65
وكندا	65
ولجنة	65
ومؤسسات	65
ومجموعة	65
ومشاريع	65
ومعالجة	65
ومنظمات	65
ووحدة	65
ويساعد	65
وين	65
ويواجه	65
يتمكنوا	65
يتواجد	65
يدعم	65
يقترب	65
يمثلون	65
يمنح	65
يناهز	65
واسطة	64
التأنيث	64
غائب	64
المدائني	64
لزيد	64
المغصوب	64
بحلب	64
يسأله	64
حلالا	64
الرقبة	64
تكبيرة	64
المدبر	64
الظنون	64
يستدل	64
المطبوع	64
عمرا	64
واللسان	64
ضل	64
اسحاق	64
وسألته	64
وعاصم	64
للمولى	64
المبرد	64
هاء	64
آياته	64
الرمة	64
الضرير	64
خالق	64
ينبت	64
فظهر	64
سوار	64
ناسيا	64
حصته	64
حيض	64
جاءهم	64
الاقتصار	64
الخياط	64
حبيبة	64
التشريق	64
والعقل	64
فحمل	64
فثبت	64
ثبوته	64
والقياس	64
أوحى	64
كأني	64
فكأنما	64
أليم	64
وثنا	64
الراجح	64
الحياء	64
الخادم	64
مولاهم	64
دينكم	64
قعد	64
كفه	64
ذنبه	64
أجزأه	64
مكسورة	64
المعجم	64
الحشر	64
يؤمر	64
فأشبه	64
صراط	64
نيسابور	64
عصمة	64
ونصب	64
طيبا	64
صفاته	64
المحكم	64
والمقصود	64
الموقوف	64
للإنسان	64
وقضى	64
علموا	64
القرض	64
ذرية	64
الآدمي	64
والرواية	64
شرحبيل	64
معهما	64
أجيب	64
تكونوا	64
الجند	64
مردود	64
إنسانا	64
الحلم	64
ظلمة	64
انقضت	64
اجتمعوا	64
زائدا	64
الإخلاص	64
بقرة	64
للقاضي	64
أوتوا	64
جمرة	64
ولكم	64
التسبيح	64
فاعلم	64
عازب	64
مرفوع	64
إيمانا	64
المودة	64
فلانة	64
بثمن	64
سنه	64
ضعيفا	64
قطعه	64
قدرا	64
معد	64
وأكل	64
المطبوعة	64
الذئب	64
جاءني	64
أمها	64
ضامن	64
الخفيف	64
المعز	64
البيعة	64
الري	64
أخذوا	64
النفاق	64
قضيت	64
نبه	64
فعلي	64
الظالم	64
بسط	64
استيفاء	64
البكر	64
أدركت	64
العنب	64
الإمكان	64
زائد	64
ذهاب	64
الامتناع	64
وضعف	64
ونظر	64
ديني	64
يديك	64
رمي	64
للبحوث	64
الإخوة	64
الجنين	64
الكون	64
أعد	64
ينال	64
يعطيه	64
بالذات	64
قالها	64
الصالحة	64
أصابع	64
المنهج	64
واستمر	64
مريضا	64
غني	64
مجالس	64
ميلا	64
بارك	64
سعى	64
أصغر	64
والى	64
شغل	64
رسالته	64
طعن	64
الأصلي	64
وأظهر	64
يصب	64
العضو	64
يغير	64
النبوي	64
خفيف	64
شريف	64
أيمن	64
الثامنة	64
الصلة	64
تأكيد	64
حادث	64
قريبة	64
ضوء	64
الداخل	64
وهناك	64
بات	64
نظيره	64
مباشرة	64
تعتبر	64
المغربي	64
دائرة	64
ذكرى	64
أوضح	64
الزيارة	64
الدكتور	64
لكنها	64
الوزارة	64
حكومة	64
الردة	63
مبالغة	63
يغتسل	63
اني	63
فيصح	63
اليسير	63
وولى	63
والزبير	63
أنبا	63
أمالي	63
الأبصار	63
الإستبصار	63
رجوعه	63
فحذف	63
راهويه	63
منيع	63
والباء	63
تصانيفه	63
ذكرهم	63
الموصوف	63
وماله	63
ووجهه	63
النفل	63
الميقات	63
أنفه	63
فغضب	63
وطئها	63
خارجا	63
مسعر	63
عبدك	63
العساكر	63
ليعلم	63
سماعا	63
أجره	63
النوادر	63
للمفعول	63
يخرجه	63
باطن	63
وجوبها	63
تأويله	63
يستوي	63
خرجنا	63
ومحل	63
العليم	63
بقرينة	63
حمير	63
سند	63
السارق	63
الأوثان	63
المالكية	63
بسكون	63
النعيم	63
قبيح	63
أخص	63
المقنعة	63
باطلة	63
وصح	63
البيوع	63
المقنع	63
ورثته	63
إمامه	63
وإياك	63
خرجه	63
رق	63
حريز	63
تبوك	63
وشرب	63
ويشترط	63
حبا	63
التوضيح	63
والبحار	63
الطين	63
وسقط	63
الأنثى	63
أخته	63
الظلمة	63
المسافة	63
مساجد	63
يوضع	63
التمتع	63
بجواز	63
وقلنا	63
ثابتا	63
نافلة	63
بعثت	63
النقصان	63
تصلح	63
فاذا	63
ثني	63
أهدى	63
والإقامة	63
نسوة	63
فصاعدا	63
منبه	63
اتبع	63
بالنهار	63
وكره	63
بكون	63
عجبا	63
تؤخذ	63
خصال	63
الفخر	63
صرفه	63
وعرف	63
الثمار	63
التقصير	63
ديار	63
أعجب	63
ينطق	63
الكفيل	63
وبينهم	63
الميل	63
المد	63
بجامع	63
أطيب	63
بمقتضى	63
بكثرة	63
منفردا	63
زلت	63
فصلت	63
وعين	63
بحسن	63
وأطلق	63
الاشتراك	63
تشبه	63
أصناف	63
اسماعيل	63
رائحة	63
وقدر	63
فارق	63
وكلما	63
المنطق	63
قبائل	63
يتصرف	63
وخالد	63
وحفظ	63
البنات	63
عاليا	63
مورد	63
جبال	63
الإسكندرية	63
ثالثا	63
الظل	63
المعاملة	63
سبقت	63
يحيي	63
برأسه	63
الفصول	63
الذكور	63
مضي	63
ثمنها	63
المخرج	63
سد	63
تمييز	63
السنين	63
فهد	63
نزاع	63
حفر	63
إطلاقه	63
المحرر	63
يتولى	63
للنساء	63
بأربعة	63
متعلقة	63
العطاء	63
خبير	63
الحية	63
استطاع	63
للرجال	63
الدواء	63
تسلم	63
الراعي	63
ووصل	63
دفعة	63
وجودها	63
جهته	63
تفيد	63
التأكيد	63
غد	63
بوجود	63
يصبح	63
الفور	63
بمقدار	63
السلوك	63
شرعية	63
تقدر	63
الوسط	63
الدرجة	63
وصول	63
الأسواق	63
أسطول	63
أسماك	63
أغنية	63
أفلام	63
أمنها	63
أميركي	63
أندريه	63
أوسلو	63
إب	63
إبراز	63
إبلاغ	63
إشراف	63
إنتاجها	63
إيتمار	63
إيغور	63
احتياجاتها	63
اختتمت	63
ادارة	63
استثنائي	63
استخباراتية	63
استطاعت	63
استفزاز	63
استيطانية	63
اضطرت	63
اقتحموا	63
اكد	63
الأحادية	63
الأحمد	63
الأساتذة	63
الأغنية	63
الألياف	63
الأمازيغية	63
الأوساط	63
الإبادة	63
الإخبارية	63
الإستراتيجية	63
الاربعاء	63
الالكتروني	63
الانتباه	63
الانخراط	63
الايرانية	63
البدني	63
البديل	63
البيلاروسي	63
التأكد	63
التحضيرات	63
الترفيه	63
التصفيات	63
التطبيقات	63
التعاطف	63
التعاقد	63
التعايش	63
التعرفة	63
التغطية	63
التفاعل	63
التكلفة	63
التلاعب	63
التنبؤ	63
التنقيب	63
الجدير	63
الحافلات	63
الحثيثة	63
الحزبية	63
الحضارية	63
الحقوقية	63
الخدمية	63
الخسارة	63
الدوريات	63
الرابط	63
السويس	63
الشاطئ	63
الشحنات	63
الشعبين	63
الشفافية	63
الشكاوى	63
الشيعية	63
الصديقة	63
الصومال	63
العقارية	63
الغازية	63
الغالبية	63
الغربيون	63
الفتيات	63
الفكري	63
القذرة	63
القرصنة	63
القهوة	63
الكحول	63
الكونغو	63
الكيانات	63
المؤهلة	63
المباحثات	63
المبكرة	63
المتابعين	63
المتشدد	63
المتعاملين	63
المحاصيل	63
المخزون	63
المدمرة	63
المراحل	63
المرتقبة	63
المرورية	63
المزروعة	63
المزعومة	63
المزمنة	63
المساس	63
المستوطنون	63
المصادقة	63
المعززة	63
المعلن	63
المعيشية	63
المغلقة	63
الملياردير	63
الممتدة	63
المناورة	63
المنخفضة	63
المنصرم	63
المهن	63
الموقوفين	63
النائبة	63
النباتات	63
النخبة	63
النقابات	63
الهروب	63
انتخابية	63
بأوكرانيا	63
بإعلان	63
بالتصويت	63
بالروبل	63
بالسرطان	63
بالشكل	63
بالعلاقات	63
بتعزيز	63
بتعليق	63
بركان	63
بطائرات	63
بقصف	63
بكامل	63
بمجال	63
بنوك	63
بوزير	63
بوساطة	63
بوست	63
بيليه	63
تأهل	63
تتلقى	63
تتواجد	63
تحافظ	63
تحتفظ	63
تحتل	63
تحقيقات	63
تخريب	63
تراكم	63
ترتدي	63
ترقية	63
تسهيلات	63
تصاريح	63
تضحيات	63
تطبيقات	63
تطلعات	63
تعادل	63
تفتيش	63
تفرضها	63
تقود	63
تمثلت	63
توب	63
توليها	63
ثغرات	63
جدل	63
جهودا	63
حربها	63
حصلوا	63
حيس	63
خطف	63
دا	63
دبابة	63
دراجة	63
دمر	63
دوار	63
دوريات	63
ديلي	63
رحيل	63
رمزي	63
روما	63
زابوريجيا	63
ساهمت	63
ستظل	63
ستعقد	63
ستولتنبرغ	63
سرايا	63
سعودية	63
سقطرى	63
سياسيا	63
سيلفا	63
شائعة	63
شاركوا	63
شعرية	63
شقيقه	63
شويغو	63
طموحات	63
طواقم	63
عرقاب	63
علاقاتنا	63
غادرت	63
فاتورة	63
فردية	63
فرنجية	63
فيفري	63
قذائف	63
قطار	63
كبح	63
كرئيس	63
كريس	63
كغ	63
كلوب	63
كهربائية	63
كيه	63
لأعضاء	63
لإصابة	63
لإلغاء	63
لاختيار	63
لبلاده	63
لبي	63
لتبادل	63
لتدريب	63
لتسهيل	63
لتسوية	63
لتوجيهات	63
لجامعة	63
لجهود	63
لحساب	63
لحشد	63
لحين	63
لصناعة	63
للأراضي	63
للأزمة	63
للأسلحة	63
للإدارة	63
للتصدي	63
للدولار	63
للسعودية	63
للسيارات	63
للصحافيين	63
للقضية	63
للمركز	63
للمشاريع	63
لمكتب	63
لوزراء	63
لوس	63
لوكاشينكو	63
ليرتفع	63
مارتن	63
مبابي	63
متأثرا	63
متكرر	63
مذكرات	63
مروحية	63
مزايا	63
مزمنة	63
مصالحها	63
مغلقة	63
مفاجئ	63
مفادها	63
مفوضية	63
مقتضب	63
مكالمة	63
ملزمة	63
ملموسة	63
مليئة	63
منخفض	63
منطقتي	63
مهارات	63
مهددة	63
موازنة	63
نتفليكس	63
ندرة	63
نسبيا	63
نيمار	63
هدفها	63
هولندا	63
هويته	63
وأدت	63
وإنتاج	63
واستخدام	63
واكد	63
والأغوار	63
والإدارة	63
والإقليمية	63
والإنسانية	63
والاستثمار	63
والاعتداء	63
والالتزام	63
والبنية	63
والتطورات	63
والسكان	63
والسودان	63
والسياحة	63
والشرطة	63
والشفافية	63
والفرص	63
والقدس	63
والقلق	63
والقيم	63
والمقاومة	63
وبرامج	63
وتحدثت	63
وتسببت	63
وتسجيل	63
وتضمن	63
وتوزيع	63
وتوقعت	63
وتونس	63
وجامعة	63
وجمهورية	63
وحثت	63
وحكومة	63
ودمرت	63
وعاصمتها	63
ومختلف	63
ومراكز	63
ومعدات	63
ومكتب	63
وممثلي	63
ونأمل	63
ويتوقع	63
ويحتل	63
ويشارك	63
ويطرأ	63
ويواصل	63
يستخدمون	63
يشجع	63
يكمن	63
يمارسون	63
المساكين	62
وجلس	62
يجزئه	62
الزمر	62
يك	62
لذي	62
ورده	62
لأحمد	62
المثناة	62
القنوت	62
العلو	62
عتيق	62
أبيك	62
بالتشديد	62
النابغة	62
حوشب	62
شرك	62
الصدور	62
بلغنا	62
استأجر	62
فليتأمل	62
بعلمه	62
فجمع	62
فأتيت	62
الحاوي	62
المواز	62
بطنها	62
فذاك	62
أمرني	62
حرملة	62
وقبض	62
لمعنى	62
أكلت	62
الماجشون	62
هلا	62
المقري	62
النافلة	62
والتابعين	62
أثبتناه	62
موافق	62
خمسون	62
الوصايا	62
يضره	62
إلها	62
سبط	62
لحيته	62
بحضرة	62
فكأن	62
السكوني	62
الجود	62
الأنام	62
فقضى	62
بالإيمان	62
الإيجاب	62
بالشرط	62
وجابر	62
الإنس	62
وسماه	62
يبرأ	62
الناسخ	62
والخلاف	62
الملة	62
ومال	62
فيخرج	62
أربعمائة	62
الفريابي	62
لفي	62
السلفي	62
نكل	62
ورقاء	62
ملكها	62
يذكروه	62
والسيد	62
المرسل	62
النفع	62
مولاي	62
لأصحابه	62
غفور	62
تقولون	62
طاب	62
أذكر	62
لطيف	62
فقير	62
القصيدة	62
اللثام	62
بكى	62
يدخلون	62
أمك	62
أحببت	62
عاقبة	62
غرة	62
وماء	62
السيئات	62
سفره	62
الحضر	62
وأربعة	62
تسعين	62
مذ	62
العداوة	62
الفحل	62
سائل	62
بحرف	62
يكونا	62
عاقل	62
غائبا	62
رهنا	62
يمسك	62
ويصلي	62
لحاجة	62
يبكي	62
بتقدير	62
الحارثي	62
التفت	62
الرجم	62
بالباطل	62
الحلية	62
النافع	62
ترون	62
بحذف	62
أمرين	62
الأنساب	62
صحابي	62
ونص	62
العورة	62
راكبا	62
حائط	62
الإسماعيلي	62
الطبقات	62
حاملا	62
الصيغة	62
الدينار	62
حالها	62
للملك	62
فرط	62
بلسان	62
وتولى	62
الآفاق	62
حاضرا	62
تعظيم	62
إخبار	62
يكلف	62
نظره	62
لعنة	62
تكلف	62
النقض	62
المركب	62
خادم	62
بقصد	62
أكن	62
مسلمين	62
المنار	62
هذان	62
اخر	62
للحديث	62
فم	62
فر	62
نبات	62
العلي	62
عاشوراء	62
حمراء	62
جوز	62
عدن	62
بالضرورة	62
العروض	62
يهود	62
الظهور	62
لدفع	62
قدموا	62
اطلع	62
بضع	62
المنصوص	62
أسهم	62
تضرب	62
السلطنة	62
محفوظ	62
وسيلة	62
مريض	62
أرسلت	62
الدخان	62
أقدم	62
الكرامة	62
تطلب	62
حدة	62
عنوان	62
بيانا	62
المنازل	62
مدخل	62
إصلاح	62
تضع	62
الأطراف	62
الاتصال	62
بالقرب	62
مجال	62
بلاده	62
الماضية	62
مغيرة	61
مؤمنين	61
وثلث	61
زمانا	61
ويلزم	61
عدى	61
تابعي	61
الجهر	61
بعرفة	61
بأسا	61
مختصرا	61
سريج	61
وصله	61
وحرم	61
وداود	61
فسقط	61
بمحمد	61
بدنة	61
التقية	61
والراء	61
أقبلت	61
الأصفهاني	61
فأقول	61
القربة	61
الفقهية	61
غيبة	61
معتبر	61
عطفا	61
وعليك	61
را	61
مجلد	61
بالأول	61
سهما	61
آت	61
وجعلنا	61
والجماعة	61
والواو	61
ببينة	61
ناظر	61
الواعظ	61
الأندلسي	61
إبل	61
فاما	61
وضعفه	61
المقبري	61
المخاطب	61
المزي	61
شيوخه	61
عارفا	61
غرم	61
والحج	61
ويثبت	61
فيدخل	61
الخف	61
قربة	61
وأورده	61
أعرض	61
يصرح	61
بالذهب	61
لهب	61
ورجاله	61
صلاتهم	61
نكاحها	61
العيدين	61
بالفاء	61
التوكيل	61
ذلكم	61
راحلته	61
فيحتمل	61
وكفى	61
الجهم	61
المعتمر	61
كذبه	61
والأوزاعي	61
فجاز	61
قريظة	61
منكرا	61
وقاله	61
اللزوم	61
بماله	61
وتوفى	61
تصحيحه	61
فيبقى	61
يشرك	61
الكوفيين	61
والنهاية	61
وجدته	61
لذاته	61
وفضل	61
فروة	61
العزم	61
الوارد	61
وأقول	61
المشهود	61
والأخبار	61
سحر	61
بيتك	61
يدخله	61
يستفاد	61
العصمة	61
وذاك	61
وأولى	61
وخمسة	61
يطعم	61
مجد	61
كأنك	61
الأبرار	61
النخلة	61
رجعوا	61
رخص	61
يخل	61
العابدين	61
رتبة	61
مشيخة	61
السرور	61
والفقه	61
الكسب	61
القيد	61
الخولاني	61
العنكبوت	61
والأقرب	61
دال	61
انك	61
دامت	61
كذبا	61
المنافقون	61
ضياء	61
سور	61
تقرأ	61
زعموا	61
اللباس	61
الكسوف	61
المقالة	61
السيوف	61
اليماني	61
القران	61
حجاب	61
الجزم	61
مشقة	61
اجعل	61
سنده	61
شراب	61
مصيبة	61
محرمة	61
المكتوبة	61
الذهن	61
جني	61
الغناء	61
والبيان	61
تلا	61
يزعمون	61
أتوا	61
المسعودي	61
حجارة	61
الأموات	61
الغريم	61
صعد	61
ودرس	61
القبائل	61
يختار	61
حصر	61
خلط	61
شاهين	61
بالقتل	61
اتخذوا	61
واقعة	61
دعائم	61
ويل	61
حزن	61
صب	61
وورد	61
التمكن	61
ربح	61
البعيد	61
الشعير	61
مركب	61
الطعن	61
الآداب	61
لواحد	61
مؤلف	61
مقيم	61
وتاريخ	61
بأقل	61
ويشهد	61
القرعة	61
وعدة	61
والمدينة	61
تصنع	61
أمان	61
لآخر	61
والثالثة	61
يفعلون	61
المضاربة	61
يمضي	61
نذكر	61
قبة	61
الفاسدة	61
اتصل	61
وأحد	61
الأسنان	61
المصير	61
تنظر	61
بلادهم	61
ووجد	61
العزة	61
نسبته	61
رخصة	61
التجار	61
أحياء	61
اعتراض	61
مطعم	61
التخفيف	61
صالحة	61
محسن	61
جدة	61
وعقد	61
وحين	61
الحضور	61
المرتبة	61
التاسعة	61
طلبت	61
مستقبل	61
جانبه	61
ثالثة	61
الأطباء	61
أطول	61
الحادث	61
واسعة	61
قوى	61
موقف	61
بصورة	61
الأقصى	61
أفاد	61
سوف	61
حسبما	61
الدول	61
أثرية	61
أدرجت	61
أدين	61
أرخبيل	61
أريحا	61
أساسا	61
أصدرته	61
أضافت	61
أطلقتها	61
أعمق	61
أندرو	61
أوباما	61
أوزبكستان	61
إعلانه	61
إقناع	61
إنتاجية	61
إنجلترا	61
إنفانتينو	61
إيراني	61
ائتلاف	61
ابناء	61
احتفالية	61
احتلت	61
استبدال	61
استشارة	61
استضافت	61
استعدادا	61
اسعار	61
اضافة	61
اعتقل	61
اعتمادها	61
الآسيوي	61
الأبعاد	61
الأحفوري	61
الأدميرال	61
الأردنيين	61
الأفغاني	61
الأمامية	61
الأممي	61
الإبداع	61
الإثيوبي	61
الإجمالية	61
الإضافي	61
الإطفاء	61
الإقلاع	61
الإنتخابات	61
الإندونيسي	61
الإنفلونزا	61
الاتجار	61
الاتفاقات	61
الاحتفاظ	61
الارتقاء	61
الاسبوع	61
الاستيطانية	61
الافتتاحية	61
الالكترونية	61
الانباء	61
الانتاج	61
الانتقادات	61
الانتماء	61
الانفجارات	61
البروفيسور	61
البطولات	61
التأشيرات	61
التحريرية	61
التحضيرية	61
التحولات	61
التخريب	61
التداعيات	61
التدخلات	61
التدريجي	61
التراكمي	61
التشاور	61
التشريعات	61
التشريعي	61
التشغيلية	61
التطرق	61
التظاهرات	61
التقدمي	61
التقنيات	61
التكامل	61
التكتل	61
التكيف	61
التلوث	61
التنوع	61
التهاني	61
التهرب	61
التواجد	61
التوصيات	61
التوظيف	61
الثروات	61
الجسدية	61
الجليد	61
الجمهوريين	61
الجمود	61
الجنائي	61
الجيوسياسية	61
الحساسية	61
الدبلوماسيين	61
الدفاعات	61
الدكتوراه	61
الدولتان	61
الروائي	61
الزمني	61
السجائر	61
السدود	61
السمنة	61
الشاشة	61
الشريط	61
الشهرية	61
الطارئة	61
العديدة	61
العصابات	61
العطلة	61
الغموض	61
الفجوة	61
الفلاحية	61
الفلفل	61
الفيروسات	61
القارية	61
القرود	61
القنبلة	61
الكاميروني	61
الكمامات	61
الكوليرا	61
الكيميائية	61
اللقطات	61
اللوائح	61
المؤامرة	61
المتصاعدة	61
المتطورة	61
المتظاهرون	61
المتورطين	61
المثلية	61
المثليين	61
المحاور	61
المحتجون	61
المحللون	61
المحللين	61
المديرة	61
المذكرة	61
المرتبط	61
المرفأ	61
المستجدات	61
المستحقات	61
المستوردة	61
المضاد	61
المطروحة	61
المعارضين	61
المعتدي	61
المقبلين	61
المليارات	61
المناورات	61
المنتخبين	61
المنشأة	61
الموالين	61
النشطاء	61
النشطة	61
النضال	61
النقابية	61
النقدي	61
الهائل	61
الوساطة	61
اليمينية	61
انتخابه	61
انتخب	61
انتصارات	61
انخفاضا	61
انضمت	61
انطلاقا	61
انطلاقة	61
انعكاسات	61
بأسرع	61
بأكملها	61
بأننا	61
بإدارة	61
بإصابته	61
بإصدار	61
باشرت	61
بالإفراج	61
بالاضافة	61
بالتالي	61
بالسلطة	61
بالعديد	61
ببطولة	61
بتحديد	61
بتدمير	61
بتسجيل	61
بتعويض	61
بحكومة	61
بخبرة	61
بدأوا	61
بدقة	61
برئيس	61
بركلات	61
بزعم	61
بقانون	61
بقضايا	61
بلديات	61
بلس	61
بلقب	61
بمنح	61
بندقية	61
بنهاية	61
بوتشا	61
بوتيرة	61
بيتر	61
تأسست	61
تبذلها	61
تتحمل	61
تتعامل	61
تتناسب	61
تجاري	61
تحترم	61
تحدي	61
تحميل	61
تخزين	61
ترشيح	61
تساؤلات	61
تستبعد	61
تستهلك	61
تسلل	61
تشريعية	61
تعافي	61
تعامل	61
تعهدت	61
تغادر	61
تكتيكية	61
تلفزيوني	61
تلو	61
تمرير	61
تنازلات	61
تنامي	61
تنتهك	61
تنجح	61
تنص	61
توتر	61
توتنهام	61
توريد	61
توظيف	61
توقعاتها	61
توكاييف	61
جثامين	61
جثث	61
جددت	61
جرعات	61
جمعيات	61
جنائية	61
جورنال	61
جوزيف	61
حجمها	61
حفتر	61
خسرت	61
دفاعية	61
دلتا	61
دوره	61
دوليا	61
ذهبية	61
رشدي	61
رعدية	61
رفضوا	61
زارت	61
زراعية	61
سامح	61
ستبدأ	61
سجله	61
سعت	61
سعيدة	61
سلفيت	61
سو	61
سيساعد	61
شاشة	61
شاكيد	61
شعفاط	61
شهدته	61
صاروخا	61
صبحي	61
صدارة	61
صديقة	61
صفقات	61
صهيوني	61
صوتت	61
طرحها	61
طفيفة	61
طلال	61
عبوات	61
عدوانية	61
غينيا	61
فادي	61
فلسطينيون	61
فوضى	61
فيضانات	61
قاتلة	61
قارة	61
قدراتها	61
قصفت	61
قلقيلية	61
كدولة	61
كوادر	61
كوناشينكوف	61
لأوروبا	61
لإيقاف	61
لاستخدامها	61
لالتقاط	61
لاين	61
لبناني	61
لتبرير	61
لتجسيد	61
لتطبيق	61
لجمعية	61
لرويترز	61
لشن	61
لطفي	61
لعرض	61
لغزو	61
لفريق	61
لفلسطين	61
للأسر	61
للإرهاب	61
للاستفادة	61
للاعبين	61
للتغلب	61
للتواصل	61
للجماعات	61
للحماية	61
للدراسات	61
للشراء	61
للطلاب	61
للعدالة	61
للعدوان	61
للعنف	61
للقناة	61
للمؤتمر	61
للمجموعة	61
للمديرية	61
للمصالحة	61
للمواد	61
للهيئة	61
لمؤتمر	61
لمراسل	61
لمصادر	61
لمغادرة	61
لمنتخب	61
لهدف	61
لويد	61
ليونيل	61
مادية	61
ماي	61
مايك	61
متمنيا	61
مخدرات	61
مخزون	61
مراسلة	61
مركزا	61
مسؤوليته	61
مساهمة	61
مستوطنون	61
مستوياتها	61
مسيرته	61
مشعل	61
مطالبا	61
معقدة	61
معنية	61
مقترحات	61
ملامح	61
ملم	61
مهمته	61
مواكبة	61
موقفها	61
ميدالية	61
ميلان	61
ميليشيا	61
ميونيخ	61
نأمل	61
ناجمة	61
نبقى	61
نتوقع	61
نددت	61
نسمح	61
نصرالله	61
نظاما	61
نظيفة	61
نقابات	61
نقدية	61
نماذج	61
هدفه	61
هيل	61
هيمنة	61
وآفاق	61
وأسفر	61
وأسفرت	61
وإغلاق	61
واتهمت	61
واستعادة	61
والأجهزة	61
والاستفادة	61
والبلديات	61
والتخطيط	61
والجرحى	61
والحماية	61
والشخصيات	61
والعنف	61
والغذاء	61
والمحررين	61
والمحيط	61
والمساعدة	61
والمعلومات	61
والنفط	61
والوحدة	61
والوفد	61
وانغ	61
وتتضمن	61
وتحاول	61
وتشكيل	61
وتفاقم	61
وتمكين	61
وتنسيق	61
وتوضح	61
وثمة	61
وجبهات	61
وجرائم	61
وحلفاؤها	61
وخبراء	61
ورحب	61
ورشات	61
وشرق	61
وصادق	61
وعملية	61
وفنلندا	61
وقادة	61
وقنابل	61
ومحاولات	61
ومدن	61
ومركز	61
وممارسة	61
ومنظمة	61
وناقش	61
وندد	61
وهدد	61
ويتضمن	61
ويست	61
يتمتعون	61
يتناسب	61
يتواصل	61
يتوافق	61
يخطط	61
يسيطر	61
ينصح	61
الموضعين	60
النجاسات	60
وقالا	60
لأجله	60
يقدح	60
متصلا	60
نصفين	60
الخزرج	60
العدوي	60
فالمعنى	60
يعذب	60
حافظا	60
شهدوا	60
عدوه	60
إملاء	60
شعري	60
يحضره	60
علمائنا	60
أشعث	60
لابنه	60
والبيهقى	60
القائلين	60
وقدمه	60
الأحوط	60
المغازي	60
كر	60
والياء	60
الغيث	60
أبوك	60
الأحول	60
كقولهم	60
المجيب	60
ممتنع	60
شاعرا	60
فطر	60
المحب	60
والشام	60
بالعيب	60
تلزمه	60
الفيل	60
وسبع	60
أفلح	60
است	60
فبقي	60
دينك	60
عادته	60
أسند	60
للذكر	60
بالفارسية	60
التلاوة	60
فأخذه	60
اليمامة	60
حبسه	60
الدرر	60
الجارود	60
وعكرمة	60
الكفالة	60
ضلال	60
مجلدات	60
الخيرات	60
اخرج	60
سيفه	60
مكية	60
جاءكم	60
صاعا	60
وفاقا	60
طاووس	60
يتأتى	60
فاسدا	60
الغداة	60
ونهى	60
بملك	60
السرخسي	60
الفضلاء	60
فأكل	60
سبحانك	60
لاختلاف	60
فبينا	60
الندى	60
فكم	60
واتقوا	60
يأمره	60
أصابعه	60
بالنص	60
الشيب	60
الملقب	60
بالنبي	60
وقصد	60
الهم	60
بالإسلام	60
لونه	60
تموت	60
فلولا	60
أعز	60
حده	60
وشدة	60
بقضاء	60
علو	60
النجاة	60
الطائر	60
أرسله	60
الصنعاني	60
أصبت	60
مستحق	60
أذهب	60
للحق	60
إخوة	60
يشتمل	60
النجس	60
مرحبا	60
نصفها	60
الوهم	60
لذة	60
النطق	60
التقديم	60
ورحل	60
نفقته	60
الخصومة	60
حلية	60
وكيلا	60
التفريق	60
بلاء	60
يفتقر	60
عجيب	60
ظله	60
الواجبة	60
جائزا	60
بالأرض	60
لمالك	60
وهيب	60
بالسنة	60
أقف	60
غزا	60
الاقتداء	60
المصاحف	60
مكرم	60
ضمنه	60
المفصل	60
صاروا	60
غلبة	60
النسيان	60
يرجى	60
يدر	60
الأوصاف	60
الضلالة	60
تسأل	60
حار	60
طريف	60
رؤيا	60
بذاته	60
يتصل	60
وديعة	60
سميع	60
وصارت	60
فأشار	60
التزويج	60
نزلوا	60
السمك	60
يروا	60
فقبل	60
يشرع	60
وأقل	60
يحول	60
وتخفيف	60
الرجاء	60
حبه	60
حقهم	60
قادرا	60
يستطع	60
فنون	60
بكلمة	60
نسأل	60
رأسا	60
يخلف	60
يبني	60
عارض	60
الزبيري	60
عقاب	60
بعقد	60
وبيع	60
الكيل	60
تحب	60
جميلة	60
عشية	60
الآباء	60
وأفضل	60
الكلية	60
البادية	60
علامات	60
الأصلية	60
أنفسنا	60
مشددة	60
بول	60
البيضاء	60
الأفراد	60
برفع	60
الأخضر	60
تحرك	60
الجانبين	60
تجاوز	60
رفيع	60
يضم	60
استشهد	60
بالعربية	60
طرابلس	60
وكشف	60
الصحيفة	60
الموقف	60
بدء	60
التقدم	60
لكي	60
النظام	60
صحيفة	60
المالية	60
فافهم	59
بعبد	59
للميت	59
عصبة	59
الأعور	59
تقولوا	59
الصاغاني	59
يزد	59
فأجابه	59
الخرقي	59
وأنس	59
ونافع	59
الاقرار	59
ثمر	59
حملا	59
بشران	59
ويونس	59
الفتاوى	59
الذم	59
المواقيت	59
العارف	59
تصرفه	59
نوادر	59
وقرىء	59
بقين	59
بئس	59
ينهى	59
المرتد	59
مائتي	59
وجاز	59
أحواله	59
خمرا	59
فأعطاه	59
وعلمه	59
حلة	59
الفاسق	59
ومذهب	59
أنشدنا	59
يسن	59
المقيد	59
الخفين	59
الغرر	59
الكرخي	59
نسائه	59
نكرة	59
رزقه	59
تحيض	59
الحالف	59
الصائغ	59
حيوة	59
البصريين	59
فسره	59
أدركه	59
وسكن	59
العلى	59
ورثة	59
عميرة	59
أعتقه	59
حريث	59
أفعاله	59
وكثر	59
البهائم	59
المروي	59
وسمي	59
يسمعون	59
بموته	59
الأخت	59
فقيرا	59
بالشيء	59
العنبري	59
القدح	59
اشتراها	59
يقينا	59
فروى	59
وجع	59
يأكلون	59
فأخذت	59
الغفاري	59
المقدام	59
أصبهان	59
خالفه	59
بالعكس	59
ثقل	59
أملك	59
وصيته	59
عكسه	59
الطاعات	59
يسع	59
نجران	59
بيتها	59
يرض	59
ذرة	59
زاهر	59
والكتاب	59
يتوب	59
تبعه	59
الجوهر	59
ضربا	59
شريعة	59
تيسر	59
نطق	59
وأخبر	59
يناسب	59
والاسم	59
فغير	59
حبيش	59
زبيد	59
المتنبي	59
العامري	59
مرو	59
صهيب	59
مأمور	59
رواها	59
والشر	59
اقتضى	59
الراكب	59
الخاتم	59
لأني	59
الأيسر	59
مثلي	59
بابها	59
وأحب	59
وبقيت	59
حذفت	59
فهمه	59
وراءه	59
واستقر	59
صبرا	59
لحوم	59
جبر	59
أسقط	59
بقتله	59
فبينما	59
عبارته	59
تشبيه	59
الاشتغال	59
أفاده	59
فعاد	59
ولدي	59
المعلق	59
يرمي	59
لأخيه	59
والأئمة	59
الظفر	59
وبينها	59
المجلد	59
المترجم	59
أجده	59
ادعوا	59
وكله	59
وسأله	59
الخبيث	59
تدع	59
ابتدأ	59
فبكى	59
الفتوح	59
أشرنا	59
الفدية	59
بنفسها	59
الخنزير	59
عينها	59
ترتب	59
الخلف	59
نال	59
جهاد	59
بوزن	59
قوته	59
اخذ	59
الضم	59
حمام	59
وقوة	59
القدير	59
سلمى	59
مختار	59
المصلى	59
شاكر	59
يتفق	59
أخرجت	59
يفضل	59
منزلا	59
التهمة	59
وانا	59
للحكم	59
المفتي	59
فوات	59
كرامة	59
ولاء	59
بالكلام	59
اتفقا	59
المعاصر	59
قاطع	59
لصحة	59
جميعهم	59
الجميل	59
وصفت	59
تعليم	59
التعرض	59
السكن	59
عادت	59
الأساس	59
الغنية	59
الخلل	59
معاملة	59
الإنفاق	59
وجرى	59
يدور	59
المسلمة	59
الوالي	59
ردت	59
ثماني	59
صيدا	59
يساوي	59
الجدار	59
وضعها	59
المعظم	59
تلقى	59
معارضة	59
بقوة	59
الشرقي	59
المناسب	59
تحول	59
أضاف	59
إعطاء	59
تكرار	59
رسائل	59
يطالب	59
اعتبارا	59
لتلك	59
رعاية	59
الاول	59
بعيدة	59
المناسبة	59
شخصا	59
بقيمة	59
البالغ	59
الغزو	59
سي	59
نقطة	59
صنعاء	59
تصريح	59
المشروع	59
المجموعة	59
مشروع	59
المجتمع	59
آيفون	59
أبابا	59
أبعاد	59
أجانب	59
أجندة	59
أديس	59
أراض	59
أسطورة	59
أضخم	59
أعلنوا	59
أفيف	59
أكاذيب	59
أوليغ	59
إتاحة	59
إدارته	59
إدلب	59
إردوغان	59
إريك	59
إطارات	59
إعاقة	59
إعمار	59
إقليمي	59
ابتكار	59
احتساب	59
احتياطيات	59
اختناق	59
استراتيجي	59
استعدادها	59
استغلالها	59
اقتراع	59
الآسيوية	59
الأبراج	59
الأسبوعين	59
الأسترالي	59
الأسمدة	59
الأصعدة	59
الأعصاب	59
الأفارقة	59
الإجهاض	59
الإصدار	59
الإضافية	59
الإعصار	59
الإنجازات	59
الإهمال	59
الاتهام	59
الاحترار	59
الاحترازية	59
الاحتفالات	59
الاسبانية	59
الاستشارية	59
الاستطلاعي	59
الاستغلال	59
الاستكبار	59
الاستهداف	59
الاشخاص	59
الاميركي	59
الانتصارات	59
الانفتاح	59
الباحثة	59
البطريرك	59
البلطيق	59
البورصة	59
البوليساريو	59
التحركات	59
التخصصات	59
التزاماتها	59
التعاملات	59
التعاونية	59
التعليمات	59
التفجير	59
التقليدي	59
التنافسية	59
الجناة	59
الجوائز	59
الحداثة	59
الحراري	59
الحزام	59
الحسم	59
الحملات	59
الحواجز	59
الحوثية	59
الخبيرة	59
الداعمة	59
الدراسية	59
الدهون	59
الدوما	59
الروابط	59
الروبل	59
الزوار	59
الساخنة	59
السناتور	59
السنغال	59
السوقية	59
السياح	59
السيبراني	59
الشبابية	59
الصحافية	59
الصحافيين	59
الصدمة	59
الصرخة	59
الصيدليات	59
الصيفي	59
الصينيين	59
الضارة	59
الضالع	59
الطحين	59
الطفولة	59
الطلابية	59
العالقة	59
العبري	59
العضوية	59
الغاشم	59
الغدة	59
الغزيرة	59
الغنوشي	59
الفائزين	59
الفرنسيين	59
الفندق	59
القاسية	59
القاضية	59
القنابل	59
الكاتبة	59
الكثيرون	59
الكندية	59
الكوليسترول	59
اللوتو	59
الليبرالية	59
المؤشر	59
المؤلمة	59
المتخصص	59
المجتمعي	59
المجيدة	59
المحررة	59
المحور	59
المدافع	59
المذهلة	59
المزدوج	59
المسرحي	59
المشاركات	59
المظاهرات	59
المعلنة	59
المعماري	59
المعمارية	59
المفضلة	59
المقيمة	59
الملحوظ	59
الملقحين	59
الممتلكات	59
المناسبات	59
المناهج	59
المنسق	59
المنشورة	59
الموالية	59
الميليشيات	59
الناشطين	59
النجمة	59
النشاطات	59
النشيد	59
النصائح	59
اليونسكو	59
اليونيفيل	59
امكانية	59
انتفاضة	59
انتقاد	59
انسحبت	59
اهمية	59
بأمانة	59
بأمن	59
بأنظمة	59
بإسم	59
بإشراف	59
باستهداف	59
بالتزاماتها	59
بالذكرى	59
بالشراكة	59
بالطائرات	59
بالطريقة	59
بالفوز	59
بالقضية	59
بالكاد	59
بالنيابة	59
ببدء	59
بتزويد	59
بتسلئيل	59
بتصريحات	59
بتغطية	59
بتناول	59
بجولة	59
بحالات	59
بحري	59
بحزم	59
بريطاني	59
بسياسة	59
بصواريخ	59
بعودة	59
بفوز	59
بكثافة	59
بكورونا	59
بمتابعة	59
بمتحور	59
بمستقبل	59
بنود	59
بيل	59
بينغ	59
تأجيلها	59
تأهب	59
تتهم	59
تتوافق	59
تجريم	59
تجسد	59
تحديدا	59
تحديدها	59
تحرص	59
تداولها	59
تدريجيا	59
ترشحه	59
تستخدمها	59
تستضيف	59
تستند	59
تسهم	59
تشجع	59
تشخيص	59
تشكيلة	59
تصاعدت	59
تصفيات	59
تضافر	59
تعويضات	59
تفاعلا	59
تنسحب	59
تنشيط	59
تنطوي	59
تنوي	59
تنويع	59
تواجهها	59
توترات	59
ثروات	59
جاذبية	59
جاهزة	59
جنبلاط	59
جنديا	59
جنرال	59
جهوده	59
جولته	59
حافة	59
حاولوا	59
حرارية	59
حراسة	59
حراك	59
حصد	59
حطام	59
حقيبة	59
حكومات	59
حواجز	59
خاركيف	59
خزان	59
خضم	59
خفضت	59
داخليا	59
داهمت	59
دعمت	59
دوافع	59
دولارات	59
ديب	59
ديفوار	59
رئاسي	59
رئيسها	59
رائدة	59
رصدت	59
رصيده	59
ريشي	59
زاخاروفا	59
زعزعة	59
زفاف	59
زمني	59
سانشيز	59
ستتيح	59
ستجري	59
ستسمح	59
ستسهم	59
سجلات	59
سعداء	59
سعيها	59
سفراء	59
سفيرة	59
سنغافورة	59
سيارته	59
سيبحث	59
سيعقد	59
سيمون	59
شحنة	59
شركته	59
شعبها	59
شعروا	59
شهري	59
شهريا	59
صالة	59
صن	59
صناع	59
ضرائب	59
ضوابط	59
طابع	59
طوابير	59
طوارئ	59
عابرة	59
عبدالحميد	59
عرين	59
عصابات	59
عقدين	59
علاجات	59
علاقته	59
عناوين	59
غادروا	59
غالي	59
غرامات	59
فاغنر	59
فجوة	59
فرضتها	59
فريقي	59
فلسطينيا	59
فنزويلا	59
قانونا	59
قبرص	59
قدرتهم	59
قلبية	59
قلقة	59
قواتنا	59
قيادي	59
كارثية	59
كوب	59
كوسوفو	59
كيم	59
لألعاب	59
لإحداث	59
لإرسال	59
لاتفاقية	59
لاستمرار	59
لاعبا	59
لبرامج	59
لتجاوز	59
لترقية	59
لتشجيع	59
لتعويض	59
لتفادي	59
لتفريق	59
لحالة	59
لخام	59
لدور	59
لسكان	59
لسيطرة	59
لعقوبات	59
لفترات	59
لفرانس	59
لقادة	59
للأندية	59
للأوضاع	59
للبحرية	59
للبطولة	59
للبقاء	59
للبلد	59
للبيانات	59
للتعليق	59
للثقافة	59
للحقوق	59
للدموع	59
للشرق	59
للصليب	59
للصناعات	59
للعاملين	59
للعثور	59
للعديد	59
للعيش	59
للغرب	59
للفنون	59
للقطاع	59
للقيادة	59
للكهرباء	59
للمحكمة	59
للملكة	59
للمنظمة	59
للوحدة	59
للوزراء	59
لمراجعة	59
لمرحلة	59
لمشاركة	59
لمطالب	59
لمنصب	59
لنزع	59
لهجمات	59
مأساة	59
مؤيدي	59
مبكرا	59
متابعيه	59
متحور	59
متخصص	59
متخصصة	59
متكررة	59
متواصل	59
متوفرة	59
مجتمعات	59
مجريات	59
مجزرة	59
محذرا	59
محللون	59
محمية	59
مخالفات	59
مخلفات	59
مخيمات	59
مدفعية	59
مدنيين	59
مركزية	59
مزورة	59
مسؤولا	59
مسؤوليتها	59
مستخدم	59
مستقبلية	59
مستوطن	59
مسعى	59
مصابون	59
مصحوبة	59
مضاد	59
مفترق	59
ملحة	59
مليونا	59
مليوني	59
ممتلكات	59
ممثلا	59
ممرات	59
مناهضة	59
منوها	59
موزعة	59
موسيقى	59
موظفيها	59
مينسك	59
ناقلات	59
نايف	59
نتمنى	59
نصت	59
نقلتها	59
نيابية	59
نينوى	59
هتافات	59
هدد	59
هواري	59
هواش	59
وأفغانستان	59
وأماكن	59
وأهمية	59
واس	59
واستخدامها	59
واستمرار	59
واشار	59
واصفا	59
والأسرة	59
والأسرى	59
والأوعية	59
والإدارية	59
والإرهاب	59
والازدهار	59
والاستقلال	59
والبيرة	59
والتأثير	59
والتاريخية	59
والتضحية	59
والتكوين	59
والتهديدات	59
والجزائر	59
والحوار	59
والرياضية	59
والسماح	59
والصناعية	59
والضغط	59
والضفة	59
والطائرات	59
والفعاليات	59
والقضائية	59
والمعادن	59
والوحدات	59
والوطن	59
واندلعت	59
وبحلول	59
وبفضل	59
وتجديد	59
وتشغيل	59
وتشكل	59
وتطلعات	59
وتطويرها	59
وتعهد	59
وتقليص	59
وتقليل	59
وتل	59
وحرية	59
ودولة	59
ورئيسة	59
وزارات	59
وزارتي	59
وزارية	59
وصواريخ	59
وفرت	59
وقيادات	59
ولكي	59
وليامز	59
ومشاركة	59
ومواد	59
ومواصلة	59
ونوهت	59
ووجهت	59
ويتميز	59
ياسمين	59
يركز	59
يسرائيل	59
يو	59
يواصلون	59
ويؤخذ	58
الثمر	58
السامع	58
فراشه	58
حاجب	58
والولد	58
الكناني	58
العسقلاني	58
لامرأته	58
حنطة	58
المكارم	58
وقفا	58
أهون	58
بالقيمة	58
فيرجع	58
مكانا	58
جاوز	58
الأشج	58
الأجير	58
العزى	58
وطلحة	58
وأربعون	58
بصلاة	58
بنيسابور	58
وأبوه	58
ترجمه	58
فأوحى	58
ومعاوية	58
عيبا	58
بالتحريك	58
جحش	58
الأبوين	58
ضمانه	58
بيناه	58
هرب	58
زمزم	58
الصافات	58
المأذون	58
المعلى	58
فأنكر	58
المحفوظ	58
طرفه	58
للشافعي	58
وعظم	58
بالجنة	58
ادع	58
أمروا	58
المصر	58
أولم	58
معدان	58
فأسلم	58
زريع	58
وقرأت	58
القرابة	58
الآحاد	58
فقطع	58
انس	58
البختري	58
لغتان	58
الألباب	58
إنى	58
شبيه	58
سهو	58
إحرامه	58
لبون	58
المشقة	58
الفؤاد	58
أزواج	58
كرب	58
ندب	58
والذكر	58
بدله	58
والفاء	58
أموالكم	58
مسعدة	58
ونشأ	58
بيعا	58
وسبعون	58
الناظم	58
الندب	58
يهلك	58
فحمد	58
عداه	58
ويؤيد	58
وذا	58
الحسنات	58
فقمت	58
فسألته	58
القراض	58
كالذي	58
ووجوب	58
ومغني	58
وحد	58
زنا	58
أقوام	58
يذكرون	58
أسأل	58
يجاب	58
ونسبه	58
الشهوات	58
شهوة	58
وغسل	58
التكرار	58
المعاد	58
دعاه	58
بآية	58
العافية	58
بالعدل	58
واجتمع	58
الكاظم	58
الفراش	58
رضاه	58
وسألت	58
عرفه	58
شواهد	58
شعراء	58
قدميه	58
البكري	58
بالصواب	58
كائن	58
لشدة	58
جاهل	58
تفرق	58
مقدمات	58
سابع	58
مقالة	58
باليمين	58
الأذن	58
قولهما	58
تصديق	58
آلهة	58
فدية	58
الحصن	58
عجب	58
عزله	58
ثمنا	58
قاضيا	58
الصريح	58
يؤخر	58
النفر	58
خطه	58
العنق	58
إيمانهم	58
بالتخفيف	58
أخف	58
وأعظم	58
الكرسي	58
والطاعة	58
اشتريت	58
وشعبة	58
عبس	58
ينقسم	58
أختها	58
المعتبرة	58
للضرورة	58
دعوا	58
التركيب	58
أمهات	58
صفا	58
بسببه	58
وباب	58
فقراء	58
وصالح	58
الوالدين	58
فالأولى	58
نفوسهم	58
وعليهم	58
العلية	58
فلقد	58
الذل	58
سلعة	58
السبق	58
حيلة	58
بلغة	58
تنزيل	58
المنهاج	58
القرون	58
يؤيد	58
ينفي	58
خامس	58
غداة	58
قتلهم	58
اللغات	58
يتوجه	58
أعلاه	58
خلاصة	58
الطور	58
السيل	58
زينة	58
طرفي	58
الضيف	58
المخلوق	58
زر	58
اعتقد	58
فرضه	58
عيش	58
بقطع	58
مكانها	58
يضاف	58
قطب	58
بالحكم	58
عملوا	58
الخواص	58
الاعتراض	58
السكوت	58
تكاد	58
المعتاد	58
فصول	58
إنني	58
بالنفس	58
دعوته	58
الظلام	58
سلمت	58
التسوية	58
شركاء	58
ومصر	58
يتابع	58
تصور	58
الأشجار	58
بريد	58
وصلوا	58
يهودي	58
عرضه	58
المطالب	58
الأقسام	58
السعيد	58
قيامه	58
تدبير	58
يميل	58
كلية	58
واضحة	58
استئناف	58
بتقديم	58
نريد	58
الديون	58
الرعاية	58
يكشف	58
متن	58
الفن	58
السريع	58
تقريبا	58
ردا	58
دائم	58
مبدأ	58
الناحية	58
الحيوانات	58
الاعتماد	58
الأدوية	58
الوحدة	58
المتعلقة	58
مقتل	58
قطر	58
الجاري	58
الحرارة	58
وعندي	57
أحكامه	57
وجعلوا	57
النكت	57
الدنانير	57
فوقف	57
الغين	57
المقتضي	57
يرجعون	57
المحرمة	57
الشبه	57
الراجز	57
ترجم	57
طعامه	57
والضحاك	57
المني	57
فالواجب	57
فبين	57
فأتوا	57
آكل	57
فجعله	57
لوجوب	57
موضعا	57
قرز	57
ينو	57
عصى	57
مملوكا	57
الجوامع	57
وقوم	57
طرفة	57
التنوخي	57
تعبد	57
آمنت	57
فأخبرته	57
أحفظ	57
فسألت	57
هواه	57
الوافي	57
يلحقه	57
يحبه	57
رأسك	57
مفعولا	57
القعنبي	57
طلاقا	57
يعمر	57
التلخيص	57
المغفرة	57
أذرع	57
انى	57
والآية	57
الدقاق	57
وحمله	57
الأزد	57
بالكفر	57
بطون	57
المنهال	57
البركة	57
يطهر	57
والفتح	57
ضاق	57
بقوم	57
المرفوع	57
المازني	57
فالأقرب	57
ولاه	57
نحوا	57
صبيا	57
غديان	57
كاذبا	57
مزاحم	57
خلقك	57
الباقين	57
مرثد	57
المكره	57
يره	57
واسط	57
اللحية	57
الكلم	57
رؤبة	57
وروينا	57
العباب	57
وبشر	57
لازما	57
حجرا	57
وليها	57
والقاسم	57
وحفص	57
جنبه	57
والشرح	57
مسكينا	57
جازت	57
نخل	57
والزكاة	57
دالة	57
لحصول	57
رواحة	57
بفعله	57
نواس	57
يسيرة	57
سهوا	57
حجه	57
فرجعت	57
والليث	57
مضمومة	57
والليل	57
أخبرهم	57
فضحك	57
النهى	57
حنيف	57
مؤنة	57
طين	57
لرب	57
الحلواني	57
ارتد	57
الراغب	57
المحرمات	57
وركب	57
صححه	57
ساكن	57
الفضيلة	57
بقراءة	57
يبيعه	57
الحكاية	57
اللوح	57
بذاك	57
التمسك	57
طير	57
أصالة	57
الأوجه	57
كراهية	57
العلا	57
ينفعه	57
ماض	57
العصا	57
الأضحية	57
والشرب	57
قولوا	57
مبنيا	57
والأدب	57
يكمل	57
الترغيب	57
وتفسير	57
والصبر	57
المباح	57
نفعا	57
محيي	57
نذير	57
ربعي	57
وقراءة	57
بدونه	57
اختص	57
يستقيم	57
ورث	57
تركوا	57
الأنفس	57
يكفيه	57
الحس	57
رقبته	57
نوره	57
الجنون	57
المحسنين	57
الغفلة	57
يسمعه	57
اثنتي	57
المعتصم	57
المودع	57
يوقف	57
يدها	57
يحسب	57
الراية	57
المشروط	57
وخرجت	57
موضوعة	57
تزول	57
كتبا	57
لهو	57
التفاوت	57
خلقنا	57
إمامة	57
أضعف	57
دفعها	57
نجا	57
غروب	57
قتيل	57
معارض	57
المقدر	57
مقيد	57
واتفق	57
لنفسك	57
القميص	57
يحمله	57
خزانة	57
الزور	57
بالخير	57
متصلة	57
لمكان	57
رؤيته	57
راكب	57
الأغلب	57
دجلة	57
يعارض	57
تمسك	57
وساق	57
يقين	57
تقضي	57
الجحيم	57
واللغة	57
التدريس	57
التامة	57
صحتها	57
المجالس	57
ولكنهم	57
الصلب	57
الشروع	57
تيم	57
قويا	57
توحيد	57
شكرا	57
أشعر	57
تكليف	57
وعرض	57
المقدسة	57
الدوام	57
المتفق	57
نفذ	57
المقيم	57
الثابتة	57
رموز	57
بسيط	57
مبينا	57
أسير	57
الشامل	57
الزيادات	57
نقلها	57
يتجه	57
جيدا	57
والقضاء	57
المعدل	57
الشفاء	57
حلقة	57
وقتا	57
حوادث	57
مشهد	57
الأركان	57
محيط	57
وعبر	57
توجيه	57
الخصوص	57
المفتوحة	57
اتصال	57
متفرقة	57
منازلهم	57
الممكن	57
حيز	57
بعدد	57
مناسبة	57
ووصف	57
الذهاب	57
مصالح	57
النيابة	57
التحتية	57
اتخاذ	57
صناعة	57
أمل	57
علاقة	57
الضوء	57
النائب	57
يفسخ	56
فلأنه	56
نحوها	56
مخرمة	56
عده	56
الإحكام	56
المكروه	56
الزاني	56
صعصعة	56
الأحنف	56
بالبينة	56
البخارى	56
الورع	56
وشر	56
لعمرو	56
الميرزا	56
اغتسل	56
فأصاب	56
إياكم	56
محتاج	56
شهرآشوب	56
محاسن	56
تتمة	56
الإسنوي	56
والإنس	56
هداية	56
إلهي	56
يركع	56
نفيه	56
الغار	56
فاطر	56
عورة	56
التستري	56
الرفعة	56
مخصوصة	56
الموصول	56
أبت	56
المضارع	56
واجعل	56
ذؤيب	56
قياما	56
تفقه	56
التمام	56
تصحيف	56
المؤدب	56
رأيتم	56
ثقيف	56
هلكت	56
أميرا	56
وتفقه	56
كفرهم	56
وانصرف	56
تفسد	56
الاعتدال	56
فلعل	56
فمعناه	56
بامرأة	56
فركب	56
ألست	56
بسهم	56
والتعديل	56
وكسرها	56
الذال	56
والبخاري	56
مفرد	56
الأشجعي	56
حسنات	56
القبيح	56
تيمم	56
وستون	56
لموسى	56
بواحدة	56
نائم	56
بطوله	56
عقبه	56
وتسعمائة	56
راء	56
البغي	56
أجمعوا	56
ويقرأ	56
المعتز	56
العارية	56
والمذهب	56
زماننا	56
أمكنه	56
الحاشية	56
قعود	56
والإنجيل	56
كفرا	56
ساجدا	56
كنيته	56
بدرهم	56
الثعلبي	56
المتولي	56
مقسم	56
الأنماطي	56
تاما	56
يباح	56
أخبرناه	56
بحاله	56
الضاد	56
عذب	56
والحرام	56
خز	56
كتابنا	56
الجمحي	56
أيسر	56
وخمسون	56
لخبر	56
تكره	56
المتكلمين	56
تابعه	56
عائذ	56
لازمة	56
ظننت	56
وليا	56
والرسول	56
رسل	56
والشعر	56
تفاوت	56
العينين	56
البرق	56
الإثبات	56
يخرجون	56
الزينة	56
أكان	56
ينصب	56
أكابر	56
شاذ	56
واختلاف	56
بالآخر	56
مليح	56
الاطلاق	56
مكارم	56
والبرهان	56
نصاب	56
الرعية	56
محلها	56
والشهادة	56
ومسح	56
رآها	56
جعلته	56
الحيرة	56
بالدعاء	56
تعمد	56
اللحياني	56
الأسفل	56
ظاهرها	56
فاسدة	56
وصفاته	56
الباجي	56
ببيع	56
هجر	56
خذوا	56
العبرة	56
الغدير	56
بخمسة	56
المخلوقات	56
كلوا	56
النوى	56
المأخوذ	56
أظلم	56
الزوجية	56
سواها	56
جبار	56
فوت	56
منافع	56
سنا	56
كونهم	56
مؤمنة	56
بقرب	56
وبنت	56
القطر	56
وحال	56
وقسم	56
المفروض	56
خطيب	56
جواد	56
فماذا	56
قسمين	56
بالقدر	56
نعرفه	56
كانتا	56
لأنفسهم	56
أميال	56
المضمون	56
الحبيب	56
حيدر	56
ميزان	56
بصيرة	56
مقدما	56
لؤي	56
حماة	56
تقتل	56
شاءت	56
وأعطى	56
وسأل	56
خضر	56
خاصا	56
العقار	56
مرآة	56
حزام	56
الحوت	56
للقرآن	56
يستقبل	56
وحلف	56
امام	56
لواء	56
ملاحظة	56
الأهل	56
هدم	56
صعب	56
ابنها	56
السابقين	56
خرق	56
نيل	56
وإقامة	56
التمثيل	56
يقتصر	56
بدت	56
يفرض	56
شامل	56
توفيت	56
تقدمه	56
وسوء	56
الزواج	56
قرر	56
عديدة	56
لتكون	56
إدخال	56
وأصبح	56
الرسائل	56
السكري	56
الغذاء	56
وجاءت	56
التزام	56
أوسع	56
الموافقة	56
استمر	56
حملة	56
أننا	56
الموجودة	56
مطلع	56
السياسة	56
المعارضة	56
صباح	56
مدى	56
فلسطين	56
اللقاء	56
الاتحاد	56
آمال	56
آنا	56
أخطر	56
أساسه	56
أساسيا	56
أسطولها	56
أشادت	56
أشعة	56
أعادت	56
أمريكيين	56
أوت	56
أورسولا	56
إجمالية	56
إدانتها	56
إفشال	56
إنتاجه	56
إيما	56
إيهاب	56
ابرز	56
اتخذتها	56
احتفاء	56
احتفال	56
اختتم	56
ادى	56
ارتكبتها	56
ارتكبها	56
ارزيقات	56
ازدادت	56
استرليني	56
استفزازية	56
استقالته	56
استنكرت	56
استياء	56
اسطنبول	56
اصبحت	56
اعتداءات	56
اعتقدت	56
افادت	56
اقترح	56
الأدوار	56
الأسبوعية	56
الأطباق	56
الأطلس	56
الأعباء	56
الأغوار	56
الأفغان	56
الأكاديمي	56
الأوسع	56
الأولمبي	56
الإئتلاف	56
الإبراهيمي	56
الإتحاد	56
الإداريين	56
الإشادة	56
الإعداد	56
الإعلانات	56
الإغاثة	56
الإيمانية	56
الابتعاد	56
الاتحادي	56
الاحتيال	56
الادارة	56
الاستحقاقات	56
الاستحواذ	56
الاستفزازات	56
الاشتباك	56
الاعلامية	56
الاغتيال	56
الاقتراض	56
الاكتئاب	56
الامنية	56
الانخفاض	56
البارز	56
الباكستانية	56
البديلة	56
البذور	56
البلدات	56
البوابة	56
البولندي	56
البيلاروسية	56
التأثيرات	56
التتويج	56
التجريبية	56
التحالفات	56
التحريض	56
التحصين	56
التدهور	56
التربوي	56
الترخيص	56
الترشيحات	56
التصميم	56
التضحيات	56
التقارب	56
التكريم	56
التموين	56
التنافس	56
التنظيمات	56
التنظيمية	56
التوجهات	56
التوجيهات	56
الجسور	56
الجسيمة	56
الجهوزية	56
الجهوي	56
الحافلة	56
الحجز	56
الحضارات	56
الحضرية	56
الحقائب	56
الخاطئة	56
الخامنئي	56
الخزينة	56
الخلفي	56
الخلية	56
الدراجات	56
الدماغية	56
الديموقراطية	56
الرئيسة	56
الزعماء	56
السائدة	56
الساحات	56
الساحلي	56
السباحة	56
السلالة	56
السلمية	56
السنغالي	56
السويداء	56
السيناريوهات	56
السيولة	56
الشائعة	56
الشعبة	56
الشهري	56
الصاروخي	56
الصباحية	56
الصربي	56
الصربية	56
الطاقوي	56
الطرح	56
الطموح	56
العائدات	56
العائلية	56
العروب	56
العضلات	56
العقاري	56
العمالة	56
العمالية	56
العمومي	56
العميل	56
الفاتورة	56
الفارين	56
الفيتو	56
الفيديوهات	56
القطارات	56
الكابيتول	56
الكارثة	56
الكفاح	56
الكفيلة	56
المبرم	56
المبيعات	56
المتخصصين	56
المتضررين	56
المتكرر	56
المتمركزة	56
المتميزة	56
المتواجدين	56
المجر	56
المحاذية	56
المحركات	56
المخيمات	56
المدربين	56
المرئية	56
المرتقب	56
المرجعية	56
المركزين	56
المروري	56
المزدوجة	56
المزعوم	56
المزمع	56
المساحات	56
المستفيدين	56
المستقلين	56
المستلزمات	56
المشاة	56
المصانع	56
المطران	56
المطلوبين	56
المعروضة	56
المعطيات	56
المليشيات	56
المميزة	56
المنطقي	56
المنفذ	56
المهندسين	56
المهنيين	56
الناجين	56
الناخب	56
الناسفة	56
الناقلة	56
النباتية	56
النرويج	56
النسائية	56
النصفي	56
النقاشات	56
النيابي	56
الهائلة	56
الهاتفية	56
الهشة	56
الوثيق	56
الوعود	56
امتيازات	56
انتباه	56
انتشال	56
انتهكت	56
ايجاد	56
بأسلحة	56
بؤرة	56
بإدانة	56
باتريوت	56
باحتجاز	56
بارتداء	56
بارليف	56
بالإعدام	56
بالاقتصاد	56
بالالتزام	56
بالتدخل	56
بالحكومة	56
بالدولة	56
بالعقوبات	56
بالعملات	56
بالعملية	56
بالمياه	56
بالنظام	56
بالوزارة	56
بامتياز	56
بانتظار	56
ببطء	56
بتشجيع	56
بتعديل	56
بجدري	56
بحادث	56
بحقهم	56
بخفض	56
بدورهم	56
بدولة	56
بديوان	56
بروتوكول	56
بسعة	56
بشمال	56
بعمليات	56
بكميات	56
بلايلي	56
بمواصلة	56
بنتائج	56
بواسع	56
بولسونارو	56
بومدين	56
تأثرت	56
تتبنى	56
تتوفر	56
تجربتها	56
تجسس	56
تجنيد	56
تحتضن	56
تحييد	56
تخطيط	56
تخفيضات	56
تدشين	56
تدني	56
تدير	56
تديرها	56
تراجعا	56
تركزت	56
ترويج	56
تزوير	56
تستضيفها	56
تسويق	56
تشافي	56
تصدرت	56
تصفية	56
تظاهرات	56
تعاملات	56
تعتبره	56
تغلق	56
تفكير	56
تقاسم	56
تقليدية	56
تكتل	56
تلجأ	56
تنظيف	56
تنفذها	56
توتال	56
توج	56
توطين	56
تين	56
جاستن	56
جانبهم	56
جدران	56
جذور	56
جسور	56
جفاف	56
جماح	56
جوزيب	56
جينبينغ	56
حاسما	56
حراس	56
حساباته	56
حصص	56
حقبة	56
حمدوك	56
حوارات	56
خوري	56
دارفور	56
دراستها	56
دراغي	56
دعمهم	56
دموية	56
دوما	56
راديو	56
رعاة	56
رفضهم	56
رقابة	56
ركود	56
زخم	56
زميله	56
سائقي	56
ستتخذ	56
سترسل	56
ستقام	56
ستنطلق	56
سفارتها	56
سلبا	56
سلمي	56
سلوان	56
سلوكيات	56
سيؤثر	56
سيجري	56
سيساهم	56
سيعمل	56
سيلتقي	56
سيمكن	56
سيناريوهات	56
سيواجه	56
شخصان	56
شريطة	56
شظايا	56
صيني	56
طارئ	56
طبرق	56
عائلية	56
عبدالغفار	56
عبداللهيان	56
عكار	56
علنا	56
عودته	56
عودتها	56
غذائي	56
غروسي	56
فاشلة	56
فاقت	56
فردي	56
فرز	56
فضائية	56
قصوى	56
قضائي	56
قلقها	56
قناته	56
كتل	56
كوارث	56
كونترول	56
كيميائية	56
لأبحاث	56
لأغراض	56
لأمن	56
لإثارة	56
لإجراءات	56
لإذاعة	56
لإصدار	56
لاستئناف	56
لاعبة	56
لاعبيه	56
لبلدية	56
لتأسيس	56
لتبقى	56
لتر	56
لتشغيل	56
لتصل	56
لتقديرات	56
لتقييم	56
لتوقيف	56
لحالات	56
لحظات	56
لخط	56
لخطة	56
لرعاية	56
لساعات	56
لصالحه	56
لصندوق	56
لضبط	56
لضم	56
لعائلة	56
لفرقة	56
لقطر	56
للأفراد	56
للأمين	56
للإجراءات	56
للإصابات	56
للإفراج	56
للاتصالات	56
للبرلمان	56
للبلدان	56
للتخلص	56
للتعبير	56
للتو	56
للتوجه	56
للتوسع	56
للحبوب	56
للسياحة	56
للسياسة	56
للصراع	56
للعبة	56
للمباراة	56
للمسؤولين	56
للمسافرين	56
للمصابين	56
للمعلومات	56
للمغرب	56
للموسم	56
للنهوض	56
لمختلف	56
لمراسلة	56
لمرة	56
لمسافة	56
ماري	56
ماريو	56
مانويل	56
متأثرة	56
متأكد	56
متجهة	56
متزايدة	56
متوقع	56
متوقعا	56
متينة	56
مثالي	56
مداهمة	56
مدرعة	56
مدمرة	56
مديرا	56
مديري	56
مرافق	56
مرشحين	56
مرورا	56
مسؤولياتها	56
مسابقات	56
مساعي	56
مسبق	56
مسبقا	56
مستشفيات	56
مستعدون	56
مش	56
مصابا	56
مصرعهم	56
مظلة	56
معدلها	56
معسكرات	56
معلنة	56
مفاجئة	56
مفخخة	56
مقومات	56
مكثف	56
ملاحظات	56
مناورة	56
منتظمة	56
منصبها	56
مهندس	56
مهنية	56
مواضيع	56
موثوقة	56
موريتانيا	56
ميادين	56
ميدانية	56
نتج	56
نتطلع	56
نجاحا	56
نشعر	56
نضع	56
نفطية	56
نقلهم	56
نهائية	56
نواصل	56
نيكولاي	56
نيوزيلندا	56
هروب	56
هنية	56
هواوي	56
وأوقفت	56
وإبراز	56
وإسبانيا	56
وإصدار	56
وإعلان	56
وإلغاء	56
وإيجاد	56
واستقراره	56
واستمع	56
واستهدفت	56
والأحزاب	56
والأسمدة	56
والأنشطة	56
والأنظمة	56
والأهم	56
والاحتلال	56
والارتقاء	56
والتوتر	56
والثقافي	56
والجالية	56
والجنوبية	56
والحبوب	56
والحصول	56
والحقوق	56
والدستور	56
والدينية	56
والشراكة	56
والشرق	56
والصواريخ	56
والطاقات	56
والطلاب	56
والفنانين	56
والفنية	56
والمالي	56
والمتمثلة	56
والمدير	56
والمراكز	56
والمرتزقة	56
والمستشار	56
والناتو	56
واليابان	56
وانتقدت	56
وانطلقت	56
واينت	56
وباكستان	56
وبطولة	56
وبولندا	56
وتتراوح	56
وتتمثل	56
وتحويل	56
وتخطط	56
وتسهيل	56
وتشجيع	56
وتضحيات	56
وتطبيق	56
وتطور	56
وتعاون	56
وتعهدت	56
وتقييم	56
وتمنى	56
وتنص	56
وثقافة	56
وجبهة	56
وجددت	56
وجهاز	56
وحشد	56
ودولية	56
وذخيرة	56
ورعاه	56
وستبقى	56
وسيادة	56
وسياسات	56
وشكلت	56
وطائرات	56
وطنيا	56
وعرقلة	56
وعي	56
وغرامة	56
وقوانين	56
وقيم	56
ولاسيما	56
ومبادئ	56
ومرتزقته	56
ومساعدة	56
ومستقبل	56
ومشروع	56
ومصادرة	56
وممثلين	56
وموارد	56
ومواقف	56
وموسكو	56
وواشنطن	56
ويحاول	56
ويدور	56
ويسمح	56
ويعزز	56
ويلتقي	56
يبحثون	56
يبرر	56
يتسحاق	56
يخسر	56
يرفضون	56
يستخدمها	56
يش	56
يضغط	56
يقدمها	56
يمارس	56
ينتمون	56
يوفنتوس	56
يون	56
فذهبت	55
تنكح	55
شميل	55
وخلع	55
فصح	55
وأسلم	55
والميم	55
العجاج	55
الزخرف	55
الحسني	55
الأشراف	55
سلمنا	55
فقول	55
والدارقطني	55
أمركم	55
حدثناه	55
لأمه	55
موضعها	55
الخلوة	55
اللفظة	55
تس	55
شيئين	55
الاستبراء	55
أمتك	55
عضد	55
استثنى	55
يمدح	55
مذاهب	55
والحارث	55
والكفر	55
بنحوه	55
شفعة	55
تزويج	55
تطهر	55
الموهوب	55
بكرا	55
السكنى	55
خطبته	55
الهيثمي	55
فمنها	55
باللسان	55
يشفع	55
بوجهه	55
بقلبه	55
واليمين	55
خديج	55
والإسلام	55
ذنبا	55
فرسا	55
البناني	55
غندر	55
المستثنى	55
يسبح	55
يجزي	55
لعلهم	55
وسكت	55
حسنه	55
الماهية	55
بقراءتي	55
النهدي	55
سب	55
الحنابلة	55
فامتنع	55
بالنية	55
مشايخنا	55
وحذف	55
لانتفاء	55
عفيفي	55
المبتاع	55
ينكح	55
يعبدون	55
يدخلها	55
فضربه	55
وصي	55
دفعا	55
حلفت	55
الجعل	55
الحوالة	55
يجئ	55
بالأولى	55
تاء	55
الرشد	55
الاستغفار	55
خفت	55
دعي	55
بالحاء	55
لصلاة	55
الرخصة	55
دليلنا	55
النحاة	55
قرآنا	55
بالسوية	55
يزاد	55
بعثني	55
عنبسة	55
العتيق	55
أنزلنا	55
والزهري	55
العاصي	55
باقيا	55
بالباء	55
وخالف	55
مستحب	55
خف	55
فاجتمع	55
بالزنا	55
البيهقى	55
دابته	55
كسبه	55
تخريج	55
البيضاوي	55
المجرد	55
صف	55
جن	55
صبيح	55
سلب	55
أكثرها	55
المتصل	55
اتفقوا	55
مختص	55
شعير	55
المفلس	55
التردد	55
يجده	55
لزوجها	55
العباسي	55
التعظيم	55
جنبا	55
الانفراد	55
والعلماء	55
والدم	55
العيوب	55
سال	55
فهؤلاء	55
اللاتي	55
الباقية	55
يفوت	55
ود	55
فأصبح	55
مقيما	55
وأخذت	55
أضيف	55
أقرأ	55
شهدا	55
آخرهم	55
وتركه	55
بالقضاء	55
يحبس	55
الاحكام	55
الإنجيل	55
العرق	55
فمه	55
يخف	55
يبنى	55
اله	55
وال	55
القاهر	55
صاحبي	55
أخذنا	55
تفضيل	55
أذان	55
تكتب	55
رآني	55
موصولة	55
ظنا	55
مثلك	55
دنيا	55
الفلاسفة	55
الالتفات	55
الخوارزمي	55
وبارك	55
الموجبة	55
ترضى	55
التفضيل	55
ويكفي	55
الغروب	55
بينك	55
قباء	55
محب	55
الغساني	55
بسنة	55
الفردوس	55
التحلل	55
كغيره	55
عنوة	55
معان	55
وبيت	55
المشددة	55
اختياره	55
أيا	55
وبأن	55
والقيام	55
يدركه	55
تقليد	55
راية	55
التاجر	55
إجابة	55
المنية	55
تخلو	55
والقدرة	55
مي	55
جاره	55
عزة	55
اعتمد	55
منهج	55
الشق	55
بسوء	55
الجيوش	55
إفريقية	55
طعم	55
تحية	55
عرفات	55
وجعلها	55
طلبا	55
الأيدي	55
طبقة	55
الاستقبال	55
جهد	55
راح	55
المساواة	55
يعقد	55
الملح	55
كلم	55
الزيت	55
فن	55
ونظيره	55
نادر	55
ضده	55
الجنوب	55
التوقف	55
ويرى	55
قصير	55
الأحياء	55
حسام	55
البداية	55
خفيفة	55
الأمل	55
الطلبة	55
تدفع	55
حلول	55
نقلت	55
ساعات	55
أساس	55
الأمراض	55
إثر	55
رام	55
حزب	55
وافر	54
صدري	54
المنثور	54
لدلالة	54
أسلموا	54
هذيل	54
الكفرة	54
ذى	54
الغلط	54
أيمانكم	54
والصدقة	54
فالتفت	54
يذبح	54
والصوم	54
لعذر	54
قلوبكم	54
المرادي	54
قرآن	54
وأموالهم	54
الخزاز	54
الوحش	54
ثلاثتهم	54
نذكره	54
قومهم	54
بالعمرة	54
زوجا	54
عمك	54
أتينا	54
مفردا	54
والهاء	54
الوجيز	54
ينافيه	54
وزنا	54
زمعة	54
بآيات	54
المزبور	54
نضرة	54
ففتح	54
راجعا	54
ويجمع	54
مجنون	54
أتاك	54
طاهرا	54
الحذف	54
فيأخذ	54
قالوه	54
بصحيح	54
بالشفعة	54
مالكه	54
مثلهم	54
سقى	54
فأحسن	54
غافر	54
باللفظ	54
السميع	54
لقيه	54
الصباغ	54
المحذوف	54
فيصلي	54
لحما	54
محدثا	54
اللقطة	54
المقتدر	54
والأحاديث	54
المنير	54
عهدا	54
والكافر	54
الرجس	54
ومقتضى	54
عياله	54
وفتحها	54
روض	54
حمران	54
علمهم	54
يفرغ	54
استخلف	54
بأصبهان	54
وثانيها	54
تحريمه	54
عبدوس	54
بغيرها	54
والبيع	54
بالصبر	54
مدين	54
وإسناده	54
النوافل	54
والأظهر	54
بالآية	54
عه	54
سود	54
لولده	54
عرشه	54
الكلابي	54
أوتي	54
الزاد	54
بصيرا	54
وعشرة	54
رواة	54
العجل	54
والمساكين	54
وثالثها	54
سبح	54
باعها	54
والشعبي	54
معرب	54
يروه	54
حجته	54
يسوغ	54
علمتم	54
وسمى	54
محلا	54
الواجبات	54
البدعة	54
سراج	54
تنبت	54
عصا	54
أكلها	54
يتبعه	54
الأدباء	54
الزيات	54
خاتمة	54
استطعت	54
السمن	54
وسطه	54
ضرار	54
قطن	54
النائم	54
إيمانه	54
فجاءه	54
الاستسقاء	54
الصادقين	54
غنيا	54
للفقراء	54
الركب	54
اجتهاد	54
خلافته	54
بإجماع	54
مالها	54
اللهو	54
ذكرناها	54
بالقبض	54
ودين	54
مسافر	54
ماتوا	54
ولأنها	54
مقطوع	54
أبن	54
تعتد	54
يستحقه	54
جاءوا	54
أحرف	54
يأمن	54
مسك	54
والرحمة	54
ببيت	54
نقيض	54
أنما	54
بالقراءة	54
إرادته	54
فتحها	54
أنوار	54
تعدى	54
خشب	54
للأمر	54
صرت	54
الأزواج	54
والكذب	54
العطش	54
اكتفاء	54
رطب	54
اشتغل	54
بعوض	54
وتر	54
أديب	54
واعترض	54
يعجز	54
لضعف	54
أفصح	54
رهط	54
والأم	54
الصفوف	54
ويوسف	54
وحل	54
والموت	54
طوبى	54
نصوص	54
نزار	54
وجدوا	54
كتبها	54
أسوة	54
قدرت	54
يمس	54
لهؤلاء	54
الصخرة	54
مبنية	54
تسليمه	54
الغفار	54
وإنها	54
بالصحة	54
خدمته	54
عفو	54
العنوان	54
السبعين	54
يصعد	54
السقوط	54
الشهادات	54
محلة	54
ورجال	54
أمامه	54
العاشرة	54
فسوف	54
التغير	54
أرادت	54
البريد	54
افتتح	54
الشكل	54
مطلوب	54
الاطلاع	54
مهاجر	54
التصنيف	54
نجوم	54
الكبد	54
محرز	54
الأضحى	54
طالت	54
رياح	54
تترك	54
الأفق	54
الزهور	54
الحادثة	54
المكتبة	54
الصحراء	54
بوضع	54
الجبهة	54
الصفقة	54
الغربي	54
مولود	54
الحروب	54
الأصوات	54
شباب	54
مطالبة	54
ثمة	54
قاموا	54
أقيمت	54
سرعة	54
الصناعة	54
عالية	54
معرض	54
انتهاء	54
الأطفال	54
سيكون	54
المنهي	53
وتسمى	53
قبح	53
وهارون	53
تسليما	53
جوفه	53
المناسك	53
فعن	53
فنادى	53
وهبت	53
القرينة	53
أبويه	53
المفسرون	53
ذكرهما	53
بقولهم	53
قولكم	53
المماليك	53
ووجب	53
أخيك	53
الهيثمى	53
مصحف	53
يخرجاه	53
مائتين	53
نسيت	53
عيناه	53
والليلة	53
أعبد	53
ويصير	53
أرجح	53
فانصرف	53
صداق	53
بأحدهما	53
ناب	53
طبعة	53
الحديثين	53
الرضاعة	53
المحاربي	53
قبور	53
وشبهه	53
المحتاج	53
والعلامة	53
الجهالة	53
ولادته	53
هيهات	53
سيدها	53
واثلة	53
صلي	53
فيقع	53
مح	53
كفره	53
بمحذوف	53
المذكر	53
صاحبكم	53
تطوع	53
هرمز	53
قضي	53
يب	53
يضل	53
السجستاني	53
حائض	53
واحدها	53
القسامة	53
ثامن	53
والتاء	53
ذنوبه	53
قرطبة	53
قرأها	53
ارجع	53
خلون	53
صاح	53
الأوس	53
الجوارح	53
فاسق	53
الذهلي	53
التثنية	53
الفراق	53
رسله	53
بتمامه	53
فليقل	53
كيلا	53
ومولده	53
المسكين	53
يجهر	53
تنقضي	53
الجريري	53
عاقلا	53
محركة	53
تولوا	53
وأذن	53
معلى	53
فسمعت	53
ذل	53
نعبد	53
خد	53
حاضت	53
الاستنجاء	53
رقيقا	53
موجبا	53
فوجدت	53
فراسخ	53
استعارة	53
واشتغل	53
فعيل	53
القفال	53
القزاز	53
سادس	53
يخاطب	53
الحموي	53
فتلك	53
يقعد	53
التنوين	53
ولبس	53
دع	53
خزاعة	53
متعلقا	53
تلفت	53
وسع	53
أخذته	53
فتوضأ	53
والغنم	53
أمسى	53
يضمنه	53
مسندا	53
المنافق	53
للمبالغة	53
مطيع	53
ركبتيه	53
كتابته	53
فتدبر	53
بديع	53
طلاقها	53
تطوعا	53
فاتحة	53
يزيل	53
والطلاق	53
للثاني	53
أقبح	53
يستدرك	53
همدان	53
وأخذوا	53
مكلف	53
مقبل	53
نأخذ	53
لحقه	53
صخرة	53
نخلة	53
الأخيار	53
يفضي	53
القرنين	53
وسهل	53
وإياكم	53
قبلنا	53
شطر	53
دهن	53
يرجو	53
الضر	53
العابد	53
قصي	53
ودار	53
الدفن	53
النبيذ	53
اعتباره	53
التين	53
يطلقها	53
والقدر	53
وكبر	53
سالما	53
وخص	53
قتلته	53
خواص	53
قطعها	53
الخل	53
لظهور	53
الموالي	53
راحة	53
والتقوى	53
ميرزا	53
السهام	53
عسر	53
العظمة	53
أقدر	53
يدفعه	53
أصدق	53
الصانع	53
مسلمون	53
أقوم	53
الركوب	53
ندري	53
ليالي	53
الهدية	53
أنيس	53
وزر	53
وحجة	53
يجيب	53
برأس	53
والإحسان	53
الحدائق	53
التحفة	53
صوتا	53
نعمه	53
أخبرك	53
عرفوا	53
المخبر	53
ونصر	53
يقوى	53
تمليك	53
بشرا	53
الأنواع	53
ضبطه	53
مصدرا	53
بمكان	53
خصمه	53
ويقوم	53
أغنى	53
الإلهي	53
الموضوعات	53
فو	53
الإنشاء	53
العثمانية	53
ونهاية	53
الحرج	53
الدقيق	53
طرفا	53
غانم	53
ويقع	53
بارد	53
العقيدة	53
والشعير	53
قميص	53
قلم	53
ملأ	53
الحمر	53
عال	53
بأيديهم	53
لغات	53
للإسلام	53
قصور	53
المجني	53
فاعلا	53
معالم	53
قوت	53
دوام	53
السيئة	53
مكتوم	53
علمي	53
للتجارة	53
القصير	53
ليوم	53
يزداد	53
العزل	53
الدماغ	53
خبز	53
الثمانية	53
سريعا	53
حصوله	53
الثلاثين	53
ناسا	53
قديمة	53
أجمل	53
الحكام	53
الجهد	53
بالأمس	53
المرجع	53
مقال	53
أقيم	53
فرح	53
ملء	53
وتوجه	53
بطلب	53
تدرك	53
الجيد	53
الآخرون	53
اضطر	53
الرغبة	53
الحركات	53
سعادة	53
تفتح	53
اليسار	53
ياسين	53
بالقوة	53
جهات	53
الإصلاح	53
ويعتبر	53
السوداء	53
الأدنى	53
مصرف	53
زار	53
شرقي	53
عاقلة	53
سلاح	53
طرح	53
تستطيع	53
قوية	53
شكل	53
المدارس	53
التقرير	53
إعلام	53
البشرية	53
قرار	53
وذكرت	53
الإعلام	53
قائد	53
آبي	53
أؤكد	53
أبدت	53
أربيل	53
أرمينيا	53
أسعارها	53
أسلحتها	53
أصدقائه	53
أضرارا	53
أعطت	53
أعلنته	53
أعماق	53
أفريل	53
أفكر	53
أقدمت	53
أكدنا	53
أمامنا	53
أمريكيون	53
أملها	53
أميركية	53
أنجزت	53
أنجلوس	53
أنهت	53
أويل	53
إبادة	53
إبعاد	53
إتش	53
إحصاء	53
إحصائيات	53
إدارية	53
إستراتيجية	53
إشعال	53
إعفاء	53
إقصاء	53
إنساني	53
إيكونوميست	53
إيلي	53
اتسمت	53
اثناء	53
اجتماعيا	53
اجراءات	53
احتفالا	53
اختفاء	53
اختفت	53
ادعاءات	53
ارتبط	53
استخبارات	53
استدعت	53
استعدادات	53
استعرضت	53
استقطاب	53
استمارة	53
استهدافها	53
استولت	53
اشار	53
اشتباك	53
اشترت	53
اشتعلت	53
اصطدمت	53
اضاف	53
افتتاحه	53
افتراضي	53
اقامة	53
اقتحامات	53
اقتحامها	53
اقتراحات	53
اقتصادات	53
اقتصادها	53
اكتشفت	53
الأجراء	53
الأجندة	53
الأرثوذكس	53
الأرق	53
الأشعة	53
الأشقاء	53
الأضواء	53
الأغنام	53
الأقلية	53
الإجلاء	53
الإعمار	53
الإنكليزي	53
الإياب	53
الإيرانيون	53
الائتمان	53
الابيض	53
الاحتفالية	53
الاراضي	53
الاستكشاف	53
الاستهلاكية	53
الاصطناعية	53
الاعتمادات	53
الاعلامي	53
الاعلان	53
الافتراضية	53
الاقليمي	53
الاكتشاف	53
الامم	53
الاميركية	53
الامين	53
الاندماج	53
الاهداف	53
الاوروبي	53
الايراني	53
الباكستاني	53
البحثية	53
البرازيلية	53
البريدية	53
البطاطس	53
البطيء	53
البكالوريا	53
البلجيكي	53
البنود	53
البنى	53
التجمعات	53
التجميد	53
التحاضر	53
التحسن	53
التدريبية	53
الترحيب	53
التزامهم	53
التزلج	53
التزمت	53
التشكيلات	53
التصاريح	53
التعدين	53
التعويضات	53
التقاعد	53
التكتيكية	53
التمرين	53
التنسيقية	53
التونسيين	53
الثلجية	53
الجاهزية	53
الجزائريين	53
الجزائي	53
الجزائية	53
الجولان	53
الجيولوجي	53
الحاسم	53
الحرجة	53
الحساسة	53
الحضري	53
الحلوى	53
الخصاونة	53
الخضار	53
الخطرة	53
الخلفية	53
الخيري	53
الدورية	53
الرؤى	53
الرئيسان	53
الرائد	53
الرقص	53
الروحي	53
الرياضات	53
الرياضيين	53
الزخم	53
السائح	53
السفلي	53
السكاني	53
السكانية	53
السكتة	53
السمعة	53
السمكية	53
السوفياتي	53
السياسيون	53
الشائعات	53
الشراكات	53
الشرطي	53
الشرعيين	53
الشهيدة	53
الشواطئ	53
الشيخوخة	53
الصالون	53
الصحراويين	53
الصدام	53
الصعيدين	53
الصناديق	53
الصوتية	53
الصومالية	53
الضامنة	53
الضريبية	53
الطباعة	53
الطوعية	53
العمرانية	53
العينات	53
الفاشلة	53
الفريدة	53
الفوسفات	53
الفيول	53
القاعة	53
القتالي	53
القسرية	53
القطاعين	53
القفز	53
القنب	53
القولون	53
الكتالوني	53
الكوادر	53
الكيلة	53
اللد	53
اللهيان	53
اللوحة	53
المأساة	53
المأهولة	53
المؤامرات	53
المؤيدين	53
المائيات	53
الماجستير	53
المبتكرة	53
المتنقلة	53
المتوفرة	53
المثقفين	53
المثيرة	53
المجازر	53
المحتجزين	53
المحترفة	53
المحورية	53
المختصين	53
المخزن	53
المخلفات	53
المدافعين	53
المراسل	53
المرجوة	53
المستوردين	53
المسجل	53
المسرحية	53
المشري	53
المصنوعة	53
المضبوطات	53
المضيف	53
المضيفة	53
المطاعم	53
المعرضين	53
المفوض	53
المقاوم	53
المقدسات	53
المقربة	53
الملاحظات	53
المنبثقة	53
المنتجين	53
المنجزة	53
المنحة	53
المنعقد	53
المهتمين	53
المهددة	53
الموريتاني	53
الموسيقي	53
المولدات	53
الناعمة	53
النبيلة	53
النجاحات	53
النرويجية	53
النوايا	53
الهوائية	53
الوبائي	53
الودية	53
الوراء	53
الوقائي	53
الوقفة	53
اليونيسف	53
امل	53
انتخابي	53
انتعاش	53
انتهاكا	53
انستغرام	53
انعكاس	53
انفجرت	53
اننا	53
بأزمة	53
بأكمله	53
بإجمالي	53
بإقليم	53
بإنتاج	53
باحترام	53
بالإجراءات	53
بالانتخابات	53
بالجهود	53
بالحوار	53
بالضغط	53
بالعدوى	53
بالعناية	53
باللجوء	53
باللقب	53
بالمزيد	53
بالمقابل	53
بالوصول	53
بانتخاب	53
بتحديث	53
بتغريدة	53
بتفعيل	53
بجدية	53
بحوزته	53
بداخلها	53
برمتها	53
برنامجا	53
بروز	53
بريطانية	53
بسرطان	53
بشبكة	53
بشعبية	53
بصفتها	53
بصفتي	53
بطاقات	53
بعشرات	53
بعلاقات	53
بفوزه	53
بكفاءة	53
بمستشفى	53
بمعايير	53
بمغادرة	53
بمليارات	53
بممارسات	53
بمناطق	53
بموقف	53
بنشاط	53
بنظيره	53
بنوبة	53
بوركينا	53
بوسطن	53
بوصفها	53
بومبيو	53
بيئية	53
بيتكوين	53
بيدرو	53
بيلاروس	53
بيولوجية	53
تتجنب	53
تتراجع	53
تترجم	53
تتطور	53
تجمد	53
تجميع	53
تحتفل	53
تحضير	53
تحظر	53
تحويلها	53
تخصصات	53
تدعيم	53
تدفقات	53
تديره	53
تذاكر	53
ترأسه	53
ترسانة	53
ترصد	53
تركيبة	53
تساءل	53
تسجيلات	53
تسونامي	53
تشاو	53
تشتهر	53
تشن	53
تشويه	53
تشييع	53
تطبيقه	53
تطبيقها	53
تظاهرة	53
تعازيه	53
تعالج	53
تعبئة	53
تعبيرها	53
تعثر	53
تغذية	53
تغريدات	53
تقلص	53
تكافح	53
تكييف	53
تلبي	53
تلتقي	53
تلقائيا	53
تمكنا	53
تمكنها	53
تنفيذا	53
تنموية	53
تهدأ	53
توافر	53
توحي	53
توضح	53
توقيعها	53
توقيفه	53
توم	53
تيزي	53
ثقافي	53
جانفي	53
جاهدة	53
جبيل	53
جذري	53
جناته	53
جنايات	53
جنسية	53
جوا	53
جوازات	53
جيمي	53
جيوب	53
حافلات	53
حاوية	53
حركية	53
حساباتهم	53
حساسة	53
حيفا	53
حيوي	53
خاركوف	53
خاضعة	53
خاطئ	53
خبرات	53
خصوم	53
خلوصي	53
خيبة	53
داخلي	53
دبابات	53
دشن	53
دفاعا	53
دمار	53
دوامة	53
دوشنبه	53
دياب	53
ديونها	53
ذروتها	53
رئيسيين	53
رائع	53
رافائيل	53
رافقت	53
رحلاتها	53
رشاد	53
رعد	53
ركلات	53
رمطان	53
روابط	53
روك	53
ريتشارد	53
ساحات	53
ساديو	53
سبقتها	53
سترفع	53
ستشمل	53
ستصبح	53
ستواجه	53
ستيفاني	53
سراحه	53
سعره	53
سيادته	53
سيبدأ	53
سيشكل	53
سيطر	53
سيقوم	53
سيكونون	53
شاحنات	53
شخصي	53
شعبه	53
شنتها	53
شيوعا	53
صرامة	53
صفيحة	53
صيرفة	53
ضخ	53
ضريبية	53
طفرة	53
طفلك	53
طوابق	53
طوباس	53
عاموس	53
عبود	53
عراقية	53
عرقية	53
عزز	53
عطلت	53
عقبات	53
علنية	53
عملات	53
عوائق	53
عواودة	53
عودتهم	53
غابة	53
غادة	53
غارات	53
غازات	53
غاضبة	53
فائض	53
فائقة	53
فرضية	53
فرنسي	53
فرنسيس	53
فضيحة	53
فعندما	53
فوزي	53
قداس	53
قلقه	53
قوبلت	53
كاريتاس	53
كاي	53
كبديل	53
كردية	53
كلغ	53
كوبا	53
كوت	53
كوسيلة	53
كيربي	53
كيلومترات	53
لأسر	53
لأشعة	53
لأشهر	53
لأضرار	53
لأعمال	53
لأمريكا	53
لأنشطة	53
لأنظمة	53
لأهالي	53
لإغلاق	53
لاجئ	53
لاختبار	53
لاستقرار	53
لاعبو	53
لبنك	53
لتحديث	53
لتحفيز	53
لتحمل	53
لتدعيم	53
لتسريع	53
لتصعيد	53
لتغير	53
لتفعيل	53
لتقليل	53
لتكثيف	53
لتوجيه	53
لخدمات	53
لرؤساء	53
لرجال	53
لسلطة	53
لشعب	53
لصواريخ	53
لطلبة	53
لعرقلة	53
لفتت	53
لكسب	53
لكوريا	53
للأسواق	53
للأعمال	53
للإذاعة	53
للإنتاج	53
للاعتداء	53
للبترول	53
للبنانيين	53
للتحكم	53
للترويج	53
للتطبيع	53
للتعرف	53
للتنس	53
للتنسيق	53
للجانب	53
للجهود	53
للدفع	53
للديمقراطية	53
للرقابة	53
للسلع	53
للضرب	53
للعراق	53
للفنان	53
للقرار	53
للقلق	53
للقمح	53
للقيم	53
للقيود	53
للكثير	53
للكشف	53
للمؤسسة	53
للمادة	53
للمتحدث	53
للمدنيين	53
للمرحلة	53
للمزارعين	53
للموقع	53
للوفاء	53
للوفيات	53
لمرضى	53
لمسابقة	53
لمسار	53
لمنتدى	53
لوجستية	53
لوحات	53
ماثيو	53
ماليا	53
ماليزيا	53
مباراته	53
مباني	53
مبرزا	53
متبادل	53
متظاهرين	53
متنوع	53
متهمة	53
مجازر	53
مجدي	53
مجهزة	53
محاضر	53
محافظتي	53
محاكم	53
محامية	53
محبي	53
محذرة	53
محركات	53
محيطها	53
مخدرة	53
مدفوعات	53
مذهلة	53
مراقب	53
مرسوما	53
مرشحة	53
مسبقة	53
مستحقات	53
مستواه	53
مستودعات	53
مسجلة	53
مشاورات	53
مشيدين	53
مصانع	53
مصدرها	53
مصممة	53
مصنوعة	53
مضاعفات	53
مطارات	53
مطاردة	53
مطاعم	53
مطالبهم	53
مطروحة	53
مظاهرات	53
معاناته	53
معطيات	53
مغادرته	53
مفاهيم	53
مقديشو	53
مقررا	53
مقرها	53
مكونة	53
ملابسات	53
ملتزمون	53
ملحم	53
منطقية	53
منظم	53
منظومات	53
مهاجرين	53
مواردها	53
موعدها	53
ميداني	53
ميرتس	53
ميلوني	53
ناتو	53
ناريندرا	53
ناشطون	53
ناقلة	53
نتمكن	53
نحصل	53
نسعى	53
نشاطا	53
نصائح	53
نفذتها	53
نفذها	53
نموذجا	53
ننسى	53
نونبر	53
نوه	53
نيكوس	53
هآرتس	53
هرمون	53
هنري	53
هواتف	53
هيئات	53
هيكلة	53
هيمارس	53
وأدان	53
وأدانت	53
وأفريقيا	53
وأكدا	53
وأمس	53
وأنظمة	53
وأننا	53
وإجراءات	53
وإنشاء	53
واجتماعية	53
واجه	53
واجهة	53
واجهتها	53
واستنادا	53
واعتدت	53
واعدة	53
واقعية	53
والأزمات	53
والإبادة	53
والإضافي	53
والابتزاز	53
والبالغ	53
والبحرية	53
والبنك	53
والتأهيل	53
والتحري	53
والتضامن	53
والتطوير	53
والتفتيش	53
والتقنية	53
والتلاعب	53
والتواصل	53
والثروة	53
والدتها	53
والدولي	53
والديمقراطية	53
والسكري	53
والشرقية	53
والصمود	53
والطلبة	53
والعقوبات	53
والقطاع	53
والمبادئ	53
والمحافظات	53
والمدن	53
والمساهمة	53
والمشاريع	53
والمصالحة	53
والممارسات	53
والمواطن	53
والنجاح	53
والوطنية	53
وانتشار	53
وانعدام	53
وبالإضافة	53
وبالرغم	53
وبعدما	53
وتحطيم	53
وتحولت	53
وترسيخ	53
وتركيب	53
وتريد	53
وتسجل	53
وتسيير	53
وتعاني	53
وتعتمد	53
وتقود	53
وتكثيف	53
وتلعب	53
وتمويل	53
وتنفي	53
وتواصل	53
وثائقي	53
وجرحى	53
وحسم	53
وحصار	53
ودراسة	53
ودرجة	53
ودوره	53
وزو	53
وسيؤدي	53
وشركات	53
وشملت	53
وشن	53
وصمة	53
وطالبوا	53
وعثر	53
وغالبا	53
وغرب	53
وفرة	53
وفشل	53
وقادرة	53
وقذائف	53
وكلاء	53
وكييف	53
ولديها	53
ولديهم	53
ومؤسسة	53
ومسؤولين	53
ومصالح	53
ومقاطعة	53
ومكافحة	53
ومناقشة	53
ونفت	53
وهدمت	53
وهولندا	53
ووكيل	53
ويلز	53
ويمتلك	53
ويمكنها	53
وينتظر	53
يئير	53
يتزايد	53
يتسم	53
يتصدر	53
يتنقل	53
يجعلك	53
يحترم	53
يحصلون	53
يخططون	53
يرغبون	53
يريفان	53
يعطل	53
يعيشها	53
ينخفض	53
ينطوي	53
يونهاب	53
أصحهما	52
هلاك	52
تارك	52
المعطوف	52
عبادته	52
التكملة	52
الثبوت	52
وإنك	52
ورسله	52
الغلة	52
الحصى	52
لاحد	52
اليسر	52
الأشربة	52
بلالا	52
مندة	52
دعائه	52
للأم	52
الواهب	52
فلعله	52
الشوق	52
تصانيف	52
الكنى	52
وحكاه	52
بعدهما	52
طح	52
الفيء	52
وأنشدني	52
الرضي	52
وعليكم	52
فحدثني	52
حمده	52
للمالك	52
المجوس	52
أحبه	52
يخالفه	52
فأخرجه	52
مصنف	52
فأخبرني	52
جهله	52
المتبادر	52
غيبته	52
انظروا	52
ينفرد	52
وبينك	52
جلدة	52
يوهم	52
النصراني	52
واعلموا	52
حرمه	52
بآياتنا	52
فهلا	52
ملكهم	52
ديته	52
وأمرهم	52
بالقوي	52
يوحى	52
وبإسناده	52
ركعتي	52
التعزير	52
الربوبية	52
فتقدم	52
الكتاني	52
شهادتهم	52
المكاتبة	52
السعود	52
الأثرم	52
والخير	52
وموضع	52
نصيبا	52
العقائد	52
شفاعة	52
بلسانه	52
خلكان	52
عداوة	52
بانت	52
شرائع	52
لذكر	52
فمضى	52
لعنه	52
بعيرا	52
البحراني	52
ألفه	52
بالمد	52
قصدا	52
الأهوازي	52
أفندي	52
السخاوي	52
قدح	52
والإجماع	52
سجوده	52
كابن	52
فلذا	52
صحب	52
مذهبنا	52
أحوالهم	52
الظلمات	52
أضرب	52
دعوت	52
اليتامى	52
والطبرانى	52
عسكره	52
بعتك	52
لإبراهيم	52
صائما	52
المنى	52
جلده	52
تنعقد	52
عذرا	52
فليست	52
وحي	52
الداء	52
تضمنه	52
فرقا	52
الصوف	52
اكتب	52
بخمس	52
تعب	52
وعيد	52
وصفا	52
تستعمل	52
ضر	52
الاستواء	52
مساكين	52
نوم	52
يحمد	52
آبائهم	52
الفلاح	52
بواحد	52
أخلاق	52
المقصد	52
بأم	52
ويترك	52
واحتجوا	52
نواحي	52
اعترض	52
ونسب	52
كسبت	52
بالقلب	52
ينزع	52
والشراب	52
تنفع	52
يأتون	52
الذريعة	52
وطريق	52
غنيمة	52
مكتوبة	52
يقتله	52
اليأس	52
رطبا	52
السبيعي	52
اختلط	52
الأعم	52
طولا	52
تركة	52
وقفه	52
مشتق	52
معجمه	52
أحاط	52
لكتاب	52
والزيادة	52
للحج	52
والقبول	52
وأعطاه	52
صدورهم	52
عوده	52
أبين	52
الخطب	52
ويحكم	52
بقى	52
السلطانية	52
للترجمة	52
الثرى	52
أخضر	52
ونور	52
شرائط	52
ستمائة	52
فعليك	52
يقابل	52
والبيت	52
الحالين	52
فطلب	52
ودخلت	52
الذراع	52
ظهوره	52
ويحمل	52
ويدعو	52
الشهور	52
الخمسين	52
تبكي	52
بجمع	52
رؤوسهم	52
وقضية	52
إخراجه	52
وطول	52
المعقول	52
القوس	52
والتحقيق	52
الأصناف	52
إيقاع	52
بالخروج	52
نسمع	52
بذات	52
موحدة	52
عاملا	52
يضعف	52
جند	52
يجدون	52
الاستمتاع	52
أساء	52
الفرار	52
فعال	52
فراس	52
سكر	52
الطيبة	52
المقداد	52
أسرار	52
ويمنع	52
تلزم	52
فيمكن	52
والأمة	52
الفنون	52
المعاملات	52
يرغب	52
قدرها	52
لطلب	52
الكلي	52
بمنع	52
كريمة	52
بضعة	52
أرواح	52
مقبولة	52
مستقلة	52
إرسال	52
الجو	52
العظمى	52
متابعة	52
السفن	52
الاعلام	52
المتعلق	52
عمان	52
قدما	52
عقده	52
المبلغ	52
الشركاء	52
الأماكن	52
حذر	52
الصحف	52
المقابلة	52
بكثير	52
الواضح	52
البلدة	52
عربية	52
لماذا	52
الكاملة	52
إجراء	52
سنوات	52
هوازن	51
أعلمه	51
وأعوذ	51
فراش	51
بايع	51
الجهمية	51
الإكراه	51
لوجب	51
وجمعها	51
أراده	51
واشتد	51
استأذن	51
ينتقض	51
بالشك	51
وجوابه	51
تصغير	51
ابتغاء	51
البخل	51
للحاكم	51
داخلا	51
لبابة	51
ثنتين	51
فكبر	51
بعذاب	51
العمامة	51
باء	51
قده	51
أفسد	51
سرى	51
بالأندلس	51
ذريته	51
وسورة	51
السهمي	51
للحال	51
بينهن	51
بالخبر	51
النضير	51
للسلطان	51
فكره	51
الحمرة	51
الفسق	51
منسوخ	51
دونهم	51
جهلا	51
الدبر	51
الآيتين	51
مأمون	51
وشرحه	51
معتمر	51
كراء	51
نفعه	51
تعبدون	51
الإيلاء	51
سموا	51
أدخله	51
بهامش	51
قاتله	51
والجد	51
سفرا	51
فأقر	51
فالوجه	51
تدعون	51
المحض	51
التصانيف	51
نبيكم	51
المحاملي	51
إضمار	51
والألف	51
بنور	51
نصابا	51
فترك	51
لعائشة	51
كمل	51
الرقاشي	51
خالدين	51
والبقر	51
ساقط	51
بهيمة	51
مجيء	51
بينته	51
والخامس	51
تشاء	51
داخلة	51
بنيه	51
بالرجل	51
التمليك	51
الام	51
حدثنى	51
ربى	51
يمت	51
وتمام	51
فصلوا	51
جواهر	51
علته	51
ثانيه	51
فرده	51
أباك	51
مخزوم	51
يؤمنوا	51
الهمذاني	51
والوليد	51
والجن	51
الجمرة	51
المضارب	51
فجئت	51
تقرب	51
القعود	51
الشاهدين	51
وأشد	51
ثلثا	51
المعصوم	51
والشرط	51
فاء	51
بالقبول	51
فرجها	51
برب	51
فراجع	51
الكناية	51
فوجه	51
وكلا	51
بريء	51
لكانت	51
ينشأ	51
أردنا	51
لأهله	51
يكونون	51
مستند	51
والأصول	51
البديع	51
تعجيل	51
إسحق	51
فأن	51
النصيحة	51
أكتب	51
علوا	51
أذنيه	51
شربه	51
جريان	51
إطعام	51
تباع	51
أيديكم	51
التوكل	51
لحكم	51
والصفات	51
الضامن	51
داري	51
سماها	51
وحكمه	51
وأمثاله	51
خيرة	51
الظاهرية	51
شربت	51
المهاجر	51
الأهواء	51
نقدا	51
سبقه	51
سعدان	51
للدين	51
ويروي	51
وكن	51
والعقاب	51
شريكا	51
نوعا	51
بم	51
المخلص	51
يخطر	51
ونفي	51
والباطل	51
العبودية	51
والعدل	51
ويرفع	51
تقوى	51
قصرت	51
مقدرة	51
الملأ	51
الثانى	51
عنق	51
لطف	51
التقي	51
الضأن	51
التاج	51
وقتلوا	51
سيرته	51
بهرام	51
أحيا	51
الألباني	51
يعلموا	51
الاشكال	51
اثبات	51
الكنز	51
شماله	51
بلغوا	51
خشي	51
أطال	51
وروح	51
الأديان	51
القلة	51
وصحة	51
الاعلى	51
والآثار	51
جوار	51
حليف	51
القاري	51
احدى	51
والقلب	51
تحريف	51
نظمه	51
لغرض	51
الثلثين	51
الأصيل	51
تقسم	51
طوله	51
اين	51
الرقة	51
المراتب	51
عمدة	51
الموجودات	51
الملل	51
آباد	51
بدم	51
والمسلمين	51
والي	51
التأمل	51
ديارهم	51
الأتراك	51
الي	51
تجتمع	51
دخولها	51
بالرد	51
جدار	51
بدخول	51
إنهما	51
والخروج	51
إتمام	51
إفادة	51
ساحل	51
سعود	51
فراغ	51
الإخوان	51
يتجاوز	51
أغلب	51
الرحلة	51
الشديدة	51
شأنها	51
موارد	51
الصعيد	51
مجلة	51
عددهم	51
والعراق	51
وعدد	51
مقر	51
رؤساء	51
تونس	51
مؤكدة	51
الفوز	51
الشرقية	51
إيران	51
الوزراء	51
مشرك	50
بثلث	50
وعندهما	50
الغمام	50
يبلغه	50
أعمالكم	50
مسكان	50
أنف	50
وقيس	50
كاتبه	50
وجواب	50
والثلاثون	50
صحبته	50
أخرجها	50
ركعتان	50
يقتضى	50
مجالد	50
اشتمل	50
مضمر	50
بنص	50
الأغنياء	50
بدن	50
غليظ	50
عب	50
مدرك	50
مغفرة	50
فيحمل	50
افعل	50
ثمود	50
يأخذها	50
ينجس	50
قرأه	50
سبرة	50
بعمرة	50
ويسقط	50
فسدت	50
لعمري	50
وحسنه	50
المقدمات	50
أطعم	50
جلوس	50
أذنت	50
انزل	50
الدمع	50
المعقود	50
فولد	50
العاقبة	50
وط	50
اللبس	50
المعتضد	50
العبسي	50
بالغيب	50
الأنثيين	50
فساده	50
فنظرت	50
بخراسان	50
الزعفراني	50
باللام	50
البايع	50
سلطانه	50
فلينظر	50
الطاعون	50
تغتسل	50
ساقه	50
مناة	50
الحجرات	50
يشد	50
الأسانيد	50
حاطب	50
نيف	50
بكاء	50
غلبت	50
سبعمائة	50
أوصاف	50
رويناه	50
الأولون	50
حمر	50
الصغاني	50
صادقين	50
يؤم	50
موسرا	50
بالجيم	50
والأعمش	50
ضلالة	50
يصيبه	50
نبوة	50
عامدا	50
خباب	50
ببلاد	50
خلقكم	50
مصنفات	50
ويكنى	50
دكين	50
وابو	50
مخير	50
والدنيا	50
وأفتى	50
التعارض	50
فتعين	50
بالعقل	50
توبته	50
يدعيه	50
خفاء	50
احتياطا	50
كريما	50
سجدتين	50
البنا	50
الضياء	50
فاشترى	50
صلاها	50
العتبية	50
فلست	50
صدوقا	50
جاءك	50
انتفى	50
واذكر	50
وبينهما	50
النكرة	50
يبصر	50
إحرام	50
كالبيع	50
للمتقين	50
ندبا	50
تاسع	50
يصبر	50
بإزاء	50
العسر	50
النصرانية	50
ريحا	50
يكلم	50
سواهم	50
لبسه	50
خل	50
بيدك	50
ستون	50
فهرست	50
قود	50
مظنة	50
أشكل	50
جحد	50
لنفسي	50
تعدل	50
خزائن	50
خالصة	50
محارب	50
والعامة	50
والأمير	50
والرد	50
السكينة	50
أخشى	50
بيوتهم	50
مصباح	50
الرياء	50
بحمل	50
وعاش	50
الاستعارة	50
بالغا	50
أثنى	50
بالبناء	50
وكلهم	50
وأوصى	50
أولادهم	50
بالسلام	50
الغراب	50
الجراد	50
يستر	50
العيني	50
العقلي	50
المظلوم	50
يستحيل	50
يوصي	50
يقبله	50
خلفهم	50
وينظر	50
خلقها	50
أظنه	50
لعباده	50
المعجزات	50
الموسوي	50
واقعا	50
أوان	50
واقتصر	50
ومثلها	50
القطعة	50
الشفق	50
الفناء	50
المدائن	50
بناه	50
يقاس	50
منبر	50
صبح	50
دخلها	50
ضحى	50
وصرف	50
قوام	50
وحب	50
أحضر	50
والوسائل	50
أضر	50
كاذب	50
السلب	50
أصابهم	50
عرفنا	50
وأعلم	50
أبصر	50
ووقت	50
ماشيا	50
لقلة	50
وأولئك	50
أبغض	50
سام	50
أنشأ	50
عارية	50
يمد	50
بدلالة	50
وترى	50
ببيان	50
استولى	50
أوقع	50
والجهاد	50
ضررا	50
السرير	50
عارف	50
والفساد	50
وصفة	50
دماء	50
بالدخول	50
ثلثي	50
التزم	50
وها	50
وارد	50
ألحق	50
الهجري	50
الانقطاع	50
تلميذ	50
بسبع	50
وقضاء	50
أتباع	50
ودع	50
والخوف	50
العمارة	50
كلف	50
جمعها	50
وزنه	50
لمصلحة	50
يرجح	50
يأخذون	50
عرب	50
الماشية	50
يتحرك	50
بالكذب	50
قلوبنا	50
صريحة	50
والقتل	50
الانتصار	50
بالمغرب	50
الزائدة	50
والسبب	50
نظرة	50
الورقة	50
كوكب	50
انتقال	50
مشاهدة	50
أسرى	50
النقاش	50
لاحظ	50
تحكم	50
لمثل	50
تجديد	50
عملها	50
العلمي	50
حادثة	50
وتقديم	50
القتلى	50
جديدا	50
تؤثر	50
لزيادة	50
تقف	50
التأثير	50
المباشرة	50
دير	50
مرحلة	50
تابعة	50
الأسير	50
مؤسسة	50
سلسلة	50
لدينا	50
وخاصة	50
محكمة	50
الشاب	50
إصابة	50
فترة	50
آزوفستال	50
آلام	50
أبرم	50
أبنائنا	50
أبنائها	50
أتقدم	50
أجيال	50
أحادي	50
أحادية	50
أحبطت	50
أحيت	50
أرامكو	50
أسسها	50
أسفه	50
أسماه	50
أعلنتها	50
أكده	50
أكدوا	50
ألماني	50
أليكس	50
أليكسي	50
أمازون	50
أمتار	50
أمضت	50
أممية	50
أمنيا	50
أمواج	50
أندرسون	50
أنطاليا	50
أوبورون	50
أوضاعهم	50
أون	50
أوهايو	50
أيقونة	50
أييليت	50
إحلال	50
إدانته	50
إدماج	50
إربد	50
إرساء	50
إرسالها	50
إشرافه	50
إصابتها	50
إعدادها	50
إكس	50
إلكتروني	50
إمكانيات	50
إندونيسيا	50
إنشاؤها	50
إيان	50
إيداع	50
إيرباص	50
إيقافه	50
إيل	50
اتجاهات	50
احتجازه	50
اردوغان	50
اساس	50
استباقية	50
استحقاقات	50
استخدمها	50
استرجاع	50
استشاري	50
استضافتها	50
استعادت	50
استعدادهم	50
استفادت	50
استقالتها	50
استقلالها	50
استقلالية	50
اصبح	50
اصدار	50
اضافي	50
اعتبرته	50
اعترضت	50
اعتقالات	50
اغتصاب	50
افاد	50
اقترحت	50
اكدت	50
الآلي	50
الأستاذة	50
الأسمر	50
الأسيرين	50
الأقليات	50
الألبان	50
الأنبا	50
الأنفلونزا	50
الأوبئة	50
الأوبرا	50
الأوروبيون	50
الأيديولوجية	50
الإحباط	50
الإحتلال	50
الإحصاءات	50
الإدماج	50
الإسرائيليون	50
الإشكالية	50
الإصلاحية	50
الإفلات	50
الإقتصادية	50
الإمكانيات	50
الإنجيلية	50
الإنعاش	50
الابتزاز	50
الاحتلالية	50
الاحتياطات	50
الاسباني	50
الاستخباراتية	50
الاستفزازية	50
الاستقالة	50
الاستقطاب	50
الاطار	50
الاطراف	50
الاعاقة	50
الاعتقالات	50
الاقتحام	50
الاقل	50
الاقليمية	50
الالتحاق	50
الامارات	50
الامانة	50
الانتقالات	50
الانحياز	50
الانطلاق	50
الاوسط	50
الباسلة	50
الباليستية	50
البترولية	50
البحريني	50
البدائل	50
البعثات	50
البلاستيك	50
البندقية	50
البولندية	50
البيروقراطية	50
التأشيرة	50
التحويلية	50
التدافع	50
التدقيق	50
التذكاري	50
الترابية	50
التزامها	50
التسعينيات	50
التسلل	50
التسيير	50
التشكيلي	50
التطبيقية	50
التعهدات	50
التفاؤل	50
التفاهمات	50
التفجيرات	50
التقطها	50
التقلبات	50
التكنولوجي	50
التموينية	50
الثري	50
الثغرات	50
الجبير	50
الجدية	50
الجغرافي	50
الجنائية	50
الجوفية	50
الجيوسياسي	50
الحافل	50
الحراسة	50
الحشود	50
الحصانة	50
الحقل	50
الحقول	50
الحلويات	50
الحياتية	50
الختامي	50
الخرائط	50
الخوري	50
الدائمين	50
الدرقية	50
الدهنية	50
الدواجن	50
الدوافع	50
الديزل	50
الديمقراطيون	50
الرئيسيين	50
الراسخ	50
الرافض	50
الرصاصة	50
الرهائن	50
الرومانسية	50
الريسوني	50
الزائفة	50
الزبائن	50
السجلات	50
السكرتير	50
السلاحف	50
السندات	50
السوابق	50
السويسري	50
الشخصين	50
الشعبيتين	50
الشهية	50
الصدارة	50
الصدرية	50
الصراعات	50
الصرح	50
الصلاحيات	50
الصومالي	50
الضيوف	50
الطالبة	50
الطعون	50
الطلبات	50
الظواهري	50
العابرة	50
العاطفي	50
العبء	50
العراقيل	50
العريضة	50
العشوائي	50
العلاجات	50
العمق	50
العناوين	50
العنيفة	50
العيادة	50
الغوص	50
الفراعنة	50
الفواتير	50
القابضة	50
القادرة	50
القرش	50
القطار	50
القطبية	50
القوميين	50
القيادية	50
الكافيين	50
الكاميرات	50
الكثافة	50
اللاعبون	50
اللمسات	50
اللوحات	50
المؤتمرات	50
المؤسسي	50
المانحة	50
المايسترو	50
المبدئية	50
المبرمجة	50
المتحاربة	50
المتطلبات	50
المتقاعدين	50
المتماثلين	50
المثقف	50
المجانية	50
المجلسين	50
المحاولة	50
المحترفين	50
المخاطرة	50
المختلطة	50
المخدرة	50
المخزنة	50
المدرجات	50
المدعوم	50
المديرين	50
المراقبون	50
المربع	50
المرجانية	50
المزيفة	50
المسارات	50
المسببة	50
المستثمرون	50
المستدام	50
المستشارين	50
المستقرة	50
المستوطنة	50
المشاهدين	50
المشرعون	50
المشوار	50
المضربين	50
المطبخ	50
المطرب	50
المعاصرة	50
المعبد	50
المعرفي	50
المعرفية	50
المعلوماتية	50
المغامرة	50
المقاطع	50
المكبر	50
المكسرات	50
المكسيكي	50
الملائمة	50
الملحة	50
الممثلين	50
الممنهجة	50
المميتة	50
المنافذ	50
المنافسات	50
المنتظرة	50
المنتوج	50
المندب	50
المنزلي	50
المنشود	50
المنطقتين	50
المنظمون	50
المنهجية	50
المهتمة	50
المهلة	50
الموساد	50
الموظف	50
الميزة	50
النازيين	50
الناشطة	50
النزوح	50
النسبية	50
النمساوي	50
النمطية	50
الهداف	50
الهرمل	50
الهرمونات	50
الهنود	50
الهيكلية	50
الوثائقي	50
الوظيفي	50
الوقائية	50
اليساري	50
اليونيسيف	50
انتحار	50
انتشارا	50
انتقالية	50
انتقامية	50
انعكست	50
اهتمامها	50
بألوان	50
بؤر	50
بإسرائيل	50
بإغلاق	50
باءت	50
باحات	50
باراك	50
بارزين	50
باستيراد	50
باعتماد	50
باقري	50
باكنغهام	50
بالإحباط	50
بالاعتماد	50
بالاكتئاب	50
بالتجسس	50
بالتحديد	50
بالتوصل	50
بالدعم	50
بالرباط	50
بالسماح	50
بالسيادة	50
بالسيطرة	50
بالشرطة	50
بالصحراء	50
بالصواريخ	50
بالعنف	50
بالفشل	50
بالمشاركة	50
بالولايات	50
بانتشار	50
بانخفاض	50
باور	50
باول	50
باولو	50
بتحسين	50
بتراجع	50
بتصدير	50
بتطبيق	50
بتعليمات	50
بتنسيق	50
بتوسيع	50
بتوقيع	50
بثبات	50
بجرائم	50
بحوزة	50
بخاصة	50
بخطوات	50
بذريعة	50
برونو	50
بسيارة	50
بشارع	50
بشرطة	50
بشركة	50
بشن	50
بصمود	50
بضربات	50
بضمانات	50
بطائرة	50
بغزو	50
بفحص	50
بفعالية	50
بكوفيد	50
بلاغات	50
بلورة	50
بلوزداد	50
بلومبيرغ	50
بمحكمة	50
بمستشفيات	50
بمستويات	50
بمطار	50
بموضوع	50
بنزيمة	50
بهجوم	50
بهدوء	50
بوادر	50
بوب	50
بوتن	50
بوسائل	50
بوك	50
بونو	50
بوينغ	50
بيب	50
تآكل	50
تأسيسها	50
تابعت	50
تايلاند	50
تبسيط	50
تتخلى	50
تتدخل	50
تتركز	50
تتضاعف	50
تتعارض	50
تتعاون	50
تتماشى	50
تتنافس	50
تتويج	50
تثمين	50
تجاهلت	50
تجتاح	50
تجذب	50
تجربته	50
تجريها	50
تجمعات	50
تحالفات	50
تحالفه	50
تحصين	50
تحلية	50
تحولات	50
تخصيب	50
تداعياتها	50
تدخلات	50
تدرب	50
تدوينة	50
تراقب	50
تراوحت	50
تربطها	50
تربوية	50
ترتكب	50
ترحب	50
تزامن	50
تسارع	50
تسجيله	50
تسجيلها	50
تسخير	50
تسعير	50
تسعينيات	50
تشدد	50
تشرح	50
تشريح	50
تشغيله	50
تشكلت	50
تشنها	50
تصفه	50
تصنف	50
تضامنا	50
تضررت	50
تضطر	50
تطبق	50
تطورا	50
تطورت	50
تطويق	50
تعاقده	50
تعترض	50
تعرضها	50
تعزيزات	50
تعزيزها	50
تعيشها	50
تقودها	50
تقويض	50
تكبدت	50
تكتفي	50
تكتيكات	50
تمحورت	50
تمريرة	50
تميزت	50
تناقش	50
تنتجها	50
تنديدا	50
تنطبق	50
تنظمه	50
تنفجر	50
تنهي	50
تهدئة	50
تواجدهم	50
توجت	50
توجهات	50
توصيات	50
توطيد	50
ثلجية	50
ثنائي	50
جاويش	50
جداول	50
جريحا	50
جزائرية	50
جمود	50
جنسي	50
جنسيات	50
جنيها	50
جهدنا	50
جونغ	50
جوني	50
جوهرية	50
جيك	50
حارقة	50
حاسم	50
حالتهم	50
حاملي	50
حبوب	50
حثت	50
حريتهم	50
حريصة	50
حساسية	50
حلقات	50
حليفة	50
حمدي	50
حملتها	50
حمودة	50
حميدتي	50
حوافز	50
حيوانات	50
خانة	50
خدماتها	50
خريف	50
خططت	50
خطيرا	50
خليجية	50
دبلوماسيين	50
دبليو	50
درعي	50
دستوري	50
دماغية	50
دنيبرو	50
دوغين	50
دونم	50
دونما	50
ديوكوفيتش	50
ذكريات	50
رأسية	50
رئيسه	50
رادار	50
رامي	50
ردينة	50
رصاصة	50
رقابية	50
ركز	50
رهائن	50
رومانيا	50
رونالد	50
ريابكوف	50
رياضيين	50
ريثما	50
ريفي	50
ريو	50
زخات	50
زعيمها	50
زملائه	50
زورق	50
زيف	50
سارع	50
سامية	50
سانت	50
سبعينيات	50
ستؤدي	50
ستحصل	50
ستدخل	50
سترات	50
سترد	50
ستزيد	50
ستقدم	50
سقطوا	50
سكرتير	50
سلة	50
سلطت	50
سمات	50
سماحته	50
سنتا	50
سندات	50
سنعمل	50
سنوية	50
سوك	50
سوليفان	50
سيئول	50
سيتعين	50
سيتمكن	50
سيحدد	50
سيدخل	50
سيشهد	50
سيعود	50
شاسعة	50
شاشات	50
شبابنا	50
شجع	50
شرسة	50
شركتي	50
شعوره	50
شل	50
شمسية	50
شوهدت	50
شينخوا	50
صادراتها	50
صاروخي	50
صافر	50
صافرة	50
صالات	50
صحافية	50
صحتك	50
صراعها	50
صفارات	50
ضئيل	50
ضفاف	50
ضمتها	50
طرأت	50
طفلة	50
طموحة	50
عاشت	50
عاليه	50
عانت	50
عرفتها	50
عرقلت	50
عزف	50
عزلة	50
عظمى	50
عقابية	50
علاقاته	50
علاقتها	50
علني	50
عنيف	50
عوفر	50
غابات	50
غامضة	50
غانا	50
غرام	50
غراندي	50
غموض	50
غواصات	50
فادحة	50
فاسو	50
فاعلية	50
فاليري	50
فايز	50
فايزر	50
فايننشال	50
فتيات	50
فحوصات	50
فدان	50
فضاءات	50
فقرات	50
فكرية	50
فنادق	50
فنيا	50
فيليب	50
قادها	50
قاذفة	50
قراراته	50
قراصنة	50
قطارات	50
قطرات	50
قفز	50
قفزت	50
قنطار	50
قومية	50
كاثرين	50
كثفت	50
كثيفة	50
كحليف	50
كركوك	50
كريستيان	50
كفيلة	50
ككل	50
كنعاني	50
كنيس	50
كنيست	50
كوكبة	50
كولومبيا	50
كوليبا	50
كوم	50
كوين	50
كيلوغرام	50
لأفراد	50
لأفضل	50
لأكبر	50
لأهمية	50
لأوانه	50
لإجلاء	50
لإعلان	50
لاحتواء	50
لاحظت	50
لاسترداد	50
لاستكشاف	50
لاستهداف	50
لانتخابات	50
لانتشار	50
لتحليل	50
لتحويل	50
لترسيخ	50
لتركيا	50
لتسجيل	50
لتشمل	50
لتصحيح	50
لتعديل	50
لتكوين	50
لتمديد	50
لتمرير	50
لتوثيق	50
لثورة	50
لجذب	50
لجهات	50
لحادث	50
لحرية	50
لحملة	50
لربط	50
لرصد	50
لزراعة	50
لسد	50
لضحايا	50
لضغوط	50
لطلاب	50
لعبها	50
لعلماء	50
لعمامرة	50
لكبار	50
لكييف	50
للأجهزة	50
للإشراف	50
للإمارات	50
للاستخدام	50
للاستقرار	50
للاستيلاء	50
للاشتباه	50
للاطلاع	50
للالتزام	50
للانتقال	50
للبدء	50
للبشرية	50
للتأثير	50
للتايمز	50
للتحذير	50
للتخلي	50
للتدريب	50
للتراجع	50
للتربية	50
للتضامن	50
للتكنولوجيا	50
للجوء	50
للحظة	50
للحكومات	50
للدستور	50
للدورة	50
للسامية	50
للسكن	50
للصحراء	50
للضفة	50
للعلاج	50
للعمال	50
للعملات	50
للعمليات	50
للفيروس	50
للقوى	50
للمستخدمين	50
للمستشفى	50
للمصادقة	50
للمعارضة	50
للمفاوضات	50
للمكتب	50
للمناطق	50
للمنتخبات	50
للموارد	50
للموظفين	50
للناتو	50
للهدنة	50
لليمن	50
لمجلة	50
لمحاكم	50
لمديرية	50
لمشاريع	50
لمعظم	50
لملاحقة	50
لملايين	50
لملف	50
لممارسة	50
لمنزل	50
لمنظومة	50
لمواكبة	50
لنهاية	50
لواشنطن	50
لوك	50
ليسجل	50
مؤامرات	50
مؤامرة	50
مابين	50
ماركو	50
مارين	50
مازالت	50
مايا	50
مبتكرة	50
مبدئي	50
مبدئيا	50
مبروك	50
متبادلة	50
متحالفة	50
متزوج	50
متطرفة	50
متغيرات	50
متقلب	50
متكامل	50
متنها	50
متواصلة	50
متوقفة	50
مثير	50
مثيري	50
مجتمعنا	50
مجتمعية	50
مجدل	50
محاصرة	50
محاكاة	50
محاولتها	50
محسوبة	50
محظورة	50
محلات	50
مخاوفه	50
مختبر	50
مختبرات	50
مداخل	50
مراحله	50
مراهق	50
مرتفعات	50
مرعي	50
مرماه	50
مزقتها	50
مسؤوليتهم	50
مساحته	50
مساره	50
مساندة	50
مستخدمة	50
مستشاري	50
مستودع	50
مسرحية	50
مشابه	50
مشارف	50
مشيدا	50
مصابين	50
مصادرها	50
مصيرية	50
مطالبها	50
مظاهرة	50
معادلة	50
معاريف	50
معاقبة	50
معالجتها	50
معاناتهم	50
معتبرين	50
معتمدة	50
معرضة	50
معمل	50
مفاجأة	50
مقابلات	50
مقاتلي	50
مقاطعات	50
مقرات	50
مقطورة	50
مقهى	50
مكانتها	50
ملاذا	50
مماثل	50
ممتدة	50
مميتة	50
مناخ	50
منتجع	50
منتسبي	50
منتظم	50
منتهية	50
مهامهم	50
مهيأة	50
مواطنون	50
مواطنيه	50
مواعيد	50
موافقتها	50
مواقعها	50
موجها	50
مودي	50
موظفو	50
موناكو	50
ميتافيرس	50
ميديا	50
ميريام	50
ميلاده	50
ناشطة	50
ناقشا	50
ناقشت	50
ناقشنا	50
نالت	50
ناهز	50
نجاحها	50
نجلاء	50
نجمه	50
ندد	50
ندين	50
نشرة	50
نشوب	50
نطالب	50
نظرائه	50
نظريات	50
نعتبر	50
نفايات	50
نفذته	50
نفقات	50
نفوذها	50
نلاحظ	50
نموا	50
نهجه	50
نهضة	50
نوايا	50
نوبل	50
نيجيريا	50
هاتفه	50
هاجموا	50
هادئ	50
هاوتزر	50
هتلر	50
هجماتها	50
هدفي	50
هدوء	50
هندسة	50
هوادة	50
وآسيا	50
وآلية	50
وأجرت	50
وأجزاء	50
وأضافوا	50
وأعتقد	50
وأغلقت	50
وأفراد	50
وأمام	50
وأمراض	50
وأمنه	50
وأمنية	50
وأنشطة	50
وأنهى	50
وأهداف	50
وأوزبكستان	50
واتحاد	50
واتساب	50
وارسو	50
واستقرارها	50
واستمعوا	50
واعتماد	50
والأخيرة	50
والأدوات	50
والأسواق	50
والأكاديمية	50
والأوكراني	50
والإدارات	50
والإسكان	50
والإعلان	50
والإماراتي	50
والإنقاذ	50
والابتكار	50
والاحترام	50
والبرلمان	50
والتجار	50
والتجارية	50
والتحكم	50
والتركيز	50
والترويج	50
والتصدير	50
والتصعيد	50
والتضخم	50
والتفكير	50
والتكنولوجيا	50
والتكنولوجيات	50
والتنظيم	50
والتنموية	50
والتهيئة	50
والتوزيع	50
والجدير	50
والجرائم	50
والجريمة	50
والجمعية	50
والجهود	50
والحديدة	50
والخليج	50
والدراسات	50
والشعوب	50
والصحفيين	50
والصناعات	50
والصيانة	50
والطيران	50
والعاملين	50
والعسكري	50
والعلاجية	50
والعمران	50
والفلسطينية	50
والقضايا	50
والقمع	50
واللا	50
والمادية	50
والمبادرات	50
والمدنية	50
والمرافق	50
والمستشفيات	50
والمسلسلات	50
والمسيحية	50
والمقدسات	50
والمكونات	50
والمواصلات	50
والمواطنين	50
والمواقع	50
والنائب	50
والنقابات	50
والنواب	50
والهجمات	50
والهندسية	50
والهيئات	50
والوفيات	50
واليونان	50
وانخفاض	50
وانخفض	50
وبرنامج	50
وبمجرد	50
وبنسبة	50
وبيعها	50
وتأثيرها	50
وتأهيل	50
وتجارة	50
وتجسيد	50
وتحفيز	50
وتزعم	50
وتصاعدت	50
وتطالب	50
وتعبئة	50
وتعتقد	50
وتعرضت	50
وتفقد	50
وتكنولوجيا	50
وتنتهي	50
وتواصلت	50
وتوزيعها	50
وتوفر	50
وحدد	50
وحرص	50
وحصد	50
وحلفائه	50
وحيدة	50
وخارجها	50
وخلصت	50
ودانت	50
ودرجات	50
ودعمها	50
ودونيتسك	50
ورفد	50
ورفضت	50
وزاري	50
وزيت	50
وسلطنة	50
وسويسرا	50
وسيادته	50
وسيادتها	50
وشبكة	50
وشرطة	50
وشركاء	50
وشركائها	50
وصندوق	50
وطبيعة	50
وطننا	50
وظروف	50
وعددهم	50
وغادر	50
وفلسطين	50
وقبيل	50
وقرارات	50
وقعها	50
ولطالما	50
ولمدة	50
ومبادرات	50
ومباشرة	50
ومجتمع	50
ومحاربة	50
ومحاسبة	50
ومدافع	50
ومراجعة	50
ومسؤول	50
ومقاطع	50
ومقاطعتي	50
ومقتل	50
ومكافحته	50
ومنظومة	50
ونجاح	50
ونددت	50
ونفذت	50
ووحدات	50
ووزراء	50
ويتصدر	50
ويحتوي	50
ويلات	50
ويهدد	50
يتزامن	50
يتلقوا	50
يتوقعون	50
يجسد	50
يجعلهم	50
يحسم	50
يدركون	50
يرأس	50
يرتدي	50
يزبك	50
يستخدمه	50
يشاركوا	50
يشن	50
يصرخ	50
يفضلون	50
يفغيني	50
يمارسه	50
يمتلكون	50
يمينية	50
ينتظره	50
ينتقد	50
ينسجم	50
يهوديت	50
يورغن	50
ويلك	49
قائله	49
المرام	49
بالمؤمنين	49
فيلزمه	49
حيضها	49
يدرى	49
فينظر	49
يتيمم	49
بولد	49
أحسنت	49
مناد	49
البأس	49
يطأ	49
ودليل	49
فإنكم	49
الأبدان	49
نحر	49
كهيل	49
بواجب	49
الرضى	49
فجعلوا	49
غرر	49
موضعين	49
وأرض	49
دليله	49
أصابته	49
يجاوز	49
ويلزمه	49
زكاته	49
والواجب	49
الفوارس	49
ابنك	49
للمسلم	49
ثناء	49
والبزار	49
الإزار	49
موتها	49
نقصت	49
يؤول	49
الكراء	49
مستدرك	49
سألوا	49
الخلاء	49
وبدائع	49
النحويين	49
أشرك	49
لعبده	49
بفتحتين	49
الرماح	49
كاشف	49
وسمعته	49
بنفي	49
الإيضاح	49
يسيل	49
خده	49
خليلا	49
ولدته	49
لظاهر	49
رزقا	49
نكح	49
عبادك	49
بصائر	49
جش	49
وقومه	49
معسرا	49
خالدا	49
وملائكته	49
يبيت	49
خيره	49
مصدق	49
المجتهدين	49
الهمز	49
خالصا	49
الأشتر	49
أنزلناه	49
نبيهم	49
تراجم	49
وكانا	49
والجمهور	49
بيقين	49
بمثلها	49
موافقا	49
فأتي	49
وصى	49
امرأتي	49
والعباس	49
البصير	49
فالحكم	49
مانعا	49
الرقاب	49
خت	49
فأعرض	49
يضحك	49
المصيبة	49
هلم	49
التفرق	49
المفسر	49
للحسن	49
يأتيهم	49
التعلق	49
البستان	49
مفسدة	49
المزارعة	49
البسملة	49
بأجرة	49
الدجى	49
المخصوص	49
استغفر	49
اللباب	49
يفتي	49
عجبت	49
تبدل	49
شهادتهما	49
وارثه	49
الاستيفاء	49
طهرت	49
التعجب	49
فمعنى	49
وقدره	49
يمينك	49
البرقاني	49
بنون	49
نطفة	49
إتيان	49
أفاق	49
فادعى	49
نسخه	49
شره	49
الثقلين	49
أسمائه	49
أمثالها	49
بالنكاح	49
وذكروا	49
فحل	49
اجتهاده	49
اقتضاه	49
النعل	49
والنصب	49
قانع	49
طهور	49
جرحه	49
ذمي	49
يجدوا	49
ثوابه	49
يأكله	49
ولابن	49
والتمر	49
للحاجة	49
نصبه	49
وسلامه	49
تحتمل	49
نصلي	49
وحاصل	49
كتبنا	49
الاستيعاب	49
بعت	49
صنعة	49
موالي	49
أحدنا	49
سهام	49
الرحل	49
وكفر	49
نوعان	49
ليتني	49
أخاك	49
رمل	49
جلست	49
تعلموا	49
باقر	49
فرغت	49
وأرى	49
إيضاح	49
وأهلها	49
وقبله	49
يحيط	49
والشراء	49
استفهام	49
والدار	49
الرائحة	49
يفيده	49
ينفقون	49
الاستحسان	49
تساوي	49
الحليفة	49
اشكال	49
ويذهب	49
متعة	49
وبنات	49
ورحمته	49
بيديه	49
يجرى	49
أثبته	49
ولاة	49
وقتله	49
القيسي	49
معصوم	49
لقيته	49
نعمته	49
يقيد	49
بخلق	49
صفرة	49
صلاتي	49
حضرته	49
يشتغل	49
وستة	49
الساعي	49
انعقد	49
يجيز	49
منافق	49
وقدرته	49
الغابة	49
يرحم	49
دراج	49
والمعروف	49
رميت	49
والنجوم	49
بالزيادة	49
القتيل	49
تنبيها	49
الإناث	49
السفلى	49
يستقر	49
تك	49
غايته	49
وظن	49
معلق	49
أنفع	49
للنفس	49
وعمار	49
يظلم	49
الرافضة	49
للعامل	49
ولزم	49
سلمه	49
لفعل	49
الأكوع	49
مختلفين	49
مولد	49
والمعرفة	49
بأعلى	49
ظهرا	49
سرت	49
قارب	49
الإمساك	49
بضرب	49
الجلالة	49
رقعة	49
مملوكة	49
أخبرت	49
السادة	49
بالنساء	49
سرير	49
التذكير	49
لطيفة	49
المسير	49
خلل	49
فتوى	49
بنيت	49
تقتضيه	49
يعلق	49
طرأ	49
اخبار	49
الثلج	49
يقام	49
الصنف	49
عقلي	49
الإمارة	49
والطريق	49
عابد	49
الحظ	49
بأول	49
بأخذ	49
عدنان	49
أرفع	49
يتميز	49
والقوة	49
البارد	49
للسنة	49
أستاذ	49
الغبار	49
المصريين	49
التحليل	49
تؤمن	49
ودون	49
القطب	49
تستحق	49
شابا	49
النهج	49
الامتثال	49
الأعراض	49
تقديمه	49
المعارض	49
المشاهد	49
إلحاق	49
قتيلا	49
مستقل	49
وخصوصا	49
الحرص	49
وفرض	49
ويعمل	49
تجدد	49
أجرى	49
وتحقيق	49
استقبال	49
المفروضة	49
باللغة	49
تخفيف	49
طاقة	49
ارتكاب	49
التغيير	49
مبنى	49
جيدة	49
خفض	49
السودان	49
مدار	49
التربية	49
بداية	49
نتيجة	49
رغم	49
جديدة	49
أنشده	48
المشيئة	48
الكوفيون	48
أصحابك	48
فيجعل	48
ورضي	48
يلبث	48
وقيد	48
للورثة	48
الجاحظ	48
اختلافهم	48
أيهم	48
المحكي	48
مجتهد	48
بالمنع	48
وأصلها	48
تلد	48
ودعوى	48
ضربين	48
الفاحشة	48
والكسر	48
لؤلؤ	48
خويلد	48
ثمامة	48
التلبية	48
حجره	48
الكاشف	48
والنفس	48
الإماء	48
وسميت	48
والمجنون	48
بإحسان	48
ترابا	48
سدس	48
مطبوع	48
وسجد	48
جملتها	48
وثمانون	48
نعلمه	48
فخرجوا	48
وخطب	48
القرظي	48
المنتقى	48
كرها	48
المطهر	48
وخالفه	48
بالثاني	48
يتأخر	48
واشتهر	48
المستعير	48
البذر	48
الحماني	48
صاحبك	48
فحكم	48
خيرون	48
فقبض	48
فلهم	48
رتب	48
التكذيب	48
جماع	48
السندي	48
آياتنا	48
الخلقة	48
القصار	48
آدمي	48
فظن	48
مقصور	48
فيحرم	48
المكنون	48
الردى	48
سيدا	48
أرطاة	48
والسدي	48
يعجل	48
القاضى	48
استطعتم	48
والفقيه	48
مباحا	48
الغائط	48
وآية	48
بمرو	48
الصنعة	48
وكمال	48
ثناؤه	48
يابس	48
الدارين	48
أشبهه	48
فلله	48
المستفاد	48
والضرب	48
فليراجع	48
فأخذها	48
أرحم	48
صرحوا	48
لعلمه	48
مختصرة	48
مسكر	48
الفلاني	48
معاشر	48
جاءنا	48
الغمر	48
الموالاة	48
تشبيها	48
وأيوب	48
خليلي	48
فيأتي	48
الخنثى	48
منافاة	48
ولكنا	48
قلته	48
بالتوبة	48
الإبهام	48
مهرها	48
فخذه	48
طرقه	48
وافقه	48
شكا	48
ووكيع	48
المعمر	48
اختيارا	48
حمرة	48
ويسن	48
المسور	48
بالشهادة	48
أنفس	48
الظراف	48
حدثتني	48
التواتر	48
الكميت	48
تفرقوا	48
أتلف	48
ومعاذ	48
وليت	48
الحور	48
فأول	48
بلفظه	48
الطيبات	48
وغاية	48
أبوها	48
المجادلة	48
قضاعة	48
بهز	48
حاصله	48
ينشد	48
صلاتك	48
والنكاح	48
الأوليين	48
يعظم	48
أزل	48
جبهته	48
فيثبت	48
فقولوا	48
المضمر	48
القدوري	48
المكلفين	48
بالخلافة	48
اللؤلؤ	48
لامرأة	48
فشهد	48
تعظيما	48
الواحدي	48
خلقهم	48
فداء	48
يضيع	48
وقيمة	48
والمجموع	48
أعمل	48
أزال	48
لضرورة	48
قبولها	48
خفية	48
وكيله	48
والمسألة	48
المستعان	48
يسافر	48
مكث	48
انسان	48
والرضا	48
بالرجوع	48
المحمود	48
سينا	48
أصنع	48
القدماء	48
الإنصاف	48
تفعلوا	48
أنكره	48
حلو	48
وكثيرا	48
تنقص	48
العروس	48
وفضله	48
ردوا	48
العمدة	48
اتباعه	48
غيب	48
شبل	48
ناقته	48
الحسد	48
عناية	48
مروا	48
ناقصة	48
إلياس	48
القاطع	48
دلالته	48
جميلا	48
الأواخر	48
الجبر	48
تلبس	48
مقعده	48
الشهرة	48
الرحال	48
البينات	48
سيفا	48
قيصر	48
المتأخر	48
ينفك	48
والرجوع	48
مودة	48
الحاضرة	48
ديننا	48
علمها	48
نعثر	48
منذر	48
ناقص	48
لدن	48
وشبه	48
با	48
آبادي	48
يكف	48
تتزوج	48
الجعفري	48
اذن	48
راجعون	48
عدمها	48
نصارى	48
ضاع	48
القدرية	48
العمى	48
صوف	48
توثيقه	48
المنسوب	48
حرمته	48
يريده	48
فاس	48
غصن	48
يجعلها	48
الدعوات	48
يتهم	48
يغيب	48
غضبه	48
خالية	48
حقائق	48
المخالفين	48
بالحجارة	48
يميز	48
نفوس	48
يفسر	48
بالرجال	48
أسهل	48
الناقد	48
ركوب	48
قتلا	48
الرسم	48
بأربع	48
ادعت	48
خصائص	48
نصرة	48
تقم	48
منعها	48
معلم	48
أضحى	48
عجائب	48
الجوف	48
الميثاق	48
طبق	48
قرض	48
طوعا	48
عربيا	48
منعت	48
الرؤساء	48
جريدة	48
يستطيعون	48
الاستئناف	48
بحقه	48
بوقت	48
مازن	48
المعنيين	48
مقبرة	48
معتبرة	48
اللذان	48
الفرح	48
الأهلية	48
عصام	48
الحقيقية	48
عضوا	48
البالغة	48
استقبل	48
وبناء	48
التوجه	48
مجتمع	48
انعقاد	48
الخبير	48
فئة	48
سطح	48
الحريري	48
حرارة	48
الاولى	48
للعمل	48
بجامعة	48
الأردن	48
تحديد	48
الطبيعي	48
عقود	48
مشتركة	48
القانون	48
مصادر	48
المزيد	48
الأشخاص	48
الجديدة	48
لبنان	48
يعقلون	47
رمح	47
اقتضاء	47
المنادي	47
استغنى	47
هديا	47
الإخراج	47
أديبا	47
وتكلم	47
نزلنا	47
يحصى	47
الآمدي	47
تأكلوا	47
ويسلم	47
مطابقته	47
الصوري	47
فحلف	47
أنزله	47
السماك	47
الرفق	47
العير	47
مثاله	47
وإسكان	47
أفمن	47
يردها	47
الساكنين	47
اختلافا	47
السختياني	47
يسمون	47
مسه	47
سلطانا	47
وفعله	47
وتسعون	47
الإشهاد	47
والسماء	47
النبلاء	47
الروياني	47
الثريا	47
جويرية	47
وتعلم	47
صوابه	47
والحجة	47
همز	47
السواك	47
مدحه	47
إيماء	47
أضل	47
فبان	47
المخطوطة	47
شبرمة	47
للدلالة	47
النصيب	47
البهيمة	47
تمرا	47
ثمانون	47
أماليه	47
السجدتين	47
الطبرسي	47
ظلمات	47
تمرة	47
فدفع	47
رحمك	47
الجمار	47
ظالما	47
يغرم	47
حلقه	47
غلة	47
المساقاة	47
لعلك	47
والقصر	47
بذكره	47
الحيلة	47
كمبا	47
خراج	47
رباط	47
قاصدا	47
نفلا	47
والمجرور	47
ذبحه	47
وقصر	47
الخفاف	47
يجزيه	47
بدينار	47
أبالي	47
أبيت	47
الأمالي	47
تيقن	47
والعبادة	47
إعراب	47
بالقسط	47
أره	47
ونوى	47
ظرفا	47
حاجتك	47
وأطيعوا	47
فنعم	47
وكتبه	47
مشهورا	47
المسألتين	47
وأثبت	47
للفاعل	47
بعيب	47
أبصارهم	47
النجفي	47
واقف	47
رواته	47
الجور	47
صداقها	47
يغشى	47
يبالي	47
الزنى	47
الدينوري	47
هق	47
ينفسخ	47
للكافرين	47
للبخاري	47
البحتري	47
المكتوب	47
والضياء	47
المن	47
يتزوجها	47
الصيدلاني	47
الأزل	47
المستعمل	47
كائنا	47
بالعذاب	47
التبريزي	47
أحوط	47
بأصل	47
جبرائيل	47
النسك	47
كأبي	47
المنايا	47
خراش	47
مقيدا	47
وا	47
خاله	47
خشيت	47
مستقر	47
مستحقا	47
لزوجته	47
زهر	47
يسألون	47
سنته	47
زريق	47
والعامل	47
أيدينا	47
قسما	47
نبأ	47
خطيئة	47
السم	47
أمثلة	47
صواب	47
والعجب	47
الحضرة	47
بعموم	47
يتعذر	47
مفصلا	47
الإحياء	47
برأيه	47
الأكابر	47
كفيه	47
يوصل	47
وأسماء	47
طوائف	47
مخففة	47
قهرا	47
تكثر	47
يعرفها	47
الطباع	47
الساعدي	47
بلوغه	47
ظهير	47
واتفقوا	47
لأمير	47
ومنعه	47
الظاهري	47
التصوف	47
اصطلاح	47
بطلاق	47
رشيدي	47
والبصر	47
إنكاره	47
برق	47
الخالص	47
وجواز	47
رجح	47
أعدائه	47
عتيبة	47
أرد	47
لاح	47
نصره	47
وسبعة	47
وتخرج	47
التعدد	47
يضيق	47
خطا	47
الخشب	47
مؤلفه	47
تكذيب	47
الآلة	47
تجلى	47
أبقى	47
صلبه	47
لبقاء	47
الغطاء	47
معتمد	47
يبدل	47
ذهبوا	47
بعشر	47
لمجرد	47
عملك	47
مكتوبا	47
طلبها	47
معانيه	47
لدين	47
لثبوت	47
وأسر	47
الأجناس	47
دخلنا	47
أقم	47
حاجا	47
قطرة	47
حظه	47
دخله	47
الحليم	47
بطال	47
لوجه	47
تقصير	47
للرسول	47
المقربين	47
فكر	47
كرر	47
الحطب	47
الستين	47
الدلو	47
مفاتيح	47
عقدا	47
الأحرار	47
سؤاله	47
حضره	47
الضيق	47
الأوامر	47
منظور	47
اكتفى	47
سمرقند	47
والكثير	47
للفعل	47
مجانا	47
وأقر	47
بيضة	47
وأعاد	47
يراها	47
فكلما	47
تربة	47
بغية	47
وإطلاق	47
وكتبت	47
الجوار	47
مفيد	47
تدور	47
تحقيقه	47
شهور	47
للبيع	47
بديل	47
خالص	47
الراحة	47
السرية	47
يومي	47
التالي	47
ارتفعت	47
الاعتراف	47
تنتهي	47
مواطن	47
لعب	47
طبيعة	47
فجر	47
سبل	47
الموارد	47
وحدة	47
الطبيعية	47
لأي	47
الفرنسية	47
الأحداث	47
الإنسانية	47
التركي	47
اللازمة	47
الصين	47
السعودية	47
حياء	46
مخالفته	46
رحيما	46
ليحيى	46
لنبيه	46
يمن	46
وبينكم	46
بأحسن	46
جهم	46
القطيعي	46
فوقهم	46
بمعروف	46
فليصل	46
زيادته	46
الأحبار	46
وطاعة	46
قتالا	46
ففعلت	46
جنادة	46
ناجية	46
فأتيته	46
بقيد	46
التساوي	46
نوحا	46
السفيه	46
المحارم	46
شجاعا	46
الفيض	46
طهمان	46
ضامنا	46
ودل	46
العوفي	46
رض	46
خوارزم	46
الرمح	46
بقيمته	46
والثناء	46
الدورقي	46
سواك	46
والنسائى	46
لقومه	46
الإقالة	46
ولهما	46
تفريق	46
المثلثة	46
تعجل	46
رقاب	46
وبطل	46
الشقص	46
والقراءة	46
نبوته	46
يندفع	46
جهالة	46
حجية	46
خثيم	46
أبطل	46
جشم	46
غيركم	46
النديم	46
ويكتب	46
الصلاتين	46
بهمزة	46
وضوءه	46
يزوج	46
أتانا	46
الصواف	46
سكون	46
لبنها	46
مخاض	46
وأقره	46
واستعمل	46
فشرب	46
الثمانين	46
فطرة	46
والصالحين	46
وناقة	46
الاستطاعة	46
بالجمع	46
أعينهم	46
لغو	46
رويت	46
تتخذوا	46
المعهود	46
بذكرها	46
ولدك	46
تغرب	46
مرادا	46
رطل	46
المرعشي	46
بموضع	46
هناد	46
فرات	46
فوقعت	46
فراجعه	46
عقولهم	46
أطاع	46
حولا	46
المشبه	46
طبعه	46
ساعدة	46
ولقوله	46
التتار	46
الخبرين	46
فاتته	46
حواشي	46
بالنذر	46
نبأنا	46
نسبا	46
منقول	46
مصدرية	46
القرائن	46
وتجب	46
غم	46
وحاصله	46
يدفن	46
والطير	46
سراقة	46
أمثاله	46
سمت	46
النسفي	46
نودي	46
خرقة	46
زوجتك	46
الإفراد	46
ورعا	46
أوحي	46
جمعوا	46
أموت	46
وأخذه	46
وفارق	46
فسلمت	46
وهرب	46
عشره	46
أخوك	46
فليح	46
كتابك	46
الأكثرين	46
أيكم	46
وبعضه	46
مرداس	46
أنبياء	46
قبضها	46
ونا	46
فاتقوا	46
يداه	46
والصبيان	46
هالك	46
يرثه	46
يلزمها	46
قاعد	46
الراوندي	46
والنخعي	46
حرز	46
أشعار	46
الهامش	46
وتقديره	46
مخرجا	46
بأمور	46
يعفو	46
أمينا	46
بنصب	46
التعدي	46
تجر	46
الزيدية	46
صديقا	46
وكلها	46
الهلالي	46
قلع	46
والأحكام	46
وثمانية	46
زاهدا	46
القطن	46
والحساب	46
الأقطار	46
يشهدون	46
ووصفه	46
الذباب	46
العثماني	46
فمثل	46
قسمت	46
يقض	46
الأخر	46
يسرق	46
نائبه	46
عل	46
غرس	46
بعلي	46
الساق	46
يقتص	46
يخافون	46
مدبر	46
الخيط	46
الغلبة	46
تنازع	46
فزع	46
تبرع	46
مذكورة	46
والأسود	46
الأسرار	46
تبرأ	46
المقامات	46
التأليف	46
نزوله	46
استحسانا	46
ولحق	46
ويريد	46
ظني	46
والمؤمنات	46
الولاة	46
عسل	46
نجدة	46
رستم	46
جنازته	46
إخوانه	46
لبعضهم	46
والمشتري	46
فيحصل	46
والشجر	46
صغر	46
يلق	46
يملأ	46
يشكر	46
يطلبون	46
معجزة	46
حرير	46
المنفرد	46
غريبا	46
خفف	46
وأولاد	46
أوقية	46
أمواله	46
ومثال	46
عنان	46
الشبهات	46
فليكن	46
ويدفع	46
وظهور	46
الصالحي	46
اشتبه	46
الأبد	46
والعرض	46
المندوب	46
ومعها	46
المشاهدة	46
تختص	46
بآخر	46
خاطب	46
بالمسجد	46
القبيل	46
المنورة	46
ينسى	46
هجرة	46
حدثا	46
مجيد	46
وإظهار	46
فيروز	46
الكيفية	46
الاشتباه	46
بأداء	46
وباقي	46
المصلين	46
لأصحاب	46
خشبة	46
اعتقاده	46
الزهراء	46
يعاقب	46
يسهل	46
مدته	46
تناوله	46
عرش	46
وتركت	46
ومعهم	46
عرفته	46
أينما	46
الخيانة	46
مشتركا	46
تحمله	46
التقسيم	46
تليها	46
مدعي	46
يشعرون	46
الواسع	46
تمثيل	46
المولد	46
العبارات	46
التعديل	46
مملكة	46
أعماله	46
وصفها	46
علقت	46
لجماعة	46
الخارجي	46
أخيرا	46
رواد	46
غرق	46
القبة	46
علاج	46
اللعب	46
منظومة	46
ونشر	46
وصوله	46
دقيقة	46
الموسم	46
وسبق	46
اكثر	46
كلمته	46
لسنة	46
صباحا	46
لأول	46
لحظة	46
رحلة	46
المدن	46
غرفة	46
طوال	46
القائمة	46
دراسة	46
القائد	46
القرار	46
المشتركة	46
وزارة	46
آتا	46
آجال	46
آموس	46
آند	46
آيت	46
أبراهام	46
أبرزت	46
أبرمتها	46
أبشع	46
أتاحت	46
أتوقع	46
أثاث	46
أجلت	46
أحبط	46
أخصائية	46
أخلاقي	46
أخلاقية	46
أدوار	46
أرباحا	46
أريزونا	46
أرييه	46
أزياء	46
أساتذة	46
أساسها	46
أستاذة	46
أسرهم	46
أسطح	46
أشبال	46
أصدره	46
أصرت	46
أطاحت	46
أطفالهم	46
أغاني	46
أغلبها	46
أغلبهم	46
أقاليم	46
أقلية	46
أقنعة	46
أكار	46
أكرد	46
ألغت	46
أمنيين	46
أميركيين	46
أنالينا	46
أنبوب	46
أندرويد	46
أنطوني	46
أنظار	46
أهدافه	46
أوربان	46
أوكتان	46
أوكرانيون	46
أوكرانيين	46
أولد	46
إبطاء	46
إثرها	46
إجرامية	46
إحالته	46
إخطار	46
إخطارا	46
إخماد	46
إدارات	46
إداري	46
إرهابيين	46
إشراك	46
إشكالية	46
إضافيا	46
إعلامي	46
إفراغ	46
إفريقي	46
إقبالا	46
إكسبو	46
إلهام	46
إماراتية	46
إمكانات	46
إنجازه	46
إنكلترا	46
إيف	46
اتفقنا	46
اجتاحت	46
احترازية	46
احتل	46
اختبارا	46
اختتام	46
اختصاصي	46
اختطاف	46
ارتدى	46
ارتياحه	46
ارتياحهم	46
اسباب	46
استبعد	46
استثمارية	46
استثمرت	46
استخدامهم	46
استشعار	46
استعاد	46
استقدام	46
اسكتلندا	46
اشتبكت	46
اشخاص	46
اصطدام	46
اعتدنا	46
اعتصام	46
اعتقلوا	46
اعضاء	46
اعلان	46
افتتاحية	46
افتراض	46
اقتطاع	46
اكتشافه	46
اكتمال	46
الآمنة	46
الأثرياء	46
الأخلاقي	46
الأرثوذكسية	46
الأرمينية	46
الأطر	46
الأطول	46
الأطياف	46
الأعيرة	46
الأقنعة	46
الأنقاض	46
الإجتماعي	46
الإجرامي	46
الإطارية	46
الإعدامات	46
الإلزامي	46
الإلغاء	46
الإمبراطورية	46
الإمبريالية	46
الابتكار	46
الابتكارات	46
الاحزاب	46
الاخبارية	46
الاختراق	46
الاختلافات	46
الاستاذ	46
الاستثماري	46
الاستثنائي	46
الاستخباراتي	46
الاستشارات	46
الاستشارة	46
الاستشاري	46
الاستطلاعات	46
الاستيرادية	46
الاضراب	46
الاضطلاع	46
الاقتحامات	46
الاقصى	46
الاكتشافات	46
الالتفاف	46
الالتهابات	46
الامطار	46
الامني	46
الاموال	46
الانتفاضة	46
الانشغالات	46
الانفصالية	46
الانفصاليين	46
الانهيارات	46
الاوكراني	46
البؤر	46
الباسيج	46
الباكر	46
البحرينية	46
البروتوكول	46
البروفسور	46
البرونزية	46
البشعة	46
التأهب	46
التايمز	46
التجزئة	46
التجسس	46
التجنيد	46
التحذيرات	46
التحشيد	46
التحويلات	46
التدفق	46
التدفقات	46
الترابط	46
التراخيص	46
الترميم	46
الترويكا	46
التزود	46
التساؤل	46
التسهيلات	46
التشفير	46
التشكيل	46
التشويش	46
التعسفية	46
التغريدة	46
التكافؤ	46
التكافل	46
التكميلي	46
التلفزيوني	46
التنديد	46
التنظيمي	46
التهدئة	46
التوصية	46
التوليد	46
التينة	46
الثوابت	46
الجافة	46
الجانبية	46
الجباية	46
الجثامين	46
الجغرافية	46
الجنرالات	46
الجنسيات	46
الجوالة	46
الحاخام	46
الحارقة	46
الحديدي	46
الحصص	46
الحصيلة	46
الحقوقي	46
الحكومتين	46
الحلبوسي	46
الحوثيون	46
الخالدة	46
الخضيرة	46
الخلافية	46
الداعمين	46
الدبلوماسيون	46
الدراما	46
الدرامي	46
الدعاية	46
الدكتاتورية	46
الديب	46
الديمقراطيين	46
الديوك	46
الرأسمالية	46
الرئيسين	46
الراقية	46
الرعاة	46
الرعدية	46
الرقمنة	46
الركراكي	46
الزعيمان	46
الزملاء	46
الساحقة	46
الساورة	46
السردي	46
السرطانية	46
السرقات	46
السريري	46
السطحية	46
السعرات	46
السعوديون	46
السنوار	46
السوريون	46
السوفييتي	46
السويسرية	46
السياج	46
السيادي	46
السيدات	46
الشارة	46
الشرايين	46
الشرفاء	46
الشعارات	46
الشوف	46
الشيخة	46
الشيشان	46
الشيكات	46
الشيكل	46
الصخرية	46
الصعاب	46
الضاحية	46
الضريبي	46
الطاقوية	46
الطماطم	46
الطواقم	46
الطيارين	46
الظهير	46
العاديين	46
العاطفية	46
العاملات	46
العبوة	46
العتيبة	46
العدلي	46
العدواني	46
العريق	46
العشرينيات	46
العلاجية	46
العليمي	46
العملاق	46
العوائق	46
العولمة	46
الغامضة	46
الغنائية	46
الغيط	46
الفاشية	46
الفاف	46
الفترات	46
الفخرية	46
الفدرالي	46
الفلاحين	46
الفلسطينين	46
الفنانون	46
الفنلندي	46
الفوتوغرافي	46
الفيسبوك	46
القارات	46
القاسي	46
القتلة	46
القدامى	46
القذافي	46
القمامة	46
القنيطرة	46
القوقاز	46
القياسية	46
الكابتن	46
الكابيتال	46
الكادر	46
الكالسيوم	46
الكثيفة	46
الكحولية	46
الكراسي	46
الكروي	46
الكلاسيكي	46
الكلفة	46
الكلوي	46
الكمامة	46
الكومنولث	46
الكونجرس	46
الكونفدرالية	46
اللاتينية	46
اللاذقية	46
اللياقة	46
الليزر	46
الليمون	46
المؤسس	46
المؤسف	46
الماروني	46
المتاجر	46
المتاح	46
المتتالية	46
المتحورة	46
المتداول	46
المتراكمة	46
المترشحين	46
المتصاعد	46
المتعاقبة	46
المتفجرات	46
المتمردين	46
المتنوعة	46
المتواجدة	46
المتوجهة	46
المتوسطية	46
المثالية	46
المحتجزة	46
المحدودة	46
المحسوبة	46
المحلات	46
المحلفين	46
المحللة	46
المحملة	46
المخازن	46
المختبر	46
المختبرات	46
المدعومين	46
المدفوعات	46
المذكرات	46
المذهبي	46
المذيع	46
المذيعة	46
المراسلة	46
المراسيم	46
المراهقين	46
المرشحة	46
المزارعون	46
المساءلة	46
المستشارة	46
المستهلكة	46
المستويين	46
المسموح	46
المسيئة	46
المصاعب	46
المصدرين	46
المطروح	46
المطرية	46
المعادلة	46
المعالجات	46
المعدني	46
المعروض	46
المعقدة	46
المعلمون	46
المغتربين	46
المغرر	46
المغلف	46
المفقودة	46
المفقودين	46
المقاومين	46
المقتنيات	46
المقدسية	46
المقياس	46
المكثفة	46
المكسيكية	46
الملزمة	46
الممتد	46
الممول	46
المنافس	46
المنتجون	46
المنتدب	46
المنددة	46
المندوبين	46
المنشودة	46
المنشورات	46
المهاجمين	46
الموازنات	46
المواصفات	46
المواعيد	46
المودعة	46
الموضة	46
الموكلة	46
الميادين	46
الميثان	46
الميدالية	46
النائية	46
النزعة	46
النسيج	46
النشرة	46
النشط	46
النصفية	46
النضالي	46
النظري	46
النظيف	46
النظيفة	46
النكبة	46
النمسا	46
النمساوية	46
النموذجية	46
النوافذ	46
الهاوية	46
الهبوط	46
الهزة	46
الهندسية	46
الهولندية	46
الهياكل	46
الواعدة	46
الواقي	46
الوبائية	46
الورقية	46
الوطيدة	46
اليدوية	46
اليسارية	46
اليمينيين	46
امتحانات	46
امتلاكها	46
انتحاري	46
انتصار	46
انتصارا	46
انتقدت	46
انتكاسة	46
انسحابها	46
انفتاح	46
انفصالها	46
انقلابا	46
اهالي	46
اهتمامات	46
اهتمت	46
بأجهزة	46
بأشكال	46
بأضرار	46
بأعداد	46
بأفكار	46
بأكبر	46
بأمريكا	46
بإثارة	46
بإمكانه	46
بإمكانهم	46
بإيقاف	46
باتيل	46
باحاته	46
باستعادة	46
باطلاق	46
باعتقال	46
بافتتاح	46
باقتحام	46
باكو	46
بالأسعار	46
بالإرهاب	46
بالإعلان	46
بالاتحاد	46
بالاختناق	46
بالاستمرار	46
بالاعتداء	46
بالاعتراف	46
بالانتماء	46
بالانسحاب	46
بالتحية	46
بالتخلي	46
بالتصدي	46
بالتعب	46
بالتعليم	46
بالتواصل	46
بالحزن	46
بالحقوق	46
بالذهاب	46
بالسياسة	46
بالشأن	46
بالشؤون	46
بالعملة	46
بالفرار	46
بالقانون	46
بالقوات	46
بالكهرباء	46
باللوم	46
بالليرة	46
بالمؤسسة	46
بالمجتمع	46
بالمستشفى	46
بالمستوى	46
بالنجاح	46
باليستية	46
ببرنامج	46
ببيانات	46
بتأثير	46
بتأييد	46
بتجميد	46
بتحليق	46
بتحمل	46
بتسيير	46
بتصميم	46
بتفتيش	46
بتهريب	46
بتوجيهات	46
بتوزيع	46
بتوقيف	46
بجلسة	46
بجودة	46
بحثية	46
بدراسة	46
بدوريات	46
بذلتها	46
بذور	46
براثن	46
براك	46
برتبة	46
برحيل	46
برغم	46
برفض	46
بروين	46
بريكس	46
بسجن	46
بسجنه	46
بسلاسة	46
بشأنها	46
بشجاعة	46
بصراحة	46
بصعوبة	46
بطرح	46
بطرد	46
بطولات	46
بظلالها	46
بفترة	46
بقلق	46
بقوات	46
بكري	46
بكفالة	46
بلاك	46
بلبنان	46
بلعباس	46
بلقاسم	46
بلومبرج	46
بمؤسسات	46
بمعالجة	46
بمعاناة	46
بمعدات	46
بمعدلات	46
بمفردها	46
بمكتب	46
بمكيالين	46
بممارسة	46
بمهام	46
بمهمة	46
بموجبها	46
بوجدور	46
بوريطة	46
بوفد	46
بيار	46
بياناتها	46
بيبي	46
بيلد	46
تأسس	46
تؤد	46
تؤيد	46
تابعين	46
تاس	46
تامر	46
تتخطى	46
تتزامن	46
تتساقط	46
تتصاعد	46
تتضح	46
تتطلع	46
تتعمد	46
تجاوزوا	46
تجديدها	46
تجسسية	46
تحتاجه	46
تحديا	46
تحذيرا	46
تحضيرية	46
تحطمت	46
تحطيم	46
تحليق	46
تحويله	46
تختفي	46
تخطي	46
تدخلت	46
تدريبا	46
تدريجي	46
تدوير	46
تذكارية	46
ترافق	46
تراوح	46
ترتكبها	46
ترتيبات	46
ترحيبا	46
ترحيل	46
ترشح	46
ترشيد	46
تركيزها	46
ترودو	46
تزخر	46
تزن	46
تسببه	46
تستخدمه	46
تسديدة	46
تسعيرة	46
تسلمت	46
تسليح	46
تسود	46
تشاد	46
تشانغ	46
تشريعات	46
تشغل	46
تشكله	46
تشكيلها	46
تشي	46
تصادم	46
تصريحاتها	46
تصعيدية	46
تضامن	46
تضخيم	46
تضطلع	46
تضغط	46
تضييق	46
تطال	46
تطرقت	46
تطرقه	46
تعاقد	46
تعاملت	46
تعامله	46
تعانيه	46
تعرضهم	46
تعرقل	46
تعكف	46
تعيق	46
تغذي	46
تفاقمت	46
تفكك	46
تقديرية	46
تقلبات	46
تقلل	46
تقوض	46
تقييمات	46
تكريس	46
تلتزم	46
تلتها	46
تلقينا	46
تلقيهم	46
تلمودية	46
تلوث	46
تليغرام	46
تمارين	46
تمرد	46
تمكنهم	46
تمكنوا	46
تندلع	46
تنظمها	46
تنظيفها	46
تنفيذية	46
تنفيه	46
تنمو	46
تهتم	46
توخي	46
تورطه	46
توزيعها	46
توصية	46
توضيحية	46
توعدت	46
توقيفها	46
ثانوي	46
ثروته	46
ثمينة	46
ثوان	46
جاسم	46
جافة	46
جامعي	46
جاهزون	46
جبين	46
جثامينهم	46
جرائمه	46
جرحى	46
جسمك	46
جماهيري	46
جوليان	46
جومارت	46
جونز	46
جيرانها	46
جيروم	46
جيشها	46
جيوسياسية	46
حافظت	46
حايك	46
حرصت	46
حزبية	46
حسني	46
حصاد	46
حصتها	46
حصرية	46
حضارات	46
حضارة	46
حظك	46
حظيت	46
حفيظة	46
حقائب	46
حققها	46
حكيمي	46
حمادة	46
حمض	46
حوش	46
خارجيتها	46
خامنئي	46
خانقة	46
خدماته	46
خطابها	46
خطابية	46
خلفتها	46
خوسيه	46
داني	46
دبكة	46
دراسية	46
دشنت	46
دعاوى	46
دفاعات	46
دهس	46
دهم	46
دوجين	46
دولتين	46
ديانا	46
ذكية	46
رؤى	46
رابح	46
راسخة	46
رافضا	46
رافق	46
رحيله	46
رشاشات	46
رشق	46
رصده	46
رفاقه	46
رفينيتيف	46
ركائز	46
رملية	46
روش	46
رون	46
روني	46
ريادة	46
رياضي	46
زبانة	46
زحلة	46
زعيمة	46
زلزال	46
زملائها	46
زمور	46
زوارق	46
زودت	46
ساحقة	46
ساوثغيت	46
ساويرس	46
ساينس	46
سباقات	46
ستار	46
ستتم	46
ستجد	46
ستحتاج	46
ستحل	46
ستذهب	46
سترتفع	46
ستركز	46
ستزود	46
ستشارك	46
ستشكل	46
ستصل	46
ستعزز	46
ستفتح	46
ستنتهي	46
ستنشر	46
ستيف	46
سحبت	46
سدة	46
سعادتهم	46
سفرهم	46
سفيرا	46
سكني	46
سكيكدة	46
سلامتهم	46
سلطته	46
سلواد	46
سماح	46
سنتيم	46
سول	46
سيادتها	46
سيدفع	46
سيسهم	46
سيشارك	46
سيصدر	46
سيطرته	46
سيعزز	46
سيقرر	46
سينمائية	46
سيول	46
سيولة	46
شائعات	46
شابين	46
شبح	46
شجار	46
شرطي	46
شرفة	46
شريط	46
شقق	46
شكلها	46
شهية	46
شو	46
شيقل	46
شيكاغو	46
صخرية	46
صلات	46
صمودهم	46
صناعات	46
ضاحية	46
ضوئية	46
ضيوف	46
طائرتين	46
طائلة	46
طاقتها	46
طالبي	46
طفولته	46
طقس	46
طموح	46
ظفار	46
عائلتي	46
عاجزة	46
عاشور	46
عالقة	46
عانوا	46
عداء	46
عدسات	46
عدسة	46
عربات	46
عربة	46
عصور	46
عضلات	46
عكسية	46
علوش	46
عمليا	46
عمومية	46
عنابة	46
عنصرية	46
غابرييل	46
غان	46
غرد	46
غسيل	46
غوارديولا	46
غواصة	46
فالنسيا	46
فخ	46
فرانك	46
فرانكفورت	46
فرجينيا	46
فرحان	46
فرصا	46
فرنسية	46
فريدمان	46
فريقها	46
فعليا	46
فلاحي	46
فمنذ	46
فوكس	46
فيتالي	46
فيتنام	46
فيريرا	46
فيلمه	46
قادت	46
قاع	46
قداسة	46
قره	46
قطاعي	46
قناتها	46
قناعة	46
قوامها	46
قوجيل	46
قيادته	46
قيادتها	46
قيامهم	46
كابل	46
كارل	46
كارلو	46
كارلوس	46
كامبريدج	46
كاميلا	46
كريدي	46
كـ	46
كمرحلة	46
كمين	46
كواليس	46
كول	46
كيب	46
كيشيدا	46
كيليان	46
كين	46
لأبطال	46
لأجهزة	46
لأراضي	46
لأعضائها	46
لأماكن	46
لإبرام	46
لإحباط	46
لإخفاء	46
لإقليم	46
لإقناع	46
لاتفاقيات	46
لاجئين	46
لاحتضان	46
لاحظنا	46
لاستغلال	46
لافت	46
لاكتشاف	46
لانتقادات	46
لانفجار	46
لبنانيين	46
لبوتين	46
لتثبيت	46
لتجربة	46
لتحالف	46
لتحل	46
لترامب	46
لتصفية	46
لتقارير	46
لتقوية	46
لتنمية	46
لتوقيع	46
لتولي	46
لتونس	46
لجبهة	46
لجريمة	46
لجلسة	46
لجمال	46
لجوء	46
لحمايتها	46
لحوالي	46
لحياة	46
لخمسة	46
لدائرة	46
لدعوة	46
لدوره	46
لذكرى	46
لراديو	46
لزيت	46
لسحب	46
لسوق	46
لسياسات	46
لشباب	46
لشرطة	46
لشعبنا	46
لضربة	46
لضغط	46
لطبيعة	46
لطرد	46
لعبت	46
لعشرات	46
لعقود	46
لعودة	46
لفرع	46
لفكرة	46
لقائد	46
لقرارات	46
لقواعد	46
لكورونا	46
للآخرين	46
للأحزاب	46
للأدوية	46
للأسرى	46
للألعاب	46
للأنظمة	46
للأوقية	46
للإحصاء	46
للإحصائيات	46
للإصلاحات	46
للإعلام	46
للاختيار	46
للاستثمارات	46
للاستمرار	46
للاستهلاك	46
للاعب	46
للبت	46
للبرنامج	46
للبنوك	46
للتأهل	46
للتجديد	46
للتحالف	46
للتحدث	46
للتحرك	46
للتدخل	46
للتغيير	46
للتفاعل	46
للتفتيش	46
للتقاعد	46
للتنقيب	46
للتيار	46
للثروات	46
للجامعة	46
للجمارك	46
للحالات	46
للحشد	46
للحضور	46
للحل	46
للحوثيين	46
للخطة	46
للديوان	46
للذهب	46
للسوق	46
للسيدات	46
للشغل	46
للصمود	46
للطعن	46
للطفولة	46
للعائلة	46
للغابات	46
للفئات	46
للقصف	46
للكاتب	46
للكلمة	46
للمدير	46
للمراكز	46
للمرتزقة	46
للمزيد	46
للمسؤول	46
للمساهمة	46
للمستشفيات	46
للمستهلك	46
للمستهلكين	46
للمستوطنين	46
للمضي	46
للملاحة	46
للمناخ	46
للمنار	46
للمنتجات	46
للمهام	46
للمهرجان	46
للنادي	46
للنازحين	46
للهجمات	46
للهروب	46
للوطن	46
للوعي	46
لمبادرة	46
لمباراة	46
لمبدأ	46
لمحة	46
لمراكز	46
لمشاعر	46
لمعاقبة	46
لمعايير	46
لمقاطعة	46
لملء	46
لمنح	46
لموسم	46
لموظفي	46
لمياه	46
لنشر	46
لنهائيات	46
لوحدات	46
لوحدة	46
لوحظ	46
ليبقى	46
ليزا	46
ليعود	46
ليفي	46
ليندا	46
ليو	46
مؤتمرات	46
مؤتمره	46
ماكس	46
مباشرا	46
متابعا	46
متحدثا	46
متحورات	46
متزايدا	46
متظاهرون	46
متعمد	46
متنقلة	46
متوازنة	46
مجهولون	46
مجهولين	46
محاضرات	46
محتلة	46
محرك	46
محصول	46
مخازن	46
مخاطرة	46
مخزونات	46
مخفضة	46
مداها	46
مدفع	46
مدفعي	46
مدون	46
مرافقة	46
مرتقب	46
مرتقبة	46
مرتكزات	46
مرشحا	46
مرورية	46
مرونة	46
مزاد	46
مزدوجة	46
مزعومة	46
مزيفة	46
مساحتها	46
مساعدي	46
مسافات	46
مسببات	46
مستدام	46
مستدامة	46
مستفيد	46
مستقبلهم	46
مستوطنات	46
مستوياته	46
مسدس	46
مشاركتهم	46
مشبوهة	46
مشروعه	46
مصابة	46
مصارف	46
مصافحة	46
مصمم	46
مطالبات	46
مطالبين	46
معاداة	46
معالجته	46
معامل	46
معتقل	46
معتقلي	46
معركته	46
مغربية	46
مغزى	46
مفارز	46
مقتنع	46
مقلق	46
ملزم	46
ملياري	46
مليشيا	46
ممثلون	46
مناصرة	46
منافسه	46
مناقشتها	46
منتخبنا	46
منتشرة	46
منتقدي	46
منجزات	46
منحها	46
منخفضا	46
منزلهم	46
منطقي	46
مهتمة	46
مهلوس	46
مهند	46
موسعة	46
موعده	46
مولدوفا	46
مولودية	46
مولوي	46
مون	46
ميد	46
ميسان	46
ميستورا	46
نابولي	46
ناجح	46
ناخب	46
ناديه	46
نازح	46
نايدس	46
نبذل	46
نجاحات	46
نجله	46
ندعم	46
نرحب	46
نريده	46
نزوح	46
نستعد	46
نشاهد	46
نشط	46
نصفهم	46
نصية	46
نظمتها	46
نظيريه	46
نعلن	46
نفوسة	46
نقاشات	46
نقطتين	46
نلتقي	46
نمتلك	46
نواجه	46
نواف	46
نوفوستي	46
نوقشت	46
نيتها	46
نيكولا	46
هاريس	46
هانس	46
هبات	46
هجمة	46
هريسة	46
هشة	46
هوائية	46
هيرنانديز	46
وآثارها	46
وأبرزت	46
وأدوات	46
وأذربيجان	46
وأراضي	46
وأستراليا	46
وأسلحة	46
وأشاروا	46
وأصر	46
وأطفال	46
وأطلع	46
وأعادت	46
وأقرت	46
وأمضى	46
وإثيوبيا	46
وإلزام	46
وإمكانية	46
واتسآب	46
واتسون	46
واحتجاز	46
وارتداء	46
واستخدمت	46
واستخراج	46
واستطرد	46
واستقلال	46
واستقلاله	46
واصفة	46
واضافت	46
واط	46
واعتدوا	46
واقية	46
واكدت	46
والأحداث	46
والأخلاقية	46
والأرجنتين	46
والأضرار	46
والأمني	46
والأمين	46
والأهداف	46
والأوقاف	46
والإسرائيليين	46
والإعلامية	46
والإمكانيات	46
والاتصال	46
والاتفاقيات	46
والاستيطان	46
والاكتئاب	46
والانتخابات	46
والباحث	46
والبرتغال	46
والبطولة	46
والبلدات	46
والبيانات	46
والتثقيف	46
والتجاري	46
والتجسسي	46
والتحسين	46
والتحول	46
والتدخل	46
والتدخلات	46
والتراث	46
والتشاور	46
والتشريعية	46
والتشغيل	46
والتصويت	46
والتطور	46
والتعبئة	46
والتعذيب	46
والتفاهم	46
والتفاوض	46
والتلاحم	46
والتهميش	46
والتى	46
والتيار	46
والجمعيات	46
والخبراء	46
والخبرات	46
والخضروات	46
والداخلية	46
والدبلوماسية	46
والدكتور	46
والروسية	46
والسبل	46
والسلوان	46
والشركاء	46
والشيوخ	46
والصحية	46
والصعوبات	46
والطبية	46
والظروف	46
والعبر	46
والعربي	46
والعلاقة	46
والغذائية	46
والفرنسية	46
والفكري	46
والكاتب	46
والكفاءة	46
والكوارث	46
والكويت	46
واللاجئين	46
والمازوت	46
والمحروقات	46
والمزيد	46
والمساعدات	46
والمستثمرين	46
والمستلزمات	46
والمشروبات	46
والمضي	46
والمعروفة	46
والمعلمين	46
والمغاربة	46
والممثل	46
والمنازل	46
والمنشآت	46
والمهنية	46
والموظفين	46
والنتائج	46
والنرويج	46
والنظافة	46
والنمو	46
والنهوض	46
والواجبات	46
والوثائق	46
والوقود	46
وانتصار	46
وانتهاء	46
واوضح	46
وبالأخص	46
وبالتعاون	46
وبدء	46
وبشأن	46
وبلدات	46
وبنك	46
وتؤدي	46
وتحتوي	46
وتحد	46
وتحديدا	46
وتذليل	46
وتراجعت	46
وتربية	46
وترويج	46
وتساءل	46
وتشارك	46
وتشويه	46
وتصبح	46
وتعزز	46
وتعميق	46
وتفيد	46
وتقدر	46
وتكرارا	46
وتلبية	46
وتمتلك	46
وتنتظر	46
وتهدد	46
وتهديدات	46
وتهيئة	46
وتواجه	46
وتوج	46
وتوقعات	46
وجماهير	46
وجمعية	46
وجنود	46
وحالات	46
وحجز	46
وحققت	46
وخارج	46
وختمت	46
وخطط	46
وخطوط	46
وخطيرة	46
وخليج	46
وخيانة	46
ودورها	46
ورقمنة	46
وركزت	46
وساطة	46
وستستمر	46
وسعر	46
وسنواصل	46
وشبكات	46
وشيك	46
وصباح	46
وضغط	46
وضمت	46
وعائلته	46
وعسكرية	46
وعودة	46
وفحص	46
وفرص	46
وقائية	46
وقدرتها	46
وقفات	46
وقمة	46
وقوافل	46
وقيمه	46
وكأس	46
وكبيرة	46
وكرة	46
وكوادر	46
ولاعب	46
ولدينا	46
وللأسف	46
وليام	46
ومادة	46
ومالية	46
ومبادئه	46
ومحافظة	46
ومدراء	46
ومرافق	46
ومساء	46
ومستوطنيه	46
ومشايخ	46
ومعاناة	46
ومعتدلة	46
ومقدمي	46
ومكاتب	46
وممارسات	46
وممثلو	46
ومنح	46
ومنحها	46
ومنشآت	46
ومهارات	46
ومواساة	46
وموظفي	46
وموقف	46
وناشد	46
ونتمنى	46
ونجح	46
ونجحت	46
ونشرها	46
ونفذوا	46
ونمو	46
ونيويورك	46
وهدفه	46
وهمية	46
ووصفتها	46
ووكالات	46
ويتذكر	46
ويتمثل	46
ويتواجد	46
ويحاولون	46
ويدير	46
ويرتبط	46
ويرغب	46
ويشغل	46
ويقود	46
ويلعب	46
يأملون	46
يؤجج	46
ياد	46
يتأهل	46
يتبق	46
يتبنى	46
يتداول	46
يتدخل	46
يتصاعد	46
يتطور	46
يتعارض	46
يتعاون	46
يتنافس	46
يتوجب	46
يحاكي	46
يحتفظ	46
يحتفلون	46
يحصلوا	46
يحلو	46
يدافعون	46
يدوية	46
يرأسها	46
يرافقه	46
يرتقب	46
يرسم	46
يشاركون	46
يشكك	46
يشكلون	46
يطالبون	46
يطبق	46
يعبرون	46
يعتبره	46
يعملان	46
يقترح	46
يكتمل	46
يمنحها	46
يهاجم	46
يهمه	46
يي	46
إثباته	45
وثانيهما	45
ملخصا	45
التمار	45
ومئة	45
قبورهم	45
الدهلوي	45
التكفير	45
فؤادي	45
نصراني	45
برزة	45
الراحمين	45
سمعا	45
حائل	45
مسجده	45
طمع	45
كفارات	45
التكلم	45
والكافي	45
الفرضي	45
البضع	45
متاعا	45
رأيتها	45
ستا	45
الشافعى	45
الديات	45
والتفسير	45
باطنا	45
يعنون	45
صه	45
لتعذر	45
أحسب	45
لجاز	45
جيشا	45
والدال	45
التعبد	45
يقبضه	45
مدلول	45
بأهله	45
وتزوج	45
ويشرب	45
الثلثان	45
متعد	45
بقبض	45
قتالهم	45
المعاوضة	45
نصرانيا	45
مذهبهم	45
لزمته	45
الاية	45
العارض	45
وربك	45
والنور	45
ادخل	45
موجبة	45
الشريكين	45
الراشدين	45
زاذان	45
شيعة	45
البيتين	45
بالوجوب	45
والف	45
تنافي	45
خازم	45
وحميد	45
يخير	45
الظالمون	45
والعتق	45
والروم	45
مروي	45
معاوضة	45
نواه	45
ويبطل	45
بستان	45
صم	45
خطيبا	45
وفسر	45
شارح	45
وتصح	45
خبيث	45
الساكن	45
وعندنا	45
موصوف	45
استحب	45
همه	45
امره	45
سودة	45
ميراثه	45
منزلته	45
وسالم	45
يأتوا	45
بثوب	45
غزوان	45
أذنه	45
وهذان	45
النوفلي	45
وإنهم	45
تنقطع	45
عمى	45
بسطام	45
بالدليل	45
قيده	45
غربت	45
يتقرب	45
مقصودا	45
وصحيحة	45
وخرجه	45
فوجده	45
رماه	45
رحله	45
وضاح	45
بالعتق	45
ثوابا	45
عميس	45
إرشاد	45
بإثبات	45
الطهور	45
وبقوله	45
واوا	45
الكذاب	45
وانقطع	45
فسجد	45
فرائض	45
ينكره	45
منامه	45
فهرب	45
يجزه	45
الأصبغ	45
نكاحه	45
المري	45
المدثر	45
الجرمي	45
لكما	45
وكف	45
يختم	45
الاذن	45
الخانية	45
كرهت	45
عورته	45
المعدوم	45
بالسجود	45
استوفى	45
للعلامة	45
للوجوب	45
والربيع	45
فزاد	45
جامعا	45
وفيهما	45
ويقبل	45
وينزل	45
أباح	45
يأثم	45
هات	45
وأني	45
الفائق	45
ممدود	45
القبيلة	45
العشيرة	45
بالصوم	45
الكفن	45
ابتاع	45
الكشميهني	45
سعدا	45
أسأله	45
شبابة	45
وعبادة	45
الاصطلاح	45
رقية	45
اتق	45
الدرع	45
حط	45
وبالعكس	45
لب	45
ارفع	45
يصر	45
سخط	45
لآل	45
والجميع	45
بحبل	45
وعشر	45
أصابها	45
شاهدين	45
مجهولا	45
يغضب	45
وفصل	45
وصورة	45
كيد	45
يقدرون	45
وإثبات	45
بالجواز	45
ظهرها	45
القدوم	45
يأبى	45
يكسر	45
وقوعها	45
التواضع	45
وعامة	45
المتعارف	45
المعترض	45
الطاهرين	45
الوجع	45
توضع	45
وأقرب	45
جسمه	45
معلقا	45
محقق	45
قوس	45
أجزائه	45
طلبوا	45
سلما	45
إخوته	45
التملك	45
علام	45
بالعبد	45
فرحا	45
خاليا	45
اثنتان	45
يحكي	45
يفي	45
نومه	45
للعالمين	45
حلاوة	45
أصفر	45
إتلاف	45
وأدخل	45
ضخم	45
فوجدته	45
قص	45
والإشارة	45
بأنواع	45
الإدراك	45
الدنيوية	45
العبر	45
بالفضل	45
أثرا	45
الأزمنة	45
تمتع	45
والأفضل	45
معانيها	45
يطلبه	45
استيقظ	45
يلقي	45
ورش	45
معلقة	45
مسالك	45
فناء	45
الحادية	45
واحتمال	45
تأكيدا	45
مطلب	45
لثلاث	45
الأغاني	45
الواضحة	45
الثور	45
فقر	45
والعربية	45
مفتي	45
الأوائل	45
يملكها	45
يملكون	45
السني	45
ارض	45
السنية	45
بعضنا	45
بصوت	45
وامتنع	45
ألفين	45
ابنتي	45
خضراء	45
سارية	45
حكمت	45
الضبط	45
يتكرر	45
غنية	45
داعي	45
المماثلة	45
معقول	45
والسعي	45
ورجح	45
تقريب	45
تقويم	45
قمر	45
لقضاء	45
المرحوم	45
التحية	45
المميز	45
الحار	45
تهامة	45
برا	45
بأنفسهم	45
وبذل	45
المسبب	45
واذا	45
وكيفية	45
طالبا	45
للأمة	45
عار	45
نؤمن	45
والرجال	45
مندوب	45
متهم	45
الدافع	45
الرباط	45
وألقى	45
أمم	45
وظيفة	45
حيوية	45
طبيب	45
بطول	45
زعمت	45
جان	45
للكتاب	45
ويجري	45
الطويلة	45
مدنية	45
الألم	45
ووجدت	45
يقومون	45
عروض	45
عبدالعزيز	45
دفعت	45
الحذر	45
كنيسة	45
الالتزام	45
للقضاء	45
تتضمن	45
لاحق	45
الاستقلال	45
للجميع	45
لكنهم	45
يلعب	45
أجنبية	45
صفقة	45
المتابعة	45
جدد	45
بمثابة	45
المبادرة	45
مياه	45
سجن	45
بسرعة	45
سكان	45
بموجب	45
خطوة	45
استمرار	45
المشاركة	45
الخارجية	45
يقطين	44
أفرد	44
فصاح	44
ادخلوا	44
للوارث	44
عدوهم	44
تلخيص	44
وبر	44
عظام	44
فتبين	44
وضمها	44
حسبي	44
أزهر	44
النفاس	44
الثمالي	44
السرى	44
يختلفون	44
فسمي	44
الشرائط	44
وعامر	44
الربعي	44
وخبره	44
وقلبه	44
شيوخنا	44
ضحك	44
والوصية	44
أتاهم	44
حيي	44
الخزرجي	44
حران	44
بالعبادة	44
منسوخة	44
بصر	44
سرح	44
أحاديثه	44
الفزع	44
محصن	44
الكعبين	44
المقطوع	44
امرأ	44
بالآخرة	44
نافعا	44
يعلمها	44
واستولى	44
فرجه	44
كندة	44
مطبعة	44
والفقهاء	44
أولو	44
الأذكار	44
ونادى	44
عامله	44
فرقد	44
ألبتة	44
أيمانهم	44
نفخ	44
وأجمعوا	44
ترث	44
أجزأ	44
الهاد	44
الدمياطي	44
والخيل	44
غطفان	44
فق	44
الصورتين	44
بدينه	44
اللذات	44
ففعلوا	44
أفقه	44
البدائع	44
فهلك	44
يذكروا	44
تجز	44
بطلانه	44
أولادكم	44
يكفيك	44
الخشاب	44
انقضى	44
بالهاء	44
بائنا	44
والمعتمد	44
كالصلاة	44
تابوا	44
الدهن	44
بالاجماع	44
سكنى	44
وأمثال	44
والآيات	44
المجرور	44
أوجبه	44
المتقارب	44
المشهورين	44
وأصلح	44
ناصح	44
للمؤمن	44
العصبة	44
لربه	44
طوى	44
الدراوردي	44
فيسقط	44
والمصنف	44
تنسب	44
الاجل	44
عذابه	44
يشركون	44
منصوبا	44
وآتوا	44
بخل	44
راض	44
مناكير	44
إعادته	44
يستغفر	44
عمومه	44
الجبائي	44
المستحاضة	44
لعلى	44
لسيده	44
وجامع	44
نجسا	44
بت	44
والجبال	44
بالتحريم	44
القدوس	44
والسين	44
المليح	44
الهذيل	44
بالتي	44
بالثلث	44
الشرطية	44
بالغسل	44
مكر	44
القائلون	44
فحسن	44
كماله	44
السدوسي	44
ثغر	44
وعروة	44
رءوس	44
قرره	44
أقطع	44
شرعيا	44
فجلست	44
الأودي	44
نفيل	44
الكرك	44
صاحبنا	44
الخبث	44
فيحتاج	44
وقبول	44
فألقى	44
حدثهم	44
بفاتحة	44
غرضه	44
مصدقا	44
طلاقه	44
باطنه	44
اجتمعا	44
يخرجوا	44
وكذب	44
الاتيان	44
شبهه	44
أكثره	44
تابعا	44
خر	44
السمان	44
بحجر	44
أزواجه	44
أعناقهم	44
بثبوت	44
مدارك	44
الغليظ	44
اجتهد	44
حجج	44
والقسم	44
سقي	44
بطة	44
نجعل	44
التفرقة	44
طي	44
التطهير	44
الغرق	44
رأوه	44
سألني	44
الصحبة	44
ويحصل	44
الساكنة	44
رجعة	44
الإحاطة	44
مرتب	44
بنفسك	44
أدهم	44
يوافقه	44
كادت	44
حكمته	44
غدوة	44
ناقصا	44
بنته	44
قميصه	44
إيراد	44
التصدق	44
يديها	44
الحواس	44
وكلامه	44
والجهل	44
آخرا	44
انقطعت	44
ولحم	44
المروية	44
الكردي	44
درة	44
يقاتلون	44
مجلسا	44
وقرب	44
الحجج	44
التروية	44
شبة	44
تسكن	44
نفل	44
تقلب	44
الأقارب	44
والبرد	44
يطير	44
وطبع	44
وشيخ	44
الخفي	44
المصابيح	44
الأمهات	44
وحديثه	44
تناقض	44
عمود	44
اسمك	44
فك	44
اللين	44
الموثق	44
نعوذ	44
غيرنا	44
الإبراء	44
غناء	44
بيدها	44
المرآة	44
وصفهم	44
الاثني	44
تخفى	44
كاتبا	44
مؤخر	44
يحكى	44
تمشي	44
فكن	44
وأكثرهم	44
مباحث	44
الحاصلة	44
وحقيقة	44
رغب	44
سحاب	44
ألسنة	44
للماء	44
لساني	44
وذي	44
المؤلفين	44
غدير	44
الحجرة	44
بتخفيف	44
وذهبت	44
بدو	44
هنيئا	44
فيض	44
أدخلت	44
سطر	44
تلميذه	44
زوجي	44
والكتابة	44
واتباع	44
يخفف	44
أسيرا	44
والأكثر	44
عدت	44
الخيال	44
فردا	44
بمعرفة	44
متقدم	44
قدوم	44
اتفقت	44
وجرت	44
شمل	44
أطلب	44
غضبا	44
التشديد	44
الجوزاء	44
قصص	44
تعليقا	44
محكم	44
قضاة	44
جئنا	44
التقرب	44
ألقاه	44
التصرفات	44
الحاضرين	44
ضعفا	44
تعليقه	44
عملي	44
الألوان	44
جاد	44
بوقوع	44
الأخوة	44
المواهب	44
لوقوع	44
بنفسي	44
روت	44
بثقة	44
عموما	44
الست	44
وتبين	44
متأخر	44
ربط	44
ولادة	44
داعية	44
بالدم	44
حملته	44
مدني	44
الأفكار	44
وماذا	44
اضطراب	44
نداء	44
لقوة	44
يعتقدون	44
إشعار	44
بدعوى	44
سيدة	44
زاوية	44
النيران	44
تصوير	44
سرقة	44
المضي	44
الخطر	44
دعت	44
الذرية	44
التراث	44
مشاركة	44
لديهم	44
المهمة	44
الفترة	44
كأس	44
الحصول	44
تجاه	44
شرق	44
نباتة	43
فوجهان	43
وأخيه	43
تقتلوا	43
يوشك	43
بالإفراد	43
والصيام	43
القعقاع	43
دونك	43
كلمه	43
إحداهن	43
أعطيته	43
عس	43
المديون	43
العروق	43
فضيلته	43
المروءة	43
موقوفة	43
والمد	43
وأيام	43
بليل	43
وعكسه	43
محبته	43
ينفعهم	43
للعبادة	43
وسنن	43
قرضا	43
بيوتكم	43
مالكها	43
الزيلعي	43
الداني	43
الاشتقاق	43
والأحوط	43
أتبع	43
بالتراب	43
بغتة	43
مضمونة	43
أنسا	43
للخبر	43
كسرة	43
موصولا	43
يبس	43
ثنية	43
بالجامع	43
بفتحها	43
المرهون	43
المؤنث	43
مؤمل	43
ونحوهم	43
التفاضل	43
ويغفر	43
ظلمه	43
يهوديا	43
أقرع	43
الاعراب	43
يصلوا	43
بفضله	43
المؤمنات	43
الضالين	43
لزوال	43
الزاهرة	43
أجازه	43
الوقعة	43
وشرعا	43
ذنوب	43
بردا	43
المنصوب	43
صدقوا	43
حكمنا	43
فهر	43
جزما	43
فرمى	43
وربيعة	43
والمنتهى	43
يوجبه	43
مقبلا	43
ويكثر	43
الإعتاق	43
الاحتراز	43
حمدون	43
كرام	43
ألفاظه	43
جناب	43
للمشركين	43
مط	43
هجرية	43
مستقلا	43
لآدم	43
لقال	43
بالخاء	43
يعذر	43
تخير	43
بزيع	43
اللذة	43
ونظير	43
التنقيح	43
فبأي	43
يرمى	43
لقولهم	43
داع	43
الهمام	43
خلوا	43
علمك	43
بوصف	43
تمامه	43
والمبسوط	43
للملائكة	43
المكسورة	43
المواريث	43
نبيك	43
وأولاده	43
الكسرة	43
والتسليم	43
صنعه	43
جهر	43
فقتلوه	43
المصدق	43
النقور	43
السفهاء	43
الممتنع	43
بالجر	43
مقصوده	43
جعلناه	43
ماؤه	43
والغسل	43
ينفخ	43
قضائه	43
التتابع	43
وطال	43
فصيح	43
والخطيب	43
الأهواز	43
تأنيث	43
كونوا	43
يجعلون	43
فتأمله	43
صبا	43
مؤلفاته	43
تأخيره	43
لرواية	43
المخلوقين	43
السهيلي	43
إمامته	43
فعرف	43
وفائدة	43
والكفارة	43
فاسقا	43
الحيات	43
أثلاثا	43
الكركي	43
فديك	43
بالابتداء	43
نشاء	43
الثغر	43
قضاؤه	43
نذره	43
فعمل	43
وفقه	43
فروخ	43
حكيما	43
موفق	43
عمامة	43
حيضا	43
فحصل	43
المشيخة	43
مفردة	43
تحصى	43
بإقراره	43
أمثالهم	43
فلقيه	43
فلكل	43
المعينة	43
الغزي	43
بسورة	43
الوطئ	43
الآدميين	43
فتكلم	43
مؤجلا	43
رأيتك	43
ومشى	43
الديلم	43
ودم	43
ويسجد	43
النرسي	43
جمة	43
الفهري	43
يستقل	43
بجعل	43
والعقد	43
يشترى	43
صفراء	43
أفراده	43
فوصل	43
تركنا	43
وعاء	43
ألزم	43
جهينة	43
ويحل	43
شمول	43
بريرة	43
كليهما	43
أولادها	43
والفروع	43
والبر	43
معدن	43
والمكان	43
بالمكان	43
فجرى	43
يكتفي	43
تقر	43
الذاريات	43
سمعان	43
والوقف	43
سرور	43
الجذع	43
وجدها	43
ليخرج	43
قلبت	43
وغلب	43
ويطلق	43
والسلطان	43
خلفاء	43
والروح	43
يكتسب	43
ألقي	43
تغني	43
لبيت	43
الكوثر	43
معمول	43
يقولان	43
الراهب	43
تخالف	43
وقاتل	43
وشد	43
الزين	43
عصاه	43
شعرها	43
فصلا	43
أولهم	43
وهبه	43
حاجي	43
بعمله	43
اليابس	43
المروة	43
والرفع	43
دفنه	43
ويراد	43
كهيئة	43
الغوث	43
تريدون	43
وسعى	43
المحبوب	43
وفوق	43
أخرجوا	43
هممت	43
مدبرا	43
دنياه	43
الم	43
قتلها	43
للشيء	43
سما	43
ومد	43
ولرسوله	43
الثاء	43
فاني	43
حزنا	43
مقداره	43
الرجيم	43
فأصبحت	43
كونهما	43
أجلها	43
ونزلت	43
والأموال	43
الفاسي	43
أزواجا	43
شعرة	43
ركبت	43
صد	43
عفيف	43
تلي	43
أكذب	43
درج	43
تضر	43
للمال	43
جلب	43
تلقاء	43
ليسا	43
ذوو	43
قبضة	43
حضوره	43
إلزام	43
والحجر	43
المدار	43
غريبة	43
وطنه	43
التعميم	43
المجرمين	43
أفق	43
والظلم	43
نفعل	43
موضوعا	43
تغيب	43
أعيد	43
الأمثلة	43
صحف	43
ودخول	43
دولته	43
المؤرخ	43
عمري	43
أضعاف	43
المعالم	43
وألا	43
ونساء	43
حله	43
ماهية	43
الطوائف	43
وتأمل	43
أرباع	43
مظلمة	43
تقام	43
بالوضع	43
السليم	43
يقتلون	43
أشير	43
ممكنا	43
إمارة	43
أطلقه	43
يستدعي	43
النقيب	43
أبوابها	43
وعلق	43
تفضل	43
الطاهرة	43
اطلاق	43
الجناح	43
آمنة	43
المجاهد	43
بالغة	43
هادي	43
الأبناء	43
الآراء	43
كثيرون	43
وضمن	43
تكفي	43
للعالم	43
بنقل	43
تدعى	43
الرطوبة	43
تطهير	43
ألفي	43
طلاب	43
يتردد	43
نفوذ	43
جلالة	43
ونقص	43
لأكثر	43
الحديثة	43
الأجنبية	43
فرضت	43
تعني	43
تصدر	43
حرية	43
المرور	43
وجهة	43
اليهودية	43
الخزانة	43
الساحل	43
المحلي	43
بولاية	43
اللواء	43
الاهتمام	43
تؤدي	43
المكتب	43
جنود	43
القضايا	43
المواد	43
المعلومات	43
الغربية	43
أشراف	42
دبره	42
ركوعه	42
أعلاها	42
بواسط	42
المعراج	42
ثالثها	42
هدبة	42
طولون	42
غلظ	42
شوبري	42
الكفارات	42
عاشر	42
وطؤها	42
يحتسب	42
والآخرين	42
وأمها	42
فاختلف	42
مسيلمة	42
بالطاعة	42
مبشر	42
جوامع	42
بلخ	42
المسماة	42
الزيادي	42
الكر	42
الاستقامة	42
المغازلي	42
يشأ	42
رعيته	42
يهب	42
والجزاء	42
والهبة	42
المصيصي	42
يوتر	42
متاعه	42
اعتمر	42
فزارة	42
بالظن	42
بالصدق	42
وشمالا	42
المؤجر	42
رووا	42
حواء	42
السقاء	42
نائما	42
الاشتراط	42
قربه	42
جليلة	42
الحرز	42
لوازم	42
واحتمل	42
السيرافي	42
فيقوم	42
عجرة	42
متكلم	42
وإمام	42
سمعتم	42
بياء	42
منقطعا	42
نفقتها	42
الشارب	42
وهدى	42
وخذ	42
يدعوه	42
شعائر	42
وصوم	42
كبد	42
راع	42
فوثب	42
فاه	42
لسانك	42
فيرد	42
مشروط	42
التقديرين	42
حادي	42
دحية	42
والسنن	42
قصدت	42
الثغور	42
الكتابين	42
بطهران	42
بيمين	42
عتقت	42
القابض	42
يوكل	42
فاغفر	42
مشتمل	42
بالري	42
للمدعي	42
أتيته	42
الطائفتين	42
يعول	42
مصنفه	42
فأبوا	42
فرآه	42
وتعقب	42
الإتمام	42
ذاهب	42
أحكم	42
الساجي	42
لعثمان	42
صدقته	42
البارع	42
فحدث	42
فبطل	42
عفير	42
كراع	42
واخرج	42
ماكولا	42
إثما	42
فأدخل	42
اتقى	42
الأفهام	42
بعتق	42
والجنة	42
لأهلها	42
بعشرين	42
يدعوهم	42
تقضى	42
والصلاح	42
بالباب	42
والنحو	42
المصائب	42
وصحح	42
النطفة	42
تصلى	42
ذميا	42
الملتقط	42
والمنع	42
وسافر	42
المنقري	42
الإعراض	42
ومئتين	42
بعثك	42
خبيب	42
رجعيا	42
الأحقاف	42
الرتبة	42
تقصر	42
وقياس	42
جدعان	42
دهر	42
شأنك	42
وإليك	42
عفوا	42
والتذكرة	42
اشتملت	42
مرسلة	42
قتلوه	42
والثلاثة	42
تطليقة	42
البربر	42
والحافظ	42
البنين	42
يعفور	42
مضارع	42
منهي	42
الغرور	42
اتى	42
الفارسية	42
الإرسال	42
واحمد	42
برحمته	42
معز	42
مرجع	42
واليد	42
وصلة	42
آفة	42
البارحة	42
القدوة	42
رأيا	42
والكل	42
حمدا	42
يعط	42
بطاعة	42
تقديرا	42
مقتضاه	42
ونقول	42
والشكر	42
أرضى	42
تشتمل	42
وآمن	42
فاختار	42
منهاج	42
متتابعين	42
الناصري	42
الود	42
يمان	42
وفساد	42
الحلة	42
جلود	42
وأتم	42
بالطريق	42
كلبا	42
التمهيد	42
فالأمر	42
تعلقت	42
مضمونا	42
أحس	42
مطابقة	42
أحوج	42
فعلنا	42
والأخذ	42
وجيه	42
أرأيتم	42
ويضرب	42
المس	42
للعهد	42
الهمة	42
إذنا	42
إمرة	42
بالإجازة	42
الاتباع	42
الباطلة	42
لحسن	42
ويشبه	42
أوثق	42
أبكي	42
زعمه	42
كبرت	42
عرج	42
بغسل	42
ساكنا	42
حقي	42
والمختار	42
بناها	42
طبخ	42
الندم	42
وصحيح	42
بقائه	42
الإقدام	42
مرجح	42
بالطعام	42
بالنصف	42
يحذف	42
أرسلان	42
وعدا	42
مؤلفات	42
وتأخير	42
قلبا	42
روايتين	42
المفردات	42
المحمدية	42
أل	42
محفوظة	42
سكنت	42
الفوقية	42
فمع	42
وأخبره	42
نزهة	42
والكرم	42
الحضانة	42
وسطها	42
الحبر	42
الحواري	42
والغرض	42
قلما	42
ويقضي	42
خصلة	42
بالاجتهاد	42
الغدر	42
وألحق	42
تكملة	42
الإفاضة	42
ومنا	42
يهتدي	42
الدرس	42
خدم	42
العائد	42
أستطيع	42
والبناء	42
والأعمال	42
إقامته	42
ورأس	42
وتحت	42
توضيح	42
القابل	42
يومنا	42
تمنى	42
أدعو	42
الكوكب	42
عقيدة	42
وذات	42
الأذهان	42
لبث	42
اليها	42
يتذكر	42
بالرأي	42
الجزئية	42
التسعة	42
تملكه	42
عرفها	42
وانتقل	42
سوءا	42
أصابت	42
حاضرة	42
بقليل	42
جنون	42
تزعم	42
حذرا	42
للقتال	42
المزاج	42
الجسر	42
صاحبة	42
ألوان	42
تشرب	42
أولهما	42
وشك	42
اليقظة	42
فؤاد	42
المعيشة	42
بقايا	42
الأوقاف	42
الصمت	42
تحقيقا	42
مرتفع	42
لنحو	42
ضروري	42
الزيارات	42
خلفا	42
بدفع	42
اللتين	42
وقرر	42
مجهولة	42
كافية	42
الحلول	42
سقف	42
الملكية	42
جسر	42
تسير	42
العاملين	42
المشهد	42
قتلى	42
يتحدث	42
وختم	42
الاستمرار	42
سابقة	42
الدائرة	42
حقق	42
نجيب	42
تلقي	42
الانتهاء	42
فقدت	42
خطة	42
الوحيد	42
القمح	42
يؤكد	42
الجزائري	42
منصب	42
شعار	42
لذا	42
وأفاد	42
أنصار	42
الجمعية	42
غزة	42
قانون	42
المحافظة	42
الوطن	42
أكد	42
الفصاحة	41
تأليفه	41
أخرجاه	41
أختي	41
عدول	41
أهمله	41
صلحا	41
البصائر	41
فاتت	41
بخارى	41
الأكثرون	41
البروج	41
وعباد	41
وعتق	41
بالشراء	41
يكرهه	41
رداء	41
اتبعوا	41
الأرضين	41
نذرت	41
فطلقها	41
القنية	41
ساء	41
تنزيه	41
ظبيان	41
الغرة	41
القنا	41
دعاني	41
يصليها	41
بالهمز	41
نفرا	41
السفاح	41
رهنه	41
وج	41
والهداية	41
مكاتبة	41
همذان	41
تخف	41
أحسبه	41
كفن	41
باختياره	41
جبة	41
أفاض	41
الجهال	41
غرائب	41
والصفة	41
والمفعول	41
ندم	41
عوضه	41
الاستصحاب	41
واليا	41
والشهيد	41
ويجاب	41
بالوحي	41
عمة	41
وشق	41
فمسح	41
بطعام	41
وجوهكم	41
لينتفع	41
فدخلوا	41
وهلك	41
بناحية	41
الإجزاء	41
رجم	41
خصه	41
وارثا	41
نسائهم	41
مسلك	41
سهمه	41
المراسيل	41
عدلين	41
أثم	41
أقمت	41
طهارته	41
ويفرق	41
ينقلب	41
الملازمة	41
الأكفاني	41
مواليه	41
والثواب	41
المهتدي	41
التسهيل	41
نفير	41
الحيضة	41
أموره	41
الانصراف	41
دحيم	41
الأعين	41
سهمان	41
ووثقه	41
مهزيار	41
مسافرا	41
ته	41
فاتفق	41
فقامت	41
فتجب	41
يجهل	41
المأكول	41
مذكر	41
الرضوية	41
الباطنة	41
علان	41
بالحال	41
شرعه	41
بنعمة	41
القداح	41
مؤذن	41
وذكرنا	41
أخباره	41
والخلق	41
الضب	41
الصنائع	41
سئلت	41
خلقة	41
والنسيان	41
بالتكبير	41
أقاموا	41
وميكائيل	41
والطيب	41
مستأنفة	41
فقتلوا	41
بصحته	41
المستحقين	41
الفروض	41
اللطف	41
شربة	41
ايضاح	41
بوجوه	41
بالموصل	41
الحيل	41
فرأيته	41
الرقاع	41
والحمل	41
الغفور	41
ورمى	41
بمحل	41
مثناة	41
بتركه	41
ليلته	41
نهض	41
الغمة	41
بالسين	41
بويع	41
منعك	41
أمارة	41
طار	41
يتخير	41
كمثله	41
المحصنات	41
سجدا	41
لحن	41
غفرت	41
الخشوع	41
الخلد	41
البو	41
وبالأصل	41
وبلغني	41
سلبه	41
تعلقه	41
أدبر	41
الثيب	41
استحقاقه	41
وثب	41
ستره	41
فمكث	41
رواياته	41
المحلوف	41
ومحله	41
الاجزاء	41
جيء	41
خلقي	41
وأوجب	41
اثنى	41
لقصد	41
أفي	41
وكقوله	41
فلقيت	41
بالتوحيد	41
فسمعته	41
خياط	41
فانهزم	41
الوغى	41
الوجد	41
علقة	41
قدروا	41
بحالها	41
يرزق	41
لقتال	41
هرقل	41
بالحجر	41
أف	41
تعالوا	41
حجرة	41
وثانيا	41
يشتد	41
يعلو	41
غضبان	41
وقلب	41
ولازم	41
جحيفة	41
آلات	41
التناقض	41
الآخذ	41
فإنني	41
ويضمن	41
الضحك	41
خلفها	41
وربع	41
نقصه	41
فارسا	41
تأخذه	41
تسميته	41
اعتمده	41
تقييده	41
يحبون	41
وأقاموا	41
يتبعون	41
يسميه	41
الأصفر	41
اختصاصه	41
فإلى	41
التصحيح	41
العهدة	41
هبت	41
وكلمة	41
التواريخ	41
المحكوم	41
نسل	41
ورسالة	41
حفظها	41
وبسط	41
تجده	41
أرجع	41
غيث	41
لطول	41
للموت	41
لآيات	41
وليكن	41
يلتزم	41
وبك	41
يخبره	41
ضربته	41
ظهري	41
حفظا	41
والاختلاف	41
ثقيل	41
وشهادة	41
المظالم	41
بإحدى	41
محمولة	41
مظفر	41
عبلة	41
استعمالها	41
وأمير	41
يخلص	41
قصره	41
آنية	41
الكسوة	41
النواحي	41
والوعيد	41
وشرع	41
وسيد	41
أصوله	41
ونون	41
مكروها	41
تبت	41
يسلك	41
كسرت	41
خلو	41
كردي	41
منكرة	41
يكتبون	41
أمورا	41
يحتمله	41
شفيع	41
ساحر	41
الصافي	41
التجريد	41
اضرب	41
سني	41
محضة	41
الفواحش	41
ظهورها	41
بحقيقة	41
الخلط	41
وأبعد	41
يلقب	41
يخطئ	41
يخصه	41
يتوصل	41
وجدا	41
عائدا	41
وسلام	41
متجه	41
والهمزة	41
شبر	41
ازداد	41
يوثق	41
المسبوق	41
النشر	41
برؤية	41
فبعد	41
إكمال	41
للعرب	41
بقرية	41
واستشهد	41
حجب	41
أقصر	41
ادعاء	41
للتأكيد	41
عجوز	41
روحي	41
حلم	41
درع	41
غازي	41
الثبات	41
وأداء	41
التخلف	41
ودية	41
قبضت	41
تميز	41
مجمل	41
منزلي	41
الإفطار	41
المشرفة	41
نافذ	41
الشقيق	41
بإقامة	41
المهاجرون	41
تلحق	41
عظمة	41
ويقيم	41
التبرع	41
أنهار	41
ووقعت	41
حياتي	41
الرعب	41
والوقوف	41
تركيب	41
صيانة	41
فجأة	41
قيم	41
المجاهدين	41
عملهم	41
الحلقة	41
ضيف	41
الضروري	41
الأوراق	41
الراحلة	41
لدي	41
نائبا	41
الجندي	41
سارة	41
اتخذت	41
العلاج	41
خسر	41
ترتفع	41
الأجانب	41
تماما	41
إلقاء	41
نكون	41
عادل	41
تنقل	41
والعالم	41
الحين	41
الوسيط	41
فاز	41
إيجاد	41
المرضى	41
طرد	41
الفئة	41
الحبوب	41
منتصف	41
تسعى	41
المتوسط	41
التابع	41
استقرار	41
تمثل	41
سياسة	41
الإثنين	41
بدأت	41
غرب	41
مقارنة	41
الأراضي	41
مواقع	41
المقبل	41
آرميا	41
آيباد	41
أثارها	41
أثرياء	41
أجبرت	41
أحاول	41
أحرزت	41
أخلاقيات	41
أخمد	41
أدواته	41
أديداس	41
أراضيه	41
أرسنال	41
أروقة	41
أسبوعيا	41
أسبوعية	41
أسندت	41
أصدرتها	41
أصيبا	41
أصيلة	41
أضراس	41
أطر	41
أطفالنا	41
أطقم	41
أعباء	41
أعدمت	41
أعضائها	41
أعلنه	41
أعمار	41
أغلى	41
أفرجت	41
أفريقي	41
أقرتها	41
أقولها	41
أكسيوس	41
أكياس	41
ألبوم	41
ألزمت	41
ألغام	41
ألمانية	41
ألوية	41
أليفة	41
أمجد	41
أمدرمان	41
أممي	41
أمنيون	41
أند	41
أندريا	41
أندريس	41
أندي	41
أنقذت	41
أهدافا	41
أهميتها	41
أواصر	41
أورو	41
أوروبيين	41
أوستن	41
أولمبي	41
أوليكسي	41
أونلاين	41
أياكس	41
أيرلندا	41
إبداعية	41
إجبارها	41
إجراءاتها	41
إجرامي	41
إدارتها	41
إدراجها	41
إرشادات	41
إرهابيي	41
إزاحة	41
إزعاج	41
إسرائيليا	41
إسكات	41
إسلاميون	41
إشعاعي	41
إضرابهم	41
إطفاء	41
إطلالة	41
إعادتهم	41
إغراق	41
إفطار	41
إلزامية	41
إمبراطورية	41
إمداداتها	41
إنتر	41
إنريكي	41
إنقاص	41
إيجابيا	41
إيجاز	41
إيراداتها	41
إيرانيين	41
إيرلندا	41
إيرينا	41
إيطالية	41
إيفان	41
إيلات	41
اتحادية	41
اتخذته	41
اتصالا	41
اجتياح	41
اجمالي	41
احتجز	41
احتضان	41
احتضنها	41
احتفظت	41
احتفل	41
احتياجاتهم	41
احتياطي	41
احرص	41
اختبرت	41
اختراع	41
اخترق	41
اداء	41
اذاعة	41
ارتبطت	41
ارتقاء	41
ارسال	41
ازدهار	41
ازدواجية	41
اس	41
استخباراتي	41
استخدمتها	41
استراتيجيتها	41
استضاف	41
استغرقت	41
استفادتهم	41
استكملت	41
استلامه	41
استمرارا	41
استمرارها	41
استنزاف	41
استنفاد	41
استنفدت	41
استنكر	41
استهدفوا	41
استوديو	41
اسرائيلية	41
اشغال	41
اصابات	41
اصابة	41
اصولا	41
اصيب	41
اعتراضات	41
اعتراضها	41
اعترفا	41
اعتزال	41
اعتزاله	41
اعتقالها	41
اعتقالهم	41
اغتيل	41
افريقية	41
اقتحامهم	41
الأحادي	41
الأحفورية	41
الأخطر	41
الأرشيف	41
الأرضي	41
الأسبوعي	41
الأسرع	41
الأسس	41
الأسطورة	41
الأسيرة	41
الأصليين	41
الأصيلة	41
الأفران	41
الأفقية	41
الأقدس	41
الأقراص	41
الأكاذيب	41
الألومنيوم	41
الأندلسية	41
الأهرامات	41
الأوسكار	41
الإجهاد	41
الإحتياجات	41
الإحصائية	41
الإخفاقات	41
الإدلاء	41
الإرياني	41
الإساءات	41
الإسترليني	41
الإسعافات	41
الإشعاعي	41
الإشكاليات	41
الإشهار	41
الإضاءة	41
الإطاحة	41
الإطارات	41
الإعتماد	41
الإعلاميين	41
الإفتتاح	41
الإقصاء	41
الإلتزام	41
الإنتخابية	41
الاتجاهين	41
الاتحادات	41
الاجتياح	41
الاجهزة	41
الاجواء	41
الاحتباس	41
الاحتراف	41
الاحتفاء	41
الاحتقان	41
الاحتياطيات	41
الاحتياطية	41
الاحوال	41
الاخير	41
الاداري	41
الارهابية	41
الازدهار	41
الاساسي	41
الاسباب	41
الاستاد	41
الاستبدادية	41
الاستشفاء	41
الاستفتاءات	41
الاستفزاز	41
الاستقواء	41
الاستنتاج	41
الاستيقاظ	41
الاسعار	41
الاسكتلندي	41
الاسلحة	41
الاشغال	41
الاعتبارات	41
الاعتزاز	41
الالتهاب	41
الامبراطورية	41
الامتيازات	41
الامريكية	41
الانتاجية	41
الانتداب	41
الانسجام	41
الانضباط	41
الانفصاليتين	41
الانقاذ	41
الاوكرانية	41
الاولية	41
الايجابية	41
البحثي	41
البرغوثي	41
البركاني	41
البركانية	41
البرمجة	41
البرمجيات	41
البصرية	41
البطولي	41
البكالوريوس	41
البلاتين	41
البلاديوم	41
البلاستيكية	41
البلقان	41
البلوك	41
البناءة	41
البند	41
البوابات	41
البورصات	41
البيطري	41
التآمر	41
التأهيلية	41
التبادلية	41
التبرعات	41
التبريد	41
التبغ	41
التجاذبات	41
التحرر	41
التحرش	41
التحفيز	41
التخبط	41
التخزين	41
الترجي	41
التسجيلات	41
التسرب	41
التسعيرة	41
التشكيلية	41
التشكيليين	41
التشيك	41
التشيكية	41
التصاميم	41
التصحر	41
التصفية	41
التضليل	41
التظاهر	41
التعتيم	41
التفشي	41
التقيد	41
التلاحم	41
التمديد	41
التمهيدي	41
التمويلات	41
التنازل	41
التنازلات	41
التنفسية	41
التنفيذيين	41
التهجير	41
التهيئة	41
التوغل	41
الثغرة	41
الثوار	41
الجاهزة	41
الجدوى	41
الجرف	41
الجرندي	41
الجغرافيا	41
الجلدية	41
الجليدية	41
الجماهيرية	41
الجمهوريتين	41
الجمهوريون	41
الجهاديين	41
الجوازات	41
الجودو	41
الحاسمة	41
الحاسوب	41
الحانات	41
الحاويات	41
الحزمة	41
الحصرية	41
الحقبة	41
الحليف	41
الحماس	41
الحمص	41
الحوسبة	41
الحوكمة	41
الخاضع	41
الخانقة	41
الخدمي	41
الخروقات	41
الخريطة	41
الخضروات	41
الخطف	41
الخناق	41
الدافئ	41
الدب	41
الدبابات	41
الدبعي	41
الدرامية	41
الدعائية	41
الدقيقتين	41
الدمج	41
الدودية	41
الدوسري	41
الديمقراطيات	41
الذروة	41
الرائعة	41
الرابحة	41
الراسخة	41
الراسي	41
الراغبة	41
الرافضين	41
الراين	41
الربحية	41
الرزنامة	41
الرقائق	41
الركض	41
الرمزي	41
الرملية	41
الروبوتات	41
الرومانية	41
الريدز	41
الزائرين	41
الزمنية	41
الزميل	41
الزهايمر	41
الزورق	41
السائقين	41
السالمونيلا	41
السباعي	41
السبعينيات	41
السحابية	41
السخرية	41
السريرية	41
السطو	41
السفراء	41
السلميين	41
السلوكيات	41
السلوكية	41
السمات	41
السمعي	41
السوائل	41
السوبر	41
السودانيين	41
السويدية	41
السياقة	41
السيبرانية	41
السيتي	41
السيمفونية	41
السيناتور	41
الشئون	41
الشابين	41
الشتات	41
الشمري	41
الشوكولاتة	41
الشوكي	41
الشيك	41
الصحفيون	41
الصحى	41
الصماد	41
الصناعيين	41
الصوتي	41
الضائع	41
الطاجيكية	41
الطبيبة	41
الطلقات	41
الطوابير	41
الطوب	41
العائلي	41
العابر	41
العالقين	41
العبثية	41
العبوات	41
العتاد	41
العجلات	41
العربات	41
العرقي	41
العزوف	41
العشائرية	41
العطل	41
العقدية	41
العملياتية	41
العميقة	41
العنقودية	41
العيسوية	41
الغاب	41
الغابون	41
الغامض	41
الغواصات	41
الغولف	41
الفئران	41
الفاتيكان	41
الفارط	41
الفاسدين	41
الفترتين	41
الفجوات	41
الفرقاء	41
الفرقاطة	41
الفرنسيون	41
الفضائي	41
الفقري	41
الفلبين	41
الفنزويلية	41
الفول	41
الفيصل	41
القاتلة	41
القارب	41
القانونين	41
القبس	41
القحطاني	41
القداس	41
القذائف	41
القسام	41
القطراني	41
القطعات	41
القمعية	41
القنصل	41
القوارب	41
الكارثي	41
الكازاخستانية	41
الكاميرونية	41
الكرواتي	41
الكفاءات	41
الكلاسيكية	41
الكنسية	41
الكهرومائية	41
الكورة	41
الكوني	41
الكيدية	41
الكيني	41
اللامركزية	41
اللحام	41
اللهجة	41
المأساوية	41
المؤيدة	41
الماديات	41
الماليزية	41
المانحين	41
المبدعين	41
المتألق	41
المتأهلة	41
المتاحف	41
المتجر	41
المتحالفة	41
المتشددة	41
المتطوعين	41
المتعافين	41
المتعمدة	41
المتغيرات	41
المتغيرة	41
المتميزين	41
المتنامية	41
المتوسطي	41
المجرم	41
المجمدة	41
المحاصرة	41
المحاضرات	41
المحامية	41
المحتاجة	41
المحتلين	41
المحررين	41
المحرك	41
المحظورة	41
المحميات	41
المحمية	41
المحويت	41
المحيطين	41
المخابز	41
المخرجين	41
المخضرمة	41
المخلوي	41
المدخلات	41
المدرج	41
المدرعة	41
المدعون	41
المديين	41
المذهل	41
المراسلين	41
المراقب	41
المرتبطين	41
المرزوقي	41
المرسومة	41
المرشحون	41
المرعبة	41
المروحيات	41
المروضة	41
المرونة	41
المزيج	41
المسؤوليات	41
المساعي	41
المسبقة	41
المستثمر	41
المستعمرين	41
المستقبلي	41
المستقيل	41
المستندة	41
المستندية	41
المستهدفين	41
المسطرة	41
المسعفون	41
المسعى	41
المسلسلات	41
المشاغبين	41
المشتركين	41
المشترين	41
المشرعين	41
المشعة	41
المشيعين	41
المصابون	41
المصفاة	41
المضادات	41
المطاحن	41
المطعمين	41
المعارضون	41
المعالج	41
المعتقلون	41
المعتمدين	41
المعجبين	41
المعدلات	41
المعسكرات	41
المعنيون	41
المعوقات	41
المغنية	41
المفاجأة	41
المفاجئة	41
المفارقات	41
المفاوض	41
المفرطة	41
المقابلات	41
المقاطعات	41
المقاول	41
المقترحات	41
المقررات	41
المقطورة	41
المقهى	41
المكالمة	41
المكتشف	41
الملاجئ	41
الملوثة	41
المليئة	41
المليون	41
الممتازة	41
الممرات	41
الممولة	41
الممولين	41
المناجم	41
المناعي	41
المنافسين	41
المنامة	41
المندلعة	41
المنشأ	41
المنظمين	41
المنفذة	41
المنقضي	41
المنهوبة	41
المهجرين	41
المهل	41
الموريتانية	41
الموزعة	41
الموصلات	41
الموقوفون	41
الميداليات	41
الميلادي	41
الناجحة	41
النازي	41
النباتي	41
النبطية	41
النخالة	41
النزلاء	41
النسوية	41
النشء	41
النصيري	41
النضالية	41
النقابيين	41
النقالة	41
النوويين	41
النيزك	41
الهاون	41
الهستيريا	41
الهليكوبتر	41
الواجهة	41
الوافدين	41
الوراثية	41
الوريث	41
الوزيرين	41
الوظيفية	41
الوقفية	41
الوكالات	41
اليوبيل	41
امتصاص	41
امريكا	41
انتشاره	41
انتشارها	41
انجازات	41
انحسار	41
اندونيسيا	41
انشغلت	41
انفصالية	41
اوروبا	41
اوسلو	41
ايمانويل	41
بآليات	41
بأحداث	41
بأحر	41
بأعراض	41
بألمانيا	41
بأوروبا	41
بإعدام	41
بإمدادات	41
بإمكانية	41
باتفاقية	41
باتوا	41
بادرة	41
باستحداث	41
باسل	41
باسيفيك	41
بالأزمة	41
بالأطفال	41
بالأغلبية	41
بالأمراض	41
بالاتصال	41
بالاستثمار	41
بالاستناد	41
بالاستيطان	41
بالبروتين	41
بالبريد	41
بالبشر	41
بالبطولة	41
بالبلدة	41
بالتبادل	41
بالتجربة	41
بالتجزئة	41
بالتخطيط	41
بالتركيز	41
بالتفكير	41
بالتهاب	41
بالثقافة	41
بالجائزة	41
بالجريمة	41
بالجيش	41
بالحادث	41
بالداخل	41
بالدرجة	41
بالدستور	41
بالذخيرة	41
بالزي	41
بالسفير	41
بالسكان	41
بالسلطات	41
بالشبع	41
بالشعب	41
بالشفاء	41
بالعطاء	41
بالفترة	41
بالقطب	41
باللغتين	41
بالمؤسسات	41
بالمتحف	41
بالمجان	41
بالمخاطر	41
بالمخدرات	41
بالمرتبة	41
بالمسؤولية	41
بالمشاريع	41
بالمعلومات	41
بالمقارنة	41
بالملل	41
بالموافقة	41
بالمولد	41
بالنفع	41
بالنهاية	41
بالهوية	41
بالوطن	41
بالوظيفة	41
باليستي	41
بانتهاك	41
ببرامج	41
بتأسيس	41
بتجديد	41
بتجنب	41
بتحالف	41
بترا	41
بتسهيل	41
بتصريح	41
بتصوير	41
بتضحيات	41
بتفكيك	41
بتقليص	41
بتقييم	41
بتكليف	41
بتمديد	41
بتنفيذها	41
بتويتر	41
بثته	41
بجراح	41
بجريمة	41
بجمهوريتي	41
بحثنا	41
بحذر	41
بحروق	41
بحريا	41
بحقهما	41
بحملات	41
بخالص	41
بخبرات	41
بخدمات	41
بخرق	41
بخسارة	41
بخطط	41
بخيبة	41
بدائرة	41
بداعي	41
بدافع	41
بدايات	41
بدرالدين	41
بدورته	41
بدوري	41
بدول	41
بديلا	41
بذكاء	41
برام	41
براين	41
برحلة	41
برهم	41
برودة	41
بروسيا	41
بريتي	41
بزراعة	41
بساطة	41
بسداد	41
بسعادة	41
بسكتة	41
بسلاح	41
بسيادة	41
بسيطا	41
بشؤون	41
بشراكة	41
بشرق	41
بشري	41
بشعة	41
بشكوى	41
بصياغة	41
بطاريات	41
بعثات	41
بعنابة	41
بغلاف	41
بغلق	41
بفرع	41
بفرنسا	41
بفقدان	41
بقاعة	41
بقدرات	41
بقرارات	41
بقطاعات	41
بكامله	41
بكاميرا	41
بكتلة	41
بلاستيكية	41
بلجود	41
بلحظة	41
بلدانها	41
بلدته	41
بلدينا	41
بلعيد	41
بلينكين	41
بمؤسسة	41
بمبادئ	41
بمبدأ	41
بمجمع	41
بمجموعة	41
بمحطات	41
بمحطة	41
بمدى	41
بمديريات	41
بمراجعة	41
بمرحلة	41
بمزايا	41
بمساحة	41
بمسار	41
بمصلحة	41
بمعظم	41
بمعظمها	41
بمقاطعة	41
بمكافحة	41
بمكتبه	41
بملاحقة	41
بمنصب	41
بمهاجمة	41
بميدان	41
بناءة	41
بناية	41
بنزيما	41
بنكية	41
بنما	41
بنها	41
بنيران	41
بهبوط	41
بوتفليقة	41
بوحبيب	41
بوريك	41
بوسان	41
بوسع	41
بوعلام	41
بوغالي	41
بولو	41
بوليتيكو	41
بيرزيت	41
بيرقدار	41
بيرك	41
بيرم	41
بيري	41
بيكون	41
بيير	41
تأجيج	41
تأجيله	41
تأكدت	41
تأكيدات	41
تأهلت	41
تاريخيا	41
تباطؤ	41
تبديد	41
تبلور	41
تبييض	41
تتبناه	41
تتحسن	41
تترافق	41
تتردد	41
تتفاقم	41
تتفوق	41
تتلق	41
تتمسك	41
تتوج	41
تتوصل	41
تثقيف	41
تجاهلوا	41
تجاوزه	41
تجاوزها	41
تجريف	41
تجسدت	41
تجعلك	41
تجعلهم	41
تجهيزات	41
تحديثه	41
تحذر	41
تحرض	41
تحركها	41
تحصلت	41
تحصينات	41
تحفز	41
تحميلها	41
تحولها	41
تحوم	41
تحوي	41
تخريبية	41
تخللها	41
تخليد	41
تدار	41
تدخر	41
تدفئة	41
ترابية	41
تراخيص	41
تراعي	41
ترافورد	41
تراكمت	41
تراكمي	41
تربطه	41
ترددت	41
ترديد	41
ترفيهية	41
ترقب	41
تزاحم	41
تزامنت	41
تزايدت	41
تزويدها	41
تستأنف	41
تستجب	41
تستغل	41
تسريب	41
تسفر	41
تسلق	41
تسييس	41
تشاك	41
تشكيلات	41
تشيلي	41
تصادف	41
تصعيدا	41
تصنيعها	41
تصويب	41
تصويرها	41
تضامنها	41
تضليل	41
تطورها	41
تعاملها	41
تعثرت	41
تعصف	41
تعطلت	41
تعقيدا	41
تعليماته	41
تغرق	41
تغطيتها	41
تغيرات	41
تف	41
تفاؤل	41
تفاصيله	41
تفقدية	41
تفكيره	41
تقاوم	41
تقديمهم	41
تقلق	41
تقليدي	41
تقليديا	41
تقني	41
تكاليفها	41
تكتشف	41
تكفلت	41
تكليفات	41
تكنولوجيات	41
تكنولوجية	41
تكوينية	41
تلاشت	41
تلاه	41
تلت	41
تلسكوب	41
تلغراف	41
تلقيح	41
تماثلت	41
تمتاز	41
تمتلكها	41
تمثله	41
تناقضات	41
تناولوا	41
تنتجه	41
تنذر	41
تنسجم	41
تنضم	41
تنظيمه	41
تنظيمها	41
تنعكس	41
تنهب	41
تنوع	41
تنوعت	41
تهاني	41
تهبط	41
تهجير	41
تهميش	41
تهنئته	41
تواجدها	41
تواجهه	41
تواطؤ	41
توافد	41
توالت	41
توجها	41
توحد	41
توربين	41
تورد	41
تورط	41
توصلنا	41
توصي	41
توصيل	41
توعية	41
توقفوا	41
توقيفهما	41
توما	41
تيدروس	41
تييري	41
ثاقبة	41
ثقتهم	41
ثمنت	41
ثوران	41
جادا	41
جافلين	41
جاك	41
جام	41
جامعات	41
جانبنا	41
جديدتين	41
جذرية	41
جرائمهم	41
جرار	41
جزائريين	41
جزيئات	41
جسدت	41
جليدية	41
جماهيرية	41
جمعاء	41
جمعتهما	41
جنودا	41
جنونية	41
جهازك	41
جهزت	41
جهودهم	41
جواسيس	41
جوشوا	41
جولي	41
جونيور	41
جوهري	41
جويا	41
جيوسياسي	41
حاثا	41
حاجزا	41
حاجيات	41
حادا	41
حازت	41
حاملات	41
حاملين	41
حانة	41
حانون	41
حتمية	41
حجزت	41
حدادا	41
حددها	41
حدودنا	41
حديدية	41
حررت	41
حرياتهم	41
حريقا	41
حسيب	41
حصانة	41
حظرت	41
حفاظا	41
حفلات	41
حقوقنا	41
حكومتي	41
حلفائه	41
حليب	41
حمارشة	41
حماسة	41
حمايتها	41
حنا	41
حوارا	41
حوارية	41
حياد	41
خدمتهم	41
خريفية	41
خصومه	41
خططا	41
خططها	41
خطوته	41
خطورته	41
خلفان	41
خيا	41
خياراته	41
خيرية	41
داعمة	41
داعين	41
دافعت	41
داكار	41
دالاس	41
دبلوماسيون	41
دراجي	41
درسها	41
دعوتها	41
دكتوراه	41
دورتموند	41
دورته	41
دوق	41
دولا	41
ديزني	41
ديمقراطي	41
ديندياس	41
دينيس	41
ذمار	41
ذويهم	41
رأفت	41
رؤيتنا	41
رالي	41
رامون	41
راي	41
رايتس	41
رحاب	41
رحلتها	41
رص	41
رصدها	41
رصيف	41
رعاياها	41
رغد	41
رفات	41
رفيديا	41
ركزت	41
روافد	41
رواندا	41
روبل	41
روتو	41
روغوف	41
رياضيا	41
ريالا	41
ريختر	41
ريكاردو	41
ريما	41
زاهدان	41
زخما	41
زعبي	41
زعيمه	41
زغدار	41
زغرتا	41
زملاء	41
زياش	41
سئم	41
سابقين	41
ساخنة	41
ساعر	41
ساكس	41
ساكي	41
سالكة	41
سامر	41
ساهموا	41
سبها	41
سبورت	41
سبيس	41
ستتأثر	41
ستجعل	41
ستحتضن	41
ستزور	41
ستساعد	41
ستساهم	41
ستستخدم	41
ستعلن	41
ستفعل	41
ستكلف	41
ستنفذ	41
ستوكهولم	41
ستيفان	41
ستيفن	41
سجلها	41
سجناء	41
سحبها	41
سخرية	41
سدود	41
سردية	41
سعرات	41
سعرها	41
سعوة	41
سلالات	41
سلامي	41
سلوكهم	41
سموتريش	41
سناب	41
سونلغاز	41
سويس	41
سياح	41
سياحة	41
سيادي	41
سيادية	41
سياساتها	41
سياستها	41
سياسيون	41
سيتولى	41
سيتيح	41
سيحاول	41
سيحضر	41
سيخضع	41
سيدات	41
سيرجيو	41
سيزور	41
سيزيد	41
سيستان	41
سيستخدم	41
سيسعى	41
سيصبح	41
سيصوتون	41
سيطرتها	41
سيظل	41
سيقام	41
سيقدم	41
سيلمان	41
سينخفض	41
سيوفر	41
شادي	41
شارة	41
شتاينماير	41
شتوية	41
شرس	41
شركائنا	41
شعبيا	41
شعبيته	41
شعوبنا	41
شكيب	41
شلبي	41
شلل	41
شنقريحة	41
شواطئ	41
شوهد	41
شيكابالا	41
صادقت	41
صادمة	41
صارخ	41
صافرات	41
صالون	41
صامويل	41
صحتنا	41
صحيا	41
صداقة	41
صراعات	41
صفعة	41
صوتوا	41
صيدلية	41
ضباب	41
ضجة	41
طاقمها	41
طالبوا	41
طباعة	41
طبريا	41
طبعتها	41
طبيبة	41
طغت	41
طلقات	41
طنا	41
طورت	41
عائلاتهم	41
عبء	41
عبدالباسط	41
عبدالكريم	41
عدائية	41
عرضية	41
عززت	41
عزيزي	41
عشاق	41
عفرين	41
عقاقير	41
عقيد	41
علاجهم	41
علاقاتهم	41
علميا	41
عمرهم	41
عملائها	41
عملاق	41
عملاقة	41
عمليتي	41
عميل	41
عنصرا	41
عنصري	41
عنوانها	41
عياد	41
غائما	41
غالبيتها	41
غالبيتهم	41
غراهام	41
غربيون	41
غروندبرغ	41
غزت	41
غضبهم	41
غطت	41
غوريون	41
غيابه	41
فأوضح	41
فاجأ	41
فاشل	41
فاشية	41
فتيل	41
فحصا	41
فخور	41
فرنك	41
فستان	41
فسيتم	41
فشلها	41
فضائح	41
فـي	41
فلسطينيان	41
فلول	41
فنانين	41
فوجئت	41
فوربس	41
فولكر	41
فوميو	41
فياتشيسلاف	41
فيغاس	41
فيكتوريا	41
قادته	41
قادتها	41
قادرون	41
قادمين	41
قاذفات	41
قاعات	41
قالن	41
قانا	41
قاووق	41
قبضتها	41
قحيم	41
قدراته	41
قديروف	41
قرروا	41
قرطاج	41
قصتها	41
قضائيا	41
قضيتهم	41
قطاعه	41
قطيع	41
قفزة	41
قلقا	41
قلقهم	41
قلقون	41
قواعدها	41
قوافل	41
قيادية	41
قياسيا	41
كأداة	41
كائنات	41
كادر	41
كارولينا	41
كارين	41
كاسحة	41
كالمعتاد	41
كامالا	41
كبسولات	41
كبيرين	41
كتير	41
كدليل	41
كده	41
كرس	41
كريستوفر	41
كسلاح	41
كشريك	41
كعضو	41
كعكة	41
كفاءات	41
كلاعب	41
كلينتون	41
كمامات	41
كمامة	41
كمساعدات	41
كمصدر	41
كندي	41
كورتيز	41
كوري	41
كوكبنا	41
كومار	41
كوهين	41
كيانات	41
كير	41
كيروش	41
كيفن	41
كينيا	41
كينياتا	41
لأحدث	41
لأربعة	41
لأسلحة	41
لأسواق	41
لأشخاص	41
لأفريقيا	41
لأمنها	41
لأهداف	41
لإبقاء	41
لإتمام	41
لإحصاء	41
لإدخال	41
لإرهاب	41
لإقرار	41
لإمداد	41
لإيصال	41
لائقة	41
لاتفيا	41
لاحقة	41
لاختبارات	41
لارتكاب	41
لاس	41
لاستخراج	41
لاستيعاب	41
لاعتداء	41
لافتات	41
لاقتحام	41
لاقتحامات	41
لالتزامات	41
لانتزاع	41
لانتقاء	41
لانطلاق	41
لاهاي	41
لبايدن	41
لبحوث	41
لبريطانيا	41
لبعثة	41
لبلد	41
لبلدنا	41
لتاريخ	41
لتبلغ	41
لتبني	41
لتجديد	41
لتحلية	41
لتخزين	41
لتدمير	41
لترجمة	41
لترسيم	41
لتسليم	41
لتسيير	41
لتصريحات	41
لتصنيع	41
لتصنيف	41
لتعود	41
لتغذية	41
لتقنيات	41
لتنويع	41
لتهدئة	41
لتهديد	41
لتهيئة	41
لتوزيع	41
لتوظيف	41
لتوليد	41
لجائزة	41
لجلب	41
لجهوده	41
لحجم	41
لحصيلة	41
لحكومته	41
لخبراء	41
لدورة	41
لدورها	41
لدوري	41
لديهما	41
لرابطة	41
لردع	41
لرفد	41
لريال	41
لزعزعة	41
لزعماء	41
لساحة	41
لسلاح	41
لسوريا	41
لشبكات	41
لشروط	41
لشغل	41
لشهداء	41
لصاروخ	41
لصالحها	41
لصوت	41
لضربات	41
لطائرات	41
لطاجيكستان	41
لطرح	41
لعائلات	41
لعضو	41
لعكس	41
لغز	41
لفئة	41
لفصل	41
لفقدان	41
لفن	41
لفيلم	41
لقسم	41
لقضية	41
لقمع	41
لقواته	41
لقيود	41
لكبح	41
لكلا	41
لكنيسة	41
للآمال	41
للأبحاث	41
للأبد	41
للأدب	41
للأذهان	41
للأردن	41
للأسعار	41
للأسير	41
للأطراف	41
للأعضاء	41
للأمريكيين	41
للأوكرانيين	41
للإعلان	41
للإنسانية	41
للاتفاقية	41
للاستجابة	41
للاستعمار	41
للاستماع	41
للاستمتاع	41
للاغتصاب	41
للانتقام	41
للانقلاب	41
للبالغين	41
للبلدين	41
للتخطيط	41
للتذكير	41
للتراث	41
للتشغيل	41
للتصعيد	41
للتقرير	41
للتكيف	41
للتلاميذ	41
للتنظيم	41
للتنمر	41
للتهديد	41
للتواجد	41
للتوقيع	41
للثورة	41
للجبهة	41
للجلوس	41
للجهات	41
للخارجية	41
للخام	41
للخطوط	41
للداخل	41
للدبابات	41
للدراسة	41
للذهاب	41
للرؤية	41
للرصاص	41
للركاب	41
للروس	41
للسباحة	41
للسجن	41
للسرطان	41
للسريان	41
للسلاح	41
للسيادة	41
للسينما	41
للشرعية	41
للشعوب	41
للشهداء	41
للشهر	41
للصحيفة	41
للصواريخ	41
للطاقات	41
للطب	41
للطلبة	41
للطوارئ	41
للعائلات	41
للعب	41
للعزل	41
للعلاقة	41
للفن	41
للقاح	41
للقارة	41
للقاعدة	41
للقواعد	41
للقوانين	41
للكوكب	41
للكيلو	41
للم	41
للمؤتمرات	41
للمحطة	41
للمحيطات	41
للمخابرات	41
للمخاطر	41
للمخرج	41
للمدارس	41
للمراقبة	41
للمرض	41
للمسرح	41
للمشاركين	41
للمشهد	41
للمصارف	41
للمنازل	41
للمنافسة	41
للمنصب	41
للمنظومة	41
للمهاجم	41
للموسيقى	41
للموعد	41
للنائب	41
للنتائج	41
للنشاط	41
للنفايات	41
للنقاش	41
للنمو	41
للوظيفة	41
لليابان	41
لليبيا	41
لمئات	41
لمانشستر	41
لمبادئ	41
لمحاكمة	41
لمدير	41
لمسؤول	41
لمسة	41
لمستقبل	41
لمسيرة	41
لمشروعات	41
لمصرف	41
لممثلي	41
لمنازل	41
لمناهضة	41
لمنعه	41
لمهاجمة	41
لمواد	41
لموضوع	41
لموعد	41
لناحية	41
لنتائج	41
لنجاح	41
لنضال	41
لنقلها	41
لنقول	41
لنكون	41
لهزيمة	41
لوبان	41
لوريس	41
لوكاس	41
لوكهيد	41
لوموند	41
ليبرمان	41
ليفاندوفسكي	41
ليقرر	41
مؤهلة	41
مؤيدة	41
ماتيو	41
مادورو	41
مارب	41
مارست	41
مارسيل	41
مارشال	41
ماركوس	41
مارون	41
مارينا	41
ماغواير	41
ماهي	41
مباراتي	41
مباراتين	41
مبان	41
مبررة	41
متابع	41
متابعيها	41
متاجر	41
متاحف	41
مترامية	41
مترو	41
متسارع	41
متشددة	41
متلازمة	41
متنازع	41
متواضعة	41
متورطين	41
مثالية	41
مثقف	41
مثمرة	41
مجابهة	41
مجدلاني	41
مجملها	41
مجهود	41
محاربي	41
محاضرة	41
محاكمات	41
محاكمته	41
محام	41
محامو	41
محاميه	41
محاولتهم	41
محملا	41
مخزن	41
مخططا	41
مداخيل	41
مداهمات	41
مدبولي	41
مدخلها	41
مدربا	41
مدربه	41
مدرعات	41
مدروسة	41
مدعاة	41
مدعوة	41
مدفوعة	41
مدنيا	41
مديريتي	41
مراسيم	41
مراقبو	41
مراقبون	41
مراقبين	41
مربعا	41
مرتبطا	41
مرجعية	41
مرسي	41
مرفقة	41
مرقد	41
مركزه	41
مروحيات	41
مروحيتين	41
مروعة	41
مريحة	41
مزيج	41
مسؤوليات	41
مسارها	41
مساعدتنا	41
مساعدتهم	41
مسافرين	41
مستشارة	41
مستعدين	41
مستعمرة	41
مستغلين	41
مستقبلي	41
مستوحاة	41
مستورد	41
مسحوق	41
مسدود	41
مسلحي	41
مسلسلات	41
مسيحي	41
مسيرتين	41
مشاركات	41
مشاريعها	41
مشجع	41
مشروعي	41
مشوار	41
مشوارها	41
مشوهة	41
مشيرين	41
مصالحنا	41
مصرفية	41
مصفاة	41
مصنعي	41
مصنفة	41
مصورا	41
مطلوبين	41
معارضتها	41
معاون	41
معتقلات	41
معركتنا	41
معضلة	41
معطل	41
معلنا	41
مغامرة	41
مغردون	41
مغطى	41
مفاده	41
مفاعل	41
مفر	41
مفصلية	41
مفيش	41
مقاتلين	41
مقاضاة	41
مقاطعتهم	41
مقراني	41
مكتبي	41
مكثفا	41
مكلفة	41
ملاحقة	41
ملاحم	41
ملبورن	41
ملحوظا	41
ملفا	41
ممنهج	41
منابع	41
منافس	41
منافستها	41
مناقصة	41
منال	41
منتجا	41
منتخبة	41
منتخبي	41
منحهم	41
منزلهما	41
منصبي	41
منطقتين	41
منظمو	41
منعطفا	41
منفصلين	41
منهجية	41
مهاتير	41
مهاراتهم	41
مهتم	41
مهتمين	41
مهرجانات	41
مهمتها	41
مهنيا	41
مواتية	41
مواجهتهم	41
مواصفات	41
مواقفه	41
مواكب	41
موثوقية	41
موجعة	41
مودريتش	41
مورجان	41
موزعين	41
موسيقيين	41
موطئ	41
موظفة	41
موظفين	41
موقعة	41
مولدات	41
مولوجي	41
موهبة	41
ميدانيا	41
ميدفيديف	41
ميزانيات	41
ميزينتسيف	41
ميغا	41
ميغاواط	41
ميكي	41
ميليشيات	41
مين	41
مينوسما	41
ميول	41
نؤيد	41
نابع	41
نابعة	41
نادين	41
ناشد	41
ناشطين	41
نباتية	41
نتابع	41
نتعامل	41
نجحوا	41
نحترم	41
ندفع	41
نراها	41
نرفض	41
نسبية	41
نسور	41
نشوء	41
نصحت	41
نضمن	41
نطاقها	41
نظامية	41
نظريا	41
نظمته	41
نظموا	41
نظيراتها	41
نظيرتها	41
نفذه	41
نفطي	41
نموذجية	41
نهائيا	41
نهاد	41
نوال	41
نود	41
نوفاك	41
نيابي	41
نيبينزيا	41
نير	41
نيفين	41
نيلسون	41
نيودلهي	41
هاتفيا	41
هادئة	41
هايبرلوب	41
هجومه	41
هجينة	41
هددت	41
هدفنا	41
هزة	41
هليكوبتر	41
هندية	41
هني	41
هواة	41
هوس	41
هوغو	41
هوكستاين	41
هوليوود	41
هياكل	41
هيومن	41
وأج	41
وأرجع	41
وأركان	41
وأرمينيا	41
وأشادت	41
وأفكار	41
وأمنها	41
وأودعوا	41
وأوردت	41
وأيت	41
وإبعاد	41
وإثارة	41
وإثر	41
وإخضاع	41
وإرساء	41
وإزاء	41
وإسلامية	41
وإشراف	41
وإصرار	41
وإمكانيات	41
وإنجلترا	41
وإنسانية	41
وإنقاذ	41
واجبها	41
واجبهم	41
واجهوا	41
واستبدال	41
واستحداث	41
واستخدم	41
واستدعاء	41
واستدعت	41
واستراتيجية	41
واستهداف	41
واستولت	41
واعتبروا	41
واعتراض	41
واعتقل	41
واكتشاف	41
واكتشف	41
والآليات	41
والأدبية	41
والأزمة	41
والأسبوع	41
والأعلى	41
والأفكار	41
والأندية	41
والأوروبية	41
والإرهاق	41
والإسهام	41
والإفراج	41
والإمدادات	41
والإنجاز	41
والإنساني	41
والاتجار	41
والاحتفال	41
والاستسلام	41
والاستياء	41
والاضطرابات	41
والاعتقال	41
والانخراط	41
والانفتاح	41
والانهيار	41
والباحثين	41
والبحثية	41
والبدء	41
والبرامج	41
والبرلمانية	41
والبشرية	41
والبلدة	41
والبنزين	41
والبيئية	41
والتاريخي	41
والتباعد	41
والتبريكات	41
والتحالف	41
والتحرك	41
والتحريض	41
والتحلي	41
والتدابير	41
والتدقيق	41
والتربوية	41
والتسامح	41
والتسجيل	41
والتصدي	41
والتطرف	41
والتظاهر	41
والتعايش	41
والتعدي	41
والتفاعل	41
والتفاني	41
والتقاليد	41
والتقني	41
والتنظيمية	41
والتنقل	41
والتوسع	41
والتوصل	41
والتوعية	41
والتوقف	41
والثانويات	41
والثلاثاء	41
والجمهورية	41
والجنوبي	41
والجهاز	41
والحاضر	41
والحالات	41
والحرجة	41
والحزب	41
والحكومات	41
والحيوانات	41
والخبرة	41
والخطط	41
والدرك	41
والدنمارك	41
والدوائر	41
والدواجن	41
والدورات	41
والرقص	41
والركود	41
والسكك	41
والسلطة	41
والسوري	41
والسيادة	41
والسيارات	41
والشراكات	41
والشعور	41
والصحافة	41
والصراع	41
والصراعات	41
والضياع	41
والطفل	41
والعالمي	41
والعبوات	41
والعلمية	41
والعمال	41
والعمليات	41
والعملية	41
والغلاف	41
والفرنسي	41
والفريق	41
والفشل	41
والفصائل	41
والفكرية	41
والفن	41
والفني	41
والفيضانات	41
والقانونية	41
والقضية	41
والقطاعات	41
والقومية	41
والقيء	41
والكيان	41
واللافت	41
واللواء	41
والمؤتمرات	41
والمؤسسة	41
والمتضررين	41
والمتعلقة	41
والمتمثل	41
والمحاصيل	41
والمخدرات	41
والمدنيين	41
والمركبات	41
والمساءلة	41
والمساواة	41
والمستقبلية	41
والمشرف	41
والمشكلات	41
والمصادر	41
والمعايير	41
والمقدرة	41
والمكتب	41
والمناخ	41
والمناسبات	41
والمهاجم	41
والمهتمين	41
والمواساة	41
والمودة	41
والنشاط	41
والنشاطات	41
والهدف	41
والهوية	41
والهياكل	41
وام	41
وانتخابات	41
وانطلاقا	41
واوضحت	41
وباريس	41
وباستخدام	41
وباسم	41
وباشرت	41
وبالفعل	41
وبالنظر	41
وبدلا	41
وبرلمانية	41
وبصورة	41
وبكين	41
وبلدان	41
وبلغاريا	41
وبمشاركة	41
وبوركينا	41
وبوزن	41
وبيلاروسيا	41
وتأثير	41
وتأسيس	41
وتايوان	41
وتتحدث	41
وتتزايد	41
وتتطلب	41
وتتميز	41
وتتهم	41
وتثير	41
وتجهيز	41
وتحافظ	41
وتحديث	41
وتحليل	41
وتحميل	41
وتدابير	41
وتدريب	41
وتدشين	41
وتربط	41
وترفض	41
وتركزت	41
وتزامن	41
وتستهدف	41
وتسريع	41
وتسلط	41
وتسهم	41
وتسوية	41
وتسيطر	41
وتصدير	41
وتصعيد	41
وتصل	41
وتطرقت	41
وتطهير	41
وتعادل	41
وتعزيزها	41
وتعكس	41
وتفرض	41
وتقديرها	41
وتقنيات	41
وتكاليف	41
وتمثل	41
وتنخفض	41
وتنفيذها	41
وتوجهت	41
وتوسعة	41
وتوصل	41
وتولت	41
وتويتر	41
وثبات	41
وثقت	41
وجريح	41
وجزر	41
وجماعات	41
وجودية	41
وحداتها	41
وحظر	41
وحظي	41
وحكومات	41
وحمايته	41
وحمايتها	41
وخارجه	41
وخدمات	41
وخصصت	41
وخضع	41
وخطة	41
وداخل	41
ودفعت	41
وديتين	41
ودينية	41
ورئاسة	41
ورئيسا	41
وربط	41
ورددوا	41
ورصد	41
ورصدت	41
وركز	41
ورومانيا	41
وزعت	41
وسارة	41
وسافرت	41
وستعمل	41
وسرقة	41
وسلاسل	41
وسلسلة	41
وسلطات	41
وسلوفاكيا	41
وسلوك	41
وسنتابع	41
وسنعمل	41
وسهولة	41
وسيارات	41
وسيارة	41
وسيطرت	41
وسيواصل	41
وشابة	41
وشاركت	41
وشباب	41
وشح	41
وشددوا	41
وشعب	41
وشعبنا	41
وشعبها	41
وشعوب	41
وشفافة	41
وشقيقها	41
وشكل	41
وصالة	41
وصحية	41
وصديقة	41
وصولهم	41
وطأة	41
وطاجيكستان	41
وظائفهم	41
وظلت	41
وعائلاتهم	41
وعاشت	41
وعالية	41
وعبرت	41
وعسكريا	41
وعصرنة	41
وعمان	41
وعمدت	41
وعميقة	41
وعناصر	41
وعنف	41
وفجر	41
وفدنا	41
وفشلت	41
وفصائل	41
وفعالية	41
وقادر	41
وقانونية	41
وقصف	41
وقمنا	41
وقواتها	41
وقيادة	41
وقيرغيزستان	41
وقيمها	41
وكازاخستان	41
وكفاءة	41
وكوسوفو	41
ولأول	41
ولجان	41
ولندن	41
وليبيا	41
ومؤلف	41
ومئات	41
وماجد	41
ومتوسطة	41
ومجالات	41
ومحافظ	41
ومحاكمة	41
ومحطات	41
ومحطة	41
ومدرسة	41
ومديرية	41
ومراحل	41
ومرافقة	41
ومركبات	41
ومساعدتها	41
ومستدامة	41
ومسلحين	41
ومشاركتها	41
ومشاكل	41
ومصالحها	41
ومصطفى	41
ومصنع	41
ومطار	41
ومطالب	41
ومغادرة	41
ومقاومة	41
ومكانة	41
وممتلكاتهم	41
وممثل	41
ومنعت	41
ومواكبة	41
وموريتانيا	41
وموقع	41
وميغان	41
ونؤكد	41
وناشدت	41
ونبذ	41
ونتائج	41
ونتج	41
ونصحت	41
ونفوذ	41
ونقابة	41
ونقطة	41
ونقلهم	41
وهبي	41
وهجمات	41
وهيئات	41
وواجه	41
وواجهت	41
ووافقت	41
ووزيرة	41
ووفرت	41
ووكلاء	41
ووكيلا	41
ويب	41
ويتسبب	41
ويتعرض	41
ويخلق	41
ويسهم	41
ويفضل	41
ويليام	41
ويمكنك	41
ويمكنه	41
ويمنح	41
وينص	41
وينصح	41
وينفي	41
يان	41
يتجاوب	41
يتراجع	41
يتركز	41
يتسنى	41
يتطابق	41
يتغمد	41
يتفقد	41
يتناولون	41
يتوقعوا	41
يثقون	41
يحتاجها	41
يحتضن	41
يحتفل	41
يحظر	41
يحلم	41
يخدمون	41
يخوضها	41
يدعمها	41
يدعمون	41
يدوي	41
يرأسه	41
يرافق	41
يراقب	41
يراهن	41
يروج	41
يساعدك	41
يسببها	41
يستغرب	41
يشاهدون	41
يشعروا	41
يصفها	41
يعشق	41
يفتقد	41
يفرضها	41
يفشلون	41
يفكرون	41
يقبع	41
يقلق	41
يقودون	41
يكتشف	41
يلفت	41
يمارسها	41
يمثلان	41
يمثله	41
يمني	41
يمنيين	41
يمهد	41
ينتخب	41
ينس	41
ينسحب	41
ينفذون	41
يواجهها	41
يوازي	41
يونغ	41
أنكروا	40
ابدا	40
فمنه	40
فكلوا	40
أعتقت	40
الاخذ	40
الحاقة	40
النعت	40
انفسخ	40
مذموم	40
واللبن	40
الإدغام	40
يعارضه	40
ويقطع	40
عير	40
ضروب	40
كنية	40
كظهر	40
ومنصور	40
بالديار	40
للجمع	40
وأنك	40
والمؤمنون	40
الشمائل	40
فحكمه	40
الصقر	40
فقاتل	40
فأمرهم	40
تخ	40
يثرب	40
فسق	40
بعيره	40
تخفيفا	40
غلامه	40
بشىء	40
محتاجا	40
زمنه	40
فيم	40
يهدى	40
وتابعه	40
اقتداء	40
آكد	40
المار	40
الترمذى	40
الموضحة	40
والميزان	40
ريحه	40
العيال	40
بالمسلمين	40
زنت	40
الواثق	40
غابت	40
بروايته	40
يظلمون	40
مدا	40
يتخلف	40
مهرا	40
ووافقه	40
والمصدر	40
زوجه	40
حسبك	40
الموحدين	40
تجزئ	40
وسعة	40
والفرس	40
زبر	40
تسعا	40
النميري	40
الأغر	40
بعبادة	40
فتصير	40
المحراب	40
واستخلف	40
يشاركه	40
والمؤمنين	40
الأنس	40
بخمسين	40
يأمرهم	40
والنقصان	40
لغيرهم	40
الاختصار	40
وأجل	40
أدام	40
مجتهدا	40
المشرك	40
اخبرنا	40
الاغتسال	40
والجامع	40
دهرا	40
وخاف	40
يطأها	40
مص	40
ينسخ	40
فيبطل	40
ترجعون	40
وصفنا	40
الرضوي	40
القيروان	40
خبرها	40
الإطعام	40
وأخر	40
يؤدى	40
بائن	40
تزويجها	40
بالإسكندرية	40
ونسخة	40
السمسار	40
التابعي	40
الجزع	40
وعمرة	40
حاجتي	40
برجله	40
ببلد	40
الديلمى	40
وينفع	40
ركوع	40
أعدل	40
جنابة	40
نصبا	40
يرمون	40
لأمته	40
العمي	40
لحمها	40
مفارقة	40
برده	40
المستنصر	40
الخلود	40
أبوا	40
يجتمعان	40
الحث	40
كفوا	40
آحاد	40
المازري	40
وحبس	40
أسمعه	40
يأتيك	40
فباع	40
الختان	40
عوالي	40
غزاة	40
يفارق	40
مذهبا	40
قسمان	40
ومقاتل	40
رأيك	40
متعين	40
البلوى	40
الأنطاكي	40
حقة	40
قضاه	40
للزوجة	40
صنيع	40
أسن	40
يسقى	40
فيعلم	40
بالحجاز	40
خيف	40
للمحرم	40
والريح	40
قبيحا	40
مخلوقة	40
الجائز	40
رضاع	40
والزوج	40
صبروا	40
أدم	40
اشهد	40
الحوائج	40
الجنات	40
وتمامه	40
مزية	40
الهجاء	40
فالحق	40
فهى	40
بجزء	40
موصوفا	40
يتقون	40
خاتمه	40
بالقاف	40
المزكي	40
صرفا	40
فانطلقت	40
حصاة	40
أدرى	40
يتيسر	40
قاتلوا	40
شاهدان	40
استعمله	40
بيبرس	40
تجويز	40
صوابا	40
والأربعون	40
الصولي	40
هر	40
بالحسن	40
اذكر	40
الشىء	40
قبيس	40
المدلول	40
إقرارا	40
السعة	40
الغيوب	40
صلاحه	40
انفصل	40
جلوسا	40
بحثه	40
خفتم	40
الفهرسة	40
البراج	40
آثارهم	40
أسري	40
صدقا	40
نوبة	40
تلاوة	40
المجمل	40
فعرض	40
يقبلها	40
وفرس	40
شرفا	40
مضرة	40
مشيئة	40
خولة	40
يقلب	40
حالية	40
وروايته	40
تدبر	40
الحبة	40
غض	40
سندا	40
اجلس	40
وأجمع	40
فعلته	40
اسمع	40
التراخي	40
مأخوذة	40
الصغر	40
المضطر	40
العزاوي	40
يسري	40
ببني	40
يتلو	40
التعجيل	40
القسطنطينية	40
تفريط	40
دمي	40
إخراجها	40
وأبيه	40
الأبار	40
خالي	40
اللامع	40
وطيب	40
والنسب	40
خاتما	40
تخصيصه	40
للغير	40
لتحقق	40
بكونها	40
ولقي	40
بشبهة	40
لإمكان	40
غبار	40
لقريش	40
حملك	40
عهدة	40
ويضع	40
عينك	40
فاحشة	40
المهمات	40
عاتقه	40
الآمال	40
قدومه	40
غراب	40
والتشديد	40
آتي	40
الصاع	40
بالإشارة	40
وواحد	40
يحرك	40
وبالغ	40
الكاذب	40
فوض	40
الحجب	40
بشرح	40
أسفله	40
الامكان	40
الخطايا	40
نر	40
كلي	40
بصفات	40
رقة	40
البقعة	40
غدر	40
فأنتم	40
ينوب	40
بحديثه	40
بأسرها	40
أمورهم	40
السكين	40
العطية	40
ونفس	40
مظهر	40
تنكر	40
بيعت	40
يتعلم	40
يدوم	40
يقوي	40
وصلها	40
أقوالهم	40
الزهر	40
الخال	40
ترجمتها	40
بالقتال	40
والأفعال	40
صبيحة	40
التقويم	40
قضيته	40
التمكين	40
حيثما	40
ونظم	40
إحداها	40
مكاتب	40
ويقدم	40
زي	40
رابعة	40
واتخذ	40
والغضب	40
أهلية	40
ووجود	40
باختصار	40
وفهم	40
بينت	40
ميثاق	40
البقية	40
وعزل	40
يفعلوا	40
يوقع	40
الصفدي	40
يحتاجون	40
بأسماء	40
خيانة	40
اخترت	40
بمسجد	40
حاج	40
مسكن	40
العادات	40
البلاغ	40
إنزال	40
وانتهى	40
المقبرة	40
سترة	40
تعرفه	40
المنفي	40
طولها	40
بركات	40
برز	40
صمت	40
القصور	40
مناسب	40
ملكة	40
بشارة	40
نشهد	40
تقسيم	40
صدرت	40
وصفته	40
وقامت	40
الغزاة	40
حث	40
انضم	40
تهمة	40
والآن	40
لديك	40
وفيات	40
ونفى	40
نسمة	40
الاستعداد	40
صوب	40
الحمراء	40
المقابل	40
مدن	40
تركي	40
اعتماد	40
مركبة	40
تضمنت	40
أصوات	40
تتخذ	40
التخلص	40
أسوأ	40
الصادر	40
المحلل	40
الأسر	40
ضابط	40
أماكن	40
الأسرة	40
برج	40
المحكمة	40
كرة	40
الظروف	40
تنفيذ	40
وتم	40
بنسبة	40
مركز	40
خم	39
صلت	39
أعور	39
ذكرتم	39
وبكر	39
بغلة	39
مشروعية	39
لنفي	39
دعاهم	39
فافعل	39
وددت	39
التراجم	39
الاستئذان	39
السحرة	39
فتزوجها	39
وثم	39
طوافه	39
جعلا	39
المشعر	39
فيظهر	39
الأضداد	39
الشامية	39
أثواب	39
الوجهان	39
اللات	39
أهدي	39
الطعم	39
كفارا	39
والإبل	39
هديه	39
صحح	39
مه	39
أعرابيا	39
الشوكاني	39
عادتها	39
مخلصا	39
هبته	39
الصبغ	39
تعجب	39
نسك	39
فغسل	39
تحبون	39
فسئل	39
الكرب	39
مظعون	39
وصلي	39
كفل	39
ينكرون	39
ارتحل	39
الزجر	39
آتاه	39
لعلة	39
الغلمان	39
شاءوا	39
الأيلي	39
وأجازه	39
والسكون	39
فاجعل	39
المستملي	39
الناقص	39
أنعمت	39
الغيظ	39
الجعفريات	39
تجيء	39
نزولها	39
اهتدى	39
الغنوي	39
الغر	39
الغي	39
أصابك	39
بعذر	39
ويده	39
السجزي	39
بتأويل	39
يربوع	39
يذكرها	39
والنفقة	39
ثبوتها	39
همة	39
فسماه	39
خاقان	39
بالبينات	39
للولد	39
أعتقها	39
سبي	39
يقرع	39
والثلث	39
وبئس	39
أوحينا	39
فحملت	39
فشق	39
الشدائد	39
تعم	39
بركعة	39
لامتناع	39
للسهو	39
وردان	39
وياء	39
للنهي	39
السرة	39
بالتمر	39
بالصفة	39
أخل	39
سمعها	39
البزازية	39
أخره	39
والترمذى	39
وعلما	39
الداري	39
الآبق	39
والكبير	39
قصب	39
كساء	39
تدخلوا	39
أبشر	39
بسماعه	39
طاهرة	39
جنايته	39
والمجاز	39
الجويني	39
بالتنوين	39
فرسخ	39
لقيط	39
سها	39
وقعد	39
أبيح	39
بالوطء	39
لقيام	39
واستغفر	39
رحمتك	39
عطفه	39
التنازع	39
والمقام	39
المائتين	39
استواء	39
احتيج	39
والاجتهاد	39
للحافظ	39
أذينة	39
مشايخه	39
مستقيما	39
كفاه	39
الرياسة	39
مقصورة	39
قحافة	39
الحناط	39
فزعم	39
تذكرون	39
رافعا	39
مبطل	39
الديباج	39
ووهب	39
أوليائه	39
جاهلية	39
للدنيا	39
فجعلها	39
درر	39
محضا	39
مولاة	39
لفظها	39
الأخطل	39
حالي	39
يتناوله	39
حسناته	39
المهلبي	39
يطيق	39
كيل	39
ببطلان	39
إنتهى	39
السكران	39
يرجون	39
وشرف	39
الطوال	39
السواء	39
الهداة	39
التفات	39
لعمرك	39
تكلموا	39
عجيبة	39
الطمع	39
وبرع	39
العقيق	39
حفظت	39
البرمكي	39
بالصدقة	39
أتدري	39
بالدنيا	39
والأولاد	39
حيضة	39
الهجر	39
فأخذوا	39
والهدى	39
ومسجد	39
الصغائر	39
شذرات	39
الطاغوت	39
حمارا	39
بالرواية	39
مأكول	39
ومراده	39
بتقوى	39
ورتب	39
العلوية	39
ملح	39
حقك	39
بحصول	39
يحجب	39
وإرادة	39
لأربع	39
المؤثر	39
المفقود	39
الفارس	39
بالغين	39
المعدن	39
وأكرم	39
وعم	39
أنساب	39
النوبة	39
المقابر	39
استدلال	39
يعترض	39
بالقصر	39
حاصلة	39
خصم	39
فدعاه	39
تبديل	39
زواله	39
يحي	39
رجلي	39
والنسخة	39
دمت	39
خصومة	39
سيل	39
إخواننا	39
ظهورهم	39
اسمي	39
والورع	39
صلاتها	39
أصلية	39
والحزن	39
والباب	39
أنكرت	39
مستعمل	39
المعجزة	39
واقفا	39
تقريره	39
بعدا	39
تكسر	39
العجمي	39
سري	39
النصرة	39
نفيا	39
سحابة	39
دق	39
بالعرض	39
مهلا	39
صفي	39
الفصيح	39
مشرف	39
فعلة	39
بأدنى	39
أقرانه	39
الكاذبين	39
بنوا	39
يثني	39
لسبع	39
ورأسه	39
القاذف	39
الحجرية	39
الخلاص	39
الغزل	39
مركبا	39
السطر	39
الصواعق	39
درجته	39
الأفاضل	39
وضمير	39
والحر	39
تحصيله	39
يحلق	39
منشأ	39
اتسع	39
المؤمل	39
باشر	39
الأملاك	39
يبول	39
والضلال	39
امتثال	39
المعطي	39
والعفو	39
قفاه	39
رأيهم	39
وزعموا	39
السعد	39
فيعتبر	39
أخبرته	39
إليهن	39
المتصلة	39
كورة	39
وأبقى	39
رابعا	39
حميم	39
وبكى	39
الوعظ	39
كسوة	39
بالضمان	39
القصب	39
اليزيدي	39
الدراية	39
تخاف	39
مفضل	39
حينا	39
والإرشاد	39
بالحقيقة	39
افترى	39
وأخبار	39
والشرف	39
المحمول	39
الشجاعة	39
التعب	39
القرآنية	39
جريح	39
البعيدة	39
بالمرأة	39
خراب	39
نقف	39
المدعو	39
رأيي	39
السامي	39
ومكان	39
مختصة	39
والعدوان	39
أمنا	39
مبينة	39
النمر	39
الدرة	39
المفتاح	39
وفر	39
تحفظ	39
جسد	39
المقبوض	39
لشخص	39
منير	39
الحزم	39
أمد	39
الغيرة	39
انتقلت	39
بشراء	39
دان	39
رفعها	39
والحياة	39
عقر	39
الشجاع	39
إرث	39
أنسب	39
الاضطرار	39
تنتقل	39
واختيار	39
وقوف	39
يسمونه	39
المخلصين	39
وتقدير	39
شرعت	39
الذاتية	39
الحظر	39
حاد	39
حقيقي	39
بفرض	39
السبل	39
السهل	39
إيصال	39
لدخول	39
حان	39
السعر	39
يتضح	39
الاستعانة	39
جماهير	39
بتحقيق	39
فحسب	39
التالية	39
الهندية	39
القدسي	39
طلبة	39
يبحث	39
فورا	39
الشيعي	39
تصنيف	39
الذاتي	39
مطالب	39
يشارك	39
يستمر	39
إننا	39
داعيا	39
سلوك	39
مراحل	39
الشعور	39
ويتم	39
طفل	39
العملية	39
وأوضح	39
الولايات	39
خداش	38
مفهومه	38
مختارا	38
ألسنتهم	38
الحكمين	38
فأتت	38
جامعه	38
لنبي	38
وأحل	38
الأغراض	38
بعلة	38
يتقي	38
جدته	38
التعريض	38
التجيبي	38
يرحمك	38
والإكرام	38
الحواشي	38
يستثنى	38
وعرضه	38
فعلهم	38
تطهيرا	38
المستدل	38
الخثعمي	38
نازل	38
أشق	38
قرابته	38
أوسق	38
يجتهد	38
الإبانة	38
كتابتها	38
والأقوى	38
جور	38
وخرجوا	38
رفعا	38
الخصيب	38
يتلى	38
قصبة	38
عبيده	38
بعثنا	38
برئت	38
بخروج	38
فسكون	38
الأزمان	38
البهية	38
الأماني	38
بالولد	38
المحجور	38
أمران	38
يطيب	38
يسد	38
تكبيرات	38
البنيان	38
للشيطان	38
يمشون	38
رداءه	38
المنفصل	38
علمته	38
ذكاة	38
القيوم	38
الطهراني	38
فراق	38
حسرة	38
العجائب	38
سوط	38
وعدل	38
الزينبي	38
الأمي	38
مغفل	38
التبيين	38
درك	38
نقضه	38
العذب	38
يزوجها	38
البيضة	38
فحضر	38
فماتت	38
فكأنها	38
بعلو	38
واتبع	38
أهو	38
فذكروا	38
حسا	38
الهموم	38
الأشباه	38
رأيتني	38
وسطا	38
وتحريم	38
أشكو	38
ببعضه	38
ميقات	38
عيال	38
وجودا	38
بالوضوء	38
وأبان	38
اللعن	38
فخطب	38
مجزوء	38
المستحب	38
الذبائح	38
العاجز	38
الخوانساري	38
والزوجة	38
واستثنى	38
عنترة	38
منية	38
القوت	38
أقواما	38
المحيل	38
وزهير	38
هرم	38
اخبرني	38
بى	38
جعدة	38
الغضائري	38
العقبى	38
بأكل	38
يأمركم	38
مجردا	38
العلاف	38
ملعون	38
يؤاخذ	38
يظنون	38
تعقل	38
المكفول	38
المتمتع	38
زجر	38
وسلمة	38
رئاب	38
سكينة	38
أفضى	38
فضلك	38
بالآيات	38
وفرغ	38
والجمال	38
جندل	38
ودلالة	38
قبلهما	38
وينهى	38
التوكيد	38
وأسد	38
وثق	38
والخلف	38
أكثم	38
المزمل	38
السبي	38
الطحان	38
مأمورا	38
رمت	38
سديد	38
ضمنا	38
ببلده	38
خبث	38
امرأتك	38
مكرها	38
ملا	38
أجعل	38
المنقطع	38
صنم	38
نهيه	38
المستفيضة	38
الموات	38
المجتبى	38
غفل	38
اشتكى	38
حلي	38
بالراء	38
رشدين	38
حديثان	38
فيتعين	38
يندب	38
وأتباعه	38
الفتيا	38
طعمه	38
مظلوما	38
والزاي	38
واذكروا	38
لأبى	38
قصاصا	38
ثوبين	38
عجزه	38
انتقض	38
اتحد	38
رشيق	38
وك	38
لمعاوية	38
المعلول	38
عهدي	38
فتوفي	38
تشد	38
والاه	38
نظائر	38
والقوم	38
اعملوا	38
فالأصل	38
نسيئة	38
لبنا	38
موعظة	38
صيحة	38
ضبة	38
ظنك	38
والإجارة	38
يجامع	38
لفوات	38
تعقلون	38
بالفقه	38
إجازته	38
مقاما	38
المقلد	38
شبرا	38
فراغه	38
وحصول	38
مؤيد	38
حليم	38
تكرير	38
السالفة	38
ووفاته	38
يلزمهم	38
يرعى	38
مجنونا	38
يتكلمون	38
عدوك	38
وجمهور	38
الدموع	38
شقي	38
القدمين	38
أنطاكية	38
والكمال	38
جاؤوا	38
ويقتل	38
فعلوه	38
يسمي	38
الجاهلين	38
وتركوا	38
وسن	38
مباركا	38
ورائه	38
تكلمت	38
أودع	38
والجمعة	38
والصدق	38
مفصل	38
قوموا	38
حذفه	38
التابوت	38
رجعنا	38
والرابعة	38
بالاسم	38
تنقض	38
عرس	38
للشمس	38
أقاتل	38
والمسجد	38
بالوجه	38
استأنف	38
سقوطه	38
نستعين	38
بالحمل	38
ساقطة	38
بدونها	38
العقرب	38
ظنوا	38
ورم	38
الآفات	38
ملكي	38
وتلا	38
والكاف	38
الغازي	38
والديه	38
الذيل	38
المحلة	38
رمز	38
نظيف	38
علمني	38
صادقة	38
وجوها	38
يمنعك	38
بنين	38
تركب	38
الخرق	38
وجرير	38
يفر	38
أقاربه	38
جعلهم	38
وعلمت	38
المكرمة	38
الشاه	38
أخيها	38
الخصوم	38
الصابرين	38
زمنا	38
وحسين	38
للجنس	38
العنزي	38
للأمير	38
عشائر	38
المباركة	38
بسببها	38
لتعلق	38
ترعى	38
البشارة	38
أبيهم	38
واليهود	38
وأحكامه	38
تنقسم	38
ملازمة	38
وأحكام	38
والإرادة	38
الاجر	38
الجواري	38
ليذهب	38
فيرى	38
ويتبع	38
أثقل	38
بابل	38
أقرت	38
الأقدام	38
والنصف	38
كافيا	38
مستهل	38
المعبر	38
محظور	38
وسيف	38
الخصائص	38
خصوصية	38
نادرا	38
السكة	38
يستند	38
والشهداء	38
تغيرت	38
المرفق	38
التفويض	38
متنه	38
الحاجات	38
الارض	38
اذ	38
اثر	38
المحلى	38
عرضها	38
صانع	38
تخلل	38
ويقدر	38
أعضائه	38
المراسم	38
العار	38
وتعلق	38
حارة	38
الملا	38
بقبول	38
نسيان	38
أموالا	38
الضعيفة	38
النبأ	38
وتحمل	38
يومها	38
والسؤال	38
قطيعة	38
تقدموا	38
نظرنا	38
الكراهية	38
الطيور	38
كاذبة	38
أصحابها	38
وظهرت	38
واسعا	38
بعلبك	38
وتبقى	38
للخروج	38
العراقيين	38
تحسن	38
حينما	38
ويسعى	38
المختص	38
الثلاثي	38
تعطي	38
اخرى	38
بحد	38
والنقل	38
اصحاب	38
مفتوح	38
وصدر	38
عبارات	38
الصعب	38
الكنيسة	38
تعبير	38
المعركة	38
البقاع	38
مستمر	38
الخضراء	38
قصيرة	38
تحليل	38
نعمل	38
النتيجة	38
معتبرا	38
يتمثل	38
السيارة	38
بلادنا	38
الناطق	38
صفوف	38
المدنية	38
الطلاب	38
الملكة	38
معلومات	38
اليمني	38
منتخب	38
وكالة	38
إدارة	38
وأضاف	38
المتيقن	37
وعدمها	37
ثوبي	37
والقصد	37
والصبي	37
فيؤخذ	37
فقعد	37
غل	37
الباقلاني	37
الريان	37
فلاحظ	37
وهاهنا	37
متحد	37
ومروان	37
الغم	37
تثنية	37
واتبعوا	37
لفقد	37
ومأجوج	37
نسائكم	37
ركنا	37
المسكر	37
يصرفه	37
زور	37
مقصودة	37
تغفر	37
راوي	37
يكلمه	37
نسخت	37
تعتق	37
الناصب	37
اعبدوا	37
وعمران	37
الخوئي	37
جاريته	37
ميم	37
والحاوي	37
جوادا	37
الحسان	37
قلد	37
عادتهم	37
شذ	37
الالتباس	37
وكنيته	37
التراويح	37
طهورا	37
والروضة	37
واسمها	37
راجعة	37
استأجره	37
آقا	37
فيقدم	37
وعذاب	37
يبسط	37
تسجد	37
عابدا	37
وصدقه	37
المدين	37
للكفار	37
بتحريم	37
آتينا	37
نهيك	37
فباعه	37
النسيم	37
وصفوان	37
لأرجو	37
الزانية	37
خرجا	37
عدالته	37
لسائر	37
البدنة	37
هراة	37
بعهد	37
زوجك	37
بالنسب	37
النبيء	37
مصلى	37
حنيفا	37
صلاتكم	37
بدائع	37
يبكيك	37
الغصن	37
وعلة	37
علماؤنا	37
أيده	37
ذهل	37
القسمين	37
بمدة	37
الأعاجم	37
أبرأ	37
نفاه	37
غر	37
والمحقق	37
أستاذه	37
بسيفه	37
شأنهم	37
للفظ	37
الأصوليين	37
والدنانير	37
للوكيل	37
سيئات	37
وأنثى	37
والجار	37
تحذف	37
والشك	37
بمهر	37
واحده	37
بضمتين	37
فصعد	37
ماضيا	37
درهمين	37
يشكو	37
إياي	37
للامام	37
والمسلمون	37
الأردبيلي	37
منقذ	37
الواسطة	37
يجبه	37
الفوات	37
فأقبلت	37
بشهوة	37
بإسكان	37
والخطاب	37
لبست	37
يبيعها	37
ذكرك	37
قرنه	37
والكلب	37
يعجبني	37
بالنهي	37
يحشر	37
أعطوا	37
اليشكري	37
حابس	37
فتبسم	37
ويفعل	37
الحيري	37
أبياتا	37
أسانيد	37
بنكاح	37
يطمع	37
بحضرته	37
والتوحيد	37
مصنفاته	37
حبذا	37
أيديهما	37
يخرجها	37
والخنزير	37
لحاجته	37
المفردة	37
عتقها	37
فتركه	37
علقه	37
شاع	37
الضمة	37
وقوته	37
الكرى	37
والوتر	37
وعشرا	37
بصدقة	37
المشكاة	37
ليله	37
والسيف	37
وحبيب	37
أوجبت	37
كرهه	37
بأحاديث	37
للقوم	37
مشتملة	37
قصرا	37
ميسر	37
والجيم	37
ضربان	37
غنمه	37
ينابيع	37
وضوئه	37
سلخ	37
نفيس	37
الصابوني	37
المبيت	37
إفراد	37
مهموز	37
لملك	37
الضبع	37
التغلبي	37
تحريمها	37
لائم	37
قحطان	37
فاتك	37
المضمضة	37
محمودا	37
مقدور	37
تدبيره	37
الوصال	37
والفتوى	37
بالهدى	37
اذهبوا	37
ونصفه	37
حلفه	37
أجرهم	37
آمر	37
عذرة	37
محبا	37
عاجز	37
وصحب	37
والزمان	37
ووهم	37
يزني	37
نسيم	37
ويأكل	37
ببدر	37
لورثته	37
جنسا	37
معطوفا	37
خالدون	37
المعافري	37
وتفرد	37
بنتا	37
إبله	37
المقدمي	37
ماؤها	37
الثعلب	37
طالوت	37
كفا	37
العكبري	37
الإجمال	37
سليما	37
أصفهان	37
يسوق	37
نخرج	37
وقيام	37
هواء	37
يزن	37
بمقبرة	37
مريد	37
أحسنوا	37
قومها	37
يكرهون	37
احتجوا	37
وإحدى	37
رأته	37
والتصرف	37
يقولها	37
بالشعر	37
فعليها	37
بأيدي	37
الشهادتين	37
الزبيب	37
الحدوث	37
الآلهة	37
السطح	37
للخير	37
قبضته	37
بقلب	37
أعود	37
يفيض	37
الاعتداد	37
العنبر	37
إحسان	37
وشعر	37
تولد	37
ممنوعة	37
وزوجها	37
والإقرار	37
معلما	37
الطوفان	37
الخالية	37
الشافي	37
شقه	37
العجوز	37
أنفسها	37
أنيسة	37
جذع	37
يتسع	37
وأحضر	37
لفظي	37
يعفى	37
اختصار	37
تنقيح	37
وعمره	37
المدخول	37
تتكلم	37
تجعلوا	37
غار	37
مقيدة	37
تحسب	37
وأصاب	37
والسادس	37
جمعهم	37
وثابت	37
خلقوا	37
منعوا	37
الجبن	37
الرمان	37
المعري	37
ومهر	37
الرؤوس	37
قلبها	37
اللغو	37
صيفي	37
البشرى	37
ناسخ	37
رددت	37
أنفقوا	37
دخلا	37
وشريك	37
والعام	37
حملوا	37
وصاحبه	37
ساجد	37
مرج	37
للعين	37
شائع	37
كنوز	37
وقفوا	37
معطوفة	37
لعلم	37
يتبعها	37
وضح	37
تواتر	37
المؤلفة	37
الهرم	37
ببناء	37
المناظرة	37
السود	37
وبحث	37
تتحقق	37
ومهما	37
المقاتلة	37
تحريك	37
يتمنى	37
المحدود	37
بشهر	37
الأخيرين	37
عشت	37
عدالة	37
الجنايات	37
خلص	37
درب	37
نراه	37
والسير	37
يدرس	37
الكافية	37
يثق	37
أصبحوا	37
بالقيام	37
واليمن	37
سعيه	37
يوجه	37
مصري	37
نمر	37
الفلسفة	37
ننظر	37
وسم	37
عقول	37
خروجها	37
وحملت	37
للأرض	37
العصيان	37
تعميم	37
حركات	37
مفيدة	37
الأشقر	37
يدين	37
بوادي	37
مرتضى	37
الانفصال	37
مراكش	37
الاضطراب	37
وظل	37
بنائه	37
إبقاء	37
وارتفع	37
الضخم	37
بعرض	37
القابلة	37
التكاليف	37
وردا	37
وتظهر	37
المعمول	37
بغض	37
الخبرة	37
عددها	37
المعادن	37
الزيتون	37
باردة	37
ذاتها	37
محدود	37
عميد	37
ينص	37
أسس	37
يحق	37
شاطئ	37
توجهت	37
سعي	37
الحارة	37
زيادات	37
أعوام	37
القريبة	37
مراجعة	37
حقوقهم	37
انتظار	37
البعثة	37
المجاورة	37
السيدة	37
بتاريخ	37
لمنع	37
يخدم	37
الجدل	37
الأحيان	37
أية	37
الأولوية	37
القوانين	37
الجنود	37
قناة	37
واعتبر	37
الاستقرار	37
فرصة	37
التحالف	37
تل	37
الاجتماعية	37
الأسبوع	37
الفريق	37
بالحكمة	36
سابور	36
للمعنى	36
عاداه	36
فدفن	36
البهائي	36
الذكاة	36
خفيفا	36
ولزمه	36
وحلق	36
وزينب	36
ورثه	36
مستندا	36
يطعن	36
محذور	36
وأعرض	36
فلقي	36
رياء	36
الأفلاك	36
عليما	36
أحمق	36
والتأخير	36
السامري	36
معذور	36
غسلها	36
للعموم	36
وكونها	36
مرتبا	36
اشتمال	36
الظهيرية	36
وأطلقهما	36
وولاه	36
حرث	36
الظباء	36
أراني	36
أجناس	36
بالإسناد	36
ولمسلم	36
فارجع	36
إزار	36
والزهد	36
النسابة	36
بقر	36
المعافى	36
استصحاب	36
الحجامة	36
بمذهب	36
الممالك	36
وأنى	36
المكرم	36
تنوين	36
مستثنى	36
وأظنه	36
مأذون	36
وعمله	36
الدباغ	36
ميراثا	36
بئرا	36
صحاح	36
أوتر	36
جسما	36
ودينه	36
المحيض	36
بالحمد	36
دالا	36
وثبوت	36
غفورا	36
وقولوا	36
الممات	36
شارب	36
فسمى	36
ولام	36
وتقبل	36
الزبرقان	36
مواضعها	36
وعمه	36
بود	36
حذافة	36
سجدتي	36
والأنبياء	36
وتصدق	36
تفريع	36
وسر	36
يكتفى	36
البخيل	36
انصرفوا	36
منتجب	36
والاعتبار	36
فانظروا	36
موتي	36
موليا	36
خنيس	36
فولى	36
والأوجه	36
يدخلوا	36
المعسر	36
وثلثمائة	36
تطيب	36
قصيدته	36
منكبيه	36
المناوي	36
لغيرها	36
المنون	36
أجلا	36
رشدا	36
دواب	36
عاقلته	36
لكنا	36
لأمره	36
الدستوائي	36
آلاء	36
والبصرة	36
حظا	36
دمها	36
أيتها	36
ويلحق	36
والمنكر	36
يعجبه	36
الإفك	36
ومفهوم	36
ضيعة	36
أداه	36
فكسر	36
بالتسليم	36
ابتلي	36
أدل	36
وزياد	36
فوائده	36
والقاف	36
عظمت	36
لدينه	36
فأردت	36
والخمر	36
بابك	36
رسلنا	36
المزدلفة	36
بالهمزة	36
الأسقع	36
يطع	36
المكر	36
سكران	36
فرارا	36
نبى	36
أستغفر	36
واه	36
فحيث	36
المخرمي	36
عنهن	36
أرطال	36
جالينوس	36
لشئ	36
بالبر	36
فادع	36
النشأة	36
تفصيلا	36
المعبود	36
الدواوين	36
أخفى	36
وعندهم	36
والأمراء	36
تصوم	36
الغزال	36
أعطاها	36
والدواب	36
بالشرع	36
دارهم	36
العجيب	36
الأكمل	36
احتراز	36
وتأويل	36
مستوفى	36
ولزوم	36
القولان	36
بطاعته	36
أبدل	36
الحنظلي	36
اتباعا	36
والمتوفى	36
المرزبان	36
بشرطه	36
مواضعه	36
للصائم	36
تجدوا	36
ولغيره	36
بكت	36
لصدق	36
بينكما	36
الزوجات	36
الزنج	36
إبدال	36
وسلمان	36
معونة	36
فيمتنع	36
أقتل	36
ينفر	36
الناسي	36
بالمصدر	36
مسمع	36
اللآلي	36
معيط	36
لكلام	36
النبت	36
متعديا	36
جاءتهم	36
وامرأته	36
جف	36
استوت	36
موصول	36
شهبة	36
أحلف	36
زان	36
النوري	36
تستر	36
فحمله	36
ورفعه	36
بقرطبة	36
كلهن	36
المفسدة	36
القبط	36
عمته	36
المتوفي	36
بقدره	36
الاستحاضة	36
بالنجاسة	36
مخنف	36
انكشف	36
تتقون	36
فقدمت	36
وأنبأنا	36
ويحسن	36
فمنعه	36
زانية	36
الخد	36
والاستغفار	36
وسهم	36
المطابقة	36
يتيم	36
كذابا	36
القرافي	36
للموصى	36
فصاروا	36
فضلاء	36
الأشاعرة	36
امرأتين	36
واليقين	36
بخصوصه	36
عمرك	36
اختلاط	36
شرطية	36
الساحر	36
يكذبون	36
والبعد	36
مضطرب	36
يميني	36
ولأجل	36
الاحتياج	36
الخبيثة	36
فسادا	36
وعموم	36
وعلل	36
المنظر	36
نقصا	36
لكثير	36
بائنة	36
الرجلان	36
بطرف	36
ذكور	36
إزالته	36
بنوع	36
وعمارة	36
وشهر	36
ببقاء	36
النبيل	36
شيراز	36
سائلا	36
هيبة	36
بظهور	36
صدرك	36
بصدق	36
مؤرخ	36
عينيك	36
شفع	36
والحالة	36
بشرى	36
مهنا	36
عشاء	36
الديك	36
بالعفو	36
عشيرة	36
منسوبة	36
بحفظ	36
شامي	36
بالنقل	36
الآلات	36
يأتى	36
اللعنة	36
فانا	36
وقريب	36
حكمهم	36
قميصا	36
والأخوات	36
فضربت	36
اقتضت	36
الجياد	36
الاختلاط	36
الشيئين	36
والمعاني	36
بالكتابة	36
والأب	36
مخطوطة	36
وخروج	36
منة	36
تمكنه	36
قتلة	36
مقدرا	36
عجزت	36
وأصول	36
فلابد	36
الثقل	36
تلقاه	36
افتقر	36
وسعه	36
البسط	36
الأحمق	36
والشيء	36
نافية	36
يدعوا	36
بسيف	36
عريض	36
ثانيها	36
اشتراك	36
تفسيرها	36
تشترط	36
حاصلا	36
للعلماء	36
كرمان	36
والإنسان	36
أتباعه	36
زكرياء	36
واشترى	36
ويأمر	36
سخر	36
التفريط	36
بحرا	36
سهلا	36
قرأته	36
يعدو	36
تكبير	36
قارئ	36
طريقته	36
الرملة	36
وغضب	36
حرك	36
والقطع	36
لخمس	36
تميل	36
أيد	36
بكلمات	36
ويفتح	36
بإقرار	36
مقرا	36
اللوم	36
والحاجة	36
السقف	36
رومان	36
المبدأ	36
النخيل	36
يهم	36
وبات	36
الكأس	36
المخصص	36
مشاهير	36
يأخذوا	36
وأنواع	36
سكة	36
لوح	36
ثمار	36
سببها	36
اشتباه	36
تقيم	36
الجليلة	36
زوجتي	36
الرحيل	36
والتحرير	36
المبني	36
حفرة	36
فتوح	36
الحفر	36
ملجأ	36
وآخرين	36
بالضرب	36
المتعاقدين	36
مصورة	36
الموضوعة	36
البشرة	36
حنان	36
والفقر	36
حربي	36
المفارقة	36
أحرار	36
والدخول	36
كفة	36
الواسعة	36
علمية	36
والدة	36
حرق	36
وإزالة	36
باتباع	36
الفعلية	36
ينتج	36
يعترف	36
التوجيه	36
ماجد	36
وتوقف	36
المرتفع	36
الافتتاح	36
حربا	36
الان	36
ويعود	36
للحرب	36
الركاب	36
تنفذ	36
قدمها	36
الاسلامية	36
الحصار	36
المواقف	36
الكرة	36
بجانب	36
التونسي	36
والبحث	36
نقلته	36
الحريق	36
أسلوب	36
يحقق	36
مهم	36
عقدت	36
الارتفاع	36
الأسرى	36
بشدة	36
تضم	36
الحالات	36
الحالية	36
المشتبه	36
الجزائر	36
مهمة	36
مؤكدا	36
سعر	36
دول	36
آتوم	36
آخذة	36
آزوف	36
آفي	36
آلت	36
آمبر	36
آمون	36
أبدية	36
أبراج	36
أبرمت	36
أبرمها	36
أبلغته	36
أبلغوا	36
أبها	36
أتاح	36
أتحدث	36
أثري	36
أثمرت	36
أثينا	36
أجدد	36
أجروا	36
أجريا	36
أحاديا	36
أحالت	36
أحذية	36
أحر	36
أحرزه	36
أحصت	36
أحمدو	36
أخريات	36
أخصائي	36
أخطرت	36
أخفق	36
أدبي	36
أدلت	36
أدمغة	36
أدنوك	36
أدهانوم	36
أدير	36
أذار	36
أذهان	36
أذون	36
أرحب	36
أرسلتها	36
أرشيف	36
أرقاما	36
أركو	36
أرنولد	36
أزمتها	36
أساسيين	36
أستبعد	36
أسترازينيكا	36
أسترالي	36
أسدل	36
أسدى	36
أسرتها	36
أسفها	36
أسلحته	36
أسلحتهم	36
أسمته	36
أسمى	36
أسنانك	36
أسهمت	36
أسياد	36
أشخاصا	36
أشعل	36
أشكاله	36
أصدقاؤنا	36
أضافوا	36
أضرم	36
أطروحة	36
أطعمة	36
أطفاله	36
أطلعت	36
أطمة	36
أطنان	36
أطياف	36
أظافر	36
أعاقت	36
أعدته	36
أعياد	36
أغنياته	36
أفرادا	36
أفران	36
أفرزت	36
أفشلت	36
أفقا	36
أقاربهم	36
أقرها	36
أقسى	36
أقطاب	36
أقليات	36
أقمار	36
أكدا	36
أكسبورت	36
أكسفورد	36
أكوام	36
أكيد	36
ألكسندرا	36
ألماتي	36
ألياف	36
أليسون	36
أمريكيا	36
أمريكيان	36
أمسالم	36
أمسية	36
أمضينا	36
أمننا	36
أناتولي	36
أناد	36
أنتجها	36
أنجيلا	36
أنشأتها	36
أنشيلوتي	36
أهميته	36
أوتاوا	36
أوتوستراد	36
أوجيرو	36
أودت	36
أوروبي	36
أوسطية	36
أوسكار	36
أوصلت	36
أوعز	36
أوفت	36
أوقفوا	36
أوكار	36
أولبرايت	36
أولمرت	36
أوليفر	36
أوليفييه	36
أوينز	36
أيدت	36
أيرلندي	36
أيفون	36
إبحار	36
إبقائه	36
إتفاق	36
إثنين	36
إجتماع	36
إجراءاته	36
إجلاؤهم	36
إجهاض	36
إحصاءات	36
إخضاع	36
إخفاقات	36
إخماده	36
إدانات	36
إدانتهم	36
إدخالها	36
إدنبرة	36
إدوارد	36
إذاعية	36
إرهابيا	36
إسباني	36
إستقبل	36
إستونيا	36
إسهامات	36
إسوة	36
إشباع	36
إصابتك	36
إصدارها	36
إصلاحية	36
إضافتها	36
إضافيين	36
إضرابا	36
إضرابات	36
إطاره	36
إعجابه	36
إعجابها	36
إعلاميا	36
إعلانا	36
إعلانات	36
إغاثة	36
إغلاقه	36
إغلاقها	36
إفراز	36
إقامتي	36
إقفال	36
إكسبورت	36
إلكترونيا	36
إلموندو	36
إمبريال	36
إملاءات	36
إنتخاب	36
إنتخابات	36
إنجازها	36
إنجي	36
إندبندنت	36
إنسايدر	36
إنشاؤه	36
إنعاش	36
إهتمام	36
إياب	36
إيجار	36
إيجة	36
إيرز	36
إيزيوم	36
إيطالي	36
إيقافها	36
إيكواس	36
إيليا	36
إيماننا	36
إيماني	36
إيناسيو	36
إينرجي	36
إيني	36
ائتلافية	36
ابتدائي	36
ابتسام	36
ابتعدت	36
ابتكر	36
ابريل	36
اتجاها	36
اتفاقيتين	36
اتمنى	36
اجتياز	36
اجرت	36
اجور	36
احتجاجي	36
احتجازهم	36
احتجزت	36
احتراق	36
احتراما	36
احترامه	36
احتكار	36
احتياجا	36
احداث	36
اختصاصية	36
ادت	36
ادعاءاتها	36
ادلى	36
اراضي	36
ارتباطها	36
ارتباطهم	36
ارتكبه	36
ارتكبوا	36
ارنا	36
ارهابية	36
ازاء	36
ازدحام	36
ازمة	36
اساسي	36
استؤنفت	36
استئصال	36
استبدالها	36
استبعدت	36
استثماراته	36
استثمر	36
استثناءات	36
استحوذت	36
استخبارية	36
استخدموا	36
استخلاص	36
استدعائه	36
استذكر	36
استراتيجيا	36
استراتيجيات	36
استراتيجيته	36
استراليا	36
استشارية	36
استشفاء	36
استشهدا	36
استشهدت	36
استشهدوا	36
استضافته	36
استغرابها	36
استغل	36
استفتاءات	36
استفسارات	36
استقال	36
استقالاتهم	36
استقبالهم	36
استمروا	36
استنفار	36
استنكار	36
استيقظت	36
اشتبك	36
اشتراكات	36
اشتعال	36
اصطناعية	36
اضراب	36
اضطراري	36
اطراف	36
اطلقت	36
اعتبارات	36
اعتبرتها	36
اعتبرها	36
اعتبروه	36
اعتداءاتها	36
اعتداءاتهم	36
اعتراضية	36
اعترافات	36
اعتقلا	36
اعتلى	36
اعتمدتها	36
اعداد	36
اعلامية	36
اعوام	36
اغتنام	36
اغلاق	36
افتراضية	36
افريقي	36
اقتصادنا	36
اقناع	36
اقوى	36
اكتشافا	36
اكتشافها	36
اكتوبر	36
اكسترا	36
الأبرز	36
الأتربة	36
الأثري	36
الأحراش	36
الأحماض	36
الأخوية	36
الأذربيجانية	36
الأردنيات	36
الأرفع	36
الأسطح	36
الأطرش	36
الأطقم	36
الأطنان	36
الأعشاب	36
الأعمدة	36
الأقباط	36
الأقطاب	36
الأقوياء	36
الأكثرية	36
الأكسجين	36
الأكسدة	36
الألبانية	36
الأمامي	36
الأمومة	36
الأمونيا	36
الأمية	36
الأميركيون	36
الأن	36
الأنترنت	36
الأنسولين	36
الأنفاق	36
الأوكرانيتين	36
الأونصة	36
الإبداعي	36
الإبداعية	36
الإتفاق	36
الإثارة	36
الإجتماع	36
الإجرام	36
الإحصائيات	36
الإداريون	36
الإدانة	36
الإذاعية	36
الإرباك	36
الإرشادات	36
الإستقلال	36
الإسلاميين	36
الإسهام	36
الإشاعات	36
الإشعاعات	36
الإصدارات	36
الإطلاع	36
الإعانات	36
الإعدادات	36
الإعدادية	36
الإعفاء	36
الإفلاس	36
الإقتصادي	36
الإقصائية	36
الإكوادور	36
الإليزيه	36
الإندبندنت	36
الإنفوغرافيك	36
الإهتمام	36
الإيقاف	36
الائتماني	36
الابتسامة	36
الابتهاج	36
الابداع	36
الاتجاهات	36
الاتحادين	36
الاثيوبي	36
الاجتماعى	36
الاجرامية	36
الاجمالي	36
الاحترافي	36
الاحتكار	36
الاحصاء	36
الاحمر	36
الاختراع	36
الاختصاصات	36
الاختلالات	36
الادارات	36
الادارية	36
الادوية	36
الاردن	36
الارهاب	36
الازدواجية	36
الازمات	36
الاساس	36
الاستباقية	36
الاستخبارية	36
الاستخدامات	36
الاستدعاء	36
الاستدلالي	36
الاستراتيجيات	36
الاستشراق	36
الاستشعار	36
الاستضافة	36
الاستقلالية	36
الاستمرارية	36
الاستنتاجات	36
الاستهلاكي	36
الاستيطاني	36
الاستيعابية	36
الاسرة	36
الاسرى	36
الاسواق	36
الاشياء	36
الاصابة	36
الاصطدام	36
الاعترافات	36
الاغتصاب	36
الافتراض	36
الافضل	36
الاماكن	36
الامتياز	36
الامريكي	36
الاميركيين	36
الانتقائي	36
الانتقاد	36
الانجرار	36
الانجليزية	36
الانسداد	36
الانطباع	36
الانطلاقة	36
الانظمة	36
الانقسامات	36
الانكليزي	36
الانكماش	36
الانماء	36
الاهتزازات	36
الايطالي	36
البارود	36
الباصات	36
الباك	36
البالغون	36
الباهظة	36
البتراء	36
البحارة	36
البحيرات	36
البخيتي	36
البدلاء	36
البرازيليين	36
البراعم	36
البراكس	36
البروتينات	36
البريكس	36
البطء	36
البطاطا	36
البطاقات	36
البطريركي	36
البطولية	36
البغيضة	36
البلاتيني	36
البلبلة	36
البلجيكية	36
البنايات	36
البناية	36
البنكية	36
البنيوية	36
البوارج	36
البوتاسيوم	36
البوسعيدي	36
البوسفور	36
البوكر	36
البولوني	36
البوم	36
البيتكوين	36
التأمينية	36
التأهيل	36
التأهيلي	36
التالفة	36
التايوانية	36
التباحث	36
التبادلات	36
التباينات	36
التجاوب	36
التجربتين	36
التجميل	36
التجهيزات	36
التحريات	36
التحضيري	36
التحفيزي	36
التحلي	36
التحليق	36
التحميل	36
التخريبية	36
التخصص	36
التخصصي	36
التدفقي	36
التدمير	36
التدميرية	36
التدوير	36
التذاكر	36
التذكارية	36
التراثية	36
التراكم	36
الترفيهية	36
التركيبة	36
التزاحم	36
التزوير	36
التسريبات	36
التسعير	36
التسعينات	36
التسوق	36
التشاوري	36
التشخيص	36
التشخيصات	36
التشغيلي	36
التشيلي	36
التشييع	36
التصديرية	36
التصعيدية	36
التطرف	36
التطعيمات	36
التطوعية	36
التعاقدات	36
التعرق	36
التعريفات	36
التعسفي	36
التعليمي	36
التعهد	36
التغريدات	36
التفاعلات	36
التفقدية	36
التفوق	36
التقاضي	36
التقديرية	36
التقطته	36
التكاملية	36
التكهن	36
التلال	36
التلسكوب	36
التلفريك	36
التمثيلية	36
التمرد	36
التمويلية	36
التنشيط	36
التنفيذيون	36
التنمر	36
التوازنات	36
التواطؤ	36
التوجيهية	36
التورط	36
التوعوية	36
الثانوي	36
الثمانينات	36
الثورات	36
الجاد	36
الجارى	36
الجارين	36
الجثمان	36
الجداول	36
الجذري	36
الجذرية	36
الجراحية	36
الجرافات	36
الجرمية	36
الجروح	36
الجريحة	36
الجسدي	36
الجعبري	36
الجليدي	36
الجنوني	36
الجهادية	36
الجهوية	36
الجورجية	36
الجولات	36
الجير	36
الجيشين	36
الجين	36
الحائزة	36
الحاصلين	36
الحاضنة	36
الحافة	36
الحاليين	36
الحبيبة	36
الحثيث	36
الحراس	36
الحربين	36
الحرق	36
الحركية	36
الحريقة	36
الحزبان	36
الحزبين	36
الحساس	36
الحظيرة	36
الحكيمة	36
الحلوة	36
الحموري	36
الحوارات	36
الحيطة	36
الحيواني	36
الخارقة	36
الخاسر	36
الخبازين	36
الخرف	36
الخشبي	36
الخصبة	36
الخطي	36
الخلابة	36
الخلوية	36
الخليفي	36
الخنادق	36
الدارسين	36
الدافئة	36
الدامية	36
الدراجة	36
الدراستين	36
الدردشات	36
الدرون	36
الدفاعي	36
الدفلى	36
الدموي	36
الدنماركي	36
الدهيشة	36
الديموغرافي	36
الديموغرافية	36
الديموقراطي	36
الذكريات	36
الذكورية	36
الراديكالية	36
الراصد	36
الراعية	36
الرافدين	36
الرايخ	36
الربيعي	36
الرسومات	36
الرشاشة	36
الرضوخ	36
الرفاه	36
الرقابي	36
الرقصات	36
الركيزة	36
الرمزية	36
الرمضاني	36
الرهانات	36
الروبوت	36
الروك	36
الروماني	36
الرياضيات	36
الريال	36
الزاهية	36
الزراعات	36
الزناتي	36
الزنك	36
الزيتية	36
الزيوت	36
السائد	36
الساحرة	36
السار	36
الساسة	36
السامبا	36
السامعي	36
السترات	36
الستراتيجية	36
السجين	36
السراي	36
السرد	36
السلالات	36
السلبيات	36
السلطتين	36
السلكية	36
السليمانية	36
السنيورة	36
السوبرماركت	36
السوداوات	36
السوشيال	36
السوفيتية	36
السولار	36
السومرية	36
السيسى	36
السينية	36
الشائكة	36
الشابات	36
الشاعرة	36
الشبابي	36
الشبكي	36
الشبكية	36
الشرائح	36
الشرارة	36
الشرطيين	36
الشروب	36
الشريحة	36
الشريرة	36
الشعبوية	36
الشعري	36
الشغور	36
الشماليين	36
الشهاري	36
الشوا	36
الشوفان	36
الصابري	36
الصاعد	36
الصافرة	36
الصخري	36
الصدمات	36
الصراخ	36
الصعد	36
الصوامع	36
الصوديوم	36
الصورية	36
الصويا	36
الضاهر	36
الضوئي	36
الطاجيكي	36
الطارف	36
الطازجة	36
الطاقي	36
الطالبية	36
الطراد	36
الطغاة	36
الطفرة	36
الطقوس	36
الطموحات	36
الطهي	36
الطيراوي	36
الظالمة	36
العائدة	36
العائدين	36
العائمة	36
العاتية	36
العالميتين	36
العامود	36
العتبة	36
العتيبي	36
العجارمة	36
العدائي	36
العدادات	36
العربة	36
العربى	36
العرقية	36
العزف	36
العسكريون	36
العشوائية	36
العصائر	36
العصرية	36
العصيبة	36
العفرون	36
العقابية	36
العلاجي	36
العلمانية	36
العلنية	36
العمالي	36
العمرية	36
العمقين	36
العملياتي	36
العميلة	36
العنابي	36
العواصم	36
العوني	36
العيادات	36
الغاء	36
الغابية	36
الغارق	36
الغاني	36
الغبارية	36
الغيار	36
الغيتار	36
الفائقة	36
الفارغة	36
الفاو	36
الفايز	36
الفدرالية	36
الفرز	36
الفرسيك	36
الفرط	36
الفشقة	36
الفصح	36
الفصيلة	36
الفطور	36
الفقيدة	36
الفندقة	36
الفندقية	36
الفنلندية	36
الفنيين	36
الفورة	36
الفوليك	36
الفيتنامي	36
القباج	36
القراصنة	36
القرفة	36
القماشية	36
القمرية	36
القناص	36
القواقع	36
القومى	36
القوميون	36
القيصر	36
الكابلات	36
الكاتبان	36
الكاتدرائية	36
الكاثوليك	36
الكاثوليكية	36
الكازاخستاني	36
الكبتاغون	36
الكثبان	36
الكرد	36
الكساد	36
الكعك	36
الكمبودي	36
الكمي	36
الكنغر	36
الكنيس	36
الكهروضوئية	36
الكوبي	36
الكوبية	36
الكولسترول	36
الكولومبية	36
الكوميدية	36
الكيلاني	36
الكيميائيين	36
الكينية	36
اللاجئ	36
اللاجئون	36
اللامادي	36
اللندني	36
اللوبي	36
اللوجستية	36
اللوحي	36
اللوردات	36
الليبرالي	36
الليبراليين	36
الليتوانية	36
الليطاني	36
الليلية	36
المأزق	36
المؤثرات	36
المؤهل	36
المارونية	36
الماس	36
الماكينات	36
المبادلات	36
المباراتين	36
المباعة	36
المبدئي	36
المبرر	36
المبرمج	36
المتأثرة	36
المتاجرة	36
المتبعة	36
المتبقي	36
المتجهة	36
المتحفي	36
المتخلفة	36
المتدفقة	36
المتدهورة	36
المتدينة	36
المتسابقين	36
المتشددين	36
المتصارعة	36
المتطرفون	36
المتعثرة	36
المتغيبين	36
المتفشي	36
المتلاعبين	36
المتمردون	36
المتميز	36
المتنافسة	36
المتهورة	36
المتواجد	36
المتوافرة	36
المتوخاة	36
المتوفين	36
المتوقفة	36
المجالين	36
المجاميع	36
المجتمعون	36
المجتمعين	36
المجرمة	36
المجزرة	36
المجفف	36
المجموعتين	36
المجندين	36
المحاذي	36
المحاصر	36
المحافظون	36
المحاكمات	36
المحترف	36
المحتملين	36
المحرومين	36
المحسوب	36
المحسوبين	36
المحصلة	36
المحك	36
المحليون	36
المحمد	36
المختبرية	36
المختطفين	36
المخربين	36
المخضرم	36
المدانين	36
المداهمة	36
المدخنين	36
المدراء	36
المدرستين	36
المدعمة	36
المدعين	36
المدفونين	36
المدمر	36
المذبحة	36
المراجعين	36
المراسلات	36
المرافقة	36
المرافقين	36
المراهق	36
المربين	36
المرتكبة	36
المرجعي	36
المرصودة	36
المرموقة	36
المروع	36
المريع	36
المزايدات	36
المزدهر	36
المزرعة	36
المزعزعة	36
المزودة	36
المساطر	36
المسافرون	36
المساهمين	36
المسبق	36
المستبعد	36
المستخدمون	36
المستديرة	36
المستعرة	36
المستعمر	36
المستغلة	36
المستفيدة	36
المستكشف	36
المسلط	36
المسنين	36
المشافي	36
المشرع	36
المشغل	36
المشغلة	36
المشفى	36
المصابة	36
المصاحب	36
المصافي	36
المصحات	36
المصعد	36
المصمم	36
المصممة	36
المضاربات	36
المضاعفات	36
المضاعفة	36
المضبوطة	36
المضطربة	36
المضللة	36
المطبعين	36
المطربة	36
المظاهرة	36
المعاقين	36
المعامل	36
المعاون	36
المعتدلة	36
المعتقدات	36
المعدلة	36
المعروضات	36
المعزز	36
المعضلة	36
المعلقين	36
المعلمة	36
المعمل	36
المعيارية	36
المعيشي	36
المغترب	36
المغدور	36
المغذيات	36
المغري	36
المغلق	36
المغلوطة	36
المغناطيسي	36
المفاجآت	36
المفاوضين	36
المفتش	36
المقاتلات	36
المقاربات	36
المقاهي	36
المقاولاتية	36
المقايضة	36
المقدسيين	36
المقلقة	36
المقلية	36
المقومات	36
المكافآت	36
المكاني	36
المكتتبين	36
المكتسبة	36
المكملات	36
الملاحظ	36
الملاحظة	36
الملاحقة	36
الملاذ	36
الملاصق	36
الملكيات	36
الملموسة	36
الملوث	36
المليشيا	36
الممارس	36
الممانعة	36
الممنهج	36
المميت	36
المميع	36
المناصرين	36
المنافسون	36
المناقصات	36
المناهضين	36
المنبعثة	36
المنتزه	36
المنتظمة	36
المنتهي	36
المنجمية	36
المندوبون	36
المندوبية	36
المنشات	36
المنعقدة	36
المنقذة	36
المنقوش	36
المنوطة	36
المنوفية	36
المهاجرة	36
المهجورة	36
المهرجانات	36
المهنة	36
المهندسة	36
المواتية	36
المواليد	36
الموثوقة	36
الموجات	36
الموريتانيين	36
الموسومة	36
الموضوعية	36
الموظفة	36
الموظفون	36
المونديالي	36
الموهوبين	36
الميزانيات	36
الميكروبات	36
الميلادية	36
الميليشيا	36
الناجح	36
النازيون	36
الناشطون	36
الناصرة	36
الناطقين	36
الناقلات	36
الناقورة	36
النخاع	36
الندوات	36
النرويجي	36
النسبي	36
النظارات	36
النظامين	36
النعسان	36
النفق	36
النقر	36
النقوش	36
النهضوي	36
النواعير	36
الني	36
النيازك	36
النيجر	36
النيجيرية	36
الهاتفي	36
الهادف	36
الهباء	36
الهزائم	36
الهزات	36
الهضبة	36
الهضمي	36
الهلع	36
الهندوسية	36
الهوائي	36
الهولوكوست	36
الهيكلة	36
الواحة	36
الوافدة	36
الواقية	36
الوجهات	36
الوجهة	36
الوزيران	36
الوسطاء	36
الوسم	36
الوصفة	36
الوعائية	36
الوفرة	36
الوقفات	36
الوكلاء	36
الولوج	36
الوهلة	36
الوهمي	36
الوهمية	36
اليدوي	36
اليساريين	36
اليمنيون	36
اليوتيوب	36
اماكن	36
امطار	36
اموال	36
اميركا	36
انتخابهم	36
انتصرت	36
انتظارهم	36
انتقاء	36
انتقائية	36
انتقاده	36
انتماء	36
انتمائه	36
انخرطت	36
انخرطوا	36
اندماج	36
انسحب	36
انسحبوا	36
انسداد	36
انشغالات	36
انطباعات	36
انطلاقتها	36
انفراجة	36
انفصاليتين	36
انقاذ	36
انقطاعات	36
انكماش	36
انهار	36
انهارت	36
انهيارات	36
انهيارها	36
اهتزت	36
اهتمامه	36
اوضح	36
اولئك	36
اولوية	36
اوميكرون	36
ايجابية	36
بأحياء	36
بأذى	36
بأسلوب	36
بأسوأ	36
بأصواتهم	36
بأعيرة	36
بأنشطة	36
بأهداف	36
بأوامر	36
بأوضاع	36
بأولئك	36
بأوميكرون	36
بأية	36
بإبعاد	36
بإرساء	36
بإصابة	36
بإلزام	36
بإيجابية	36
باتريك	36
باتنة	36
باجل	36
بارزون	36
باركر	36
بازدراء	36
باستئناف	36
باستبدال	36
باستخدامها	36
باستخراج	36
باستدعاء	36
باستشهاد	36
باستضافة	36
باستقبال	36
باستقرار	36
باستكمال	36
باستور	36
باسكال	36
باشينيان	36
باعت	36
باعتذار	36
باقة	36
باقتصاد	36
بالأحرى	36
بالأسبوع	36
بالأسرى	36
بالأمازيغية	36
بالأمم	36
بالأنشطة	36
بالإسراع	36
بالإصلاحات	36
بالإنترنت	36
بالإنجاز	36
بالابتعاد	36
بالاحتلال	36
بالاس	36
بالاستعداد	36
بالاستفادة	36
بالاكلافا	36
بالاهتمام	36
بالبنية	36
بالبيئة	36
بالتحديات	36
بالتحليق	36
بالتراث	36
بالترشح	36
بالترويج	36
بالتزكية	36
بالتسبب	36
بالتعبير	36
بالتغيير	36
بالتقاط	36
بالتنقل	36
بالتوافق	36
بالتورط	36
بالجرائم	36
بالجرعة	36
بالجمعية	36
بالحبوب	36
بالحجم	36
بالحرس	36
بالحريات	36
بالحماس	36
بالخرطوم	36
بالخطر	36
بالدعاوى	36
بالدول	36
بالديمقراطية	36
بالديوان	36
بالرئاسة	36
بالسويداء	36
بالسياحة	36
بالشرعية	36
بالشرق	36
بالشركات	36
بالعاملين	36
بالعثور	36
بالعمر	36
بالعمليات	36
بالعواصف	36
بالفاتورة	36
بالفريق	36
بالقرار	36
بالقصف	36
بالقضايا	36
بالقوانين	36
بالكرة	36
باللغات	36
باللهجة	36
بالمبادرات	36
بالمبادرة	36
بالمحافظات	36
بالمديريات	36
بالمرحلة	36
بالمرونة	36
بالمستشفيات	36
بالمسرح	36
بالمشروع	36
بالمطار	36
بالمعهد	36
بالمفاوضات	36
بالمنشآت	36
بالموارد	36
بالمورال	36
بالميدالية	36
بالنتائج	36
بالنتيجة	36
بالهراوات	36
بالهيئة	36
بالواقع	36
بالواقعة	36
بالوحدة	36
باماكو	36
بامتداد	36
بامتلاك	36
بانتقادات	36
بانشغالات	36
بانكوك	36
بانهيار	36
بانون	36
باهظ	36
ببداية	36
ببرج	36
ببنود	36
بتاتا	36
بتجاوز	36
بتحليل	36
بتدخلات	36
بترحيل	36
بترولية	36
بتسديدة	36
بتسوية	36
بتضحياتهم	36
بتعاطي	36
بتقييد	36
بتكريم	36
بتلقي	36
بتنزيل	36
بتهديد	36
بتورط	36
بتولي	36
بثقافة	36
بجائحة	36
بجدول	36
بجراحه	36
بجرم	36
بجمال	36
بجنح	36
بجنين	36
بجوائز	36
بجولات	36
بحارة	36
بحتة	36
بحفاوة	36
بحفل	36
بحكمة	36
بحمولة	36
بحوالى	36
بحوزتهم	36
بخسائر	36
بخطة	36
بدأها	36
بداخله	36
بدايتها	36
بذرة	36
برامجها	36
براميل	36
براون	36
برايس	36
بررت	36
بركود	36
برلمانيا	36
برمجة	36
برمجت	36
برندت	36
بروتينات	36
برياح	36
بريتني	36
بريست	36
بريطانيين	36
بريقها	36
بسخرية	36
بسلسلة	36
بسلطة	36
بسلوك	36
بسيارات	36
بسيرته	36
بشاطئ	36
بشتى	36
بشغف	36
بشكاوى	36
بشهادات	36
بصاروخ	36
بصب	36
بصحيفة	36
بصفقة	36
بصفوف	36
بصمات	36
بصمة	36
بصوته	36
بضائع	36
بضبط	36
بضوء	36
بطء	36
بطارية	36
بطبيعتها	36
بطرسبرغ	36
بطرسبورغ	36
بطريرك	36
بطلة	36
بطوطة	36
بطولته	36
بطيئة	36
بعبارات	36
بعدوى	36
بعرقلة	36
بعقوبة	36
بعلاقة	36
بعنف	36
بعواقب	36
بعيدين	36
بغارة	36
بغرب	36
بغياب	36
بــ	36
بفريق	36
بفشل	36
بفكرة	36
بفوزها	36
بفوضى	36
بقائمة	36
بقاعدة	36
بقدرتها	36
بقذائف	36
بقربها	36
بقرى	36
بقص	36
بقواعد	36
بقيادتها	36
بقيامه	36
بكاملها	36
بكبار	36
بكتيريا	36
بكرامة	36
بلاطة	36
بلديتي	36
بلغراد	36
بلفاست	36
بلفور	36
بلوشستان	36
بمئات	36
بمجالات	36
بمحتوياته	36
بمحركات	36
بمخاطر	36
بمراسم	36
بمراسيم	36
بمرافقة	36
بمراقبة	36
بمربع	36
بمركبات	36
بمسافة	36
بمشاريع	36
بمشاكل	36
بمصرع	36
بمصير	36
بمضايقة	36
بمطالب	36
بمعسكر	36
بمعلومات	36
بمقاعد	36
بملابس	36
بملايين	36
بملف	36
بمليون	36
بمليوني	36
بمنأى	36
بمنحة	36
بمنظمة	36
بمنظومة	36
بمهامها	36
بمهرجان	36
بمواصفات	36
بمونديال	36
بنزين	36
بنشرها	36
بنقطة	36
بنقلها	36
بنهب	36
بنوم	36
بهجمات	36
بهيئة	36
بهيكل	36
بواجباتها	36
بواخر	36
بوت	36
بورتو	36
بورن	36
بوروسيا	36
بوزيد	36
بوسعنا	36
بوش	36
بوشكيان	36
بوشلين	36
بوشيلين	36
بوغبا	36
بوغدانوف	36
بوفال	36
بوكو	36
بولايات	36
بوهران	36
بيتيس	36
بيربوك	36
بيرو	36
بيس	36
بيساو	36
بيغ	36
بيلين	36
تأثرا	36
تأجير	36
تأهله	36
تأييدا	36
تابعته	36
تابعتها	36
تاتش	36
تاون	36
تبادلا	36
تبتعد	36
تبتلع	36
تبث	36
تبرئة	36
تبرير	36
تبنت	36
تبنيها	36
تتأهل	36
تتحدى	36
تتحملها	36
تتخذها	36
تتذكر	36
تترواح	36
تتشكل	36
تتصارع	36
تتصدر	36
تتصدى	36
تتطابق	36
تتغذى	36
تتمحور	36
تتنافى	36
تتهمه	36
تتوالى	36
تجاهله	36
تجاهها	36
تجرأ	36
تجريان	36
تجسيدا	36
تجفيف	36
تجلط	36
تجمعه	36
تجمعها	36
تجميعها	36
تجنبها	36
تحارب	36
تحاكي	36
تحالفنا	36
تحتجز	36
تحديثات	36
تحذو	36
تحريض	36
تحسنا	36
تحسنت	36
تحسيسية	36
تحضيرات	36
تحضيراتها	36
تحليلات	36
تحليلية	36
تحيات	36
تحياته	36
تحيز	36
تخاطر	36
تختبر	36
تخريبي	36
تخزن	36
تخصصية	36
تخفض	36
تخلله	36
تخلي	36
تخوض	36
تخوفات	36
تدرج	36
تدقيق	36
تدوي	36
تذليل	36
ترأسها	36
ترؤسه	36
تربوي	36
ترحيب	36
ترحيبية	36
ترليون	36
ترهيب	36
تروج	36
تريليونات	36
ترينت	36
تزرع	36
تزويده	36
تساعدك	36
تساعدنا	36
تساعده	36
تستثمر	36
تستخرج	36
تستكشف	36
تستوجب	36
تسجلوا	36
تسخين	36
تسمم	36
تسمها	36
تسميها	36
تسنيم	36
تسوق	36
تشتبه	36
تشخيصها	36
تشرشل	36
تشغيلية	36
تشكر	36
تشكلها	36
تشلسي	36
تشنغدو	36
تشيرنوبيل	36
تشيزوف	36
تشين	36
تشييد	36
تصاب	36
تصاميم	36
تصدره	36
تصدوا	36
تصدي	36
تصديرها	36
تصفير	36
تصميمها	36
تصنعها	36
تصويره	36
تضارب	36
تضاريس	36
تضامنهم	36
تضررا	36
تطبيقية	36
تطرحها	36
تطعيمهم	36
تطويره	36
تعازينا	36
تعاطف	36
تعاظم	36
تعاف	36
تعاقدات	36
تعاقدت	36
تعاليم	36
تعاونت	36
تعاونها	36
تعبيرا	36
تعتبرها	36
تعتقل	36
تعرضهما	36
تعسفية	36
تعقيد	36
تعليقها	36
تعليميا	36
تعليمية	36
تعنيه	36
تعهدات	36
تغريدته	36
تغطيها	36
تفادي	36
تفاعلت	36
تفاهمات	36
تفتقد	36
تفرز	36
تفريغ	36
تفسيرات	36
تفصيلية	36
تفضح	36
تفقده	36
تفك	36
تفلح	36
تفهمها	36
تقاربا	36
تقاطع	36
تقاعد	36
تقدمنا	36
تقسيمها	36
تقصف	36
تقلهم	36
تقنيا	36
تقنياتها	36
تكاتف	36
تكاثر	36
تكافؤ	36
تكترث	36
تكتمل	36
تكتيكي	36
تكثف	36
تكريسه	36
تكلفته	36
تكللت	36
تلاحق	36
تلاحم	36
تلاعب	36
تلامس	36
تلعبه	36
تلقيت	36
تلقيها	36
تلمس	36
تماشيا	36
تمثيلها	36
تمثيلي	36
تمركز	36
تمرينات	36
تمزق	36
تمسكها	36
تموشنت	36
تمويلا	36
تمويله	36
تموين	36
تنافسية	36
تناولا	36
تنتقد	36
تنتهجها	36
تنسيقا	36
تنسيقي	36
تنسيقية	36
تنشئة	36
تنصف	36
تنصل	36
تنظيما	36
تنظيمية	36
تنقذ	36
تنقلها	36
تنهار	36
تهاجم	36
تهديداته	36
تهديده	36
تهويد	36
تواضروس	36
تواليا	36
توت	36
توتير	36
توثق	36
توجهكم	36
توجهها	36
توجيهها	36
تودع	36
توديع	36
تورطوا	36
تورك	36
تورنتو	36
توزعت	36
توسطت	36
توصلوا	36
توصيف	36
توضيحات	36
توضيحها	36
توعوية	36
توغل	36
توفرت	36
توني	36
تيارات	36
تيبازة	36
تيد	36
تيموشينكو	36
ثانوية	36
ثراء	36
ثرواته	36
ثريا	36
ثمانينات	36
ثورية	36
جادو	36
جاذبة	36
جارتها	36
جاريد	36
جانبية	36
جانبين	36
جاهز	36
جاويد	36
جبارين	36
جدارية	36
جديا	36
جذابة	36
جذريا	36
جذوره	36
جرادات	36
جرعتي	36
جرفت	36
جروح	36
جرود	36
جزائريا	36
جزائيا	36
جلبت	36
جلبوع	36
جلسته	36
جلستها	36
جلل	36
جمالية	36
جمركية	36
جمعتها	36
جمهوره	36
جمهورها	36
جمهوريين	36
جنائي	36
جنديان	36
جنسيا	36
جنودها	36
جنيهات	36
جواو	36
جوبا	36
جوجل	36
جوسفالدو	36
جوليا	36
جونية	36
جياني	36
جيرارد	36
جيرمي	36
جيرو	36
جيروزاليم	36
جيزان	36
جيسون	36
جيشنا	36
حاشدة	36
حاصرت	36
حاضرين	36
حاضنة	36
حاكمة	36
حالتان	36
حاولنا	36
حبيبها	36
حتميا	36
حجما	36
حدتها	36
حددتها	36
حددوا	36
حدودية	36
حذوها	36
حربة	36
حرفوش	36
حرقه	36
حركتهم	36
حزينة	36
حسمت	36
حصاره	36
حصدت	36
حصرا	36
حصرها	36
حفلا	36
حفلة	36
حققنا	36
حقلي	36
حقنة	36
حكومتنا	36
حلحلة	36
حلفائنا	36
حلفائها	36
حليفا	36
حليفه	36
حميدي	36
حميه	36
حوارة	36
حوزة	36
حوسان	36
حوكم	36
حومش	36
حياله	36
خارقة	36
خاضعين	36
خاطبت	36
خاطفة	36
خافيير	36
خدمتها	36
خدمية	36
خرائط	36
خزينة	36
خسارته	36
خصبة	36
خضعت	36
خضور	36
خطته	36
خطتها	36
خطفت	36
خطيبها	36
خلفيات	36
خليجي	36
خليط	36
خوضها	36
خيارنا	36
خيارين	36
خيام	36
دافيد	36
دامية	36
داي	36
دبلوماسيا	36
دجنبر	36
دراستهم	36
درجتين	36
درسا	36
درون	36
دعموش	36
دعهم	36
دفاعاتها	36
دفاعه	36
دفاعي	36
دلفين	36
دماغي	36
دموي	36
دنيبر	36
دهون	36
دوج	36
دورتها	36
دوغينا	36
دولنا	36
دومينيك	36
دويتشه	36
دياز	36
ديالى	36
ديبلوماسية	36
ديسانتيس	36
ديسيبل	36
ديشان	36
ديفيس	36
ديليا	36
ديمقراطيا	36
ديمقراطيين	36
ديمون	36
ديناميكيات	36
ديناميكية	36
دييغو	36
ذاكرة	36
ذهنية	36
ذوبان	36
رائعا	36
راج	36
رادع	36
راسين	36
راعية	36
رافد	36
رافقها	36
راقصة	36
رالف	36
رامز	36
ربطت	36
ربيقة	36
رح	36
رحاها	36
رحلتهم	36
رذاذ	36
رشاش	36
رصيدهم	36
رغبات	36
رغبتهم	36
رفاهية	36
رفوف	36
رفيعا	36
رفيعي	36
رقص	36
رقمنة	36
ركام	36
ركنية	36
رمات	36
رمال	36
رواتبهم	36
روب	36
روبنسون	36
روبوتات	36
روتينية	36
روث	36
روحية	36
رود	36
روزماري	36
روستيخ	36
روسنفت	36
رولان	36
ريغان	36
ريفية	36
ريمة	36
رين	36
ريناتا	36
زادة	36
زالا	36
زالوجني	36
زبائنها	36
زرقاء	36
زروقي	36
زعيما	36
زكارنة	36
زلزالا	36
زملائهم	36
زوابع	36
زواجهما	36
زوهار	36
زياراتها	36
زيارتهم	36
زيارتي	36
زيزو	36
زيكو	36
زيمبابوي	36
سأواصل	36
سائقها	36
ساخن	36
سادت	36
سارس	36
سارعوا	36
ساري	36
ساعدهم	36
ساعدوا	36
ساكسونيا	36
سالي	36
سامسونغ	36
ساندو	36
سبات	36
سبوتيفاي	36
سبور	36
ستافان	36
ستبحث	36
ستبقي	36
ستبيع	36
ستتخذها	36
ستتعاون	36
ستتغير	36
ستتمكن	36
ستخصص	36
ستخضع	36
ستخفض	36
ستدفع	36
سترى	36
ستزداد	36
ستستأنف	36
ستسجل	36
ستسعى	36
ستسقط	36
ستضع	36
ستعرض	36
ستفرض	36
ستفي	36
ستمكن	36
ستمنح	36
سجالات	36
سجنا	36
سحبه	36
سراحهم	36
سريان	36
سريرية	36
سريلانكا	36
سطره	36
سطو	36
سفارات	36
سفيرها	36
سكانه	36
سلاحها	36
سلطانة	36
سلمتها	36
سلميا	36
سلوكا	36
سنبقى	36
سنرى	36
سنشهد	36
سنلعب	36
سنندج	36
سواريز	36
سوداني	36
سوريين	36
سوفيتية	36
سونا	36
سونغ	36
سوهاج	36
سوية	36
سويسري	36
سويف	36
سيأخذ	36
سياحي	36
سياراتهم	36
سياسته	36
سياسيين	36
سيبلغ	36
سيتجاوز	36
سيتخذ	36
سيتسبب	36
سيتطلب	36
سيتواصل	36
سيتوجه	36
سيتوقف	36
سيجد	36
سيجريها	36
سيحمل	36
سيخصص	36
سيدفعها	36
سيدني	36
سيريل	36
سيرينا	36
سيسلم	36
سيشمل	36
سيصل	36
سيصوت	36
سيضع	36
سيضمن	36
سيطرح	36
سيعاني	36
سيعتمد	36
سيعرف	36
سيفعله	36
سيلعب	36
سيلفيو	36
سينتهي	36
سينظم	36
سينفذ	36
سينما	36
سينمائي	36
سيواجهون	36
سيواصل	36
سيواصلون	36
شائكة	36
شاهقة	36
شاي	36
شتنبر	36
شحنها	36
شرائح	36
شرارة	36
شراكتنا	36
شربل	36
شرحت	36
شرفي	36
شركائها	36
شركتين	36
شرودر	36
شريكة	36
شريكها	36
شطب	36
شغور	36
شفافة	36
شفافية	36
شقيقين	36
شكاوى	36
شكلوا	36
شكوك	36
شمعة	36
شهبا	36
شهرام	36
شهرية	36
شويجو	36
شيري	36
شيطانية	36
شيماء	36
شينزو	36
صادرت	36
صادروا	36
صافح	36
صالحية	36
صامتة	36
صانعي	36
صبحى	36
صحافيون	36
صحفيا	36
صحفيون	36
صخري	36
صخور	36
صداع	36
صدمات	36
صرخة	36
صرخت	36
صغد	36
صفاقس	36
صكوك	36
صلاحياته	36
صلالة	36
صمدت	36
صناعي	36
صنفتها	36
صهاينة	36
صهيونية	36
صوابية	36
صورية	36
صومالي	36
صيانتها	36
صيدال	36
صيفية	36
ضئيلة	36
ضابطين	36
ضاحي	36
ضاعف	36
ضبابية	36
ضخامة	36
ضدهم	36
ضغوطا	36
ضفة	36
ضمنهم	36
ضمور	36
طائرتها	36
طائشة	36
طائفية	36
طابعا	36
طابعها	36
طابقين	36
طالبات	36
طالبهم	36
طحين	36
طرطوس	36
طروحات	36
طشقند	36
طفلين	36
طليقة	36
طمأن	36
طياتها	36
عاجلة	36
عاصي	36
عالميين	36
عامها	36
عاهل	36
عايدة	36
عبدالمجيد	36
عبدالناصر	36
عبوره	36
عتمة	36
عديمة	36
عراقيل	36
عزون	36
عسكرة	36
عشوائي	36
عشوائية	36
عصيب	36
عضلية	36
عضوة	36
عضويته	36
عضويتها	36
عضوين	36
عفاش	36
عقارب	36
عقارية	36
عقدتها	36
عكست	36
علاجا	36
علاجية	36
علاقاتهما	36
علاقتهما	36
علبة	36
علييف	36
عموميين	36
عمون	36
عميقا	36
عناصره	36
عومر	36
عيساوي	36
عينات	36
غارقة	36
غاليري	36
غاي	36
غرين	36
غضبها	36
غلوب	36
غمار	36
غمرت	36
غوانتانامو	36
غوبتا	36
غولدن	36
غونزاليس	36
غويران	36
غيبريسوس	36
غيت	36
فاتسلاف	36
فازوا	36
فاضح	36
فاقدا	36
فاقم	36
فالكثير	36
فايسبوك	36
فبالنسبة	36
فثمة	36
فحتى	36
فخره	36
فخورون	36
فدرالية	36
فرانسيس	36
فراي	36
فرت	36
فرعي	36
فرعية	36
فرقاطة	36
فريدريك	36
فريقين	36
فستكون	36
فشله	36
فضية	36
فعالياته	36
فعالياتها	36
فقدانه	36
فلاحية	36
فليك	36
فمعظم	36
فنان	36
فواز	36
فوجئ	36
فورت	36
فوزها	36
فولودين	36
فيراري	36
فيران	36
فيرنانديز	36
فيروسات	36
فيس	36
فيلادلفيا	36
فيلما	36
فيليبس	36
فينسيت	36
فيوتشر	36
قابلت	36
قاتم	36
قاتمة	36
قادري	36
قادما	36
قاطرات	36
قانونيا	36
قاومت	36
قباطية	36
قبعة	36
قدامى	36
قدراتهم	36
قذرة	36
قذيفة	36
قرآنية	36
قراراتنا	36
قراري	36
قرش	36
قرقاش	36
قريبين	36
قسري	36
قسنطينة	36
قطره	36
قطرية	36
قفزات	36
قفص	36
قلص	36
قلي	36
قمرة	36
قمصان	36
قناطير	36
قوارب	36
قواسم	36
قوتنا	36
قوميا	36
قيادتي	36
قيودا	36
كأول	36
كإجراء	36
كاتدرائية	36
كاترينا	36
كاتس	36
كاخ	36
كارداشيان	36
كاري	36
كالتالي	36
كالتعليم	36
كالكاليست	36
كامب	36
كامنة	36
كانط	36
كايزر	36
كتحذير	36
كتعويض	36
كجم	36
كذريعة	36
كرات	36
كربون	36
كروز	36
كروية	36
كريات	36
كريستنسن	36
كريستي	36
كريكو	36
كشافة	36
كشرط	36
كشركة	36
كشفته	36
كشك	36
كفاءتها	36
كفرحزير	36
كلل	36
كليموف	36
كمبوديا	36
كمجتمع	36
كمرض	36
كمنظمة	36
كمورد	36
كواحد	36
كوجهة	36
كوف	36
كولومبو	36
كولونا	36
كوليدج	36
كوندي	36
كيتا	36
كيريل	36
كينشاسا	36
كينيث	36
كيو	36
كيودو	36
لآلاف	36
لأبسط	36
لأبنائنا	36
لأبنائها	36
لأحزاب	36
لأخبار	36
لأزمات	36
لأزمة	36
لأسرى	36
لأسطول	36
لأسهم	36
لأصوات	36
لأطفال	36
لأمراض	36
لأمم	36
لأميركا	36
لأوامر	36
لإبطاء	36
لإحلال	36
لإدانة	36
لإدراج	36
لإصابات	36
لإصلاحات	36
لإعداد	36
لإقدامه	36
لإكمال	36
لإلحاق	36
لاجتياز	36
لاحترام	36
لاحتمالية	36
لاحتوائه	36
لاحتياجات	36
لاحداث	36
لاختراق	36
لازال	36
لاسباب	36
لاستشهاد	36
لاستعراض	36
لاستقلال	36
لاستلام	36
لاشتباكات	36
لاعتداءات	36
لاعتقاله	36
لاعتماد	36
لافارج	36
لافتتاح	36
لامست	36
لانتقال	36
لانتهاك	36
لاندلاع	36
لايف	36
لباقي	36
لبلدة	36
لبلوغ	36
لبنانيا	36
لبنانيون	36
لتأثير	36
لتأسيسها	36
لتبدأ	36
لتتبع	36
لتجميع	36
لتجهيز	36
لتحصين	36
لتحطم	36
لتدارك	36
لتداعيات	36
لترؤس	36
لترا	36
لتربية	36
لترشيد	36
لتزويد	36
لتسجل	36
لتسليط	36
لتشديد	36
لتشهد	36
لتطبيع	36
لتطبيقها	36
لتطلعات	36
لتعطيل	36
لتفجير	36
لتقاسم	36
لتقسيم	36
لتقليص	36
لتكريس	36
لتكريم	36
لتكمل	36
لتمثيل	36
لتمهيد	36
لتناول	36
لتنبيه	36
لتنصيب	36
لتنظيف	36
لتهريب	36
لتوزيعها	36
لتوصيل	36
لتوضيح	36
لجأت	36
لجرائم	36
لجراحة	36
لجزيرة	36
لجعلها	36
لجماعات	36
لحاملي	36
لحجر	36
لحجمها	36
لحدوث	36
لحدود	36
لحظر	36
لحقيقة	36
لدحر	36
لدعمها	36
لدعوات	36
لدمج	36
لدونالد	36
لرأس	36
لربما	36
لرسم	36
لرفض	36
لسداد	36
لسرقة	36
لسلسلة	36
لسيارات	36
لشاب	36
لشخصيات	36
لصادرات	36
لصرف	36
لصفقة	36
لصفوف	36
لضباط	36
لطائفة	36
لطيران	36
لعائدات	36
لعبته	36
لعبنا	36
لعملائها	36
لعملة	36
لعيد	36
لغياب	36
لفريقه	36
لفنانين	36
لقاءاته	36
لقائها	36
لقضايا	36
لقوانين	36
لقياس	36
لقيم	36
لكرامة	36
لكسر	36
لكنك	36
لكيفية	36
للأجسام	36
للأجور	36
للأرقام	36
للأساتذة	36
للأسرة	36
للأشغال	36
للأعاصير	36
للأعداء	36
للألغام	36
للأمازيغية	36
للأمام	36
للأمانة	36
للأمراض	36
للأموال	36
للأهداف	36
للأوقاف	36
للإجابة	36
للإدلاء	36
للإعداد	36
للإنترنت	36
للإنفاق	36
للاتصال	36
للاجتماع	36
للاحتياطي	36
للارتفاع	36
للاستخبارات	36
للاستراتيجية	36
للاستشارات	36
للاشخاص	36
للاطمئنان	36
للاعبي	36
للاعتقاد	36
للاعلام	36
للالتفاف	36
للامم	36
للانبعاثات	36
للانتهاكات	36
للانقسام	36
للبحر	36
للبرازيل	36
للبلدة	36
للتأمينات	36
للتاريخ	36
للتجسس	36
للتداول	36
للتر	36
للتركيز	36
للتشاور	36
للتصدير	36
للتصرف	36
للتصفيات	36
للتصوير	36
للتضخم	36
للتطرف	36
للتطعيم	36
للتطور	36
للتطوير	36
للتعافي	36
للتعاملات	36
للتعايش	36
للتغذية	36
للتفكير	36
للتقدم	36
للتكفل	36
للتلاعب	36
للتلفزيون	36
للتمويل	36
للتنديد	36
للتهديدات	36
للتوزيع	36
للتوقف	36
للثروة	36
للثنائي	36
للجائحة	36
للجامعات	36
للجانبين	36
للجرحى	36
للجرعة	36
للجريمة	36
للجماهير	36
للجمعيات	36
للجنود	36
للحادث	36
للحالة	36
للحجر	36
للحريات	36
للحرية	36
للحريق	36
للحليب	36
للحوم	36
للحيلولة	36
للحيوانات	36
للخبز	36
للخضر	36
للخيانة	36
للخيول	36
للدائرة	36
للدبلوماسية	36
للذكاء	36
للذكرى	36
للذوبان	36
للراحل	36
للربع	36
للرحلات	36
للرمال	36
للزوار	36
للسياسات	36
للشعور	36
للشفافية	36
للشمول	36
للصادرات	36
للصف	36
للصلب	36
للصندوق	36
للضغوط	36
للطائرة	36
للطرف	36
للطرق	36
للطريقة	36
للعاصمة	36
للعملاء	36
للعنصرية	36
للـ	36
للفحص	36
للفرد	36
للفروسية	36
للفنانة	36
للفيروسات	36
للفيلم	36
للقائد	36
للقادة	36
للقدرات	36
للقرارات	36
للقطاعات	36
للكنيست	36
للكونغرس	36
للمبيع	36
للمتابعة	36
للمتاحف	36
للمجموعات	36
للمحروقات	36
للمخططات	36
للمدرب	36
للمدرسة	36
للمدن	36
للمرابطين	36
للمراحل	36
للمربع	36
للمركبات	36
للمساءلة	36
للمساعدات	36
للمشاكل	36
للمصرف	36
للمضادات	36
للمعادن	36
للمعدات	36
للمعلمين	36
للمغتربين	36
للمنظمات	36
للمواجهة	36
للموافقة	36
للناجيات	36
للناخبين	36
للنزاع	36
للنقابات	36
للنيابة	36
للهيدروجين	36
للهيمنة	36
للواء	36
للوائح	36
للوحدات	36
للوقود	36
لمؤسسات	36
لمادة	36
لمتحور	36
لمجمع	36
لمحادثات	36
لمحطات	36
لمحكمة	36
لمحو	36
لمحور	36
لمخاطر	36
لمخطط	36
لمخيم	36
لمرافقة	36
لمزاولة	36
لمسألة	36
لمسؤولي	36
لمساعدتهم	36
لمساندة	36
لمستخدمي	36
لمستوى	36
لمشاهدة	36
لمشكلة	36
لمطالبهم	36
لمعهد	36
لمقتل	36
لمنسق	36
لمنصة	36
لمنطقتي	36
لمهرجان	36
لمواطني	36
لمواطنين	36
لمواقع	36
لموجة	36
لنتنياهو	36
لنصرة	36
لنصف	36
لنمو	36
لواقع	36
لوالدته	36
لوبن	36
لوبيز	36
لوحده	36
لودريان	36
لوري	36
لوسيل	36
لوضعه	36
لوفاة	36
لوكا	36
لوكاكو	36
لوهانسك	36
لويجي	36
ليدز	36
ليزر	36
ليش	36
ليعبر	36
ليعلن	36
ليقدم	36
ليكيب	36
لينك	36
لينين	36
ليون	36
مأدبة	36
مأزق	36
مأساوي	36
مؤتمرا	36
مؤسساتها	36
مؤسسته	36
مؤشرا	36
مؤلمة	36
مؤهل	36
مؤيدين	36
مائيا	36
ماجر	36
مادتي	36
مارتينيز	36
مارسيليا	36
مارغريت	36
ماركا	36
ماساتشوستس	36
ماستر	36
ماضيه	36
ماغلان	36
ماك	36
ماكي	36
مالطا	36
مانديلا	36
مانهاتن	36
مباحثاته	36
مبارياته	36
مبدئية	36
مبررا	36
مبررات	36
مبعوثين	36
متأثرين	36
متابعي	36
متاعب	36
متانة	36
متتالية	36
متتاليين	36
متجاهلة	36
متجدد	36
متحدثة	36
متحدون	36
متخصصين	36
متداول	36
متداولة	36
مترددة	36
مترشحا	36
متصاعدة	36
متطابقة	36
متطرف	36
متطرفين	36
متطوعو	36
متعامل	36
متفجرة	36
متقاعد	36
متقطع	36
متقطعة	36
متمثلة	36
متمردي	36
متناقضة	36
متنقل	36
متهمين	36
متوازن	36
متوافقة	36
متورط	36
متورطون	36
مثيرا	36
مجالنا	36
مجالي	36
مجتمعي	36
مجرم	36
مجموعتين	36
مجهودات	36
محاصرين	36
محاصيلهم	36
محاطة	36
محاولاتها	36
محتجون	36
محترفين	36
محتويات	36
محتوياته	36
محررة	36
محرزا	36
محفظة	36
محلفين	36
محللين	36
محليين	36
محمدطائر	36
مخابرات	36
مخاوفها	36
مخايل	36
مخبأة	36
مختصين	36
مخلصة	36
مخيف	36
مداورة	36
مداولات	36
مدرجة	36
مدرسية	36
مدقع	36
مدمر	36
مدونة	36
مدينتين	36
مرئي	36
مراجعات	36
مراحلها	36
مرادخاني	36
مران	36
مرتبكة	36
مرتكبيها	36
مرجحا	36
مرجحة	36
مرجعيات	36
مرحلتها	36
مردخاي	36
مرسيليا	36
مرصد	36
مركبته	36
مركزها	36
مرنة	36
مرهون	36
مروره	36
مرورها	36
مروع	36
مريرة	36
مزارعين	36
مزعج	36
مزعجة	36
مزهر	36
مزودة	36
مزودي	36
مسارا	36
مساعدتها	36
مساعيها	36
مساهمتها	36
مستثمر	36
مستثمرين	36
مستحيلة	36
مستشاريه	36
مستغلا	36
مستقبلنا	36
مستقبلها	36
مستندات	36
مستنكرة	36
مستهدفة	36
مستودعا	36
مستوطني	36
مسحة	36
مسروقة	36
مسعودي	36
مسموح	36
مسيرتي	36
مشاركتنا	36
مشاركتهما	36
مشاركين	36
مشاريعهم	36
مشاهدتها	36
مشتريات	36
مشجعو	36
مشروبات	36
مشروعاتها	36
مشروعها	36
مشكلتنا	36
مشكلتهم	36
مشواره	36
مصادرتها	36
مصادقة	36
مصاريف	36
مصاعب	36
مصداقيتها	36
مصدري	36
مصرفي	36
مصغرة	36
مصلحتنا	36
مصيرها	36
مضادا	36
مضادات	36
مضاعف	36
مضطرة	36
مضيئة	36
مضيفه	36
مطران	36
مطلقي	36
معابر	36
معارضين	36
معاقل	36
معاكسة	36
معالمه	36
معاملات	36
معاناتها	36
معتقلين	36
معرفي	36
معزز	36
معززة	36
معفاة	36
معمقة	36
معنويات	36
مغادرتهم	36
مغالطة	36
مغربي	36
مغردا	36
مفاجآت	36
مفاعيل	36
مفاوضاتها	36
مفرطة	36
مقابلتين	36
مقاتليها	36
مقار	36
مقاربات	36
مقاطعتي	36
مقاعده	36
مقاومته	36
مقايضة	36
مقتبل	36
مقترنة	36
مقدرات	36
مقدراته	36
مقدسي	36
مقربون	36
مقرة	36
مقررات	36
مقسمة	36
مقطعا	36
مقلقة	36
مكافحته	36
مكرسة	36
مكسيكو	36
ملاءمة	36
ملائم	36
ملائمة	36
ملامسة	36
ملزمون	36
ملموسا	36
مماطلة	36
ممتازة	36
ممتعة	36
ممتلكاتهم	36
مميت	36
مناحي	36
مناشدات	36
مناشدة	36
مناطقها	36
منافسيه	36
منافسيها	36
مناقشته	36
مناوي	36
منتجاتها	36
منتجة	36
منتخبا	36
منتخبهم	36
منتديات	36
منتسب	36
منتصر	36
منتقدة	36
منحنى	36
منحه	36
منحوا	36
منحوتة	36
منزلين	36
منزليهما	36
منشآتها	36
منشورة	36
منصتي	36
منطقتنا	36
منفتح	36
منهجا	36
منوهة	36
مهاجرون	36
مهاجمتها	36
مهمتنا	36
مهمين	36
مهنيي	36
مهول	36
موائد	36
مواجهتها	36
مواز	36
موازين	36
مواسم	36
مواطنان	36
مواطنينا	36
مواقعهم	36
مواقفهم	36
موالفي	36
موبيليس	36
موجودون	36
مور	36
مورافيتسكي	36
موريسون	36
موزمبيق	36
موسوعة	36
موسوليني	36
موسيقي	36
موشيه	36
موضة	36
موظفا	36
موظفون	36
موقفهم	36
ميامي	36
ميانمار	36
ميداليات	36
ميديابارت	36
ميريلاند	36
ميزات	36
ميغ	36
ميغيل	36
ميكروغرام	36
ميلة	36
ميلو	36
ميليتوبول	36
مينائي	36
مينيسوتا	36
ناتاليا	36
ناتجة	36
ناجعة	36
ناجين	36
نازانين	36
نازية	36
ناشدت	36
ناشط	36
ناغورني	36
ناقشوا	36
نبحث	36
نبض	36
نتحرك	36
نتحمل	36
نتخلى	36
نتيجتها	36
نثق	36
نجحنا	36
نجلها	36
نحقق	36
نراقب	36
نرويجي	36
نريدها	36
نزيف	36
نزيهة	36
نستمع	36
نسرين	36
نشارك	36
نشاطهم	36
نشرية	36
نصار	36
نضالهم	36
نطاقا	36
نظافة	36
نظامنا	36
نظامه	36
نظامها	36
نعترف	36
نعطي	36
نعول	36
نعيشه	36
نفتخر	36
نفته	36
نفذوا	36
نفوز	36
نقاد	36
نقاشا	36
نقدي	36
نقطتي	36
نقلهما	36
نكسة	36
نموها	36
ننجح	36
ننعى	36
نهجا	36
نوافذ	36
نورلاند	36
نوويا	36
نيافة	36
نيد	36
نيروبي	36
نيس	36
نيكاراغوا	36
نيكسون	36
نيكولاس	36
نيهامر	36
نيوم	36
هاجمت	36
هارفارد	36
هاغ	36
هامشية	36
هانت	36
هاون	36
هجومين	36
هداف	36
هدفت	36
هدفين	36
هديل	36
هرمونات	36
هزت	36
هزيمته	36
هسبريس	36
هكتارا	36
هنأت	36
هندرسون	36
هنغاريا	36
هواتفهم	36
هواجس	36
هوبكنز	36
هوتسبير	36
هولي	36
هويات	36
هوياتهم	36
هويتها	36
هيثرو	36
هيرد	36
هيلث	36
وآلام	36
وأبدت	36
وأبوظبي	36
وأتمنى	36
وأثبتت	36
وأثرها	36
وأحداث	36
وأحزاب	36
وأدوا	36
وأدوية	36
وأدين	36
وأرخبيل	36
وأردفت	36
وأرضه	36
وأرضهم	36
وأرقام	36
وأزمات	36
وأستاذ	36
وأسقطت	36
وأضح	36
وأطلقوا	36
وأعطت	36
وأغلب	36
وأكدوا	36
وألحان	36
وألحقت	36
وألعاب	36
وألقي	36
وألمح	36
وألوان	36
وأمضت	36
وأمل	36
وأهميتها	36
وأواخر	36
وأود	36
وأودت	36
وإبلاغ	36
وإتاحة	36
وإحالته	36
وإخفاء	36
وإرسالها	36
وإساءة	36
وإستونيا	36
وإشراك	36
وإصرارهم	36
وإطارات	36
وإعادته	36
وإعداد	36
وإعلاء	36
وإعلامية	36
وإغراق	36
وإفشال	36
وإقليم	36
وإمدادات	36
وإنجاز	36
وإندونيسيا	36
وإنسانيا	36
وإنستغرام	36
وإنعاش	36
وإيجابية	36
وإيقاف	36
واتس	36
واجباتها	36
واجهات	36
واجهها	36
واحة	36
واحتجاجات	36
واحتكار	36
واحتياجات	36
واختتمت	36
واختطفت	36
وارتدى	36
وازدياد	36
واستذكر	36
واستشعار	36
واستشهدت	36
واستطاعت	36
واستعدادات	36
واستغرق	36
واستغلالها	36
واستكشاف	36
واستكمال	36
واستكمل	36
واستنتج	36
واستنكر	36
واستهدف	36
واضطر	36
واعتمدت	36
واعرب	36
وافتتاح	36
واقترح	36
واقرار	36
واقعي	36
واكرارة	36
والآلية	36
والأثرية	36
والأجانب	36
والأجور	36
والأجيال	36
والأخضر	36
والأخطار	36
والأدبي	36
والأسعار	36
والأسلحة	36
والأسير	36
والأشخاص	36
والأصدقاء	36
والأطباء	36
والأطراف	36
والأعراف	36
والأغذية	36
والأفراد	36
والأماكن	36
والأمريكي	36
والأنفاق	36
والأهالي	36
والإبلاغ	36
والإجتماعي	36
والإداري	36
والإعجاب	36
والإعدام	36
والإعفاء	36
والإقليمي	36
والإكوادور	36
والإنتاجية	36
والإهمال	36
والابتعاد	36
والاحتجاجات	36
والاحتفاظ	36
والاحتياجات	36
والادارية	36
والاس	36
والاستبسال	36
والاستجابة	36
والاستخبارات	36
والاستخدام	36
والاستدامة	36
والاستكبار	36
والاستماع	36
والاستيراد	36
والاسلامية	36
والاطفال	36
والاعتقالات	36
والالتفاف	36
والامان	36
والامتثال	36
والانتماء	36
والبترول	36
والبحوث	36
والبذور	36
والبرازيل	36
والبقاع	36
والبنوك	36
والبورصات	36
والتأسي	36
والتأمينات	36
والتبادل	36
والتجهيزات	36
والتحق	36
والتحقق	36
والتحقيقات	36
والتخلص	36
والتراخي	36
والتزامه	36
والتسبب	36
والتشريعات	36
والتضييق	36
والتعادل	36
والتعليمات	36
والتعليمية	36
والتعمير	36
والتقارير	36
والتقليل	36
والتقنيات	36
والتقييم	36
والتكافل	36
والتكنولوجية	36
والتمنيات	36
والتناغم	36
والتنشئة	36
والتنفيذية	36
والتنوع	36
والتهاب	36
والتوابل	36
والتوجيه	36
والجامعات	36
والجامعة	36
والجامعية	36
والجرعة	36
والجسور	36
والجفاف	36
والجماهير	36
والجمهوريين	36
والجنود	36
والجو	36
والجوية	36
والحاسوب	36
والحضور	36
والحلول	36
والخدمية	36
والخلافات	36
والداخل	36
والدبابات	36
والدمار	36
والدولار	36
والديزل	36
والديمقراطيين	36
والديني	36
والذاكرة	36
والرئاسية	36
والرباط	36
والرسوم	36
والرفاه	36
والرقابة	36
والروسي	36
والرياضيين	36
والزراعية	36
والزيارات	36
والساحلية	36
والسجون	36
والسعال	36
والسفير	36
والسمسرات	36
والسمكية	36
والسوبر	36
والسوق	36
والسياسات	36
والشاحنات	36
والشبكات	36
والشحن	36
والشروع	36
والشعبين	36
والشوارع	36
والشورى	36
والصعود	36
والصفقات	36
والصناعي	36
والصهيونية	36
والصيني	36
والضرائب	36
والضغوط	36
والطالبات	36
والطرقات	36
والعادات	36
والعتاد	36
والعزل	36
والعزيمة	36
والعسكريين	36
والعقارات	36
والعقبة	36
والعلاجات	36
والعملات	36
والعناصر	36
والعنصرية	36
والعيادات	36
والغالبية	36
والفاسدين	36
والفلسطينيين	36
والفوضى	36
والقارية	36
والقامشلي	36
والقذائف	36
والقرار	36
والقيادة	36
والقيادي	36
والقيود	36
والكراهية	36
والكفاءات	36
واللقاء	36
والمؤثرات	36
والمؤكد	36
والمباني	36
والمتابعة	36
والمتوسط	36
والمثقفين	36
والمجال	36
والمجر	36
والمحاسبة	36
والمحاكمة	36
والمحتاجين	36
والمحلية	36
والمخرج	36
والمخلفات	36
والمخيمات	36
والمدرعات	36
والمدفعية	36
والمراهقين	36
والمزارعين	36
والمسؤول	36
والمسؤولين	36
والمسائية	36
والمستدامة	36
والمستشارة	36
والمستهلكين	36
والمستوى	36
والمشاكل	36
والمصارف	36
والمعارضين	36
والمعاناة	36
والمعتدلة	36
والمعيشية	36
والمفوض	36
والمقرر	36
والمقيمين	36
والمكاني	36
والمكسرات	36
والمكسيك	36
والملف	36
والمماطلة	36
والممتلكات	36
والمناقشات	36
والمنتج	36
والمهنى	36
والمواجهة	36
والموازنة	36
والمواطنة	36
والمواقف	36
والموجودة	36
والمولدات	36
والناشئة	36
والنتيجة	36
والنفطية	36
والهدوء	36
والهيدروجين	36
والوديان	36
والوطني	36
والوعي	36
والوفاة	36
واليورو	36
وانتقلت	36
وانتهاكات	36
وانخفضت	36
وانسحاب	36
وانضمت	36
وانعكاس	36
وانعكاسات	36
وانقسام	36
واي	36
واين	36
وبأسعار	36
وبائية	36
وباتت	36
وباردا	36
وبالتأكيد	36
وبالتحديد	36
وبالتنسيق	36
وبالعودة	36
وبتاريخ	36
وبجودة	36
وبحضور	36
وبدعم	36
وبرر	36
وبرغم	36
وبسرعة	36
وبصحة	36
وبطاقات	36
وبطولات	36
وبعمق	36
وبقايا	36
وبقوة	36
وبلجيكا	36
وبلدة	36
وبمرور	36
وبناتها	36
وبنوك	36
وبيانات	36
وتأثيراتها	36
وتأكد	36
وتأمينها	36
وتاريخها	36
وتبدو	36
وتبديد	36
وتتركز	36
وتتعرض	36
وتتناول	36
وتجربة	36
وتجميد	36
وتجهيزها	36
وتحالف	36
وتحتاج	36
وتحديات	36
وتحريك	36
وتحصين	36
وتحظى	36
وتحكم	36
وتحلق	36
وتحليلها	36
وتحويلها	36
وتخريب	36
وتخزين	36
وتداول	36
وتدشينا	36
وتدعم	36
وتدعي	36
وتدمر	36
وتدهورت	36
وتراوح	36
وتربوية	36
وترتبط	36
وترويع	36
وتزداد	36
وتساعد	36
وتساقط	36
وتستند	36
وتسليح	36
وتسليمه	36
وتسليمها	36
وتسود	36
وتسويق	36
وتشجيعهم	36
وتشريد	36
وتشريعات	36
وتشريعية	36
وتشيلسي	36
وتصاعد	36
وتصر	36
وتصريحات	36
وتضحية	36
وتضليل	36
وتطبيع	36
وتعتبره	36
وتعتزم	36
وتعذيبهم	36
وتعرقل	36
وتعمد	36
وتعيش	36
وتفتيش	36
وتفجر	36
وتفكيك	36
وتقارير	36
وتقلل	36
وتكريس	36
وتكميم	36
وتلتقط	36
وتلتها	36
وتمارس	36
وتمسكا	36
وتمضي	36
وتناقش	36
وتناولت	36
وتنتج	36
وتنتشر	36
وتنصح	36
وتنفيذية	36
وتنوع	36
وتوسع	36
وتوقفت	36
وتوقيفهم	36
وجائزة	36
وجذب	36
وجرائمهم	36
وجروح	36
وجريمة	36
وجسر	36
وجلسات	36
وجهته	36
وجهتها	36
وجيشه	36
وحاسمة	36
وحاضنة	36
وحاولت	36
وحاولوا	36
وحديقة	36
وحركات	36
وحطموا	36
وحظرت	36
وحقوقهم	36
وحكومته	36
وحوادث	36
وحيوي	36
وخاطب	36
وخدماتها	36
وخسائر	36
وخسارة	36
وخطوات	36
وخلقت	36
وخليل	36
ودائع	36
ودائم	36
وداد	36
ودبلوماسية	36
ودعمه	36
ودعوات	36
ودمار	36
ودوليا	36
وديا	36
ودير	36
وذويهم	36
وراثيا	36
ورعايتهم	36
ورعد	36
ورفاقه	36
ورواد	36
ورياح	36
وريال	36
وزابوروجيه	36
وزراءه	36
وزعزعة	36
وزعيم	36
وزنك	36
وسادت	36
وسارع	36
وساهم	36
وستبلغ	36
وستتخذ	36
وستساعد	36
وستظل	36
وسحق	36
وسعيها	36
وسفينة	36
وسكيكدة	36
وسمح	36
وسموتريتش	36
وسنبذل	36
وسنغافورة	36
وسنكون	36
وسورية	36
وسياساتها	36
وسيجري	36
وسيستمر	36
وسيسمح	36
وسيصل	36
وسيط	36
وسيطة	36
وسيطرة	36
وسيقام	36
وسيم	36
وشؤون	36
وشاركوا	36
وشخص	36
وشركاؤنا	36
وشعبا	36
وشفافية	36
وشوهد	36
وصاية	36
وصدور	36
وصربيا	36
وصرحت	36
وصعدة	36
وصعدت	36
وصعوبة	36
وصفوها	36
وصمود	36
وصناع	36
وصون	36
وصيد	36
وضابط	36
وضبطت	36
وضعنا	36
وضعهم	36
وضواحيها	36
وطائرة	36
وطابع	36
وطالبة	36
وطبقا	36
وطفل	36
وطلبا	36
وطنهم	36
وطهران	36
وطوال	36
وطويلة	36
وظيفتها	36
وظيفية	36
وعائدات	36
وعائلات	36
وعادل	36
وعرقلت	36
وعزت	36
وعشرات	36
وعضوا	36
وعضوية	36
وعقدت	36
وعكة	36
وعلاء	36
وعلاقات	36
وعلاوة	36
وعلمية	36
وعملهم	36
وعوامل	36
وغاز	36
وغزة	36
وفازت	36
وفروع	36
وفريقه	36
وفشلوا	36
وفقرات	36
وفنزويلا	36
وفوز	36
وفول	36
وفولنوفاخا	36
وفيتامين	36
وقائمة	36
وقاطع	36
وقرار	36
وقطاعات	36
وقعتا	36
وقناة	36
وقومية	36
وكاميرات	36
وكتائب	36
وكلف	36
وكلية	36
وكمية	36
وكنس	36
وكيان	36
وكينيا	36
ولابيد	36
ولاتفيا	36
ولاحظت	36
ولاحقا	36
ولاعبة	36
ولايتها	36
وليتوانيا	36
ومأرب	36
ومبادرة	36
ومبتكرة	36
ومتطلبات	36
ومتعددة	36
ومتوسط	36
ومجالس	36
ومحافظات	36
ومحاولتها	36
ومحبيه	36
ومحور	36
ومحيطه	36
ومحيطها	36
ومخاطر	36
ومخيمها	36
ومدد	36
ومدمرة	36
ومرافقوه	36
ومراقبي	36
ومرتزقتها	36
ومسؤولي	36
ومسار	36
ومساعد	36
ومساعده	36
ومستقل	36
ومستمرة	36
ومطالبة	36
ومعاداة	36
ومعارضة	36
ومعارف	36
ومعالجتها	36
ومعتقل	36
ومعهد	36
ومقاومته	36
ومقدساته	36
ومقدساتها	36
ومكافأة	36
وملابسات	36
وملاحقة	36
وممثلون	36
ومنارة	36
ومناصب	36
ومنحت	36
ومنحه	36
ومنسق	36
ومنصات	36
ومنصف	36
ومنظماتهم	36
ومنعتهم	36
ومواقفها	36
ومولدوفا	36
وميقاتي	36
وميناء	36
ونتائجها	36
ونتوقع	36
وندسور	36
ونسبت	36
ونسعى	36
ونشاطات	36
ونصبت	36
ونصت	36
ونطلب	36
ونظمت	36
ونقاط	36
ونقدم	36
ونقيب	36
ونمط	36
وننتظر	36
ونواب	36
ونيجيريا	36
ونيوزيلندا	36
وهاجم	36
وهايتي	36
وهبطت	36
وهدفها	36
وهران	36
وهمي	36
وهنالك	36
وهوية	36
وواجهات	36
وواضح	36
وواقعية	36
ووتش	36
وود	36
ووصولها	36
ووعدت	36
ووعدوا	36
ووكالة	36
ووكلائها	36
ويأمل	36
ويتحدث	36
ويتحول	36
ويتسم	36
ويتكون	36
ويحث	36
ويحذر	36
ويحقق	36
ويخدم	36
ويدعم	36
ويراهن	36
ويرفض	36
ويساهم	36
ويستخدم	36
ويستعد	36
ويشدد	36
ويشرح	36
ويشرف	36
ويشعر	36
ويصعب	36
ويضاف	36
ويظل	36
ويعاني	36
ويعتبرون	36
ويعكس	36
ويقترح	36
ويقلل	36
ويلفت	36
ويلقي	36
ويلهم	36
ويليامز	36
ويمبلدون	36
وينبع	36
وينسلاند	36
وينهي	36
ويوصف	36
ويوفر	36
يؤكدون	36
يائسة	36
يابانية	36
ياتي	36
يافا	36
يبتسمون	36
يبذلون	36
يتأثروا	36
يتألف	36
يتجاهل	36
يتجرأ	36
يتحدد	36
يتحملها	36
يتحملون	36
يترأس	36
يتزعمه	36
يتسن	36
يتصدى	36
يتعافى	36
يتفاعل	36
يتفقون	36
يتفوق	36
يتقاطع	36
يتقدمهم	36
يتلقون	36
يتوفر	36
يحاكم	36
يحددها	36
يحققها	36
يحوم	36
يحين	36
يخبرك	36
يختتم	36
يخذل	36
يخضعون	36
يدرسها	36
يدعونا	36
يدفعنا	36
يدويا	36
يديرون	36
يراهنون	36
يرحب	36
يرشح	36
يرصد	36
يرعاها	36
يرقد	36
يزخر	36
يزورون	36
يساير	36
يستحوذ	36
يستضيفه	36
يستطيعوا	36
يستعرض	36
يستمتعون	36
يستورد	36
يسعيان	36
يسكنهم	36
يشوبها	36
يشوه	36
يشي	36
يشيد	36
يصرخون	36
يصرون	36
يصفق	36
يطا	36
يطفو	36
يطمح	36
يطور	36
يعانين	36
يعانيه	36
يعانيها	36
يعتدي	36
يعتزمون	36
يعكف	36
يعيشه	36
يعيشوا	36
يعيق	36
يقدموا	36
يقطنون	36
يقفز	36
يقيس	36
يلس	36
يلعبه	36
يمامة	36
يمتلكان	36
يمتلكه	36
يمكنكم	36
يمنحه	36
ينتهجها	36
ينتهك	36
ينظمها	36
ينفذها	36
يهدأ	36
يهمني	36
يهيمن	36
يواكب	36
يوان	36
يوتا	36
يوجهها	36
يوري	36
يوليا	36
يونانية	36
يونيفيل	36
يونيليفر	36
عذره	35
وأعلى	35
الجدة	35
بالإذن	35
أحرى	35
وافى	35
تعلمه	35
مليا	35
هاربا	35
خروجا	35
مولاها	35
يسألونك	35
نجده	35
تسبيح	35
والغالب	35
احكام	35
غروبها	35
حبك	35
يوزن	35
بائعه	35
مرا	35
يأجوج	35
اتبعه	35
وعلو	35
ورابعها	35
أشجع	35
يتركه	35
والمولى	35
موصوفة	35
كافرين	35
أباها	35
والمعتبر	35
جذيمة	35
الكلأ	35
وصاروا	35
جملا	35
أخطب	35
عبثا	35
بدعاء	35
وأرجو	35
يعينه	35
أدركته	35
فصيحا	35
المذكورات	35
مرفوعة	35
فوالذي	35
بالدراهم	35
عيلان	35
انتهوا	35
فأحب	35
مرادهم	35
ومعمر	35
ويحلف	35
والنبوة	35
تدرون	35
استحبابا	35
المخصوصة	35
بسائر	35
مرضا	35
يخلط	35
فوضعه	35
مسرور	35
جخ	35
ونهيه	35
التفريع	35
أشركوا	35
للخلق	35
التزوج	35
قربت	35
مائه	35
التكلف	35
ببطن	35
فنسب	35
اللقيط	35
يحط	35
وكتابه	35
وتعقبه	35
وصلا	35
وأخت	35
سمن	35
الخدم	35
فليتبوأ	35
سلاما	35
لامه	35
لقى	35
يعهد	35
أعطاني	35
رجحان	35
تفسيرا	35
خطبنا	35
فضائله	35
سارق	35
نحوي	35
الصفرة	35
والعذاب	35
الشحم	35
كبيع	35
الحائري	35
وعزاه	35
الغرم	35
واتصل	35
مسألتنا	35
العاقد	35
أرضعت	35
بخيل	35
اقتدى	35
أحكامها	35
شربها	35
ثيبا	35
يكفرون	35
والتدبير	35
مماليك	35
يناله	35
اللمعة	35
حبلى	35
حسنها	35
بإضمار	35
وتجوز	35
حيوانا	35
صغارا	35
يرتد	35
الأشعار	35
والدهر	35
الفجور	35
فردها	35
الخواطر	35
المشتمل	35
أئمتنا	35
فيضمن	35
يمل	35
لفساد	35
يوشع	35
كبشة	35
المدرس	35
والاختيار	35
وضربه	35
أقطار	35
الضبعي	35
السوسي	35
يشتريه	35
خذها	35
فاصبر	35
إزاره	35
وكثرت	35
هدانا	35
عزمت	35
المتشابه	35
بطيب	35
الفضولي	35
سألوه	35
وتركها	35
العصير	35
مفعوله	35
لآية	35
فنزلوا	35
والصغير	35
التبيان	35
بلبن	35
عاتكة	35
أمهم	35
غرناطة	35
اقتص	35
رسلا	35
ضعفاء	35
فعلمت	35
تعال	35
بكتابه	35
يبتدئ	35
أزواجهن	35
العقيقة	35
لطائف	35
المعارج	35
نزعه	35
أطرافه	35
جزية	35
فطاف	35
قرا	35
الغافر	35
ذيله	35
سنجر	35
وثمود	35
نكاحا	35
المتقي	35
الإضمار	35
فجائز	35
وينقص	35
الضرع	35
الآل	35
الرزاز	35
يطرد	35
موهب	35
ثلثها	35
عيدا	35
يشبهه	35
شيخي	35
وإياه	35
فارسية	35
باثنتين	35
تأتيهم	35
يأتيني	35
يقنت	35
الغرام	35
البقيع	35
عظمته	35
شافع	35
أحجار	35
بجيد	35
شحم	35
وشعيب	35
المروذي	35
واللحم	35
تكفير	35
الارشاد	35
الشاميين	35
بالسماع	35
جذعة	35
بالبعث	35
بصاحب	35
بابي	35
فرسخا	35
صغره	35
بأربعين	35
المتواتر	35
العقدي	35
مجلدين	35
والنجم	35
فحج	35
المفاتيح	35
محمولا	35
فعلتم	35
وأفعاله	35
غذاء	35
اللائق	35
والعلة	35
يعقب	35
أخطأت	35
والسفر	35
همته	35
مقامات	35
ضرا	35
يطاق	35
بإسقاط	35
الظرفية	35
الريق	35
فتصدق	35
وأنشأ	35
يطل	35
علوان	35
بأيام	35
انهزم	35
القامة	35
شئنا	35
نبيذ	35
فرسان	35
وأسامة	35
سيره	35
وأدرك	35
العتمة	35
مقابله	35
والحيوان	35
التدليس	35
حسبنا	35
المتواترة	35
عاجلا	35
يسكت	35
درست	35
والعدد	35
ينتفي	35
النسوة	35
الداودي	35
بأنك	35
شم	35
بساط	35
يبيح	35
دخان	35
الرضوان	35
موتا	35
بأخبار	35
والوقت	35
اشتر	35
البصيرة	35
والخطأ	35
ضربها	35
خنزير	35
تحلل	35
الجب	35
وعملا	35
والمنافقين	35
وبأنه	35
بألفاظ	35
يسرع	35
لأقل	35
الجري	35
يعرج	35
والأمانة	35
شرار	35
مقالات	35
وفاق	35
جرد	35
يضاعف	35
حفاظ	35
سلط	35
وبقى	35
قرع	35
تبعث	35
تنال	35
جود	35
صيغ	35
أوسط	35
أغار	35
والاحتياط	35
بالمدرسة	35
لقبه	35
وتسعة	35
عزا	35
نرجو	35
الزعفران	35
يليها	35
رطوبة	35
المخطوطات	35
نقش	35
بضاعة	35
منقطعة	35
مقاصد	35
وراجع	35
المهدى	35
فتحا	35
قرون	35
المتعدي	35
التنور	35
ويد	35
القبل	35
ضاقت	35
ماشية	35
الخارجة	35
يستوفي	35
قسط	35
اللفظين	35
ليأخذ	35
بالحجة	35
ولسان	35
والطعام	35
عج	35
ينهض	35
واختلفت	35
أرضهم	35
قعدت	35
مسير	35
خلدون	35
فاكهة	35
حتما	35
والضعف	35
الذبيحة	35
متقدما	35
عصب	35
الداخلة	35
سعيدا	35
صنعوا	35
أثرها	35
شاس	35
حلا	35
والسلاح	35
يود	35
يعرب	35
وآخرها	35
الوقائع	35
جوع	35
مختلفا	35
ناطق	35
أحال	35
حضرموت	35
الإقبال	35
الخضوع	35
دافع	35
تضمين	35
ويوجد	35
بروح	35
واثنان	35
تمس	35
الاستيلاء	35
نسخته	35
الفرسان	35
والنشر	35
ملحق	35
المكاسب	35
حوض	35
دارت	35
الثقيلة	35
نصبت	35
السموم	35
الكائن	35
الكلى	35
معدودة	35
لعمل	35
مستقبلا	35
قابلا	35
طور	35
الطائفي	35
المتضمن	35
السلسلة	35
عصابة	35
إي	35
لكني	35
مظاهر	35
أجبر	35
واضحا	35
توافق	35
الفارق	35
شهرة	35
يمكنهم	35
عثر	35
تتغير	35
وضبط	35
الصليب	35
أجرته	35
إحداث	35
بالطبع	35
استخراج	35
إقبال	35
وزيرا	35
وزوجته	35
الضابط	35
ألقت	35
وأجرى	35
عدوان	35
فرضها	35
عبدالملك	35
لسنا	35
لذات	35
ضمنها	35
المغاربة	35
يحملون	35
رفيق	35
يوضح	35
تربية	35
الفرصة	35
دقائق	35
القوية	35
وأدى	35
لرفع	35
يتوقع	35
هامة	35
كلفة	35
الزراعة	35
غربي	35
تعديل	35
غزو	35
الجماعات	35
ريال	35
زعيم	35
المحتمل	35
المسؤول	35
إقليم	35
والتعليم	35
أطلقت	35
الشخصية	35
العدوان	35
العقوبات	35
لمدة	35
السياسية	35
منطقة	35
قبري	34
المنة	34
سدرة	34
وبلاد	34
غزية	34
وطاوس	34
الفاجر	34
انكسر	34
وأجر	34
مقلة	34
الرداء	34
قر	34
جرجان	34
خلة	34
أعجمي	34
زوجت	34
العذرة	34
حالك	34
تدركه	34
رأيتهم	34
الأخرس	34
الخليلي	34
وأنزلنا	34
فيذهب	34
بفساد	34
مفسر	34
كلمت	34
مائتا	34
الوشاء	34
يتصف	34
العلائي	34
وأسألك	34
إحسانا	34
كافور	34
قومنا	34
ريبة	34
حلل	34
فسخه	34
النسائى	34
أعطاك	34
يؤذي	34
أشرت	34
أتبعه	34
ورأيته	34
يلونهم	34
والمعتزلة	34
الگلپايگاني	34
الجوزجاني	34
جزاكم	34
ينصر	34
يستأذن	34
وفسره	34
والروض	34
المثبت	34
الخشني	34
مملكته	34
وكعب	34
فأعطى	34
دوني	34
اصطفى	34
حقيقتها	34
يبرح	34
خفة	34
ونفسه	34
نهاه	34
راكعا	34
السقي	34
والأصحاب	34
والترك	34
الثمرات	34
خبزا	34
والمعاصي	34
الشواهد	34
الحشفة	34
بشاة	34
مجلز	34
وكرمه	34
ويمين	34
فمما	34
مضغة	34
يذم	34
قررناه	34
بويه	34
مستعملا	34
أعناق	34
مصابيح	34
وحرمة	34
الفسطاط	34
للولي	34
أغلظ	34
المهملتين	34
لرسوله	34
الضياع	34
قيراط	34
فتوجه	34
هواك	34
ويميت	34
أمرهما	34
وتردد	34
المعرف	34
دلالتها	34
الروذباري	34
يؤد	34
الضد	34
فحذفت	34
بناته	34
وبيانه	34
مأذونا	34
والقصاص	34
المخاطبين	34
فكتبت	34
الطحاوى	34
والوضوء	34
أدع	34
عهدهم	34
والزبيب	34
خيرها	34
وماتت	34
والنسبة	34
غلا	34
إصبع	34
عطس	34
التنزيه	34
تسألني	34
انتهيت	34
الأختين	34
ربكما	34
والعزى	34
السراية	34
مثلكم	34
الصيمري	34
والمنسوخ	34
الخشبة	34
الأدعية	34
خادما	34
الفضول	34
يرثي	34
أتلفه	34
تؤمنوا	34
غنما	34
مكانك	34
المعير	34
بثمنه	34
اذكروا	34
كسرها	34
بائع	34
ويصدق	34
بالبقيع	34
بيوتا	34
تعريفه	34
والاستدلال	34
احترازا	34
رووه	34
أدر	34
سريره	34
يضرك	34
التشيع	34
فرضنا	34
باقيه	34
قراء	34
يستغني	34
فاحش	34
عصفور	34
فيقبل	34
استحالة	34
فيقتل	34
العقب	34
يغسله	34
بالجناية	34
مخلصين	34
يأتيها	34
الزرقي	34
ظريف	34
نبهان	34
شيئان	34
فيحلف	34
برقوق	34
يراعى	34
النصح	34
المرضعة	34
المضروب	34
ولأهل	34
وردها	34
يبغض	34
يورد	34
القادسية	34
يدبر	34
معدوم	34
الصدفي	34
عمها	34
ثراه	34
بالتيمم	34
كذاك	34
ذباب	34
بالشر	34
يحاسب	34
اشتراطه	34
والزرع	34
المؤنة	34
المتأخرون	34
لغوا	34
مثلثة	34
إخباره	34
الظاء	34
العمرى	34
فرحون	34
عزيزا	34
أرسلناك	34
تكفر	34
وبيده	34
بزيد	34
يفنى	34
وضبطه	34
شوقا	34
التأويلات	34
وباطنا	34
عبيدالله	34
ذاكرا	34
صيامه	34
النعام	34
واستدلوا	34
قائلون	34
شامة	34
براء	34
يحس	34
والتكبير	34
وقر	34
صرد	34
فتن	34
الصنم	34
الشعثاء	34
المقدور	34
والفرض	34
ملكوت	34
واحدتها	34
انتفع	34
الفلق	34
يجتمعون	34
وبحمده	34
بأسانيد	34
مغول	34
فيعمل	34
الافعال	34
يعز	34
والثمن	34
اشتدت	34
اللغوية	34
المورد	34
والتاريخ	34
والضم	34
خائف	34
يسكنها	34
للقول	34
حركته	34
أرواحهم	34
للشك	34
بالجملة	34
خالفوا	34
حملنا	34
فبما	34
أسنانه	34
أغنياء	34
والمحبة	34
بزوال	34
يشاهد	34
جاريا	34
الأوهام	34
والأيام	34
حديثين	34
اخراج	34
حمامة	34
افترض	34
وعباس	34
توكيل	34
فيدل	34
والمرسلين	34
والإخلاص	34
الحمير	34
والذهب	34
مطهر	34
والكتب	34
متوجها	34
العرفان	34
الإصبع	34
مقدمته	34
مفلح	34
يلتمس	34
لأجلها	34
اشترك	34
ظفرت	34
المرعى	34
نحاس	34
بأشياء	34
مصغرا	34
وواحدة	34
أموالنا	34
الحبال	34
الأضاحي	34
هبط	34
مطابق	34
المطلع	34
بالسوء	34
نكتة	34
يقيمون	34
يلوح	34
يعتذر	34
أد	34
واعتمد	34
التيسير	34
حذو	34
التسعين	34
النسل	34
وعرفت	34
الألقاب	34
خائفا	34
أغلق	34
والعسل	34
معتاد	34
بظلم	34
وعجز	34
فلق	34
الشقاء	34
لترك	34
بحب	34
ساروا	34
بتمام	34
ثبات	34
أخلاقه	34
تكمل	34
غنام	34
صقر	34
بقلة	34
وقليل	34
كيوم	34
موطن	34
بمد	34
ومجمع	34
مباحة	34
تأمر	34
عادوا	34
وجدي	34
يفلح	34
تدعوا	34
المعاصرين	34
المحتال	34
معنيين	34
قزوين	34
صدرا	34
الخاطر	34
كلامي	34
وغدا	34
الخيرة	34
ينجو	34
حسد	34
ثيابا	34
لفاطمة	34
المحمل	34
العشق	34
ولسنا	34
برأي	34
وبقاء	34
الرمادي	34
أسبابه	34
شاهده	34
فاليوم	34
ينعزل	34
أهوى	34
يسعه	34
وشاهد	34
الثقيل	34
لقمة	34
بالإمام	34
مؤثر	34
وضعته	34
ذخيرة	34
الفواكه	34
كرسي	34
نقيب	34
تبنى	34
تمضي	34
يعنيه	34
بسلام	34
التحديث	34
شب	34
بالدار	34
تدريس	34
قدوة	34
الصفراء	34
وبكل	34
صرفها	34
وبحر	34
ينطلق	34
وضعا	34
وتخصيص	34
لليهود	34
أصولها	34
وتعرف	34
انتظر	34
الاعتذار	34
أصواتهم	34
تصيب	34
لنفس	34
هدر	34
يحذر	34
والتخفيف	34
والعافية	34
المعنوي	34
لحفظ	34
لقطة	34
الرفاعي	34
طبعا	34
المفيدة	34
التحديد	34
الجبان	34
اعتمادا	34
مائدة	34
الجدي	34
الدجاج	34
المدخل	34
تعيينه	34
سرقت	34
الفاكهة	34
خطابا	34
أداة	34
تعطيل	34
ينشر	34
الإنذار	34
يسهم	34
وأصبحت	34
هاني	34
يطرح	34
التعلم	34
عقدها	34
الجميلة	34
اعتبرت	34
الانتقام	34
الهزيمة	34
مشاهد	34
تقوية	34
وجهت	34
ميدان	34
احد	34
الهدنة	34
الوفد	34
العميد	34
وبدأ	34
رئيسا	34
لمعرفة	34
حقيقية	34
الباردة	34
الفضاء	34
ظبي	34
شدد	34
باتت	34
الشعوب	34
المهم	34
يشار	34
شارك	34
الرئاسة	34
المواطن	34
التركية	34
محافظة	34
حوالي	34
الشرطة	34
بشأن	34
الأديم	33
وللحديث	33
المبحث	33
جهرا	33
القواد	33
ريحانة	33
بنوه	33
بالإقرار	33
الكيس	33
بأصحابه	33
مزينة	33
ففرق	33
السرح	33
نعمتي	33
آلهتهم	33
للآية	33
بالوصية	33
الحويرث	33
والشين	33
للمرتهن	33
أمشي	33
فبدأ	33
بالفرض	33
خياره	33
وندب	33
فوضعت	33
الحافر	33
وباسناده	33
وجهل	33
القطعي	33
رجعا	33
يثاب	33
ديات	33
ورجعت	33
طريقان	33
الانعام	33
إحسانه	33
الآجري	33
الأعلم	33
بالوصف	33
شرطها	33
جزع	33
فرضي	33
محفوظا	33
ويبين	33
أترى	33
استويا	33
انصرفت	33
وثاب	33
جليلا	33
قاضى	33
منتف	33
عاصيا	33
الفاسقين	33
وحكمة	33
سلول	33
فعبر	33
والرأي	33
فسبحان	33
السفل	33
فأولى	33
بأني	33
ويقسم	33
للمسافر	33
فكنا	33
والخلاصة	33
زعمتم	33
وقبره	33
أبق	33
بذنب	33
مشارق	33
وحجاج	33
السعادات	33
لومة	33
بالعهد	33
العامي	33
ورواها	33
وانتفع	33
بالزاي	33
لكنت	33
الآمل	33
زدني	33
وبينا	33
المنازعة	33
والحجاز	33
فأعاد	33
الجحفة	33
التضعيف	33
وعطف	33
حمدويه	33
اللاه	33
أرق	33
بعدكم	33
وأمكن	33
وضيق	33
حديثهم	33
اللبيب	33
أعان	33
القلانسي	33
بهجة	33
حججت	33
هاد	33
تبق	33
سفل	33
وطبقته	33
خود	33
وأقوى	33
عشري	33
الغلو	33
اجتناب	33
بخيبر	33
مساويا	33
حلوا	33
ورع	33
بصرى	33
القواريري	33
مشي	33
ملائكته	33
يعطف	33
ترجح	33
الإشراك	33
البستي	33
دهره	33
مختصا	33
الرشاد	33
يرخص	33
لينظر	33
والرسل	33
وجنة	33
والمؤنث	33
بأنا	33
غفار	33
خرب	33
لالتقاء	33
عودا	33
بالنبوة	33
زيادتي	33
أديم	33
وذريته	33
رجوعا	33
طبرستان	33
مانعة	33
فحق	33
فقده	33
وتعذر	33
تقربوا	33
متنا	33
شراحيل	33
شرابا	33
فأطلق	33
التوسل	33
الصالحون	33
تأخيرها	33
بإسلامه	33
خبيرا	33
السمين	33
نفسى	33
قدام	33
المريد	33
جابرا	33
الأشبه	33
سفه	33
يؤجر	33
وثوب	33
العضد	33
أتاكم	33
أنشدك	33
عقابه	33
مغيث	33
العهود	33
قسمه	33
بلزوم	33
فأرسلت	33
صلينا	33
أسنده	33
للموكل	33
يلقاه	33
اعتكاف	33
الأوصياء	33
استعار	33
وترا	33
وجائز	33
الطرسوسي	33
الأحباب	33
الظبي	33
تعبدوا	33
وحذيفة	33
الأرقم	33
بالطهارة	33
مستحبة	33
زنكي	33
كنى	33
المطيع	33
يكونان	33
والتوبة	33
فأهل	33
مخصوصا	33
يجزى	33
اليقظان	33
أيمان	33
التأبيد	33
يبصرون	33
واغفر	33
المثاني	33
والظن	33
أتاها	33
تصديقه	33
وعقبة	33
تأول	33
فيحكم	33
المأمومين	33
أضحية	33
ظهار	33
وسنذكر	33
بالبركة	33
والبدن	33
فيء	33
جملته	33
وانفرد	33
بالقرعة	33
الرشيدي	33
عدله	33
ينحر	33
فأجاز	33
لزومه	33
نعتا	33
النماء	33
المفاسد	33
والصاد	33
التحرز	33
فأمسك	33
بدراهم	33
وحاشية	33
توكلت	33
كتم	33
ويسأل	33
الأعز	33
للعباد	33
منصوبة	33
والظفر	33
تالله	33
يعجب	33
مكاتبا	33
الخطوب	33
وحكمته	33
منزه	33
وصيا	33
تحسبن	33
وبغير	33
معسر	33
جدك	33
يلبسه	33
الطباطبائي	33
ثنى	33
كائنة	33
مضاربة	33
بالظاهر	33
المكتري	33
ورزق	33
النزع	33
ابا	33
والطواف	33
الفخذ	33
يعرفوا	33
مقرونا	33
أوردها	33
عراة	33
للقتل	33
للحمل	33
يشترك	33
الأسفار	33
الرحبة	33
ويحب	33
وعلامة	33
يقلد	33
تركتها	33
رأيناه	33
انقلب	33
المسكن	33
أجمعت	33
الرفيع	33
يشهدوا	33
المعاش	33
وصبر	33
المقادير	33
بالأخبار	33
مدع	33
الفائتة	33
لسعد	33
الوليمة	33
مارية	33
الطمأنينة	33
للإيمان	33
ضمنت	33
ذوى	33
والحلم	33
والأخلاق	33
أقواله	33
والشعراء	33
متكئا	33
منعهم	33
الإنزال	33
قدرنا	33
وأشرف	33
ميثم	33
يعلمهم	33
العنان	33
العذري	33
والذى	33
أفواه	33
أحلى	33
هول	33
وظنوا	33
وطعام	33
رطبة	33
يبلغوا	33
انطلقوا	33
معدي	33
تباعد	33
مطرد	33
شوك	33
الضمائر	33
بالجهل	33
فتحه	33
والنظم	33
الديانة	33
يزالوا	33
الأقلام	33
بقلم	33
تغسل	33
أناسا	33
أحبك	33
ين	33
الأخيرتين	33
مبلغا	33
المجيء	33
مشارك	33
بطني	33
بادر	33
التحمل	33
بينات	33
وحيا	33
مرارة	33
الزهراني	33
ومسألة	33
الخطيئة	33
ظلال	33
التبعية	33
المعول	33
الانكليزية	33
نأكل	33
الأخص	33
ماهان	33
مجراه	33
أنفقت	33
دارم	33
خوفه	33
والمرض	33
المغنم	33
الشخير	33
وليعلم	33
حركتها	33
خلفي	33
إخواني	33
أتدرون	33
السابقون	33
بغدادي	33
الفعال	33
شرحا	33
رجس	33
بقدرته	33
ليدخل	33
رفيقا	33
الانقياد	33
وسعها	33
مشغول	33
طبعت	33
المر	33
ويطلب	33
بقاؤه	33
مجيب	33
المدفوع	33
وأمن	33
أقامت	33
المحنة	33
يتحمل	33
الألفية	33
ارتكب	33
يزرع	33
إرساله	33
اعتبارها	33
الدرك	33
وأكمل	33
للنظر	33
بإخراج	33
سهلة	33
والقبض	33
قابوس	33
آراء	33
يجلب	33
للزكاة	33
كليا	33
ايام	33
والثلاثين	33
السرايا	33
مناسك	33
المحققون	33
سماحة	33
ولابد	33
خيمة	33
الاستغناء	33
الصعود	33
الياس	33
شين	33
الخيام	33
الغريبة	33
اعتدى	33
محمل	33
حاز	33
العصابة	33
بالأعمال	33
بالمثل	33
قفل	33
وتغير	33
الخوض	33
بعدة	33
نعمان	33
الخميني	33
طفلا	33
القسري	33
عالي	33
الظواهر	33
بلدا	33
يعالج	33
نصل	33
الهدايا	33
وثمن	33
حروب	33
بسام	33
نادرة	33
اللقب	33
المباشر	33
تحد	33
وبلغت	33
وسوف	33
التربة	33
الخفيفة	33
ام	33
لقبول	33
التصوير	33
يزور	33
ونسبة	33
الميدان	33
والحرية	33
تبدو	33
حاول	33
افتتاح	33
المرافق	33
لإطلاق	33
وتأتي	33
أعراض	33
بخصوص	33
بإطلاق	33
أوراق	33
يقارب	33
والصحة	33
صادر	33
وقفة	33
توقع	33
تتوقف	33
جمعية	33
الخليج	33
كشفت	33
بحضور	33
رئاسة	33
العلاقة	33
السرعة	33
المدى	33
الطاقة	33
خاب	32
بكسرها	32
الشاشي	32
هيهنا	32
فاشتد	32
وولدها	32
مجاشع	32
البطون	32
طابت	32
آثر	32
بدلها	32
الشاطبي	32
تشركوا	32
لبعد	32
بالنيات	32
كتفيه	32
بالسكون	32
ينادى	32
أخبرتنا	32
بموسى	32
وبلال	32
يقطر	32
لعان	32
الممكنات	32
وحملها	32
الأعذار	32
ومنكم	32
بحكمه	32
اجزاء	32
بالفضة	32
تأكلون	32
فاقتتلوا	32
قراءتها	32
نعل	32
خمسه	32
بليغا	32
امتناعه	32
والهوى	32
أعطاهم	32
مذكورا	32
والبغوي	32
يصدقه	32
أرطأة	32
بذله	32
برحمة	32
أنبيائهم	32
طس	32
والفاعل	32
تو	32
آمنين	32
أهلكنا	32
أطيعوا	32
لصاحبها	32
إمساك	32
العصب	32
تنام	32
فعول	32
الاستيلاد	32
مجاهدا	32
وشيبة	32
مستلزم	32
المشكل	32
الحجام	32
الزحف	32
مستأنف	32
لوارث	32
والشرك	32
ملجم	32
أقاويل	32
جنسها	32
النجاد	32
الممدوح	32
ومكة	32
الفراوي	32
اليم	32
بعدت	32
كثيره	32
خالة	32
تركوه	32
والاجماع	32
وشيخنا	32
غدت	32
كقولنا	32
مالت	32
إيش	32
تا	32
كفي	32
والشدة	32
أصابوا	32
الموعود	32
وصوابه	32
بنار	32
جوده	32
بحج	32
فهنا	32
صاد	32
بشعر	32
وأوله	32
ديتها	32
يهتدون	32
ذكري	32
والعجم	32
ومدح	32
لؤلؤة	32
ساعته	32
والنذر	32
حضير	32
كلكم	32
فاجتمعوا	32
غريم	32
صفد	32
ملئت	32
مناط	32
شيعتنا	32
يتفرقا	32
عامرة	32
حماه	32
والمختلف	32
كلامك	32
أولوا	32
الأبعد	32
شرحها	32
مختصره	32
أردتم	32
التسع	32
والدية	32
بقعة	32
الحمامي	32
بصاحبه	32
الممتحنة	32
فالمشهور	32
إناثا	32
استبراء	32
أزواجهم	32
الصب	32
اضطرب	32
غلمان	32
يزيدون	32
أروى	32
ويتصدق	32
يفترون	32
فترى	32
وأشباه	32
يباشر	32
متكلما	32
والعدة	32
فاضرب	32
المعمور	32
أبواه	32
يمنعون	32
والباطن	32
مرد	32
المشتملة	32
فخاف	32
وكمبا	32
العوالي	32
يفارقه	32
بالتقوى	32
بالصاد	32
مؤنث	32
يتب	32
معاذا	32
الجحدري	32
زنجويه	32
فاعتبر	32
سجستان	32
البينونة	32
صدقات	32
والشاهد	32
الأغسال	32
للتبعيض	32
الأجساد	32
نسخا	32
ثانيهما	32
الأبهري	32
ضارب	32
خفيه	32
أديت	32
والوزن	32
مفسد	32
مجردة	32
وأريد	32
يؤيده	32
ولقبه	32
بشاهد	32
البائن	32
التصغير	32
جئتك	32
أخوات	32
قالون	32
يستجاب	32
ضلالا	32
عدوكم	32
يبن	32
يجلد	32
ويستعمل	32
آتيك	32
ونصه	32
معناهما	32
معيبا	32
احتجم	32
وزيره	32
وأنعم	32
ويهدي	32
راضيا	32
مطولا	32
منهال	32
نضلة	32
رسولك	32
مناديا	32
العليل	32
المجوسي	32
شريفة	32
بخمسمائة	32
الأمران	32
مريدا	32
جم	32
معصيته	32
وصدقة	32
جرحا	32
بالفرق	32
شيرويه	32
فاجر	32
ويصلح	32
وطاعته	32
ونية	32
فوجدنا	32
والخمسون	32
ولقب	32
يقص	32
هلاكه	32
البروجردي	32
فانتهى	32
فأصابه	32
واشترط	32
بكيت	32
البليغ	32
تهدي	32
الرحى	32
حصى	32
واديا	32
محذورة	32
شاذة	32
قبيحة	32
مؤجل	32
والصبح	32
لموت	32
والمغيرة	32
بالغداة	32
تضلوا	32
مقصورا	32
القلع	32
التخريج	32
مجتمعين	32
الوهاج	32
عصرنا	32
والربع	32
عداها	32
ويسمع	32
دعواهم	32
يقابله	32
شعاع	32
النافعة	32
المبهم	32
قصته	32
وأظن	32
شبابه	32
شوكة	32
متقارب	32
يحفر	32
وتصرف	32
اللمس	32
مقرر	32
فضول	32
لاجتماع	32
باد	32
لقلت	32
صوره	32
العباسية	32
لكمال	32
والنوم	32
وعزم	32
لونها	32
لبنى	32
ومالي	32
المنقولة	32
خصما	32
السماوية	32
المعيب	32
التفكر	32
برضا	32
راوية	32
حارث	32
بالتصرف	32
المؤجل	32
يتحلل	32
ينبغى	32
قاطبة	32
صنعته	32
راو	32
والأحوال	32
حبها	32
العمة	32
معدود	32
عاطفة	32
كرد	32
وسد	32
يخفي	32
وسقطت	32
أقضي	32
والآداب	32
تبيع	32
موجبات	32
نفيسة	32
وآثار	32
وحرف	32
مجملا	32
الشطر	32
اللفظي	32
بقلعة	32
لعشر	32
الحط	32
ذخائر	32
أصبع	32
مؤكد	32
دمياط	32
زدت	32
المنابر	32
مبيع	32
حس	32
الموانع	32
نقدر	32
الافراد	32
أقله	32
أنهن	32
بستة	32
الأخوات	32
الأثناء	32
صنفه	32
حبر	32
طوق	32
لباب	32
والتوفيق	32
ودفعه	32
أخماس	32
الذوق	32
تفوت	32
وزكريا	32
ضياع	32
قبلا	32
بادية	32
تتبعوا	32
بالنصر	32
ورسم	32
والنص	32
القسط	32
بالعدد	32
نأتي	32
يضربون	32
الميمون	32
وسير	32
بأطراف	32
تكبر	32
تحققه	32
لكونهم	32
فلاح	32
الحميم	32
شيعته	32
مستقرا	32
تفهم	32
ونبه	32
آخران	32
للهجرة	32
لسبب	32
الألواح	32
الثدي	32
ذاكر	32
العرس	32
جيشه	32
شغله	32
اللاحق	32
تجعله	32
وأمرت	32
داوود	32
حبيبي	32
مشروعة	32
لتحصيل	32
جراحة	32
لأخذ	32
أعدت	32
اجتماعهما	32
أكملت	32
تفعله	32
توسط	32
ويعيد	32
لتأكيد	32
البحيرة	32
لينا	32
المعتمدة	32
وليسوا	32
الأمعاء	32
وجمال	32
جانبي	32
بالحياة	32
عداد	32
النادر	32
والدعوة	32
حضروا	32
منفصل	32
الأعداد	32
راجح	32
لإقامة	32
نوعه	32
المقتضى	32
اتهم	32
أبدى	32
الإقليم	32
التحذير	32
أجري	32
الخصوصية	32
الديني	32
دينية	32
حديثها	32
المنتظر	32
العلامات	32
اكتساب	32
وذوي	32
ابنتها	32
إيه	32
إقامتها	32
يشتبه	32
قوائم	32
الاستماع	32
والحد	32
يزالون	32
بيانها	32
الساعات	32
المرجح	32
تشعر	32
بإعادة	32
المختصة	32
الوظائف	32
التهديد	32
فيصل	32
بحرية	32
لقائه	32
رفض	32
نشرت	32
جنين	32
يسمح	32
القناة	32
قضايا	32
انتشار	32
الاقتصاد	32
ستكون	32
المنتخب	32
بطونهم	31
ريحها	31
لأمتي	31
فروي	31
يشبع	31
وخوف	31
نذرا	31
رائق	31
اشتركا	31
المتين	31
نظروا	31
رحمها	31
الكلالة	31
تنجس	31
بقتال	31
استقل	31
لعنهم	31
وتفصيل	31
عريانا	31
الآي	31
كبائر	31
وأحاديث	31
فلس	31
فأنى	31
بظهر	31
وههنا	31
تروك	31
بوضوء	31
بزر	31
والثوب	31
يتقيد	31
يحفظه	31
ذكورا	31
لعظم	31
التغليظ	31
فضلة	31
فاقتلوه	31
فإذن	31
بأهلها	31
وقيده	31
رآهم	31
أرسلني	31
نجار	31
الأظفار	31
فأعتقه	31
فورك	31
صبغ	31
والشارح	31
عمارا	31
الزبد	31
ونهارا	31
فيعتق	31
القوافي	31
أفاء	31
تقية	31
فرفعت	31
صادف	31
بالشيخ	31
يمحو	31
واشربوا	31
وبصره	31
والصلح	31
بالشين	31
الأحسن	31
أضاء	31
لمذهب	31
ثبتا	31
ومعي	31
فابن	31
ومسند	31
بنان	31
البقل	31
دينها	31
منفعته	31
فأخبرهم	31
برة	31
نسبت	31
مجيئه	31
مشروطا	31
الفجار	31
مذحج	31
وقولي	31
الجمهرة	31
جعلوه	31
الإفرنج	31
فعلان	31
فالحاصل	31
العتاهية	31
عمرته	31
يهجو	31
حثمة	31
وناب	31
عبدين	31
تؤكل	31
والأخ	31
أعاده	31
للكل	31
يحزنون	31
وحفظه	31
فنقل	31
باسمك	31
محسنا	31
الأذنين	31
جاهلي	31
الحدثان	31
العصاة	31
يسب	31
فائدته	31
خلوة	31
التجوز	31
الشراح	31
قف	31
السرج	31
أعطني	31
مصلاه	31
ومعناها	31
ذبحها	31
خارجه	31
فرجعوا	31
فسألوه	31
الاستغراق	31
أدراك	31
فعرفت	31
فكلمه	31
يقصده	31
قولويه	31
سنذكره	31
رضوا	31
والمجد	31
ضالة	31
فدفعه	31
حاشيته	31
اجماعا	31
والوجيز	31
تراني	31
نخلا	31
وحديثا	31
برماوي	31
شياطين	31
موسر	31
ومعجم	31
آتاكم	31
حنش	31
سوطا	31
والحاء	31
واحترز	31
المفلحون	31
الأحجار	31
يناقض	31
الشحامي	31
الأشهل	31
طمعا	31
والثياب	31
بالذين	31
ووجوه	31
دلف	31
مائتان	31
للعقد	31
نهوا	31
مرار	31
مقامي	31
هذي	31
بالأمور	31
رجز	31
قاف	31
يستأجر	31
ردته	31
المباحة	31
فرائد	31
نجاسته	31
يؤتيه	31
مقالته	31
ورجليه	31
مكررا	31
بياضا	31
هجرته	31
فالبيع	31
الموسر	31
أراكم	31
الركبان	31
وكرم	31
سقت	31
تحزن	31
والمؤمن	31
سليمة	31
المخففة	31
يرونه	31
فتاويه	31
سنقر	31
شاؤوا	31
بالتصغير	31
سترا	31
وإيتاء	31
طرا	31
يقتدى	31
بالإحسان	31
يطبخ	31
رقيقة	31
والرسالة	31
فوجدوا	31
الراح	31
الوعاة	31
زبد	31
بالرحمة	31
والعتاق	31
بالإمامة	31
وبرة	31
رجعية	31
ودعاء	31
فكأنهم	31
ينفعك	31
السلاطين	31
والثانى	31
فنام	31
فنهى	31
مرضي	31
إثباتها	31
يهدم	31
بفلان	31
بالدية	31
أبر	31
كرامات	31
والرهن	31
حذفها	31
والاستثناء	31
أخرت	31
احفظ	31
قزعة	31
ونصفا	31
فأقل	31
وجدتم	31
كفرح	31
ضيقا	31
فضلها	31
مناقبه	31
زبان	31
المؤخر	31
والمريض	31
وأشهب	31
والميسر	31
يصيح	31
كمه	31
أمرتك	31
ولازمه	31
المرجئة	31
وضربت	31
يضرهم	31
الاسرار	31
مقول	31
قلاوون	31
أصم	31
مكروهة	31
مخرجه	31
جهز	31
العترة	31
كسره	31
والأخت	31
فمال	31
واليه	31
الغرباء	31
والإضافة	31
عليين	31
أقيموا	31
فمنع	31
شياه	31
بشكوال	31
الحطيئة	31
يبعثون	31
توعدون	31
تهوى	31
أخبارهم	31
والدراهم	31
القاعد	31
فلزم	31
غنائم	31
ثنتان	31
الركعات	31
والصحاح	31
يسقي	31
عافية	31
الزكي	31
منسوبا	31
الحصون	31
الإلزام	31
والحب	31
الأقرع	31
ويفهم	31
بإرادة	31
وقصة	31
الخاسرين	31
النعاس	31
العمران	31
دارنا	31
غريمه	31
بإظهار	31
الجلود	31
لحرمة	31
عنزة	31
أقروا	31
يلبي	31
اسود	31
يرشد	31
تقابل	31
أسقطت	31
المنجم	31
تضمنته	31
أفعالهم	31
منصوص	31
محققا	31
يسرا	31
المعروفين	31
القبح	31
تعريض	31
الويل	31
التحريف	31
وحش	31
ويجلس	31
لمثله	31
اليهم	31
يعدون	31
ينقضي	31
مرابحة	31
يطيل	31
كور	31
مشكاة	31
للمجهول	31
ويحتاج	31
وأنفق	31
للعقل	31
يستأنف	31
مؤمنون	31
ليزيد	31
مميز	31
بهؤلاء	31
وهبة	31
إجمالا	31
النبل	31
ورأي	31
صابر	31
يتلف	31
أبطأ	31
بوجوده	31
أغمي	31
المسلك	31
تقبض	31
تجلس	31
بالقطع	31
الخصمين	31
مقابر	31
حقنا	31
والنبات	31
تهب	31
الجاه	31
فعلية	31
بمشيئة	31
جري	31
موثقة	31
ويسر	31
والولاية	31
اعتذر	31
الغليظة	31
المراكب	31
تأكله	31
الطراز	31
وبدل	31
المقارنة	31
الخازن	31
ومحبة	31
مظلم	31
مباركة	31
يدفعها	31
يلقون	31
فرب	31
آباء	31
يصنعون	31
ذراعيه	31
المظهر	31
إضافته	31
إفساد	31
تبريز	31
المهد	31
أحمل	31
دعوتهم	31
القهر	31
التحري	31
منافعه	31
إبن	31
قهر	31
وشيء	31
بأحكام	31
المجردة	31
نطقت	31
يتحرى	31
غازيا	31
يفرح	31
سادات	31
وجنوده	31
وعدهم	31
بحمص	31
يشغله	31
الإفادة	31
متقاربة	31
الفقار	31
خضرة	31
مالهم	31
متناهية	31
ألقيت	31
بالأدلة	31
يجزم	31
كأنهما	31
مثلنا	31
برقبته	31
العبادي	31
بتسليم	31
الحصة	31
عقار	31
إعادتها	31
الهرب	31
مخاطبة	31
وأكبر	31
اطلعت	31
التشريع	31
الأسلوب	31
والحرب	31
حكام	31
لإثبات	31
لذوي	31
شكره	31
الغش	31
المؤدي	31
المطعم	31
عقلية	31
الصفر	31
تدعي	31
بأمان	31
والحقيقة	31
مثالا	31
والقواعد	31
وعدت	31
تكفل	31
لستة	31
التحصيل	31
ينتظرون	31
صورتها	31
أفهم	31
حققه	31
والسلامة	31
البري	31
مطالبته	31
الحالتين	31
للرد	31
وفتحت	31
الأحلام	31
كربلاء	31
المعلومة	31
بالقدرة	31
انتشر	31
زيت	31
جماعات	31
بحالة	31
يمتد	31
مرضى	31
تقارب	31
مبادئ	31
بالفساد	31
ضرورية	31
هام	31
ومدينة	31
الأسئلة	31
والعلوم	31
وقائع	31
وتمكن	31
مقعد	31
لجمع	31
منطق	31
دائمة	31
قابلة	31
يشغل	31
الجودة	31
طالما	31
القليلة	31
عمال	31
تسوية	31
وباء	31
المطلوبة	31
تكشف	31
جوانب	31
السلع	31
تعبيره	31
القيود	31
ويشير	31
الوباء	31
الدراسة	31
مرور	31
تشمل	31
كبرى	31
المقرر	31
شمال	31
مشركي	30
اللئيم	30
ينفصل	30
يفسره	30
آمد	30
والمسلم	30
بالأخذ	30
والكبر	30
حباب	30
بالسند	30
غسلا	30
فأصبحوا	30
والنهى	30
وأطال	30
فرادى	30
المغضوب	30
المبدل	30
قوليه	30
لمولاه	30
واجتناب	30
بثوبه	30
فيكفي	30
لسليمان	30
للكافر	30
بحساب	30
صداقا	30
قتلنا	30
شرها	30
وأشهر	30
بالدال	30
وقولنا	30
والقلم	30
متأخري	30
دعني	30
ويصلى	30
والقائل	30
النفيلي	30
بعرفات	30
نويت	30
يظفر	30
النوعين	30
وبمعنى	30
المصنفين	30
فرجة	30
القوسين	30
تفصيله	30
عطش	30
الغيم	30
فبنى	30
للرحمن	30
مائها	30
ومقتضاه	30
الباشا	30
أنبيائه	30
الإعطاء	30
تورث	30
مبهم	30
يمسي	30
وأسند	30
عفراء	30
بولاق	30
الاستئجار	30
الكفين	30
محذوفا	30
والنعمة	30
قصدوا	30
وأنكره	30
الحسبة	30
سادة	30
سباع	30
وزال	30
محيصن	30
طاعتك	30
تضعيف	30
وانهزم	30
فأنشأ	30
طبعاته	30
ضميره	30
وتفرق	30
شركا	30
أجنبيا	30
دمع	30
برجال	30
يعدم	30
الخفية	30
ولعمري	30
ساقها	30
تشرك	30
الحماسة	30
صلاحها	30
الإتلاف	30
فراشا	30
تصدقت	30
بزمان	30
اللؤلؤي	30
غلطا	30
يعذبهم	30
فعسى	30
المرزباني	30
فصيام	30
الإعجاز	30
توحيده	30
الريبة	30
يترجح	30
مجلدا	30
فاذهب	30
لوجهه	30
لينة	30
المنكرات	30
الزركلي	30
إخوان	30
فأكلوا	30
الفأرة	30
الخالة	30
إعانة	30
للتعليل	30
جلة	30
وذكرها	30
ويستثنى	30
الدلال	30
بالحسنة	30
إبلا	30
عقال	30
ليعرف	30
قاتلهم	30
القافية	30
جزافا	30
تنصب	30
بأبيه	30
المضمومة	30
السوط	30
مصيب	30
ابتلى	30
لخوف	30
لوجهين	30
وبال	30
يزكي	30
يبع	30
ينبه	30
أفلس	30
المحذور	30
جوازها	30
للمصنف	30
أصلحك	30
مسرة	30
بغيا	30
لأنهن	30
ائت	30
بنجاسة	30
خلقناكم	30
ذنبك	30
بالسواد	30
المكذبين	30
فاستوى	30
غيرة	30
شريفا	30
فالصحيح	30
فعليكم	30
الأحمسي	30
اللحد	30
فسرت	30
مقامها	30
بحصته	30
كافرة	30
وبحمدك	30
سدير	30
صبرة	30
للابن	30
اشتقاق	30
بع	30
فتصح	30
يمنعني	30
بالعرف	30
كفايته	30
دعلج	30
ظلمهم	30
موضوعه	30
حسبت	30
الذاهب	30
يتولد	30
يسكر	30
المتضمنة	30
التتر	30
الريب	30
عيانا	30
النجيب	30
لولد	30
كش	30
جبينه	30
شهوته	30
مفعل	30
الصيحة	30
لحية	30
والتحريم	30
التطويل	30
سوقة	30
متواضعا	30
وإجماع	30
ذبيحة	30
معترضة	30
وعدي	30
ائذن	30
التلفظ	30
الدبري	30
نعامة	30
انهما	30
الكرامات	30
مرتدا	30
والعادة	30
الواطئ	30
مشركين	30
والفراء	30
فدك	30
دارك	30
السببية	30
يفهمه	30
الايجاب	30
والصادق	30
بمضي	30
أحلت	30
أجابه	30
الاذان	30
وأقيموا	30
كرهوا	30
حوائج	30
وعسى	30
ايها	30
يتيقن	30
بانتفاء	30
الأرزاق	30
الجدال	30
الجلاب	30
رديء	30
سرورا	30
والخزرج	30
غلبه	30
والشرائع	30
الجوني	30
طرفيه	30
أوصافه	30
الأعصار	30
العرفي	30
المقصودة	30
بالقلم	30
الشوك	30
نحره	30
الأنصارى	30
وعيون	30
منكما	30
ودهن	30
فأعتق	30
مستتر	30
أربابها	30
طيبات	30
يمنعها	30
الباطنية	30
الأجناد	30
أنفسهما	30
اليسع	30
الحلقوم	30
حائضا	30
الإسفراييني	30
الزلزلة	30
ركبته	30
والفاضل	30
يضحي	30
حجا	30
الباعث	30
ويغسل	30
عزير	30
ميكائيل	30
ثلثمائة	30
بوصية	30
يسره	30
يعده	30
الاكل	30
يقطعه	30
جا	30
جمادي	30
فيصدق	30
النقدين	30
نظائره	30
قبلته	30
البقال	30
أصبر	30
التفاسير	30
الأخنس	30
سوادة	30
التبليغ	30
وأجرة	30
العمومات	30
المواعظ	30
فشيئا	30
شفعته	30
الحيا	30
المقتضية	30
للواحد	30
وفارس	30
قطعي	30
تعقب	30
خيال	30
ويعطي	30
خيلا	30
يقدروا	30
يحدثه	30
الإسكندر	30
بجهة	30
يعطون	30
وحدك	30
يستعين	30
إكراه	30
إشبيلية	30
سارت	30
يستخرج	30
وقضيته	30
عكا	30
ودخلوا	30
الضيافة	30
البذل	30
ووضعت	30
إدراكه	30
للكلام	30
يأوي	30
يمانية	30
مفيدا	30
برقة	30
أجرها	30
ورأوا	30
الفاحش	30
ونهر	30
يحملها	30
يبذل	30
بلي	30
فحين	30
ونعمة	30
الرخاء	30
حبشي	30
المستند	30
الاسمية	30
صاحبا	30
للمقر	30
قياسه	30
يجمعون	30
تخلق	30
ليحصل	30
بإضافة	30
واعتبار	30
الجيران	30
الضالة	30
ثار	30
كفيل	30
إمكانه	30
ويمتنع	30
نجاة	30
معرفتها	30
برهن	30
بالمقام	30
مقرن	30
يفقهون	30
وأعجب	30
مضافة	30
جهده	30
زمرة	30
يرثون	30
حرمها	30
جائر	30
اعتكافه	30
زلة	30
وأولادهم	30
والسرقة	30
وجدناه	30
الجراحة	30
يغفل	30
واخذ	30
حاكما	30
نسج	30
صوتها	30
لانها	30
ولوا	30
الانكار	30
موكله	30
النصيبي	30
والصورة	30
بحرمة	30
وكأنما	30
وأرادوا	30
برقان	30
وبخلاف	30
قرني	30
ويتوجه	30
يعاد	30
عزمه	30
ويتجه	30
الاخوة	30
بهلول	30
أترك	30
معرضا	30
المخاض	30
فتحة	30
والفصل	30
يستمعون	30
يموتون	30
لسعيد	30
تراهم	30
حام	30
فسميت	30
بكفر	30
الرجعية	30
مست	30
يهوى	30
معللا	30
أرضها	30
وحجر	30
شفا	30
تطمئن	30
الخالي	30
ملكان	30
عيوب	30
واستعمال	30
بالواجب	30
المقالات	30
نصرا	30
بماذا	30
الأزهار	30
أحدثه	30
طبقا	30
المواشي	30
فريقا	30
الكاذبة	30
المزارع	30
خميس	30
وتذكر	30
حدوثه	30
لوقت	30
مشروعا	30
متساوية	30
صديقه	30
بأفضل	30
سكوت	30
تقاتل	30
اللواتي	30
ذريعة	30
بالولاية	30
وأبلغ	30
الصادقة	30
ركاب	30
جانبا	30
نمت	30
تتابع	30
ممكنة	30
ببلدة	30
تقصد	30
تستطع	30
تجرى	30
للمسجد	30
وإخراج	30
الانتظار	30
لمرض	30
اختارت	30
قدمته	30
الأقاليم	30
المملوكة	30
تجريد	30
فإننا	30
للجماعة	30
لقطع	30
والتعبير	30
وصعد	30
جنح	30
أدائها	30
البدنية	30
تقوله	30
الأكراد	30
الشقيقة	30
مرتفعة	30
موضحة	30
المصاب	30
السد	30
النفقات	30
المعني	30
جهتها	30
قضت	30
وتشهد	30
طريقها	30
باليوم	30
بطرق	30
استقلال	30
عاجل	30
بجوار	30
أعداد	30
تلقوا	30
القصوى	30
والصرف	30
تصف	30
محتملة	30
حياتها	30
العادية	30
توصل	30
النفسي	30
احتجاج	30
رحب	30
ساحة	30
عامي	30
الأمطار	30
حرص	30
حياتهم	30
سلطنة	30
زيارته	30
وارتفاع	30
وثيقة	30
أنباء	30
تصبح	30
مثلما	30
أطفال	30
مشكلة	30
يمثل	30
خطوات	30
التوصل	30
نواب	30
أشخاص	30
المؤتمر	30
أنحاء	30
حالات	30
جو	30
مشيرا	30
المنطقة	30
وأئمة	29
الألوهية	29
يابسا	29
نصفان	29
ثيابها	29
قنت	29
وللشافعي	29
الباهرة	29
الافطار	29
اشتروا	29
ماعز	29
وزفر	29
وأنشدنا	29
الفتيان	29
ليوسف	29
المتون	29
حلوان	29
يدى	29
الامرين	29
قدمي	29
وتصلي	29
فيشترط	29
أنفذ	29
وترد	29
واتخذوا	29
شيطانا	29
تجرد	29
وزوج	29
صدرها	29
صفوة	29
فتارة	29
يلد	29
مستور	29
والسمع	29
ورجحه	29
خلى	29
أنواعه	29
أشرب	29
عزوجل	29
والروايات	29
المصطلق	29
بكمال	29
تكذبان	29
عاجزا	29
تلفه	29
مهين	29
المستوعب	29
كتبوا	29
الرباب	29
حوى	29
جامعها	29
اغتسلت	29
والعود	29
والنفاس	29
الكافور	29
الأواني	29
آجر	29
إبراء	29
المقذوف	29
مغربها	29
والدلالة	29
وسنده	29
وتأخر	29
المقتدي	29
الجعدي	29
يقضيه	29
النظير	29
مرضت	29
وغفر	29
أجزت	29
فصبر	29
نثر	29
ضال	29
الركاز	29
مخيرا	29
علت	29
ولسانه	29
حريم	29
القضاعي	29
وكنتم	29
عويمر	29
الباغندي	29
لازمه	29
العطاردي	29
العنت	29
آتاهم	29
يسبحون	29
وعليا	29
وحقيقته	29
مأمونا	29
بالسؤال	29
كالذين	29
وجزاء	29
أكثروا	29
وساروا	29
حكاهما	29
سألتك	29
الدهور	29
بره	29
لأصالة	29
الشفع	29
يضلل	29
يتيما	29
فاشتراه	29
فأبت	29
مخلوقا	29
اليتيمة	29
مزيدة	29
ذنوبهم	29
يقتلوا	29
يفوته	29
أكلا	29
المطهرة	29
مثقالا	29
القهار	29
ولعن	29
المانعة	29
جزى	29
سيوف	29
اليمامي	29
هادوا	29
تسبوا	29
يسمه	29
القرامطة	29
ضمة	29
الجزار	29
الألسنة	29
والدارمي	29
يعزر	29
تخريجه	29
المفسدين	29
يجود	29
فأمرني	29
يحرق	29
فبقيت	29
الآيتان	29
التتمة	29
فرقت	29
الرقاق	29
زوائد	29
الخباز	29
فمشى	29
يفد	29
الفلاس	29
ويوما	29
بالهند	29
للسائل	29
ونسي	29
والعدم	29
سبيلهم	29
بالقوم	29
مشرق	29
جويبر	29
قرنا	29
شبع	29
تبليغ	29
وعالم	29
ضرره	29
يسألني	29
وروده	29
بالعموم	29
سجدت	29
مؤنثة	29
البغل	29
الجارح	29
كفيلا	29
الاكتساب	29
للتنبيه	29
بعيسى	29
شتم	29
سحرا	29
البهاء	29
التراضي	29
الفخار	29
بعود	29
محصور	29
وقص	29
والتعظيم	29
فالكلام	29
فسكن	29
الأصيلي	29
المصنفات	29
الخرقة	29
المنذور	29
السفه	29
مملوكه	29
قسمته	29
الزبور	29
وآدم	29
فأوجب	29
السائمة	29
نضر	29
ينتصب	29
وذم	29
المبتدعة	29
بالذال	29
وترجم	29
شروح	29
والإماء	29
العلق	29
فلحق	29
دعبل	29
المدرك	29
لاستحالة	29
يتق	29
فجميع	29
والواحد	29
أغير	29
كبش	29
بصريح	29
الأسارى	29
وصيه	29
بظاهره	29
السقطي	29
الذلة	29
فرقوا	29
وقذف	29
أحدثك	29
تلامذة	29
الأعناق	29
خسف	29
فحول	29
مبحث	29
وللآخر	29
يكتم	29
يستغنى	29
وأمسك	29
إخوانكم	29
استعملت	29
السبط	29
يناسبه	29
بربه	29
والمحرم	29
البابين	29
يكال	29
الغاشية	29
للوضوء	29
خفيا	29
التوبيخ	29
أجوبة	29
المغصوبة	29
سلموا	29
ويعتق	29
عتيك	29
برأ	29
السويق	29
ففى	29
والملح	29
اقبل	29
كرز	29
وعرفه	29
تشكرون	29
الجزور	29
السمر	29
بالحناء	29
الرمية	29
القحطانية	29
كسبوا	29
بغلام	29
مستدركه	29
وقتيبة	29
كملت	29
أعلمك	29
تنفسخ	29
يوفق	29
الاعرابي	29
آوى	29
مبتدع	29
الثنية	29
فتية	29
تواضع	29
وأتاه	29
الخافض	29
النفخة	29
ثدي	29
أنفقه	29
هلكوا	29
بصفين	29
جعلني	29
بصوم	29
مكره	29
صوما	29
المشارق	29
قعر	29
الرطبة	29
المحتسب	29
والمكاتب	29
فبات	29
ندى	29
كلامنا	29
آثم	29
يقطعها	29
الانفاق	29
طائل	29
عارم	29
يرجعوا	29
يجدي	29
تسلط	29
حبست	29
الأبنية	29
معتمدا	29
الفريد	29
والايمان	29
الكاهن	29
سلفا	29
أيامها	29
الشاذ	29
والكوفة	29
وضعوا	29
الختم	29
ذهنه	29
الجلي	29
مفروض	29
وشمل	29
باس	29
الخاتمة	29
تخبر	29
يتضرر	29
يتساءلون	29
يعمله	29
نقي	29
جبلا	29
مدرسا	29
ليعمل	29
طريقين	29
قاصد	29
بشق	29
تفعلون	29
سالت	29
والاخر	29
مل	29
وعما	29
يعلي	29
يتقبل	29
فهن	29
والنصر	29
بالدفع	29
وصلاح	29
الطالبين	29
تلمسان	29
تنفس	29
معرضون	29
والامر	29
شرقا	29
فها	29
طالبه	29
النتاج	29
حكموا	29
ويقرب	29
محدثة	29
اللحن	29
والبغضاء	29
نرد	29
أرضي	29
محتملا	29
المفاصل	29
دبرها	29
سألنا	29
برك	29
الميعاد	29
يشربون	29
ودعوا	29
ماتا	29
وأحوال	29
العراقيون	29
للنار	29
مسرعا	29
برح	29
فويل	29
آثارها	29
كيس	29
مخبر	29
مفرط	29
افتح	29
بالأداء	29
والخامسة	29
معتقدا	29
مزاج	29
بولي	29
استند	29
للقلب	29
خيفة	29
حللت	29
تذكره	29
محنة	29
اللصوص	29
عدوي	29
الرماد	29
يراجع	29
سين	29
الخطابة	29
يعتقده	29
زكى	29
النازعات	29
التشبه	29
وعدنا	29
فرش	29
مكلفا	29
زاهد	29
حبي	29
القيء	29
المسروق	29
نزح	29
مفقود	29
هاج	29
تخلص	29
تميمة	29
وحشي	29
اعتدت	29
أجلي	29
لاطلاق	29
سكين	29
لبنة	29
واعتذر	29
نسوا	29
المسئول	29
المجرمون	29
الرامي	29
السراب	29
وفرقة	29
لأصل	29
تدر	29
بالأحكام	29
يتهيأ	29
التعقيب	29
وظلم	29
الراجع	29
رحى	29
السالم	29
المظاهر	29
الاعتناء	29
وجزء	29
زمام	29
دخولهم	29
ووافق	29
يستفيد	29
ومحمود	29
مخصص	29
المنسوبة	29
الموجز	29
والحركة	29
نصيحة	29
حلها	29
لف	29
تقديمها	29
الدير	29
عزيمة	29
ويقف	29
يلاحظ	29
يسود	29
لتقدم	29
مقطوعة	29
أطلع	29
يتحول	29
باغ	29
المحاضرة	29
ترمي	29
ذروة	29
بعمر	29
ووضعه	29
بشروط	29
إسلامية	29
مجتمعة	29
التأجيل	29
الداعية	29
حقيقيا	29
لولي	29
حصولها	29
المقربون	29
وسعت	29
بمدرسة	29
معتدل	29
خطابه	29
العصبية	29
أذربيجان	29
بالقدس	29
الكفاءة	29
مدارس	29
محاربة	29
وسلامة	29
مهاجرا	29
والتقى	29
ديون	29
الخيرية	29
الأبطال	29
آي	29
والخاصة	29
بحيرة	29
لأداء	29
مضاعفة	29
بمرض	29
حالته	29
فتاة	29
ويضم	29
ألقاها	29
الكاظمي	29
توفيق	29
أمضى	29
الذرة	29
حديقة	29
شهادات	29
المؤكد	29
الكائنات	29
تحويل	29
مربع	29
مواد	29
مسقط	29
شعور	29
بوقف	29
أسرة	29
عرضة	29
الضرورية	29
نشره	29
العناصر	29
انطلقت	29
الفكرة	29
وحول	29
العوامل	29
عامين	29
لنقل	29
مالية	29
اليمنية	29
تشير	29
تبدأ	29
فرنسا	29
منح	29
البنية	29
جلسة	29
لجنة	29
الوطنية	29
التعاون	29
الدفاع	29
بشكل	29
آدمية	29
آراءه	29
آرسنال	29
آريس	29
آرييه	29
آس	29
آسا	29
آسيان	29
آسيوية	29
آش	29
آشلي	29
آفاقا	29
آلا	29
آلافا	29
آلان	29
آلن	29
آليا	29
آمالهم	29
آياز	29
آيلاند	29
آينتراخت	29
آينشتاين	29
أؤمن	29
أؤيد	29
أباد	29
أبتون	29
أبحاثه	29
أبخازيا	29
أبداه	29
أبداها	29
أبدته	29
أبدوا	29
أبرار	29
أبراموفيتش	29
أبرتهايد	29
أبرياء	29
أبلغتها	29
أبلغني	29
أبلغه	29
أبناؤنا	29
أبنائي	29
أبولو	29
أبيدجان	29
أتحمل	29
أتطلع	29
أتلانتيك	29
أتلتيكو	29
أتمكن	29
أتيحت	29
أثارتها	29
أجبرته	29
أجبرنا	29
أجدادنا	29
أجرينا	29
أجيالنا	29
أحتاط	29
أحترم	29
أحث	29
أحجامها	29
أحداثه	29
أحرزته	29
أحرزنا	29
أحرنوت	29
أحصوا	29
أحضان	29
أحفاد	29
أحقية	29
أحلامي	29
أحيل	29
أحيلت	29
أخبرها	29
أخريين	29
أخنوش	29
أخوي	29
أخوية	29
أخير	29
أخيرة	29
أدار	29
أدبيات	29
أدرار	29
أدعم	29
أدلوا	29
أدميرال	29
أدولف	29
أراضينا	29
أرباحه	29
أرباحها	29
أربعينيات	29
أرتال	29
أردني	29
أردنية	29
أرزة	29
أرزقي	29
أرشح	29
أرصدة	29
أرليت	29
أرملة	29
أرواحنا	29
أريحية	29
أريدك	29
أرينا	29
أزالت	29
أزمته	29
أساسيان	29
أسانج	29
أسبوعه	29
أستاذا	29
أستطاع	29
أستمتع	29
أستمر	29
أستون	29
أسراب	29
أسرانا	29
أسسته	29
أسطوري	29
أسعدني	29
أسلاك	29
أسهمها	29
أسوار	29
أسواقها	29
أسوشيتدبرس	29
أسوشيتيد	29
أسوشييتد	29
أشادوا	29
أشتية	29
أشرفنا	29
أشعلت	29
أشقائنا	29
أشقائه	29
أشكالها	29
أشكلون	29
أشلاء	29
أصالته	29
أصدقائك	29
أصدقائها	29
أصدقائهم	29
أصواتا	29
أصيلا	29
أضرت	29
أضف	29
أضمن	29
أطاح	29
أطرب	29
أطفالها	29
أطفالهن	29
أطلس	29
أطلقتا	29
أطلقته	29
أطماع	29
أعاني	29
أعتاب	29
أعترف	29
أعتى	29
أعدائها	29
أعدتها	29
أعراضا	29
أعصاب	29
أعضاؤه	29
أعطتها	29
أعقبه	29
أعقد	29
أعلنا	29
أعلنها	29
أعنف	29
أغادر	29
أغذية	29
أغضبت	29
أغلقوا	29
أغنام	29
أغورة	29
أفارقة	29
أفانغارد	29
أفريكا	29
أفغان	29
أفكارا	29
أفين	29
أقامته	29
أقامتها	29
أقدس	29
أقرا	29
أقراص	29
أقررنا	29
أقصاها	29
أقلب	29
أقلع	29
أقلعت	29
أكاديميين	29
أكثرية	29
أكدته	29
أكراد	29
ألبا	29
ألبرت	29
ألبين	29
ألزهايمر	29
ألغتها	29
ألغى	29
ألغيت	29
ألفاريز	29
ألفريد	29
ألقابه	29
ألكساندريا	29
ألكسي	29
ألمح	29
ألن	29
ألون	29
أليخان	29
أليخاندرو	29
أليست	29
أليكسيون	29
ألينا	29
أمبير	29
أمحمد	29
أمدها	29
أمضيت	29
أملنا	29
أملهم	29
أممين	29
أمنهم	29
أمهرة	29
أميرة	29
أناند	29
أنانيته	29
أنتجت	29
أنجع	29
أنجلس	29
أندري	29
أنسجة	29
أنشطتهم	29
أنطون	29
أنطونوف	29
أنطونيا	29
أنغام	29
أنغامي	29
أنغولا	29
أنفاسه	29
أنفاسهم	29
أنفاق	29
أنفقته	29
أنفقتها	29
أنفو	29
أنقاض	29
أنقذ	29
أنهكتهم	29
أنونيموس	29
أنيق	29
أهارون	29
أهدافك	29
أهدافنا	29
أهدافهم	29
أهراس	29
أهيدجو	29
أوبر	29
أوبرادور	29
أوبريت	29
أوبريشنز	29
أوبيانغ	29
أوتو	29
أوج	29
أوحانا	29
أودعت	29
أور	29
أورباخ	29
أوروبيون	29
أوروغواي	29
أورومتشي	29
أوري	29
أوريون	29
أوز	29
أوستينوف	29
أوسم	29
أوشفيتز	29
أوصاله	29
أوصياء	29
أوغندا	29
أوفياء	29
أوكاسيو	29
أوكسانا	29
أولغا	29
أولمبياد	29
أولمبيك	29
أولوياته	29
أولوياتها	29
أولويتنا	29
أوليانوف	29
أوم	29
أوميد	29
أونال	29
أونتاريو	29
أونروا	29
أونور	29
أوهورو	29
أويحيى	29
إبتداء	29
إبداع	29
إبداعات	29
إبلاغه	29
إبلاغها	29
إتحاد	29
إتنا	29
إجابات	29
إجدير	29
إجراؤها	29
إجرائه	29
إجهاد	29
إحراج	29
إحصائية	29
إحنا	29
إخباري	29
إخبارية	29
إخطارات	29
إخفاق	29
إخلائه	29
إخوتنا	29
إدراكهم	29
إدراكي	29
إدعاء	29
إذلال	29
إرادتهم	29
إرباك	29
إرتكاب	29
إرجاء	29
إرخاء	29
إردان	29
إرضاء	29
إساءات	29
إستجابة	29
إستقبال	29
إستيراد	29
إسقاطها	29
إسكاته	29
إسنا	29
إشادة	29
إشاعات	29
إشراكهم	29
إشغالات	29
إصاباتهم	29
إصابتان	29
إصابتهما	29
إصدارات	29
إصداره	29
إصرارا	29
إضاءة	29
إضافات	29
إضرابه	29
إضرابهما	29
إطاراتها	29
إطاري	29
إعتقال	29
إعجاب	29
إعدادات	29
إعداده	29
إعلاميين	29
إغراءات	29
إغران	29
إفتتاح	29
إفقار	29
إقامتهم	29
إقليميين	29
إكراهات	29
إكساب	29
إكسبريس	29
إكسون	29
إكليل	29
إلتحاق	29
إلعاد	29
إلغاؤه	29
إلكترونيك	29
إليازية	29
إمارات	29
إمبابة	29
إمبولو	29
إمدادها	29
إمراة	29
إمعان	29
إمكانهم	29
إمكانياتها	29
إنارة	29
إنترناشيونال	29
إنترنت	29
إنجازا	29
إنجازاته	29
إندكس	29
إندلع	29
إنشائه	29
إنشائها	29
إنضم	29
إنطلاق	29
إنفاقها	29
إنفلونزا	29
إنفو	29
إنقاذه	29
إنيرجي	29
إنيرغو	29
إهدار	29
إهمالها	29
إيبولا	29
إيتان	29
إيتو	29
إيجه	29
إيخيلوف	29
إيداعه	29
إيدير	29
إيديولوجيا	29
إير	29
إيركوتسك	29
إيرلينغ	29
إيرنا	29
إيريس	29
إيريك	29
إيغلا	29
إيفا	29
إيفي	29
إيفين	29
إيقاد	29
إيكان	29
إيكو	29
إينو	29
إيواء	29
ائتمان	29
ابتسامة	29
ابتعد	29
ابتعدوا	29
ابتكارات	29
ابتلعت	29
ابتهاجا	29
ابحاث	29
ابرام	29
ابرتهايد	29
ابرزها	29
ابعدته	29
ابيب	29
اتجاهين	29
اتجهت	29
اتخذنا	29
اترك	29
اتساق	29
اتصالاتهم	29
اتفاقاته	29
اتفاقنا	29
اتفاقين	29
اتفقتا	29
اتهامه	29
اتهمته	29
اتهمتها	29
اتهمها	29
اثار	29
اثيوبيا	29
اجتماعنا	29
اجتماعيين	29
اجتهادات	29
اجد	29
اجدير	29
اجراها	29
اجلها	29
اجمالا	29
اجواء	29
احباط	29
احتجاجها	29
احتجاجهم	29
احتجازها	29
احتجنا	29
احتدام	29
احترامي	29
احتضنت	29
احتضنته	29
احتضنتها	29
احتفالنا	29
احتفظ	29
احتفلت	29
احتكاك	29
احتلالا	29
احتلتها	29
احتوائه	29
احتياجاتك	29
احتياطات	29
احتياطيا	29
احتياطياتها	29
احتيال	29
احراج	29
احزابنا	29
احضار	29
احضان	29
احيانا	29
اختبارها	29
اختبر	29
اختزال	29
اختصاصات	29
اختصاصاتها	29
اختطافه	29
اختفائها	29
اختلافات	29
اختلت	29
اخليل	29
اداة	29
ادوية	29
اذار	29
اربيل	29
ارتدائه	29
ارتقوا	29
ارتكابه	29
ارتياحها	29
ارتياحهما	29
ارضاء	29
اساسية	29
اسبابه	29
اسبانيا	29
اسبوع	29
استأنفت	29
استباقي	29
استبدادية	29
استبشر	29
استبعاده	29
استثماراتها	29
استثمارها	29
استثمروا	29
استثنائيا	29
استجماع	29
استجوابه	29
استجوابها	29
استحواذ	29
استخداما	29
استخدمه	29
استخفاف	29
استدراجه	29
استدراكية	29
استراتيجيتنا	29
استراحة	29
استعادته	29
استعادها	29
استعارت	29
استعدادنا	29
استعرضوا	29
استعمارية	29
استغاثة	29
استغلاله	29
استفادتها	29
استفحال	29
استفزازا	29
استفزازي	29
استفسار	29
استقاء	29
استقالات	29
استقالت	29
استقبلته	29
استقرارها	29
استقلاله	29
استكمالها	29
استمرارية	29
استمراريتها	29
استنتاج	29
استنتاجات	29
استنتاجاته	29
استندت	29
استنزفت	29
استنفد	29
استنكارها	29
استنهاض	29
استهجان	29
استهدافا	29
استهدفته	29
استهلاكها	29
استوائية	29
استولوا	29
استيطانيا	29
اسرائيلي	29
اسرة	29
اسعد	29
اسعيد	29
اسفه	29
اسكندر	29
اسلحة	29
اسماه	29
اسوأ	29
اسياس	29
اشارت	29
اشبيليا	29
اشتراطات	29
اشترتها	29
اشتغالي	29
اشراف	29
اشرف	29
اشكاليات	29
اشكالية	29
اصبحوا	29
اصدرت	29
اصطحب	29
اصطدم	29
اصطياد	29
اصلاحي	29
اصول	29
اضافت	29
اضطرهم	29
اضطلاع	29
اعتدوا	29
اعترافا	29
اعترافها	29
اعتزاز	29
اعتصم	29
اعتلاء	29
اعتلال	29
اعتمادات	29
اعتناق	29
اعدام	29
اعصار	29
اعقاب	29
اعلاء	29
اغسطس	29
افتقارها	29
افران	29
افغانستان	29
افلام	29
اقتحامه	29
اقترابها	29
اقتراحا	29
اقتراحه	29
اقتراض	29
اقترحنا	29
اقترحها	29
اقترفها	29
اقتصادا	29
اقتصادين	29
اقتلاع	29
اقتلعت	29
اقسام	29
اقصى	29
اقليم	29
اكتسابهم	29
اكتسبوها	29
اكتشافات	29
اكتفت	29
اكتمالها	29
اكتملت	29
اكون	29
الآخذة	29
الآف	29
الآمنين	29
الآيلة	29
الأإمداد	29
الأبن	29
الأثاث	29
الأجبان	29
الأحدث	29
الأحذية	29
الأحواض	29
الأختام	29
الأخرين	29
الأدبي	29
الأدبيات	29
الأدرينالين	29
الأذون	29
الأرامل	29
الأرتال	29
الأرخبيل	29
الأرصدة	29
الأرملة	29
الأرميني	29
الأساسيون	29
الأسبارتام	29
الأسبرين	29
الأسرية	29
الأسقف	29
الأسقفية	29
الأسمنت	29
الأسمى	29
الأسيران	29
الأضعف	29
الأطروحة	29
الأطوار	29
الأعراس	29
الأعراق	29
الأعلاف	29
الأغنى	29
الأغنيات	29
الأفرقاء	29
الأفغانيات	29
الأفقي	29
الأفواه	29
الأفيونية	29
الأقساط	29
الأكلات	29
الأكلاف	29
الأكيد	29
الألبوم	29
الأليف	29
الأليمة	29
الأمازون	29
الأمازيغي	29
الأمريكان	29
الأمعري	29
الأمنيين	29
الأمونيوم	29
الأميري	29
الأمينة	29
الأنثروبولوجيا	29
الأنثوية	29
الأنساق	29
الأهدل	29
الأهراء	29
الأوبك	29
الأوربي	29
الأوردة	29
الأوركسترا	29
الأورمان	29
الأوروغواي	29
الأوزون	29
الأوفر	29
الأوفياء	29
الأوكران	29
الأولمبياد	29
الأوليغارشيين	29
الأيديولوجيات	29
الأيرلندية	29
الإباحية	29
الإبتزاز	29
الإبحار	29
الإبراهيمية	29
الإبعاد	29
الإبهار	29
الإجتماعية	29
الإحترام	29
الإحجام	29
الإدانات	29
الإدعاء	29
الإدمان	29
الإرهابيان	29
الإرهابيون	29
الإرهاق	29
الإسبانيان	29
الإستئناف	29
الإستخبارات	29
الإستشفائية	29
الإستعجالات	29
الإستفادة	29
الإستمرار	29
الإستيراد	29
الإسكتلندية	29
الإسمنت	29
الإشباع	29
الإشعارات	29
الإطاري	29
الإعاقات	29
الإعفاءات	29
الإعلانية	29
الإغاثية	29
الإقتصاد	29
الإقليميين	29
الإكتفاء	29
الإكلينيكية	29
الإلزامية	29
الإلهاء	29
الإماراتيين	29
الإمبراطوريات	29
الإمدادي	29
الإنتباه	29
الإنتربول	29
الإنتهاء	29
الإنجليز	29
الإندونيسية	29
الإنسولين	29
الإنشاد	29
الإنضمام	29
الإنمائية	29
الإنهيار	29
الإيجابيات	29
الإيجار	29
الإيدز	29
الإيرلندي	29
الإيزيدي	29
الإيطاليين	29
الإيكولوجية	29
الإيميل	29
الائتلافي	29
الائتلافية	29
الائتمانية	29
الاب	29
الابتدائي	29
الاثرية	29
الاجور	29
الاحتجاجي	29
الاحتجاجية	29
الاحتشاد	29
الاحتماء	29
الاختباء	29
الاختتام	29
الاختراقات	29
الاختناقات	29
الاخفاق	29
الاداء	29
الاذاعة	29
الاذاعية	29
الارتدادية	29
الارجنتين	29
الاردنية	29
الاساسية	29
الاساليب	29
الاستئثار	29
الاستادات	29
الاستثناءات	29
الاستجمام	29
الاستحمام	29
الاستدلالية	29
الاستديو	29
الاستراتيجيين	29
الاسترخاء	29
الاسترليني	29
الاستشفائية	29
الاستعاضة	29
الاستعباد	29
الاستعجالية	29
الاستعراضية	29
الاستعماري	29
الاستعمالات	29
الاستفزازي	29
الاستفسارات	29
الاستقدام	29
الاستقصاءات	29
الاستقلالي	29
الاستكباري	29
الاستكشافية	29
الاستهانة	29
الاستهدافات	29
الاستوديو	29
الاستياء	29
الاسرئيلي	29
الاسمر	29
الاشارة	29
الاشتراكية	29
الاشهر	29
الاصابات	29
الاصدقاء	29
الاصطفاف	29
الاصعدة	29
الاصوات	29
الاضطهاد	29
الاطفال	29
الاطمئنان	29
الاعتلال	29
الاعتيادي	29
الاعتيادية	29
الاعداد	29
الاعوام	29
الاغتيالات	29
الافراج	29
الافران	29
الافلام	29
الاقتتال	29
الاقتراحات	29
الاقصاء	29
الاقلاع	29
الاقليم	29
الاكبر	29
الاكتراث	29
الاكثر	29
الالاف	29
الالتماس	29
الالعاب	29
الالماني	29
الالية	29
الاماراتية	29
الامراض	29
الامريكان	29
الامس	29
الامكانيات	29
الانبطاح	29
الانبوب	29
الانتحارية	29
الانتخاب	29
الانتظام	29
الانتعاش	29
الانتهاك	29
الانجاز	29
الانجليزي	29
الانجيل	29
الاندبندنت	29
الانزلاق	29
الانسياق	29
الانفراج	29
الانفصاليون	29
الانفلات	29
الانفلونزا	29
الانقراض	29
الانقلابات	29
الانقلابيين	29
الانكشاف	29
الانواء	29
الاهالي	29
الاهتمامات	29
الاهدل	29
الاهلي	29
الاوربي	29
الاولمبية	29
الاولويات	29
الاونروا	29
الايتام	29
الايرادات	29
الايمانية	29
البؤرة	29
الباحة	29
الباراسيتامول	29
البارزين	29
الباريسي	29
البازلاء	29
الباسل	29
الباطرونا	29
البافاري	29
الباكستانيين	29
البالستية	29
البالوعات	29
الباليه	29
البتر	29
البتروكيماويات	29
البدائية	29
البدوية	29
البديهي	29
البراعة	29
البردي	29
البرقية	29
البرك	29
البركان	29
البرلمانيين	29
البروباغندا	29
البروبان	29
البروز	29
البريء	29
البريئة	29
البريميرليغ	29
البطالين	29
البطريركية	29
البعيني	29
البقاعية	29
البقري	29
البقوليات	29
البكير	29
البلاستيكي	29
البلاغات	29
البلق	29
البليدة	29
البن	29
البنادق	29
البندورة	29
البنفسجية	29
البنيوي	29
البهائيين	29
البورندي	29
البوسنة	29
البوليزاريو	29
البوليفينول	29
البوندسليغا	29
البويرة	29
البويهي	29
البيئات	29
البيباص	29
البيني	29
البيوكيميائية	29
البيولوجي	29
التآمرية	29
التأثر	29
التأديبية	29
التأسيسي	29
التأسيسية	29
التأطير	29
التأقلم	29
التألق	29
التأم	29
التائية	29
التايلاندي	29
التايلاندية	29
التباطؤ	29
التبريرات	29
التبعات	29
التبني	29
التبول	29
التجاريين	29
التجاوزات	29
التجديدات	29
التجديف	29
التجريبي	29
التجميع	29
التجوال	29
التجول	29
التحاق	29
التحاويل	29
التحايل	29
التحذيرية	29
التحسيس	29
التحسيسي	29
التحفيزية	29
التحقت	29
التحقن	29
التحقوا	29
التحقيب	29
التحليلات	29
التحليلية	29
التخصيب	29
التخفيض	29
التخمينية	29
التدريبي	29
التدريسية	29
التدفئة	29
التدين	29
التراثي	29
التراسل	29
التراكمية	29
الترحيل	29
الترسانات	29
الترصد	29
الترفيهي	29
الترقيع	29
التزامنا	29
التزامهما	29
التساؤلات	29
التسارع	29
التستر	29
التسديد	29
التسريع	29
التسلح	29
التسليح	29
التسمم	29
التسويات	29
التسويق	29
التسويقية	29
التشادية	29
التشاركي	29
التشاركية	29
التشتت	29
التشجيعية	29
التشخيصية	29
التشريح	29
التشهير	29
التصادفات	29
التصفوية	29
التصورات	29
التضاريس	29
التضامني	29
التضامنية	29
التضخمية	29
التعبوي	29
التعبيرات	29
التعداد	29
التعددية	29
التعديات	29
التعريفة	29
التعزيز	29
التعقيم	29
التعيينات	29
التفتيشية	29
التفكك	29
التقاطعات	29
التقاطه	29
التقاعدية	29
التقاليد	29
التقاه	29
التقدمية	29
التقدميين	29
التقسيمة	29
التقلص	29
التقنين	29
التقنيين	29
التقيت	29
التكاتف	29
التكاسل	29
التكبالي	29
التكتيك	29
التكتيكات	29
التكريمي	29
التكفيري	29
التكهنات	29
التلاشي	29
التلغراف	29
التلفزة	29
التلكؤ	29
التليفزيون	29
التماسا	29
التماسات	29
التماسك	29
التمثال	29
التمثيلي	29
التمريض	29
التمرينات	29
التمزق	29
التمشيط	29
التمنيات	29
التمهيدية	29
التمويني	29
التنازلي	29
التناسلية	29
التناوب	29
التنحي	29
التنصت	29
التنصل	29
التنصيب	29
التنف	29
التنقيط	29
التنكيل	29
التنموي	29
التنويع	29
التهاون	29
التهميش	29
التوابل	29
التوافقي	29
التوافقية	29
التواقيع	29
التوتة	29
التوحد	29
التوريث	29
التوضيحية	29
التوطين	29
التيارات	29
الثائر	29
الثرثرة	29
الثعبان	29
الثكلى	29
الثلاثينات	29
الثلاثيني	29
الثلاجة	29
الثلايا	29
الثمامة	29
الثمانينيات	29
الثيران	29
الجاذبية	29
الجاف	29
الجامعين	29
الجبوري	29
الجبيلية	29
الجدارية	29
الجدلية	29
الجديدان	29
الجذور	29
الجرموزي	29
الجزائريات	29
الجزيئات	29
الجسوم	29
الجسيمات	29
الجعة	29
الجفا	29
الجفارة	29
الجلدي	29
الجلزون	29
الجلمة	29
الجماهيري	29
الجمعي	29
الجنيسة	29
الجنينة	29
الجنيني	29
الجهنمية	29
الجوارب	29
الجوارية	29
الجورجي	29
الجويلي	29
الجيلين	29
الجينوم	29
الجيني	29
الجينية	29
الجيوستراتيجية	29
الحارثية	29
الحارسة	29
الحاكمية	29
الحانة	29
الحجرف	29
الحجوزات	29
الحدية	29
الحراجية	29
الحرفة	29
الحركي	29
الحرمات	29
الحريديم	29
الحريرية	29
الحزبي	29
الحساسيات	29
الحشرية	29
الحصبة	29
الحطام	29
الحفريات	29
الحفلات	29
الحقوقيين	29
الحكوميين	29
الحكي	29
الحلقات	29
الحليفين	29
الحمادي	29
الحمرا	29
الحمري	29
الحمضيات	29
الحميدية	29
الحميمة	29
الحوراني	29
الحوك	29
الحويج	29
الخارطة	29
الخاضعين	29
الخاطفين	29
الخامات	29
الخامان	29
الخانق	29
الختامية	29
الخدماتية	29
الخريج	29
الخريفية	29
الخزانات	29
الخشبية	29
الخصوبة	29
الخضراوات	29
الخضور	29
الخطابية	29
الخفافيش	29
الخلوي	29
الخمسينات	29
الخمسينيات	29
الخنجر	29
الخونة	29
الخيالية	29
الخيبة	29
الدؤوب	29
الدائنين	29
الدانعي	29
الدانوب	29
الدبابة	29
الدبكة	29
الدراسى	29
الدراماتيكية	29
الدردارة	29
الدرزي	29
الدرزية	29
الدساتير	29
الدعارة	29
الدفيئة	29
الدفينة	29
الدكاكين	29
الدلافين	29
الدلتا	29
الدمى	29
الدوائية	29
الدوبامين	29
الدوليون	29
الديكة	29
الديمانيات	29
الديمغرافية	29
الديمومة	29
الديناميكي	29
الديناميكية	29
الدينيون	29
الدينيين	29
الذائع	29
الذريع	29
الذعر	29
الذواق	29
الرأسمال	29
الرأسمالي	29
الرئاسات	29
الرئوي	29
الرائجة	29
الراجمات	29
الرادارت	29
الراديو	29
الراغبات	29
الرافعة	29
الراكبات	29
الراكدة	29
الراي	29
الرحباني	29
الرخوة	29
الرخيصة	29
الرداد	29
الرديف	29
الرذاذ	29
الرسام	29
الرشقات	29
الرصانة	29
الرصيد	29
الرصينة	29
الرضع	29
الرعيل	29
الرفاع	29
الرفاهية	29
الرقو	29
الرقود	29
الركائز	29
الركلات	29
الرمادية	29
الرمضانية	29
الرميلة	29
الرهبانية	29
الرواسب	29
الرواندي	29
الروبية	29
الروتين	29
الروتيني	29
الروحية	29
الروسى	29
الرومان	29
الرومانسي	29
الروهينغا	29
الرياديات	29
الرياضيون	29
الريس	29
الريفي	29
الزبون	29
الزج	29
الزجاجات	29
الزجاجية	29
الزعامات	29
الزعامة	29
الزعيمين	29
الزغبي	29
الزلزولي	29
الزميلة	29
الزوارق	29
الزوجي	29
الزورقين	29
الزياني	29
الزينكو	29
السائحين	29
الساخن	29
الساد	29
السارة	29
السارد	29
السارية	29
الساطعة	29
الساعية	29
الساعين	29
السافر	29
السامرة	29
الساهر	29
الساونا	29
السباقة	29
الستراتيجي	29
السجال	29
السجان	29
السجانين	29
السداسي	29
السراح	29
السطات	29
السطحي	29
السطوع	29
السعدون	29
السعرية	29
السعيدي	29
السفارات	29
السفيرين	29
السفينتان	29
السفينتين	29
السقوف	29
السكتات	29
السكندري	29
السلال	29
السلجم	29
السلحفاة	29
السلفادور	29
السلفيين	29
السلوكي	29
السلوم	29
السمة	29
السمكي	29
السميد	29
السنتين	29
السنوسي	29
السوفياتية	29
السولية	29
السومة	29
السويدي	29
السويسريون	29
السياقات	29
السيدين	29
السيروتونين	29
السيستاني	29
السيلة	29
السيليكون	29
الشائك	29
الشاحنة	29
الشارات	29
الشاطىء	29
الشاغل	29
الشاق	29
الشاكي	29
الشامخة	29
الشبح	29
الشتائم	29
الشديدين	29
الشراعية	29
الشرعبي	29
الشرفة	29
الشرقيين	29
الشرماني	29
الشريكة	29
الشعلة	29
الشفافة	29
الشقيقتين	29
الشناوي	29
الشهابي	29
الشواغر	29
الشيشاني	29
الصاخبة	29
الصاعدان	29
الصاعدة	29
الصالة	29
الصامدة	29
الصامدين	29
الصباحي	29
الصحافيون	29
الصحيين	29
الصرافات	29
الصرافة	29
الصرافين	29
الصرامة	29
الصعوبة	29
الصغيرين	29
الصقيع	29
الصوح	29
الصول	29
الصومعة	29
الصيادون	29
الصيت	29
الصيدلة	29
الصيرفة	29
الضابطة	29
الضبة	29
الضبطية	29
الضبعة	29
الضخ	29
الضنية	29
الضوئية	29
الضيفي	29
الطائلة	29
الطارمية	29
الطاقية	29
الطالبي	29
الطاهي	29
الطاهية	29
الطباشيرية	29
الطبوبي	29
الطبول	29
الطرود	29
الطريفي	29
الطفح	29
الطفلين	29
الطفولي	29
الطفيف	29
الطلابي	29
الطنطورة	29
الطوابع	29
الطواحين	29
الظمران	29
الظهرة	29
العاب	29
العارمة	29
العاصمية	29
العاطلين	29
العالق	29
العالميون	29
العتيدة	29
العجاف	29
العجالة	29
العداد	29
العددية	29
العدسة	29
العروبة	29
العروبي	29
العريشة	29
العسيلي	29
العش	29
العشبية	29
العشرية	29
العشرينات	29
العصبي	29
العضلة	29
العضوي	29
العطا	29
العطرة	29
العقلاني	29
العكر	29
العكسي	29
العلاوة	29
العلفي	29
العلماني	29
العلني	29
العمودي	29
العمودية	29
العنيد	29
العيسى	29
الغازات	29
الغازوال	29
الغاضب	29
الغاضبين	29
الغانمي	29
الغبيري	29
الغدد	29
الغدي	29
الغرامات	29
الغراند	29
الغشاء	29
الغنائي	29
الغوارق	29
الفائضة	29
الفاجعة	29
الفتاك	29
الفحوص	29
الفراولة	29
الفرحة	29
الفرسية	29
الفرعون	29
الفرعيين	29
الفروسية	29
الفرينة	29
الفضائيات	29
الفضلات	29
الفضية	29
الفعالة	29
الفعليين	29
الفكاهة	29
الفلوكة	29
الفنتانيل	29
الفوائض	29
الفوتوغرافية	29
الفوضوي	29
الفوهة	29
الفيتامينات	29
الفيزيائي	29
الفيضان	29
الفيلمان	29
الفينة	29
القاريء	29
القاصرين	29
القاطرات	29
القاعات	29
القامشلي	29
القانوع	29
القبرصي	29
القبطان	29
القرآني	29
القروية	29
القريبين	29
القسنطينية	29
القسوة	29
القشرة	29
القصبي	29
القطاعي	29
القطبي	29
القطة	29
القطرات	29
القطط	29
القطيفان	29
القطيفة	29
القلي	29
القليوبية	29
القمري	29
القمصان	29
القمم	29
القنصليات	29
القهاليز	29
القوالب	29
القيصري	29
الكاثوليكي	29
الكاراتيه	29
الكارثية	29
الكاريبي	29
الكاشفة	29
الكاظمية	29
الكامن	29
الكبيرين	29
الكتابات	29
الكحلاني	29
الكذبة	29
الكربوني	29
الكربونية	29
الكربوهيدرات	29
الكرمل	29
الكروم	29
الكروية	29
الكريستال	29
الكسور	29
الكشوف	29
الكفة	29
الكفير	29
الكلبة	29
الكمالية	29
الكمان	29
الكهربية	29
الكهوف	29
الكوب	29
الكوفية	29
الكوكايين	29
الكولا	29
الكولومبي	29
الكونغ	29
الكويتيين	29
الكويكب	29
الكيلوغرام	29
الكيميائي	29
اللا	29
اللاصقة	29
اللافت	29
اللافتات	29
اللافتة	29
اللامركزي	29
اللامساواة	29
اللجنتان	29
اللحمة	29
اللدائن	29
اللدود	29
اللدودين	29
اللغز	29
اللفتة	29
اللكمات	29
اللمسة	29
اللويبدة	29
الليان	29
الليبيات	29
الليرات	29
المآسي	29
المأساوي	29
المأسوية	29
المؤدلجة	29
المؤديان	29
المؤرخة	29
المؤسساتي	29
المؤسستين	29
المؤسسين	29
المؤلفان	29
المؤهلون	29
المئوية	29
الماراثون	29
الماسة	29
المالديف	29
المالكين	29
الماليزي	29
الماموث	29
المانيا	29
المايا	29
المبارة	29
المبتكر	29
المبررة	29
المبيدات	29
المتأهلين	29
المتابعات	29
المتاخم	29
المتاخمة	29
المتاعب	29
المتبصرة	29
المتبلور	29
المتحدثين	29
المتحدون	29
المتحركة	29
المتحضرة	29
المتحققة	29
المتحورات	29
المتحورين	29
المتداولون	29
المتدخل	29
المتدربين	29
المتدني	29
المتدينين	29
المتربصين	29
المترددين	29
المترشحون	29
المترو	29
المتزلجة	29
المتزوج	29
المتسارع	29
المتساقطات	29
المتساقطة	29
المتسبب	29
المتضخم	29
المتطوعون	29
المتعاقدون	29
المتعاونة	29
المتعاونين	29
المتعثر	29
المتفاقمة	29
المتفردة	29
المتفوقين	29
المتقاعد	29
المتلألئة	29
المتلازمة	29
المتلفزة	29
المتلقي	29
المتلكئة	29
المتمركزون	29
المتنازعة	29
المتناقضة	29
المتنزه	29
المتنقل	29
المتهالكة	29
المتهمة	29
المتوارثة	29
المتوازن	29
المتوازنة	29
المتوافقة	29
المتوجهين	29
المتورطة	29
المتوفر	29
المتوهمة	29
المتينة	29
المثالي	29
المثمر	29
المثيرين	29
المجازين	29
المجاملة	29
المجاني	29
المجبري	29
المجدولة	29
المجري	29
المجرية	29
المجسم	29
المجهودات	29
المحاذير	29
المحاصرين	29
المحاماة	29
المحايد	29
المحبوبة	29
المحجوبة	29
المحرض	29
المحفز	29
المحفظة	29
المحكومين	29
المحلاة	29
المحمودية	29
المحموم	29
المحوري	29
المحيطات	29
المخا	29
المخادر	29
المخاطي	29
المخبرية	29
المخبز	29
المختصرة	29
المختصون	29
المختفية	29
المختنقات	29
المخجل	29
المخدر	29
المخزني	29
المخلب	29
المخلد	29
المخول	29
المخولة	29
المخيف	29
المخيفة	29
المدارية	29
المدان	29
المداني	29
المداهمات	29
المدربون	29
المدرجين	29
المدروسة	29
المدعم	29
المدفعي	29
المدلل	29
المدمجة	29
المدموغة	29
المدوية	29
المذهبية	29
المرابطون	29
المرابطي	29
المرات	29
المراجعات	29
المراني	29
المربعانية	29
المرتبات	29
المرتزق	29
المرتكب	29
المرجعيات	29
المرجل	29
المرحاض	29
المرحلي	29
المردة	29
المرسى	29
المرشدين	29
المرقسية	29
المرموق	29
المرمية	29
المروج	29
المروحية	29
المريحة	29
المزاجية	29
المزادات	29
المزايا	29
المزدحم	29
المزروع	29
المزروعي	29
المزمن	29
المزود	29
المزيف	29
المسائية	29
المسارح	29
المساعدين	29
المسافات	29
المسالمة	29
المساومة	29
المستثمرات	29
المستحدثة	29
المستحضرات	29
المستحيلة	29
المستضيف	29
المستضيفة	29
المستعصية	29
المستعمرات	29
المستغرب	29
المستفيد	29
المستلم	29
المستندات	29
المستوحاة	29
المستودعات	29
المستوطن	29
المسجلين	29
المسجونين	29
المسخرة	29
المسربة	29
المسعفين	29
المسعورة	29
المسوحات	29
المسيحي	29
المشؤوم	29
المشؤومة	29
المشارف	29
المشاغل	29
المشاهدات	29
المشبعة	29
المشتريات	29
المشتعلة	29
المشجعون	29
المشحونة	29
المشدد	29
المشيدة	29
المصادق	29
المصارعة	29
المصحوبة	29
المصداقية	29
المصدران	29
المصريات	29
المصطلحات	29
المصفح	29
المصلون	29
المصممين	29
المصنعين	29
المضخات	29
المضغوطة	29
المطارد	29
المطاطية	29
المطلة	29
المطور	29
المظلة	29
المظلومين	29
المظليين	29
المعابد	29
المعادة	29
المعادلات	29
المعاشات	29
المعتزل	29
المعجبون	29
المعزولة	29
المعزين	29
المعطاة	29
المعكرونة	29
المعلب	29
المعلمات	29
المعلوماتي	29
المعياري	29
المعيلة	29
المغالاة	29
المغامرات	29
المغذي	29
المغذية	29
المغربيين	29
المغطاة	29
المغلوبة	29
المغناطيسية	29
المفاعلات	29
المفاهيم	29
المفخخة	29
المفدى	29
المفرق	29
المفكر	29
المفكرين	29
المقار	29
المقاولات	29
المقاولين	29
المقبلتين	29
المقبلون	29
المقبولة	29
المقدرات	29
المقومة	29
المقيمات	29
المكالمات	29
المكررة	29
المكرسة	29
المكسيكيين	29
المكشوفة	29
المكلا	29
الملائم	29
الملاحق	29
الملاحي	29
الملاريا	29
الملاكم	29
الملاكمة	29
الملامح	29
الملتزمة	29
الملتزمين	29
الملحقة	29
الملحون	29
الملموس	29
الملوثين	29
الملوحة	29
المليء	29
المليارديرات	29
المماثل	29
الممرضات	29
الممزوج	29
الممنوحة	29
الممنوعة	29
المميزات	29
المنازعات	29
المناسبين	29
المناضل	29
المناضلة	29
المنافقة	29
المناهض	29
المناولة	29
المنبثق	29
المنبع	29
المنتجبين	29
المنتجع	29
المنتجعات	29
المنتصرة	29
المنتقدون	29
المنتقدين	29
المنتهجة	29
المنحدرات	29
المنحرفة	29
المنحل	29
المنحوتة	29
المنحى	29
المنخرط	29
المنسحبة	29
المنسف	29
المنشطة	29
المنضم	29
المنضوي	29
المنضوية	29
المنطلقات	29
المنظومات	29
المنفى	29
المنهارة	29
المنهجي	29
المنهوب	29
المنوال	29
المهربة	29
المهمتين	29
المهمين	29
المهيب	29
المهيكلة	29
المهينة	29
الموازي	29
المواعدة	29
المواكبة	29
الموبايل	29
الموثقة	29
الموزع	29
الموسمي	29
الموسيقار	29
الموسيقيين	29
الموشكي	29
الموضعي	29
الموقتة	29
المولدوفية	29
المونودراما	29
المياومين	29
الميتافيرس	29
الميجور	29
الميركاتو	29
الميكانيكية	29
الميكروغرامات	29
الميكروفونات	29
النابض	29
الناحيتين	29
الناخبون	29
الناشئين	29
الناشطات	29
الناظمة	29
النالوتي	29
النامي	29
النجاعة	29
النحت	29
النداءات	29
النقابي	29
النقار	29
النقال	29
النكهة	29
النوبات	29
النوعي	29
النيئة	29
النيابات	29
النيتروز	29
النيكوتين	29
النيوزيلندية	29
الهاجري	29
الهارب	29
الهاربين	29
الهتافات	29
الهجمة	29
الهجين	29
الهجينة	29
الهدر	29
الهش	29
الهطفي	29
الهطولات	29
الهقار	29
الهكتار	29
الهندسي	29
الهندوس	29
الهوامش	29
الهوة	29
الهولنديون	29
الهيروين	29
الواد	29
الوادعي	29
الواعد	29
الواعي	29
الوتيرة	29
الوجبة	29
الوحدوي	29
الوحدوية	29
الوخيمة	29
الودي	29
الوديان	29
الورش	29
الوزارتين	29
الوسطي	29
الوصلات	29
الوطنيين	29
الوعرة	29
الوفدين	29
الولائي	29
الولايتين	29
الونش	29
الويب	29
الويدان	29
اليافعين	29
اليخوت	29
اليعربية	29
اليكم	29
اليوميات	29
اليونايتد	29
امتدادا	29
امتلك	29
امتنان	29
امتياز	29
امحمد	29
امدادات	29
املا	29
امور	29
اميركي	29
انباء	29
انبثق	29
انبرى	29
انتباهه	29
انتباهي	29
انتحارية	29
انتحال	29
انتخاباته	29
انتخبت	29
انتشروا	29
انتشل	29
انتصاره	29
انتصبت	29
انتظارا	29
انتظارها	29
انتعاشا	29
انتفاضات	29
انتقاما	29
انتقامي	29
انتقلوا	29
انتهاكاتها	29
انتهجها	29
انتهكوا	29
انتوني	29
انحصرت	29
انحطاط	29
انحلال	29
انخرط	29
انخفاضات	29
انزلاق	29
انزلاقات	29
انزلق	29
انسيابية	29
انسياق	29
انشطة	29
انشغال	29
انشغل	29
انضمامي	29
انضموا	29
انطباع	29
انطلاقه	29
انطوان	29
انطوني	29
انظمة	29
انعكاسا	29
انفجارا	29
انفجر	29
انفصام	29
انفلات	29
انقاذه	29
انقسامات	29
انقطاعا	29
انقلابات	29
انهمرت	29
اهداف	29
اهم	29
اوبك	29
اودي	29
اوزوالد	29
اوضحت	29
اوكتي	29
اوليكسي	29
اونجي	29
اويل	29
ايار	29
اياها	29
ايجابي	29
ايجابيا	29
ايطاليا	29
ايلول	29
ايلي	29
بآلاف	29
بآلام	29
بآلية	29
بأجندات	29
بأجواء	29
بأجوبة	29
بأحدث	29
بأدوات	29
بأراضي	29
بأساليب	29
بأستراليا	29
بأسر	29
بأسف	29
بأسوان	29
بأطيب	29
بأعباء	29
بأعضاء	29
بأعماله	29
بأفضلية	29
بأفغانستان	29
بألم	29
بأنواعها	29
بأهالي	29
بأهم	29
بأوراش	29
بأورام	29
بأولاد	29
بإبراز	29
بإبعاده	29
بإثراء	29
بإجلاء	29
بإحكام	29
بإخلاء	29
بإدراج	29
بإذاعة	29
بإرشادات	29
بإستمرار	29
بإسمه	29
بإصلاحات	29
بإلزامية	29
بإمداد	29
بإمكانك	29
بإمكاننا	29
بإمكانيات	29
بإنجاز	29
بإندونيسيا	29
بإيجاد	29
بائعي	29
باباس	29
بابلو	29
بابوا	29
باتروشيف	29
باتريسيا	29
باتفاقات	29
باتفاقيات	29
باتمان	29
باج	29
باجراء	29
باجي	29
باحة	29
باحتجاج	29
باحتفال	29
باحتلال	29
باحثة	29
باحثين	29
باحمد	29
باختطاف	29
باخرة	29
بادرت	29
بارت	29
باروخ	29
بازار	29
بازول	29
باستاد	29
باستثمار	29
باستراتيجية	29
باسترجاع	29
باسترداد	29
باستريكين	29
باستشهاده	29
باستطاعة	29
باستطاعتهم	29
باستعراض	29
باستغلال	29
باستياء	29
باستيعاب	29
باسورين	29
باشتباكات	29
باشرتها	29
باضطراب	29
باعتراف	29
باعتقاله	29
باعطاء	29
باغتيال	29
بافالو	29
بافلو	29
باكستاني	29
باكسلوفيد	29
باكيتا	29
بالآخرين	29
بالآداب	29
بالآلاف	29
بالآلية	29
بالأبناء	29
بالأرقام	29
بالأسرة	29
بالأسف	29
بالأشعة	29
بالأعيرة	29
بالأقمار	29
بالألم	29
بالألوان	29
بالأنظمة	29
بالأولويات	29
بالإدارة	29
بالإساءة	29
بالإعلام	29
بالإفلات	29
بالإقبال	29
بالإكراه	29
بالإلحاح	29
بالإنابة	29
بالاتجاه	29
بالاجتماع	29
بالاحتجاجات	29
بالاحتيال	29
بالازدياد	29
بالاستقالة	29
بالاستقرار	29
بالاعتذار	29
بالاقتراب	29
بالامتيازات	29
بالامكانات	29
بالانتحار	29
بالانتقام	29
بالانتهاكات	29
بالانحياز	29
بالانضمام	29
بالبدء	29
بالبرلمان	29
بالبشرة	29
بالبطاقة	29
بالبطولات	29
بالبلدية	29
بالتاريخ	29
بالتاريخية	29
بالتباعد	29
بالتجديد	29
بالتجمع	29
بالتحرك	29
بالتحري	29
بالتحرير	29
بالتحقق	29
بالتحكم	29
بالتدابير	29
بالتدريب	29
بالتدقيق	29
بالتراخيص	29
بالتربية	29
بالتزامات	29
بالتزامها	29
بالتزوير	29
بالتسعيرة	29
بالتسوية	29
بالتصعيد	29
بالتضامن	29
بالتضحية	29
بالتعاطف	29
بالتعاطي	29
بالتعهدات	29
بالتعويض	29
بالتغطية	29
بالتغلب	29
بالتغيرات	29
بالتغييرات	29
بالتفاعل	29
بالتفاوض	29
بالتفرغ	29
بالتقدير	29
بالتمسك	29
بالتنازل	29
بالتنفيذ	29
بالتنقيب	29
بالتنكيل	29
بالتهديد	29
بالتهيئة	29
بالتواجد	29
بالتواطؤ	29
بالتوتر	29
بالتوقعات	29
بالتوكل	29
بالتيار	29
بالتيمور	29
بالجانبين	29
بالجدول	29
بالجدية	29
بالجرم	29
بالجمهورية	29
بالجنوب	29
بالجنوح	29
بالجنود	29
بالجولة	29
بالحالة	29
بالحاويات	29
بالحذر	29
بالحرص	29
بالحصة	29
بالحظوظ	29
بالحليب	29
بالحماية	29
بالحي	29
بالخرف	29
بالخضوع	29
بالخطة	29
بالخليل	29
بالخيانة	29
بالدبلوماسيين	29
بالدبيبة	29
بالدقم	29
بالدوحة	29
بالدوري	29
بالدوين	29
بالرحلة	29
بالرقابة	29
بالرقص	29
بالركود	29
بالروسية	29
بالريف	29
بالزجاجات	29
بالزعيم	29
بالزيارة	29
بالساعات	29
بالسجون	29
بالسرعة	29
بالسطو	29
بالسعر	29
بالسعرات	29
بالسفارة	29
بالسيارة	29
بالسينما	29
بالشباب	29
بالشبكة	29
بالشراكات	29
بالشفافية	29
بالشهداء	29
بالصدارة	29
بالصداع	29
بالصدفة	29
بالصرف	29
بالصمود	29
بالصوت	29
بالصور	29
بالضحايا	29
بالضمانات	29
بالطابق	29
بالطلاب	29
بالطوارئ	29
بالطيران	29
بالظروف	29
بالعائلة	29
بالعادات	29
بالعمق	29
بالغاء	29
بالغثيان	29
بالغمر	29
بالفئات	29
بالفائدة	29
بالفحم	29
بالفضاء	29
بالفلسطينيين	29
بالفندق	29
بالفيديو	29
بالقائمة	29
بالقارئ	29
بالقرى	29
بالقمة	29
بالقمح	29
بالكربون	29
بالكوادر	29
بالكوليرا	29
بالكونغرس	29
باللائمة	29
باللحظة	29
باللقاء	29
باللواء	29
باللون	29
باللونين	29
بالم	29
بالمبادئ	29
بالمباراة	29
بالمتحورات	29
بالمتغيرات	29
بالمجال	29
بالمجتمعات	29
بالمحاصصة	29
بالمحتل	29
بالمحطة	29
بالمخالفة	29
بالمختبرات	29
بالمدارس	29
بالمدفعية	29
بالمدن	29
بالمرضى	29
بالمرور	29
بالمساعدات	29
بالمساعدة	29
بالمشكلة	29
بالمشهد	29
بالمصادقة	29
بالمصالح	29
بالمصرف	29
بالمصير	29
بالمطاط	29
بالمعارضة	29
بالمعايير	29
بالمقامرة	29
بالمقاومة	29
بالمكتب	29
بالمكسيك	29
بالمكونات	29
بالملاحظة	29
بالملعب	29
بالمناخ	29
بالمناسبات	29
بالمنزل	29
بالمهاجم	29
بالموازاة	29
بالموجات	29
بالموجود	29
بالموضوع	29
بالنسياغا	29
بالنعامة	29
بالنمو	29
بالنيران	29
بالهاتف	29
بالهجوم	29
بالهدايا	29
بالهدف	29
بالهدم	29
بالهدنة	29
بالهدوء	29
بالهزة	29
بالهزيمة	29
بالهيئات	29
بالواسطة	29
بالوباء	29
بالوزير	29
بالوقاية	29
باليأس	29
باليتسكي	29
باليس	29
باليستيا	29
باليورو	29
بانتخابات	29
بانتصار	29
بانتفاخ	29
باندورا	29
بانشاء	29
بانفجار	29
بانها	29
بانياس	29
باهراف	29
باهيا	29
بايت	29
بباريس	29
ببث	29
ببراءته	29
ببرودة	29
ببروز	29
ببطانة	29
ببطولات	29
ببعضهم	29
ببكتيريا	29
ببلدنا	29
ببلديات	29
ببلوغه	29
ببندقيته	29
ببنغازي	29
ببوتين	29
ببوشر	29
بتأجيل	29
بتأشيرات	29
بتأكيد	29
بتأمين	29
بتاريخنا	29
بتبني	29
بتتويج	29
بتثبيت	29
بتجاربهم	29
بتجارة	29
بتجربة	29
بتجريد	29
بتحرك	29
بتحضير	29
بتحييد	29
بتخريب	29
بتخصيب	29
بتخفيض	29
بتدريب	29
بترشيح	29
بتركيز	29
بترميم	29
بترويج	29
بتساقط	29
بتسجيله	29
بتسريح	29
بتسريع	29
بتصنيف	29
بتطبيع	29
بتطويره	29
بتعاطف	29
بتعاون	29
بتعريض	29
بتعز	29
بتعطيل	29
بتعليقات	29
بتعميم	29
بتعهد	29
بتفادي	29
بتفاصيل	29
بتفاقم	29
بتفجير	29
بتفجيرات	29
بتفريق	29
بتفويض	29
بتقارير	29
بتقرير	29
بتقليل	29
بتقنية	29
بتقوية	29
بتكتيكات	29
بتكثيف	29
بتمنراست	29
بتنظيف	29
بتنفيذه	29
بتنوعه	29
بتوريد	29
بتيبازة	29
بثا	29
بثت	29
بثروة	29
بثلاثية	29
بجاش	29
بجرأة	29
بجروحه	29
بجزر	29
بجهاز	29
بجيجل	29
بحة	29
بحثت	29
بحثها	29
بحثي	29
بحجب	29
بحجز	29
بحرارة	29
بحراسة	29
بحرص	29
بحرق	29
بحرينية	29
بحزب	29
بحزن	29
بحساسية	29
بحسم	29
بحشد	29
بحضوركم	29
بحقل	29
بحقوقهم	29
بحقيبة	29
بحكام	29
بحكومته	29
بحملة	29
بحوار	29
بحوث	29
بحيازة	29
بخريطة	29
بخطوة	29
بخطى	29
بخفر	29
بخفي	29
بخور	29
بدائية	29
بداكار	29
بدايته	29
بدراسات	29
بدروع	29
بدعمها	29
بدفء	29
بدفاعه	29
بدماء	29
بدمج	29
بدموع	29
بدنية	29
بذلته	29
بذلنا	29
بذيئة	29
برؤوس	29
برؤى	29
براد	29
براغ	29
برانس	29
براهيم	29
براهيمي	29
برايتون	29
بربوك	29
برتب	29
برتغالي	29
برجا	29
برجي	29
بردود	29
برر	29
برسومات	29
برشق	29
برصد	29
برفضه	29
برلمانات	29
برلماني	29
برمانا	29
برمجيات	29
برمنجهام	29
برنابيتش	29
برناديت	29
برنامجه	29
برو	29
برواتب	29
بروتوكولات	29
بروتين	29
برودسكي	29
بروزوفيتش	29
بروف	29
بروكيلو	29
برون	29
برونز	29
بريغهام	29
بريكر	29
بريكست	29
بريمن	29
بزخم	29
بزوابع	29
بزواجهما	29
بزوغ	29
بزيارات	29
بسائق	29
بساحة	29
بساعات	29
بساغوت	29
بسان	29
بسباعية	29
بسكرة	29
بسلاسل	29
بسمة	29
بسوريا	29
بسوسة	29
بسيادتها	29
بسياراتهم	29
بسيدي	29
بسيرة	29
بسيناريو	29
بشاحنة	29
بشخصيات	29
بشراهة	29
بشرم	29
بشظايا	29
بشقيقه	29
بشلل	29
بشموخ	29
بصادرات	29
بصالات	29
بصدمة	29
بصرية	29
بصعدة	29
بصفتنا	29
بصفتهم	29
بصلاحيات	29
بصماته	29
بصمت	29
بصيص	29
بضاحية	29
بضخ	29
بضغط	29
بضوابط	29
بضيق	29
بطاقاتهم	29
بطراوي	29
بطريركية	29
بطعم	29
بطلبات	29
بطلقات	29
بطولية	29
بطيئا	29
بطيئات	29
بظلال	29
بظلاله	29
بعامل	29
بعبوة	29
بعثها	29
بعجلة	29
بعضو	29
بعضوية	29
بعظمة	29
بعقوبات	29
بعلاج	29
بعلاقتنا	29
بعلاقته	29
بعملها	29
بعناصر	29
بعوامل	29
بعودته	29
بعيار	29
بعيدتين	29
بغاز	29
بغرامة	29
بغزارة	29
بفارغ	29
بفاعلية	29
بفخر	29
بفرح	29
بفرحة	29
بفرصة	29
بفشله	29
بقائنا	29
بقادة	29
بقالة	29
بقالمة	29
بقسم	29
بقصائد	29
بقطاعي	29
بقطر	29
بقطعة	29
بقمة	29
بقمع	29
بقميص	29
بقوائم	29
بقوافل	29
بقوتها	29
بقيامة	29
بكارثة	29
بكتف	29
بكلتا	29
بكلفة	29
بكمية	29
بلاتفورمز	29
بلازما	29
بلاط	29
بلبلة	29
بلة	29
بلدانهم	29
بلدين	29
بلديهما	29
بلعابد	29
بلعب	29
بلعرب	29
بلعريبي	29
بلقاحات	29
بلكبير	29
بلندن	29
بلوائح	29
بلونه	29
بمؤازرة	29
بمؤتمر	29
بمؤشر	29
بمباراة	29
بمتحف	29
بمتناول	29
بمتوسط	29
بمجتمع	29
بمجلة	29
بمحاذاة	29
بمحاكمة	29
بمحرك	29
بمحيط	29
بمحيطها	29
بمخالفات	29
بمخيم	29
بمدخل	29
بمراكز	29
بمركبة	29
بمسؤولياتهم	29
بمسؤولية	29
بمسؤولين	29
بمسائل	29
بمساعدتها	29
بمساندة	29
بمساهمة	29
بمشروعه	29
بمصادرة	29
بمصداقية	29
بمضمونه	29
بمطالبة	29
بمطرقة	29
بمعاداة	29
بمعارضة	29
بمعاقبة	29
بمعاملة	29
بمعاينة	29
بمعرض	29
بمعية	29
بمعيشة	29
بمفاجأة	29
بمفاوضات	29
بمفهومها	29
بمقدور	29
بمقطع	29
بمكانة	29
بملء	29
بملاعب	29
بملتقى	29
بملفات	29
بمناقب	29
بمناقشة	29
بمنظور	29
بمنعها	29
بمنفذ	29
بموازاة	29
بمواطني	29
بمواعيد	29
بمواقف	29
بموسكو	29
بمياه	29
بميثاق	29
بنائب	29
بنابلس	29
بنادي	29
بنتنياهو	29
بنديكت	29
بنسخته	29
بنسختها	29
بنسلفانيا	29
بنشره	29
بنطاق	29
بنعلي	29
بنغلادش	29
بنغلاديش	29
بنفيكا	29
بنقرة	29
بنمط	29
بنهج	29
بنودا	29
بنوعية	29
بنيويورك	29
بهادور	29
بهدفه	29
بهية	29
بواجبها	29
بوتاش	29
بوتر	29
بوتقة	29
بوثلجة	29
بوثيقة	29
بوجمعة	29
بوحدة	29
بوخارين	29
بودشيش	29
بودن	29
بودولياك	29
بوديه	29
بوذي	29
بور	29
بورتمان	29
بوردين	29
بورش	29
بورما	29
بوروشينكو	29
بورين	29
بوصات	29
بوعودها	29
بوعي	29
بوفالو	29
بوقرة	29
بوكالة	29
بولتون	29
بولندي	29
بولندية	29
بولونكارز	29
بوليساريو	29
بوليسي	29
بونزي	29
بونوة	29
بويز	29
بويضات	29
بوينغيانغ	29
بيئته	29
بيئتها	29
بياناتنا	29
بياناته	29
بياناتهم	29
بيانكا	29
بيانهم	29
بيبر	29
بيبلوس	29
بيبور	29
بيترو	29
بيتسبرغ	29
بيتش	29
بيتون	29
بيث	29
بيجو	29
بيداغوجي	29
بيراميدز	29
بيرد	29
بيرديانسك	29
بيرسيفيرانس	29
بيرغر	29
بيرفومايسك	29
بيرنز	29
بيروقراطية	29
بيريرا	29
بيريز	29
بيزنس	29
بيزنيس	29
بيسان	29
بيفرلي	29
بيقظة	29
بيكر	29
بيكريس	29
بيكي	29
بيكيه	29
بينتو	29
بينكيت	29
بيو	29
بيوته	29
بيونغيانغ	29
تأبين	29
تأثيراتها	29
تأديبية	29
تأسيسه	29
تأسيسية	29
تأطير	29
تألق	29
تألقت	29
تأمينها	29
تأهيلية	29
تأييده	29
تؤجج	29
تؤديه	29
تؤطر	29
تؤهله	29
تؤوي	29
تابعتين	29
تابعوا	29
تابعون	29
تاديسا	29
تاركة	29
تاركين	29
تازربو	29
تاسالي	29
تاشع	29
تامي	29
تاني	29
تاور	29
تايبه	29
تايفون	29
تايلور	29
تبادلت	29
تباطأ	29
تباعا	29
تباينت	29
تبتسم	29
تبثه	29
تبدين	29
تبرر	29
تبرم	29
تبريد	29
تبشر	29
تبطئ	29
تبلغت	29
تبنتها	29
تبيعها	29
تتأتى	29
تتأخر	29
تتباين	29
تتبناها	29
تتجاهل	29
تتجاوب	29
تتجدد	29
تتجلى	29
تتجمع	29
تتحدثون	29
تتحفظ	29
تتحكم	29
تتحلل	29
تتحلى	29
تتخل	29
تتخلص	29
تتخلل	29
تتخللها	29
تتخوف	29
تتخيل	29
تتراكم	29
تتسابق	29
تتساوى	29
تتسلل	29
تتسلم	29
تتضاءل	29
تتضمنه	29
تتطلبه	29
تتعاطى	29
تتعلقان	29
تتعلم	29
تتعهد	29
تتغلب	29
تتفاجأ	29
تتفاعل	29
تتفاوض	29
تتقاطع	29
تتكاثر	29
تتمركز	29
تتنبأ	29
تتنفس	29
تتنوع	29
تتهيأ	29
تتوانى	29
تتوسع	29
تتوق	29
تتويجه	29
تتيحها	29
تثر	29
تثري	29
تثقل	29
تجاهلها	29
تجاوزن	29
تجددت	29
تجرؤ	29
تجليات	29
تجنبا	29
تجنيب	29
تجوب	29
تجيير	29
تحاصرها	29
تحالفوا	29
تحتضر	29
تحتضنها	29
تحتلها	29
تحتويها	29
تحدثا	29
تحدثها	29
تحدده	29
تحدى	29
تحديثها	29
تحرس	29
تحركا	29
تحريرها	29
تحشد	29
تحظ	29
تحفظات	29
تحقيقي	29
تحكمها	29
تحلق	29
تحليقها	29
تحملا	29
تحملان	29
تحولا	29
تحويلات	29
تحيين	29
تخاذل	29
تخبرهم	29
تختارها	29
تختتم	29
تختلط	29
تخريبيا	29
تخسر	29
تخطت	29
تخطر	29
تخطف	29
تخطو	29
تخطى	29
تخلت	29
تخللت	29
تخمين	29
تخندقات	29
تداعياته	29
تداولات	29
تداولت	29
تداولته	29
تدخلا	29
تدخين	29
تدرسها	29
تدريباته	29
تدريبي	29
تدريبيا	29
تدريجا	29
تدشينها	29
تدعمان	29
تدعمها	29
تدفعها	29
تدلي	29
تدمج	29
تدميرا	29
تدميرها	29
تدهورت	29
تدوين	29
تدوينات	29
تذكار	29
ترأست	29
تراتبية	29
تراكس	29
تراكمات	29
ترام	29
تراهن	29
تربك	29
ترتكز	29
ترجمت	29
ترجيحات	29
تردع	29
تردي	29
ترسلها	29
ترسم	29
ترسو	29
ترشحت	29
ترعاه	29
ترعرعت	29
ترفضه	29
ترفعان	29
ترفيهيا	29
ترقص	29
تركض	29
تركيبتها	29
تركيبها	29
تركيزه	29
ترمب	29
ترمز	29
ترميمه	29
ترميمها	29
تروس	29
ترويضه	29
تريدان	29
تريزيجيه	29
تزودنا	29
تساؤل	29
تسابق	29
تسارعت	29
تساعدها	29
تساندة	29
تساي	29
تستجيب	29
تستخف	29
تستكمل	29
تستلم	29
تستمع	29
تستوعب	29
تستوفي	29
تستولي	29
تسدد	29
تسديدها	29
تسريبات	29
تسطير	29
تسلح	29
تسلك	29
تسللت	29
تسمحوا	29
تسنح	29
تسند	29
تسهل	29
تسيركون	29
تسيره	29
تشابا	29
تشات	29
تشارلستون	29
تشانغي	29
تشاورية	29
تشاوش	29
تشبهه	29
تشتعل	29
تشر	29
تشعل	29
تشغيلها	29
تشكيك	29
تشكيلته	29
تشكيلتها	29
تشكيلية	29
تشوباك	29
تشونغتشينغ	29
تشويها	29
تشيخوف	29
تشيرنوبل	29
تشيك	29
تشييده	29
تشييدها	29
تصادر	29
تصاعديا	29
تصالحية	29
تصدت	29
تصديا	29
تصديهم	29
تصرفاتها	29
تصرفاتهم	29
تصريحه	29
تصطدم	29
تصميمه	29
تصنيفها	29
تصورات	29
تصويرهم	29
تضخ	29
تضخما	29
تضعها	29
تطابق	29
تطبيقي	29
تطرحه	29
تطفو	29
تطلبت	29
تطمح	29
تطمينات	29
تطيح	29
تطيل	29
تطييرها	29
تظهره	29
تظهير	29
تعادلا	29
تعافوا	29
تعافيه	29
تعاقدها	29
تعاملنا	29
تعاوننا	29
تعاونه	29
تعاونهما	29
تعاونيات	29
تعبث	29
تعتبرهم	29
تعتني	29
تعتيم	29
تعج	29
تعددي	29
تعددية	29
تعديله	29
تعدين	29
تعرب	29
تعرفة	29
تعرفنا	29
تعرفها	29
تعرفوا	29
تعززت	29
تعزيزا	29
تعزيزه	29
تعسفي	29
تعطيها	29
تعكر	29
تعملان	29
تعنتها	29
تعويضا	29
تعيشه	29
تعيينات	29
تغييب	29
تغييرا	29
تفاجأ	29
تفاديا	29
تفاديها	29
تفاوض	29
تفاوضت	29
تفتيشها	29
تفجيرات	29
تفرضه	29
تفشل	29
تفعيله	29
تفوز	29
تفوقت	29
تفويتها	29
تفويضها	29
تقارن	29
تقاريرها	29
تقاس	29
تقاضي	29
تقاليد	29
تقترح	29
تقتنع	29
تقدمن	29
تقديرهم	29
تقديري	29
تقسيمه	29
تقصي	29
تقضيه	29
تقطن	29
تقفز	29
تقلا	29
تقلصت	29
تقومون	29
تقومي	29
تكبدها	29
تكتبه	29
تكريسا	29
تكريمه	29
تكشفت	29
تكفيرية	29
تكنوقراط	29
تكيف	29
تلاحظ	29
تلال	29
تلطيف	29
تلغى	29
تلقائي	29
تلمح	29
تلول	29
تليه	29
تمادوا	29
تمارسه	29
تمارسها	29
تماسك	29
تمتص	29
تمتلئ	29
تمتهن	29
تمتين	29
تمثلها	29
تمثيلا	29
تمثيلهم	29
تمثيلية	29
تمحور	29
تمخض	29
تمدد	29
تمدده	29
تمديده	29
تمريرات	29
تمزيق	29
تمساح	29
تمشيط	29
تمنعها	29
تمنياته	29
تمهد	29
تموضعه	29
تمول	29
تمولها	29
تمويلات	29
تن	29
تنازل	29
تناضل	29
تناغم	29
تنافر	29
تناقلته	29
تناقلتها	29
تناقله	29
تنامى	29
تنبثق	29
تنتفض	29
تنتهجه	29
تنجز	29
تنجم	29
تنحية	29
تندد	29
تندوف	29
تنسوا	29
تنسيقه	29
تنسيقيا	29
تنسيقيات	29
تنشرها	29
تنصروا	29
تنضح	29
تنظيمات	29
تنغ	29
تنفتح	29
تنفيذيا	29
تنقلاته	29
تنكسر	29
تنوعا	29
تنويه	29
تهاوي	29
تهوية	29
توأم	29
توأمان	29
تواجدهما	29
توازيها	29
توافقت	29
توافقي	29
توافقية	29
توترت	29
توتو	29
توثيقها	29
توجهاته	29
توجهنا	29
تودي	29
تور	29
تورام	29
تورطت	29
تورطهم	29
تورم	29
توري	29
توزع	29
توس	29
توسعت	29
توسعها	29
توصلا	29
توصيفا	29
توضيحا	29
توظيفها	29
توفره	29
توفرها	29
توفيره	29
توفيرها	29
توقعاتنا	29
توقعاته	29
توقعه	29
توقعوا	29
توقفها	29
توقيته	29
توقيتها	29
توقيفهم	29
تومر	29
تونسي	29
تونغا	29
توينبي	29
تيتسويا	29
تير	29
تيرا	29
تيران	29
تيروش	29
تيري	29
تيسمسيلت	29
تيكاد	29
تيليغرام	29
ثأر	29
ثرواتهم	29
ثرواتهما	29
ثغرة	29
ثقافتنا	29
ثقافتهم	29
ثقتنا	29
ثقتي	29
ثكناتها	29
ثلاثيني	29
ثلاثينيات	29
ثلاجات	29
ثمين	29
ثوابته	29
ثورات	29
ثيوفيلوس	29
جابوما	29
جادل	29
جارته	29
جاكرتا	29
جاكسون	29
جاكلين	29
جاكوب	29
جاليتنا	29
جامعتي	29
جانت	29
جانغ	29
جانكوي	29
جانيت	29
جاهدين	29
جاهزية	29
جاوة	29
جاير	29
جايمي	29
جايير	29
جباروف	29
جباليا	29
جبع	29
جبور	29
جثمانها	29
جدولة	29
جديرة	29
جذورها	29
جرافات	29
جراي	29
جرجس	29
جرمان	29
جروب	29
جريئة	29
جزاءه	29
جزائي	29
جزين	29
جزيني	29
جسديا	29
جسرا	29
جغرافيا	29
جغرافية	29
جلدية	29
جلساته	29
جلهم	29
جلوبال	29
جليد	29
جمدت	29
جمرك	29
جمركي	29
جمهوريات	29
جمهوريتين	29
جنائيا	29
جناة	29
جناحها	29
جنحة	29
جندية	29
جنديين	29
جنوبا	29
جنودنا	29
جنوني	29
جهانبخش	29
جهدهما	29
جهودنا	29
جهوزية	29
جوادي	29
جوال	29
جوبز	29
جوتا	29
جوردان	29
جوزف	29
جوزفين	29
جوفري	29
جوكوفيتش	29
جول	29
جولدمان	29
جوميز	29
جونيه	29
جووولز	29
جويل	29
جيبوتي	29
جيدو	29
جير	29
جيرالد	29
جيرانهم	29
جيرموك	29
جيريمي	29
جيسكار	29
جيسوس	29
جيسي	29
جيغا	29
جيغاواط	29
جيف	29
جيفري	29
جيلبرت	29
جيني	29
جيه	29
جيوفاني	29
جيوي	29
حاخام	29
حاربوا	29
حارسات	29
حاسي	29
حاشد	29
حافزا	29
حالتين	29
حالنا	29
حاليون	29
حاملتي	29
حاويات	29
حبيبته	29
حثيثة	29
حجوزات	29
حدت	29
حدودهم	29
حديدي	29
حذروا	29
حذرين	29
حرجية	29
حرصنا	29
حرصهم	29
حرفيا	29
حرمتنا	29
حريتها	29
حريصون	29
حزبنا	29
حزبها	29
حزبي	29
حزنها	29
حساباتها	29
حساس	29
حساني	29
حسنين	29
حسينية	29
حشدت	29
حشيشة	29
حصري	29
حصريا	29
حصلنا	29
حصوات	29
حصيلتها	29
حضارية	29
حضرية	29
حضن	29
حضورهم	29
حطم	29
حطين	29
حظائر	29
حظرها	29
حظوظ	29
حظوظا	29
حظوظها	29
حظوظهم	29
حفريات	29
حفلت	29
حققتها	29
حقوقي	29
حقوقيون	29
حقوقيين	29
حكايتها	29
حكومتها	29
حكوميا	29
حلفاءنا	29
حلقاته	29
حلوى	29
حليفتها	29
حليقة	29
حماسية	29
حمامات	29
حمدالله	29
حملاتها	29
حميميم	29
حوثي	29
حولنا	29
حولوا	29
حياتهما	29
حياتية	29
حياكة	29
حياه	29
حيثيات	29
حيدت	29
حيزا	29
حيفتس	29
حينذاك	29
خائفون	29
خاضت	29
خاضتها	29
خاضع	29
خاضها	29
خاطئا	29
خالدة	29
خاليلوزيتش	29
خامات	29
خاور	29
خبرته	29
خبرتها	29
خبيرة	29
ختامية	29
خداع	29
خرافة	29
خرافية	29
خرجات	29
خرف	29
خريجي	29
خريس	29
خسائرها	29
خسرنا	29
خسرها	29
خشيته	29
خصخصة	29
خصوصياتها	29
خصومنا	29
خصومها	29
خضوري	29
خضوعه	29
خضوعها	29
خطابات	29
خطفه	29
خطورتها	29
خطيبته	29
خلفيته	29
خلقتها	29
خلوف	29
خلوي	29
خنادق	29
خوارزميات	29
خوارزمية	29
خوذة	29
خورخي	29
خوست	29
خياراتها	29
خياران	29
خيالية	29
خيري	29
دائرته	29
داخليون	29
دارمانين	29
داعم	29
داعمي	29
داعمين	29
داغر	29
دافئا	29
دافئة	29
دافعة	29
دافعوا	29
دافعي	29
داكن	29
داميان	29
دانس	29
دانيلو	29
دانييل	29
داو	29
داونينغ	29
دباجة	29
دبيني	29
دحر	29
دحروج	29
دحض	29
دحضت	29
دحمان	29
دخلهم	29
دخولنا	29
دراجات	29
دراجته	29
دراستي	29
دراسي	29
دراغمة	29
دراما	29
دراماتيكي	29
درامي	29
دربتها	29
درمان	29
درنة	29
درواز	29
دروجبا	29
دريان	29
دستورنا	29
دعاية	29
دعس	29
دعمنا	29
دفاتر	29
دفاعنا	29
دفاعها	29
دفة	29
دفعتها	29
دفعنا	29
دفعهم	29
دفنهم	29
دقت	29
دقيقتين	29
دكة	29
دكتاتورية	29
دلوقتي	29
دمجها	29
دمجهم	29
دمدوم	29
دمرتها	29
دمنا	29
دمنهور	29
دمويا	29
دمية	29
دميترو	29
دنيئة	29
دهنية	29
دهوك	29
دوجاريك	29
دوجكوين	29
دورانها	29
دوريا	29
دوغلاس	29
دولارية	29
دولت	29
دولتنا	29
دولتي	29
دولرة	29
دوله	29
دولها	29
دولهم	29
دونغ	29
دونمات	29
دويلة	29
دياك	29
ديان	29
ديترويت	29
ديديه	29
ديدييه	29
ديربي	29
ديرين	29
ديفيز	29
ديفينس	29
ديكارت	29
ديكتاتوري	29
ديكتاتورية	29
ديلور	29
ديمتري	29
ديناصور	29
دينامية	29
ديناميكي	29
ديو	29
ديوغو	29
ذاكرتنا	29
ذاهبون	29
ذرائع	29
ذراعها	29
ذروته	29
ذكرياته	29
ذهبيات	29
ذوقي	29
ذويه	29
ذويها	29
رأسمال	29
رأيناهم	29
رؤوسنا	29
رؤيتهم	29
رئاسته	29
راب	29
رابحون	29
راتبه	29
راجمات	29
راجمة	29
رادارات	29
رادعة	29
رادوكانو	29
راسموس	29
راسموسن	29
راشيل	29
راغون	29
رافال	29
رافضة	29
رافعات	29
رافقه	29
رافقهم	29
رافقهما	29
رافينيا	29
راكم	29
رامافوزا	29
راموس	29
راميز	29
رانييك	29
رايس	29
رايلي	29
ربحية	29
ربطه	29
ربطها	29
ربوع	29
ربيعي	29
رتل	29
رجحت	29
رحبنا	29
رحبوا	29
رحلتي	29
رحمان	29
رحيلي	29
رخيص	29
رخيصة	29
رددوا	29
ردم	29
ردمان	29
رزنامة	29
رسالتها	29
رسالتهم	29
رسام	29
رست	29
رسخت	29
رسميين	29
رسومات	29
رشاشاتها	29
رشاشة	29
رصدته	29
رصف	29
رعاياه	29
رعايته	29
رعتها	29
رغبتها	29
رغدة	29
رفائيل	29
رفاقنا	29
رفح	29
رفد	29
رفعتها	29
رفعنا	29
رفيعو	29
رفيقة	29
رقصات	29
رقصة	29
رقما	29
رقمين	29
ركودا	29
ركيزة	29
رمادية	29
رماية	29
رمسيس	29
رموزا	29
رنا	29
رهاب	29
رهيب	29
روبرتو	29
روبلي	29
روبير	29
روتين	29
روتيني	29
روجرز	29
روحاني	29
روحها	29
روحيا	29
رودريجو	29
روساتوم	29
روستاموفا	29
روستوف	29
روسكوسموس	29
روسو	29
رول	29
ريبر	29
ريبيكا	29
ريتشارليسون	29
ريس	29
ريشون	29
ريفكا	29
ريناوي	29
زاباروجيا	29
زابوروجيا	29
زاخو	29
زاروا	29
زاغاري	29
زامبيا	29
زامفارا	29
زاهي	29
زاهية	29
زبائنه	29
زبارة	29
زج	29
زحمة	29
زراعي	29
زرعت	29
زرنا	29
زعامة	29
زغاريد	29
زلن	29
زنجبار	29
زنزانة	29
زواجها	29
زوق	29
زوكربيرغ	29
زياراته	29
زيتون	29
زير	29
زيوت	29
سأكون	29
سئموا	29
سائح	29
سائقا	29
سائقو	29
سائقين	29
ساب	29
سابا	29
سابعة	29
ساحرة	29
ساحق	29
سادسة	29
ساذج	29
ساريا	29
ساسة	29
ساعتان	29
ساكنتها	29
سامعين	29
سانتوس	29
سانحة	29
ساندي	29
سانوفي	29
ساوث	29
ساوثهامبتون	29
سايبر	29
سايمون	29
سباحة	29
سبايس	29
سبر	29
سبنسر	29
سبورتس	29
سبورتنج	29
سبورتينغ	29
سبيدومتر	29
سبيرز	29
ستأخذ	29
ستؤثر	29
ستؤول	29
ستارت	29
ستارلينك	29
ستانو	29
ستايلز	29
ستتجاوز	29
ستتحرك	29
ستتحقق	29
ستتراوح	29
ستتسلم	29
ستتعرض	29
ستتناول	29
ستتوجه	29
ستتوقف	29
ستثير	29
ستجعله	29
ستجمع	29
ستحافظ	29
ستحاول	29
ستحدد	29
ستحسم	29
ستحظر	29
ستحكم	29
ستختلف	29
ستخسر	29
ستدافع	29
ستدرس	29
ستدعم	29
ستستضيف	29
ستستغرق	29
ستستهدف	29
ستشعر	29
ستشهدها	29
ستصدر	29
ستضطر	29
ستطلق	29
ستعتمد	29
ستعد	29
ستعطي	29
ستعلق	29
ستعود	29
ستغلق	29
ستقبل	29
ستقطع	29
ستقود	29
ستلاحظ	29
ستلعب	29
ستمثل	29
ستمضي	29
ستمنع	29
ستنجح	29
ستنضم	29
ستنظم	29
ستنهار	29
ستوجه	29
ستوري	29
ستوقف	29
ستيفنسون	29
ستينغر	29
سجائر	29
سجلتها	29
سجلنا	29
سجنت	29
سجنهم	29
سحرية	29
سخنين	29
سخيفة	29
سدها	29
سديه	29
سرطانية	29
سرعته	29
سركيسيان	29
سريالي	29
سريري	29
سطوتها	29
سطور	29
سعادتها	29
سعري	29
سعوديون	29
سفرها	29
سفنها	29
سقوطهم	29
سقوف	29
سكاف	29
سكسونيا	29
سكنهم	29
سكنيا	29
سلات	29
سلال	29
سلامتها	29
سلبيات	29
سلفادور	29
سلكته	29
سلوت	29
سلوتر	29
سلوفيانسك	29
سلوكنا	29
سلوكها	29
سلوى	29
سمائيلوف	29
سماد	29
سماسرة	29
سماعات	29
سمنة	29
سنبذل	29
سنتر	29
سنتشري	29
سنتقدم	29
سنتكوم	29
سنجل	29
سنذهب	29
سنركز	29
سنستخدم	29
سنضع	29
سنطاردكم	29
سنعلن	29
سنغلق	29
سنفرض	29
سنفعل	29
سنقوم	29
سنكون	29
سنلتقي	29
سننفق	29
سنواجه	29
سوائل	29
سواحلها	29
سوبر	29
سوتشي	29
سودان	29
سودانية	29
سودانيين	29
سودجا	29
سورينام	29
سوزان	29
سوزبي	29
سوسة	29
سوسيولوجية	29
سوفا	29
سوقي	29
سوقية	29
سولي	29
سوليوشنز	29
سوني	29
سوهو	29
سويت	29
سويلم	29
سويني	29
سويوز	29
سيادتنا	29
سيادتهم	29
سيارتها	29
سيارتهم	29
سيارتي	29
سياساته	29
سياساتهم	29
سيال	29
سيباستيان	29
سيبدأون	29
سيبري	29
سيبيريا	29
سيتحقق	29
سيتخذه	29
سيترشح	29
سيترك	29
سيتشوان	29
سيتعرض	29
سيتناول	29
سيجبر	29
سيجدان	29
سيجرى	29
سيجعلها	29
سيجمع	29
سيحصلون	29
سيحقق	29
سيحل	29
سيحمي	29
سيخرج	29
سيخلف	29
سيخوضون	29
سيدفعون	29
سيربط	29
سيرتد	29
سيرتفع	29
سيرجي	29
سيرد	29
سيرسل	29
سيرفع	29
سيرفيس	29
سيركز	29
سيستغرق	29
سيستفيد	29
سيستقبل	29
سيسقطون	29
سيشاركون	29
سيصلون	29
سيضر	29
سيضعنا	29
سيضم	29
سيطال	29
سيطيح	29
سيعتمده	29
سيعرض	29
سيعلن	29
سيعملون	29
سيعودون	29
سيعيد	29
سيعيش	29
سيعين	29
سيغادر	29
سيغنال	29
سيفاستوبول	29
سيفاوض	29
سيفوز	29
سيفين	29
سيقبل	29
سيقضي	29
سيقع	29
سيقومون	29
سيكتبون	29
سيلحق	29
سيليا	29
سيليكون	29
سيلين	29
سيمضي	29
سيناقش	29
سيناقشون	29
سينتصر	29
سينتظرون	29
سينسحب	29
سينسيناتي	29
سينشر	29
سينعقد	29
سينعكس	29
سينغ	29
سينهار	29
سينهي	29
سينوبك	29
سيواجهها	29
سيولد	29
شابان	29
شابس	29
شات	29
شاردا	29
شارفت	29
شارل	29
شاريتيه	29
شاطىء	29
شاقل	29
شامبليون	29
شاني	29
شاهدتها	29
شباكهم	29
شبحية	29
شبكتها	29
شبكية	29
شتلة	29
شتيجن	29
شتيوي	29
شحاتة	29
شحادة	29
شخصيتها	29
شديرة	29
شراءها	29
شراسة	29
شرطيين	29
شرعنة	29
شرعيين	29
شرفاء	29
شركاءه	29
شركائه	29
شروق	29
شريدة	29
شريكك	29
شريم	29
شعارهم	29
شعاري	29
شعوبها	29
شعورهم	29
شغفه	29
شغلها	29
شغوفا	29
شفشاون	29
شفويا	29
شفيق	29
شقيقان	29
شلالات	29
شلته	29
شلغوم	29
شلومو	29
شلي	29
شمخاني	29
شمسان	29
شمولا	29
شمولية	29
شنايدر	29
شنقا	29
شنه	29
شنها	29
شنوا	29
شنيعة	29
شهباز	29
شوارتزبيرج	29
شورت	29
شوماخر	29
شوماكر	29
شويكار	29
شيئ	29
شيا	29
شيراك	29
شيرمان	29
شيريميت	29
شيعت	29
شيفرون	29
شيكات	29
شينزن	29
صائب	29
صادم	29
صاروخان	29
صاروخيا	29
صاروخين	29
صاغ	29
صامدة	29
صانور	29
صايغ	29
صباحي	29
صباحية	29
صباغ	29
صحاري	29
صحافة	29
صحافيو	29
صحتهم	29
صحراويات	29
صدامات	29
صدمت	29
صدمتني	29
صديقان	29
صديقتي	29
صديقها	29
صعودا	29
صغيرين	29
صفحاته	29
صفري	29
صفرية	29
صقل	29
صلصة	29
صليبا	29
صمام	29
صممتها	29
صممها	29
صناديقها	29
صنداي	29
صندوقا	29
صنفت	29
صهاريج	29
صهيونيين	29
صواريخه	29
صوافطة	29
صوتنا	29
صوتهم	29
صودر	29
صوفيا	29
صومل	29
صيادلة	29
صيانته	29
صيحات	29
صيدلانية	29
صيغت	29
صينيون	29
ضاعفت	29
ضاهر	29
ضباطه	29
ضبيع	29
ضحلة	29
ضحوا	29
ضحيته	29
ضحينا	29
ضدنا	29
ضدهن	29
ضدي	29
ضروريان	29
ضروس	29
ضريبي	29
ضعون	29
ضغطه	29
ضلوعهم	29
ضمانة	29
ضوضاء	29
ضيفة	29
ضيوفا	29
ضيوفه	29
طائراتها	29
طائرتان	29
طائرته	29
طاحنة	29
طازجة	29
طاقات	29
طاقاته	29
طاقوية	29
طالبة	29
طالها	29
طاولات	29
طبقت	29
طبيعتها	29
طبيعيا	29
طرابزون	29
طرازات	29
طرحته	29
طرحتها	29
طردوا	29
طري	29
طريقهما	29
طفولة	29
طفيفا	29
طقوس	29
طلباته	29
طلباتهم	29
طلبية	29
طليس	29
طليقته	29
طليقها	29
طمأنة	29
طموحا	29
طموحهم	29
طميزي	29
طنطاوي	29
طهو	29
طهي	29
طواعية	29
طوبيا	29
طوره	29
طوعي	29
طوعية	29
طومسون	29
طوني	29
ظروفها	29
ظلوا	29
عائق	29
عائقا	29
عائمة	29
عابري	29
عاتية	29
عارضت	29
عارضها	29
عارمة	29
عازمون	29
عاشه	29
عاشوا	29
عاصمتها	29
عاطف	29
عاطفية	29
عاطل	29
عاطلين	29
عافيته	29
عاقله	29
عالقا	29
عالقين	29
عامان	29
عاملان	29
عاناه	29
عانته	29
عانين	29
عبدالإله	29
عبدالخالق	29
عبدالسلام	29
عبدالغني	29
عبدالقادر	29
عبرنا	29
عبره	29
عبرها	29
عبري	29
عبورها	29
عبيدات	29
عبير	29
عتبات	29
عثروا	29
عجرم	29
عدلي	29
عدوانه	29
عدوانها	29
عرابة	29
عراقيا	29
عرضتها	29
عرضهم	29
عرمان	29
عريقة	29
عزلته	29
عزمها	29
عزوف	29
عسكريون	29
عشائرية	29
عشتار	29
عشقت	29
عصاد	29
عصرنة	29
عصفت	29
عصيرة	29
عضلة	29
عضوان	29
عضوي	29
عظامك	29
عقارات	29
عقبال	29
عقباها	29
عقدوا	29
عقدوه	29
عقلاني	29
عقم	29
عقوباتنا	29
عقوبتها	29
عقودا	29
عقودها	29
عقيقي	29
علاقتك	29
علاقتنا	29
علاونة	29
علب	29
علقوا	29
علها	29
علياء	29
عمالية	29
عمداء	29
عمقا	29
عمقها	29
عملاقا	29
عملتها	29
عملياته	29
عملياتهم	29
عمليتها	29
عمليتين	29
عممت	29
عمودية	29
عمولة	29
عناني	29
عنخ	29
عندقت	29
عنفوان	29
عنقودية	29
عواد	29
عواصم	29
عوالم	29
عودتنا	29
عودتهما	29
عيادات	29
عيدية	29
عيسي	29
غائمة	29
غارديان	29
غارسيا	29
غارقا	29
غاري	29
غاريث	29
غازنا	29
غاضب	29
غالا	29
غالاكسي	29
غالينا	29
غامرة	29
غاندي	29
غدامس	29
غدعون	29
غذائيا	29
غراد	29
غرامي	29
غراي	29
غريغوري	29
غزلية	29
غشت	29
غلافا	29
غلعاد	29
غلين	29
غموضا	29
غنائي	29
غنائية	29
غنيم	29
غوتا	29
غودسي	29
غورايا	29
غورباتشوف	29
غورلوفكا	29
غولان	29
غولن	29
غولنارا	29
غوميل	29
غويتا	29
غيار	29
غيتس	29
غيثان	29
غيريرو	29
ـــ	29
فائز	29
فائزة	29
فائضا	29
فابريزيو	29
فاخرة	29
فاديم	29
فارقة	29
فاسدين	29
فاشيم	29
فاف	29
فاقدة	29
فالأزمة	29
فالازمات	29
فالبعض	29
فالتر	29
فالجزائر	29
فالجيش	29
فالدعاية	29
فالدولة	29
فالريا	29
فالعالم	29
فالعراقيون	29
فالمشكلة	29
فالمكان	29
فالهدف	29
فالوضع	29
فالي	29
فانيسا	29
فاوتشي	29
فاير	29
فبالإضافة	29
فبحسب	29
فتأكد	29
فتش	29
فتصل	29
فتيحة	29
فجرا	29
فجنوبية	29
فجوات	29
فحصها	29
فحوص	29
فخري	29
فخم	29
فخورة	29
فدوي	29
فراج	29
فرحات	29
فرحتهم	29
فرسانها	29
فرغم	29
فرقاطات	29
فرقنا	29
فرن	29
فرنس	29
فرنسبنك	29
فرنسيين	29
فرو	29
فريقكم	29
فريقنا	29
فسيفساء	29
فشلهم	29
فصلها	29
فصلي	29
فصيل	29
فصيلة	29
فضائي	29
فضح	29
فضفاض	29
فضه	29
فطيمة	29
فظاعة	29
فعلناه	29
فغالبا	29
فـ	29
فقاعة	29
فقرر	29
فقيدنا	29
فقيرة	29
فكرنا	29
فكروا	29
فكريا	29
فلبنان	29
فلة	29
فلكي	29
فلوديمير	29
فليتوود	29
فمك	29
فنانا	29
فنانون	29
فوائدها	29
فوارق	29
فواصل	29
فوتشيتش	29
فوتوغرافية	29
فودافون	29
فوردو	29
فورست	29
فوركيه	29
فوروم	29
فوريا	29
فوريك	29
فورين	29
فوزنا	29
فوزهما	29
فوزية	29
فوكوشيما	29
فوهة	29
فيتمثل	29
فيديوهات	29
فير	29
فيرا	29
فيرج	29
فيرجن	29
فيرجينيا	29
فيردر	29
فيردي	29
فيرمونت	29
فيلا	29
فيلبر	29
فيله	29
فيليبو	29
فينيسيوس	29
فينيكس	29
فيورنتينا	29
فيول	29
فيونا	29
قاآني	29
قائدة	29
قائدها	29
قائمقام	29
قائين	29
قابس	29
قادتنا	29
قادنا	29
قاده	29
قاذفتي	29
قارورات	29
قاري	29
قاسمي	29
قاسيا	29
قاطرة	29
قاعدته	29
قبضوا	29
قبلان	29
قبو	29
قتلتها	29
قداسته	29
قدسية	29
قدميهم	29
قدور	29
قديسين	29
قراراتها	29
قراراتهم	29
قراران	29
قرارنا	29
قرارهم	29
قربنا	29
قرصان	29
قرناس	29
قرنفل	29
قروي	29
قريات	29
قريتي	29
قساوة	29
قسرية	29
قصائده	29
قصرة	29
قصصا	29
قصفا	29
قضاياه	29
قطارا	29
قطاعنا	29
قطاعية	29
قطبية	29
قطز	29
قطعات	29
قطعان	29
قعدان	29
قفازات	29
قللت	29
قلنديا	29
قمامة	29
قناعاتها	29
قندورة	29
قنصل	29
قنوان	29
قواتك	29
قواتهم	29
قواربهم	29
قوالب	29
قوراري	29
قونيا	29
قياسات	29
قيامهما	29
قيرغيزستان	29
قيمه	29
كأسرة	29
كأمة	29
كأولوية	29
كإحدى	29
كإطار	29
كاباش	29
كابو	29
كابوري	29
كابوس	29
كابيتال	29
كاتبة	29
كاترين	29
كاتيا	29
كاتيوشا	29
كاردانو	29
كارنيجي	29
كارولاينا	29
كازخستان	29
كاسترو	29
كاسحا	29
كاسر	29
كاسيف	29
كاسيميرو	29
كافح	29
كالتحقيق	29
كالعادة	29
كالنفط	29
كامبوس	29
كاميلو	29
كانتابريا	29
كاندي	29
كانساس	29
كاني	29
كانييه	29
كايل	29
كبادرة	29
كباقي	29
كبدل	29
كبريات	29
كبسولة	29
كبطل	29
كتابين	29
كتالونيا	29
كتلته	29
كتلك	29
كحول	29
كخطوة	29
كخيار	29
كديون	29
كرئيسة	29
كراتشي	29
كراسي	29
كراماتورسك	29
كرامتهم	29
كرباج	29
كرتونة	29
كرسها	29
كرسيا	29
كرهائن	29
كرهينة	29
كروم	29
كريج	29
كريستال	29
كريستالينا	29
كريستوف	29
كريغ	29
كريفوي	29
كريموف	29
كريموفا	29
كسروان	29
كسلطة	29
كشعب	29
كشكل	29
كضيف	29
كعقاب	29
كعلاج	29
كفاحنا	29
كفاحهم	29
كفريق	29
كقائد	29
كقوة	29
كلارك	29
كلاين	29
كلفنا	29
كلمتها	29
كلوتيلدا	29
كلوريد	29
كلى	29
كليان	29
كليتشكو	29
كليفلاند	29
كليمينت	29
كمبيوتر	29
كمجمع	29
كمجموعة	29
كمحفز	29
كمدرب	29
كمدرس	29
كمدينة	29
كمراكز	29
كمساحة	29
كمساعدة	29
كمستشار	29
كمكافأة	29
كملكة	29
كمنطقة	29
كنان	29
كنتاكي	29
كنتيجة	29
كنموذج	29
كهانا	29
كهدف	29
كهربائي	29
كهربائيا	29
كوابيس	29
كواجب	29
كوالالمبور	29
كوبتك	29
كوبريانوف	29
كوبنهاجن	29
كوبو	29
كوبي	29
كوثيقة	29
كورال	29
كورقة	29
كورنوال	29
كورية	29
كوزير	29
كوزيرة	29
كوستاريكا	29
كوستروما	29
كوسيط	29
كولورادو	29
كوليفيل	29
كومباني	29
كومة	29
كوميدية	29
كونية	29
كونيناف	29
كويكبا	29
كيبلر	29
كيسنجر	29
كيسي	29
كيشيناو	29
كيفو	29
كيفيات	29
كيك	29
كيكو	29
كيلواط	29
كيلوجرام	29
كيماوية	29
كيميائي	29
كينغز	29
كيني	29
كينيدي	29
كيوان	29
لآثار	29
لآلة	29
لآليات	29
لآمال	29
لأبرز	29
لأبشع	29
لأتباع	29
لأجندة	29
لأحداث	29
لأحذية	29
لأحسن	29
لأخطاء	29
لأدوات	29
لأردوغان	29
لأسئلة	29
لأسابيع	29
لأساليب	29
لأسبوع	29
لأسبوعين	29
لأسماك	29
لأسوار	29
لأصدقاء	29
لأطباء	29
لأطراف	29
لأطفالهم	29
لأعداء	29
لأعراض	29
لأعلى	29
لأعوان	29
لأغنية	29
لأفلام	29
لأمانة	29
لأمين	29
لأمينة	29
لأنابيب	29
لأنفسنا	29
لأنقرة	29
لأهلنا	29
لأهم	29
لأواصر	29
لأوضاع	29
لأولمبياد	29
لإبعاد	29
لإبلاغه	29
لإجبار	29
لإحالته	29
لإحراق	29
لإحصائيات	29
لإخلاء	29
لإدارات	29
لإدماج	29
لإرشاد	29
لإرضاء	29
لإسبانيا	29
لإضافة	29
لإطالة	29
لإطلاع	29
لإطلاقها	29
لإعطاء	29
لإفشال	29
لإقدام	29
لإقناعها	29
لإلقاء	29
لإمكانية	29
لإنتاجها	29
لإنجازات	29
لإنفاق	29
لإيداع	29
لإيقافه	29
لابتزاز	29
لابورتا	29
لاتحادات	29
لاتوجد	29
لاجئة	29
لاجتثاث	29
لاحتلال	29
لاحتوائها	29
لاذعة	29
لارتجاج	29
لاري	29
لاستبدال	29
لاستثارة	29
لاستثمار	29
لاستجرار	29
لاستخلاص	29
لاستقطاب	29
لاستنطاق	29
لاستنهاض	29
لاعادة	29
لاعبه	29
لاعتراض	29
لاعتقال	29
لاعتقالهما	29
لاعتمادها	29
لاعطاء	29
لاعلان	29
لاغتياله	29
لافتقاره	29
لالة	29
لالتزام	29
لالتزامها	29
لالماس	29
لامتحانات	29
لامتصاص	29
لامتلاك	29
لانتخابه	29
لانشغالاتهم	29
لانعقاد	29
لانقاذ	29
لانك	29
لانكستر	29
لاهتمام	29
لاي	29
لايت	29
لايستطيع	29
لباراك	29
لبجاية	29
لبدل	29
لبرج	29
لبرشلونة	29
لبضع	29
لبضعة	29
لبعضنا	29
لبكين	29
لبلادها	29
لبلدهم	29
لبلورة	29
لبنود	29
لبوريس	29
لبيروت	29
لبينيت	29
لتايمز	29
لتايوان	29
لتبعات	29
لتتخطى	29
لتتضح	29
لتجاهلها	29
لتجنيد	29
لتحتل	29
لتحركات	29
لتحضير	29
لتحفيزهم	29
لتحقيقه	29
لتحقيقها	29
لتحميل	29
لتخطي	29
لتخفيض	29
لتذليل	29
لتركهم	29
لتساقط	29
لتسديد	29
لتسويق	29
لتشارلز	29
لتشتيت	29
لتشجيعهم	29
لتشريح	29
لتشغيلها	29
لتصميم	29
لتضاف	29
لتضليل	29
لتطور	29
لتعبئة	29
لتعريف	29
لتعقب	29
لتعليمات	29
لتعميق	29
لتعوض	29
لتغدو	29
لتفاهمات	29
لتفريغ	29
لتقديمه	29
لتقوم	29
لتقويض	29
لتقييد	29
لتكونا	29
لتلافي	29
لتلفزيون	29
لتمثل	29
لتمركز	29
لتمكينها	29
لتموين	29
لتنافس	29
لتنتهي	29
لتنطلق	29
لتنظيمات	29
لتنفيذها	29
لتهديدات	29
لتوجهات	29
لتورطهم	29
لتوريد	29
لتوسع	29
لتوصيات	29
لتوطيد	29
لتوطين	29
لتوفيرها	29
لتوقعات	29
لتوقيت	29
لتيبازة	29
لجسري	29
لجسم	29
لجعله	29
لجلسات	29
لجمعيات	29
لجمهور	29
لجنتها	29
لجنود	29
لجوار	29
لجوازات	29
لجيش	29
لجيل	29
لجين	29
لحرس	29
لحرف	29
لحريق	29
لحسم	29
لحصد	29
لحضرة	29
لحقن	29
لحلو	29
لحلوح	29
لحماس	29
لحماقة	29
لحنها	29
لحوار	29
لحود	29
لخبرة	29
لخروجهم	29
لخسارة	29
لخطاب	29
لخطوط	29
لخفايا	29
لخلايا	29
لخلل	29
لدعمهم	29
لدعمهما	29
لدفعها	29
لدوائر	29
لدواعي	29
لدولتهم	29
لدير	29
لرئيسة	29
لرحيل	29
لرسالة	29
لرشيد	29
لرفضها	29
لرقابة	29
لركلة	29
لرمضان	29
لرواد	29
لرونالدو	29
لزاما	29
لزبائن	29
لزبائنها	29
لزعيم	29
لزعيمة	29
لزوجين	29
لسائق	29
لساعتين	29
لسفر	29
لسكانه	29
لسكن	29
لسلام	29
لسلطنة	29
لسلوك	29
لسمكة	29
لسوناطراك	29
لسيادة	29
لسيدي	29
لسير	29
لشبه	29
لشبونة	29
لشحن	29
لشخصية	29
لشراكة	29
لشروحات	29
لشعبة	29
لشعوب	29
لشقة	29
لشهور	29
لصحفيين	29
لصد	29
لصنع	29
لصور	29
لصياغة	29
لصيانة	29
لضخ	29
لضررها	29
لضريبة	29
لضمه	29
لطائر	29
لطائرة	29
لطاقم	29
لطب	29
لطمأنة	29
لطهران	29
لظاهرة	29
لعجال	29
لعدوى	29
لعرب	29
لعزل	29
لعضوية	29
لعلامة	29
لعناصر	29
لعنف	29
لعوائل	29
لعودته	29
لعيش	29
لغتها	29
لغرف	29
لغرفة	29
لغسيل	29
لغطاء	29
لغم	29
لـشيسيناو	29
لــ	29
لفئتي	29
لفحص	29
لفحصها	29
لفخامته	29
لفرسان	29
لفرضها	29
لفض	29
لفعاليات	29
لفوز	29
لفيف	29
لقاءاتها	29
لقائهما	29
لقبها	29
لقدرة	29
لقرض	29
لقرى	29
لقرية	29
لقصف	29
لقضيتهم	29
لقواتها	29
لكارثة	29
لكبير	29
لكتابة	29
لكتيبة	29
لكحل	29
لكفاءة	29
لكلمة	29
للآثار	29
للأجانب	29
للأحداث	29
للأزمات	29
للأزياء	29
للأسطول	29
للأطباء	29
للأطعمة	29
للأغذية	29
للأغنية	29
للأفارقة	29
للأمهات	29
للأواصر	29
للأيام	29
للإئتلاف	29
للإبداع	29
للإبقاء	29
للإجلاء	29
للإرادة	29
للإرهابيين	29
للإصدار	29
للإصلاح	29
للإضراب	29
للإقامة	29
للإقبال	29
للإقليم	29
للإمبراطورية	29
للإنشاء	29
للإنفلونزا	29
للإهمال	29
للإيرانيين	29
للائحة	29
للابتكار	29
للاتجاه	29
للاجتماعات	29
للاحتباس	29
للاحتجاجات	29
للاحتفاء	29
للاحتفاظ	29
للاختباء	29
للاختبارات	29
للاختلافات	29
للاختلالات	29
للازمة	29
للاساتذة	29
للاستئناف	29
للاستحقاق	29
للاستحواذ	29
للاستخدامات	29
للاستخراج	29
للاستعجالات	29
للاستعداد	29
للاستعمال	29
للاستغلال	29
للاستقلال	29
للاستيطان	29
للاسف	29
للاطفال	29
للاعبه	29
للاعتراف	29
للاعتقال	29
للاعتماد	29
للافراج	29
للاقتراب	29
للالتحاق	29
للالتهاب	29
للامتحان	29
للانباء	29
للانتباه	29
للانتشار	29
للانتظار	29
للانخراط	29
للاندماج	29
للانعقاد	29
للانفاق	29
للباحثين	29
للبرامج	29
للبرودة	29
للبشرة	29
للبطالين	29
للبطل	29
للبعثة	29
للبعد	29
للبنية	29
للبورصة	29
للتأجيل	29
للتأمين	29
للتباحث	29
للتبعية	29
للتجار	29
للتجمع	29
للتحريض	29
للتحسين	29
للتحشيد	29
للتحضير	29
للتحقق	29
للتحليل	29
للتحول	29
للتخصصات	29
للتدابير	29
للتدخلات	29
للتدخين	29
للتدريبات	29
للتراب	29
للترحيب	29
للتزلج	29
للتسجيل	29
للتسليم	29
للتسليمات	29
للتسهيل	29
للتسويات	29
للتشويش	29
للتصريحات	29
للتصنيع	29
للتضحيات	29
للتضحية	29
للتعاطي	29
للتعاقد	29
للتعبئة	29
للتعديل	29
للتعذيب	29
للتعويض	29
للتغطية	29
للتغيرات	29
للتفاهمات	29
للتقارب	29
للتقرب	29
للتقصي	29
للتقييم	29
للتكوين	29
للتلوث	29
للتنفس	29
للتنقل	29
للتوافق	29
للتوترات	29
للتوسط	29
للثلوج	29
للجالية	29
للجراحة	29
للجزائرية	29
للجزيرة	29
للجلسة	29
للجمهوريتين	29
للجنازة	29
للجيل	29
للحادثة	29
للحافلات	29
للحاق	29
للحب	29
للحصار	29
للحلف	29
للحلفاء	29
للحملة	29
للخبراء	29
للخضوع	29
للخط	29
للخلايا	29
للداخلية	29
للدبيبة	29
للدرك	29
للدروع	29
للدعاية	29
للدورات	29
للذخائر	29
للذرة	29
للذهن	29
للرابطة	29
للراغبين	29
للرباط	29
للربح	29
للرحلة	29
للرسام	29
للرقائق	29
للروابط	29
للزعيم	29
للسخرية	29
للسرعة	29
للسفن	29
للسكك	29
للسلم	29
للسنوات	29
للسوريين	29
للسيخ	29
للسيدة	29
للشأن	29
للشاب	29
للشاعر	29
للشراع	29
للشروط	29
للشعاب	29
للصداع	29
للصداقة	29
للصعود	29
للصهيونية	29
للصوامع	29
للصوت	29
للصور	29
للصيدلية	29
للضرائب	29
للضريبة	29
للضوء	29
للضيافة	29
للطاجيك	29
للطالبة	29
للطبعة	29
للطبيعة	29
للطرفين	29
للطوابير	29
للطي	29
للظروف	29
للظفر	29
للظلم	29
للعبور	29
للعرس	29
للعرض	29
للعزلة	29
للعلامات	29
للعملة	29
للعناصر	29
للعناية	29
للعهدة	29
للغبار	29
للغزو	29
للفترة	29
للفتيات	29
للفتيان	29
للفحوصات	29
للفرص	29
للفصائل	29
للفضاء	29
للفكر	29
للفوضى	29
للفيديو	29
للقائمة	29
للقاحات	29
للقدس	29
للقرن	29
للقرية	29
للقضايا	29
للقطعات	29
للقمة	29
للقنوات	29
للكائن	29
للكاراتي	29
للكربون	29
للكلمات	29
للكنيسة	29
للكوادر	29
للكونفيدرالية	29
للكيان	29
للمبادرة	29
للمتدربين	29
للمتضررين	29
للمتظاهرين	29
للمتمردين	29
للمثليين	29
للمجتمعات	29
للمجمع	29
للمحاسبات	29
للمحافظات	29
للمحامي	29
للمحطات	29
للمخرجة	29
للمخيمات	29
للمدفعية	29
للمدفوعات	29
للمرسوم	29
للمسابقة	29
للمساحة	29
للمساعي	29
للمساواة	29
للمستثمرين	29
للمستفيدين	29
للمستقبل	29
للمسلحين	29
للمسيحيين	29
للمسيرات	29
للمشتركين	29
للمشجعين	29
للمصاب	29
للمصري	29
للمضاعفات	29
للمطار	29
للمطربة	29
للمعابر	29
للمعتدين	29
للمعتقل	29
للمعرض	29
للمعنيين	29
للمقاول	29
للملابس	29
للملايين	29
للملياردير	29
للمليارديرات	29
للممارسات	29
للمناقشة	29
للمنتج	29
للمنتجين	29
للمنزل	29
للمنشآت	29
للمنهج	29
للمهاجمين	29
للمهنيين	29
للمواصفات	29
للموانئ	29
للمودع	29
للموساد	29
للموقف	29
للمولد	29
للمونودراما	29
للنبضات	29
للنجم	29
للنزول	29
للنشر	29
للنصب	29
للنضال	29
للنفوذ	29
للنقابة	29
للنواب	29
للنيل	29
للهدف	29
للهيئات	29
للهيكل	29
للواجهة	29
للورم	29
للوزارات	29
للوفاة	29
للوقفة	29
للولاية	29
للوهلة	29
لليرة	29
لليقظة	29
لليمنيين	29
لمؤازرة	29
لمؤشر	29
لمار	29
لماكرون	29
لمباشرة	29
لمبنى	29
لمتطلبات	29
لمتلقي	29
لمجالات	29
لمجتمع	29
لمحات	29
لمحافظات	29
لمحاكمتهم	29
لمخاوف	29
لمد	29
لمدن	29
لمدى	29
لمراحل	29
لمراسلتها	29
لمرسوم	29
لمرمى	29
لمزارعي	29
لمسؤولية	29
لمسؤولين	29
لمساندتها	29
لمست	29
لمستشاري	29
لمستشفيات	29
لمستويات	29
لمسرح	29
لمسلحين	29
لمسنا	29
لمصانع	29
لمصنع	29
لمطار	29
لمطالبة	29
لمطلبهم	29
لمعارضة	29
لمعامل	29
لمعاينة	29
لمعتمري	29
لمعدل	29
لمعدلات	29
لمعركة	29
لمعسكر	29
لمقاضاة	29
لمقاطع	29
لمقاومة	29
لمقترح	29
لمقتضيات	29
لمقدساتهم	29
لمقعد	29
لمقومات	29
لمكتبه	29
لملحقة	29
لممارسات	29
لممارساته	29
لممارساتهم	29
لمملكة	29
لمنتجات	29
لمنتسبي	29
لمنحها	29
لمنزله	29
لمنطق	29
لمنعها	29
لمهام	29
لمهن	29
لمهنة	29
لمواجهته	29
لموارد	29
لمواطن	29
لمواطنيها	29
لموقف	29
لموقفه	29
لمى	29
لميزانيتها	29
لميسي	29
لميشيل	29
لميقاتي	29
لنأخذ	29
لنؤكد	29
لنائب	29
لنجم	29
لنساء	29
لنسخة	29
لنشاطه	29
لنظيره	29
لنفايات	29
لنفترض	29
لنقد	29
لنقيب	29
لنهائي	29
لنهر	29
لنوعية	29
لهواتفهم	29
لهيمنة	29
لوأج	29
لوبوان	29
لوثيقة	29
لوزيري	29
لوغ	29
لوفيات	29
لوفيغارو	29
لوقائع	29
لوقاية	29
لومهم	29
لومير	29
لوول	29
لوي	29
ليؤكد	29
ليبدأ	29
ليبديف	29
ليبرالية	29
ليبرون	29
ليتأهل	29
ليتبين	29
ليتجاوز	29
ليتر	29
ليتزامن	29
ليتسنى	29
ليتل	29
ليتمكنوا	29
ليتوانيا	29
ليتيت	29
ليجد	29
ليجيان	29
ليحتل	29
ليحظى	29
ليخوض	29
ليرات	29
ليرفع	29
ليزلي	29
ليستر	29
ليصعد	29
ليضم	29
ليضيف	29
ليعزز	29
ليغا	29
ليغلق	29
ليفاندوسكي	29
ليفيا	29
ليقود	29
ليكانيماب	29
ليكس	29
ليكمل	29
ليلتقي	29
ليلية	29
ليمان	29
لينال	29
لينتقل	29
ليندسي	29
لينش	29
ليوضع	29
ليوناردو	29
مآسي	29
مأساوية	29
مألوف	29
مأهولة	29
مؤات	29
مؤخرتهم	29
مؤذ	29
مؤذية	29
مؤرخة	29
مؤسساتنا	29
مؤسسي	29
مؤسف	29
مؤلفي	29
مؤهلات	29
مؤيديه	29
مئتي	29
مئويتين	29
مئير	29
مائية	29
ماتيوش	29
ماجستير	29
مادلين	29
ماراثون	29
مارادونا	29
مارة	29
مارجرجس	29
مارسا	29
مارسيال	29
مارسيلو	29
ماركة	29
ماركت	29
ماركس	29
ماركل	29
ماريلاند	29
ماريوت	29
مازحة	29
ماسبيرو	29
ماضون	29
ماضيها	29
مافريك	29
ماكدونالدز	29
ماكسار	29
ماكينات	29
ماكينة	29
مالحة	29
مالكة	29
مالكيها	29
مالون	29
مام	29
مان	29
ماندلبليت	29
مانشسر	29
مانوكا	29
ماهيندا	29
مايرز	29
مايزيد	29
مايغا	29
مايوركا	29
مبادراتنا	29
مبتغاه	29
مبدعة	29
مبدية	29
مبشرة	29
مبيد	29
متآمر	29
متأخرون	29
متأصلة	29
متأكدين	29
متاجرها	29
متاهات	29
متبقية	29
متجاوز	29
متجددة	29
متجذرة	29
متجها	29
متحالف	29
متحوري	29
متخلفة	29
متدن	29
متدنية	29
مترات	29
متروبوليتان	29
متروكا	29
متري	29
متزنة	29
متسابق	29
متساوون	29
متسرعة	29
متشابكة	29
متشدد	29
متشددون	29
متشددين	29
متصدر	29
متضامنا	29
متضامنة	29
متضررة	29
متطرفون	29
متطور	29
متطوع	29
متظاهر	29
متعارضين	29
متعاملين	29
متعمدة	29
متعهدا	29
متغيرة	29
متفائلا	29
متفاقمة	29
متفرج	29
متفردة	29
متقبل	29
متقي	29
متكون	29
متمركزة	29
متمنية	29
متمنين	29
متناحرة	29
متناسقة	29
متهالك	29
متواجد	29
متواجدين	29
متوافقا	29
متوجهة	29
متورطا	29
متوسطه	29
متوفرا	29
مثقفة	29
مثمنا	29
مثنيا	29
مثيرو	29
مثيلاتها	29
مجالا	29
مجالها	29
مجاني	29
مجانية	29
مجبرة	29
مجبرين	29
مجتمعاتهم	29
مجتمعهم	29
مجددة	29
مجدولة	29
مجدى	29
مجدية	29
مجرة	29
مجسدة	29
مجلي	29
مجموعتها	29
مجهولي	29
محاجنة	29
محاصرته	29
محافظا	29
محافظتها	29
محافظي	29
محاكمتهم	29
محامون	29
محاورها	29
محاولاته	29
محاولاتهم	29
محاولته	29
محاولتهما	29
محاولتي	29
محايدة	29
محتجز	29
محتجزة	29
محتجزين	29
محتجين	29
محتدمة	29
محتشدة	29
محتفظا	29
محتفظة	29
محتل	29
محتواها	29
محددات	29
محذرين	29
محرري	29
محررين	29
محرومون	29
محزن	29
محفز	29
محفزا	29
محفورة	29
محكومة	29
محللو	29
محللي	29
محمدي	29
محملين	29
محورا	29
محوريا	29
محولات	29
محيطه	29
مخابز	29
مخالب	29
مخاوفهم	29
مخبأ	29
مخبريا	29
مخبز	29
مختارة	29
مختبئا	29
مخز	29
مخزنة	29
مخزني	29
مخزوناتها	29
مخصصات	29
مخطئة	29
مخططاته	29
مخططاتها	29
مخططه	29
مخفر	29
مخيبة	29
مخيفا	29
مداخلات	29
مداخلاتهم	29
مداري	29
مدججين	29
مدخرات	29
مدخولنا	29
مدربي	29
مدربين	29
مدرجا	29
مدرجات	29
مدرستين	29
مدرسي	29
مدعوما	29
مدعومين	29
مدفعا	29
مدفيديف	29
مدمجة	29
مدمرات	29
مدنيون	29
مديحة	29
مدينته	29
مدينون	29
مذاق	29
مذبح	29
مذكراته	29
مذهل	29
مذيعة	29
مرأى	29
مراسليها	29
مراوح	29
مربكة	29
مربي	29
مرتدة	29
مرتدية	29
مرتكبي	29
مرجعي	29
مرجعيون	29
مرح	29
مردفا	29
مردوده	29
مرسيدس	29
مرشحنا	29
مرشحه	29
مرشحي	29
مرشحيها	29
مرفق	29
مرفقا	29
مرفوض	29
مركبتي	29
مركزة	29
مرن	29
مروانة	29
مروة	29
مروري	29
مزار	29
مزايد	29
مزحة	29
مزدوج	29
مزروعة	29
مزقته	29
مزود	29
مسؤولياتهم	29
مسئولي	29
مساءلة	29
مساحاتها	29
مساد	29
مساراتها	29
مسارح	29
مسارهم	29
مسارهما	29
مساع	29
مساعدته	29
مساعيه	29
مسالة	29
مساهما	29
مساهمتنا	29
مستأجرة	29
مستاء	29
مستبعدا	29
مستبعدة	29
مستثمرة	29
مستحدثة	29
مستحضرات	29
مستحقاتهم	29
مستخدميها	29
مستذكرا	29
مستشارته	29
مستشعرات	29
مستشهدة	29
مستعجل	29
مستعجلة	29
مستعرة	29
مستعرضا	29
مستعمرات	29
مستعملي	29
مستغرب	29
مستفزة	29
مستفيدة	29
مستقبله	29
مستقلون	29
مستلزمات	29
مستمرون	29
مستنقع	29
مستنكرا	29
مستهدف	29
مستودعين	29
مستوردي	29
مستوردين	29
مستوطنان	29
مستوي	29
مسجون	29
مسحات	29
مسدسا	29
مسدسات	29
مسطحة	29
مسلة	29
مسلحا	29
مسلحو	29
مسلمات	29
مسيحيين	29
مسيرتها	29
مسيري	29
مشاجرة	29
مشاركتي	29
مشاعرهم	29
مشاكلها	29
مشبعة	29
مشتبها	29
مشتبهين	29
مشتركين	29
مشجعون	29
مشجعين	29
مشروعنا	29
مشغل	29
مشغليه	29
مشغليها	29
مشفرة	29
مشكلاتنا	29
مشكلاتها	29
مشمس	29
مشولام	29
مصالحهما	29
مصانعها	29
مصب	29
مصحوب	29
مصدرة	29
مصدرين	29
مصراتة	29
مصراوي	29
مصرعه	29
مصرفيون	29
مصريين	29
مصفحة	29
مصممون	29
مصنعة	29
مصنعه	29
مصيرنا	29
مصيف	29
مضاجعه	29
مضايقة	29
مضحكة	29
مضربين	29
مضغوطة	29
مضللة	29
مضيعة	29
مطابقتها	29
مطاطية	29
مطاوعة	29
مطبقة	29
مطحنة	29
مطرب	29
مطرية	29
مطلعين	29
مطلوبات	29
مظلات	29
مظهرها	29
معادلات	29
معارضو	29
معارضون	29
معارضي	29
معاركنا	29
معاركه	29
معاشات	29
معاقبته	29
معالج	29
معالجات	29
معاليه	29
معاملاتهم	29
معاملتها	29
معاملتهم	29
معاملها	29
معاهدات	29
معاوني	29
معاينته	29
معتادون	29
معتقلون	29
معجون	29
معدلاته	29
معدنية	29
معدو	29
معرفتنا	29
معرفية	29
معظمنا	29
معقلا	29
معلمة	29
معلن	29
معلوماته	29
معمارية	29
معمق	29
معنوياتهم	29
معنيون	29
معوش	29
معوض	29
معيشية	29
مغادرتها	29
مغارة	29
مغازلة	29
مغالطات	29
مغبة	29
مغبرة	29
مغربيا	29
مفاجئا	29
مفترس	29
مفترض	29
مفجع	29
مفضوح	29
مفكرين	29
مقابلاته	29
مقاتلا	29
مقاتلاته	29
مقاتلونا	29
مقالاتها	29
مقاول	29
مقاوم	29
مقاومون	29
مقاييس	29
مقترحاتها	29
مقترحة	29
مقتصرة	29
مقتضبة	29
مقتضياتها	29
مقتطفات	29
مقداد	29
مقدمتهم	29
مقدورها	29
مقراته	29
مقراتها	29
مقربين	29
مقره	29
مقنعة	29
مقولات	29
مكائد	29
مكارثي	29
مكاسبه	29
مكاشفة	29
مكافئة	29
مكالمات	29
مكانيا	29
مكب	29
مكبات	29
مكتبا	29
مكتبها	29
مكتشفة	29
مكتظ	29
مكتظة	29
مكتفيا	29
مكتملة	29
مكتوف	29
مكتوفي	29
مكملة	29
مكناس	29
مكنت	29
مكنته	29
مكنه	29
مكونا	29
مكوناتها	29
مكيفة	29
ملابسهم	29
ملاجئ	29
ملاكها	29
ملال	29
ملالي	29
ملتزمين	29
ملتمسات	29
ملحقا	29
ملزي	29
ملطف	29
ملعبا	29
ملغم	29
ملفقة	29
ملفي	29
ملقاة	29
ملكيته	29
ملكيتها	29
مليارين	29
مليمتر	29
مليمترا	29
ممارساتها	29
ممارستها	29
ممتلئا	29
ممتنة	29
ممثلية	29
ممسكين	29
ممشط	29
ممنهجة	29
مميزات	29
منأى	29
منازلنا	29
مناسبتين	29
مناشدا	29
مناصري	29
مناضل	29
مناضلات	29
مناضلو	29
مناطقهم	29
مناعية	29
منافسا	29
منافسته	29
مناقشاته	29
مناهضي	29
مناوشات	29
منبثقة	29
منبها	29
منتجاتهم	29
منتجي	29
منتزه	29
منتشرا	29
منتفخ	29
منتقدو	29
منجم	29
منحى	29
منخرطة	29
مندمجة	29
مندوبين	29
منسجمة	29
منسي	29
منشقين	29
منشوراته	29
منصته	29
منضبطة	29
منطقتها	29
منظمي	29
منظورات	29
منظوره	29
منعتها	29
منعدمة	29
منغوليا	29
منفتحة	29
منفتحون	29
منفذي	29
مها	29
مهاراته	29
مهترئة	29
مهجري	29
مهجورة	29
مهنئا	29
مهندسي	29
مهيمن	29
مواءمة	29
مواجهته	29
موارده	29
موازاة	29
موازنات	29
موازنتي	29
مواصلات	29
مواطنة	29
مواقفها	29
موالية	29
مواليتين	29
موانئها	29
موثوقا	29
موديعين	29
مورغان	29
مورفي	29
مورك	29
مورنينغ	29
موسعا	29
موسكفا	29
موسمه	29
موسمي	29
موسمية	29
موسيفيني	29
موسيقية	29
موضوعية	29
موطنه	29
موظفونا	29
موظفيه	29
موعودة	29
موقفنا	29
موقوتة	29
موكلها	29
موكليهم	29
مولاتي	29
مولدافيا	29
مولر	29
مولي	29
مومباي	29
مونتيري	29
مونتين	29
موندو	29
مونيكا	29
موهبته	29
موهوبين	29
ميارا	29
مياهه	29
ميتافيزيقي	29
ميترو	29
ميثاقية	29
ميجور	29
ميخايلو	29
ميدو	29
ميركان	29
ميركل	29
ميروت	29
ميريانا	29
ميريك	29
ميزت	29
ميغاوات	29
ميكلسون	29
ميكولايف	29
ميكولاييف	29
ميلانو	29
ميلانيا	29
ميلانيس	29
ميللر	29
ميلود	29
ميليس	29
ميناءي	29
مينو	29
نائبي	29
نائية	29
نابا	29
نابضة	29
نابليون	29
نابية	29
ناحيتي	29
ناخبين	29
نادية	29
ناسيونال	29
ناشطا	29
ناشطات	29
ناشيونال	29
ناضجة	29
ناضر	29
ناطحة	29
ناغورنو	29
ناقوس	29
نانت	29
ناهزت	29
نايدز	29
نايك	29
نايكي	29
نايمكس	29
نباتي	29
نبارك	29
نبقي	29
نتائجنا	29
نتانياهو	29
نتجه	29
نتخطى	29
نتدخل	29
نتذكر	29
نتساءل	29
نتعاطى	29
نتعاون	29
نتعايش	29
نتعلم	29
نتفق	29
نتقدم	29
نتناوله	29
نتوجه	29
نتوقف	29
نجاحه	29
نجاعة	29
نجت	29
نجتمع	29
نجري	29
نجلس	29
نجمت	29
نجوا	29
نجود	29
نجيم	29
نحارب	29
نحافظ	29
نحتفل	29
نحدد	29
نخب	29
نخسر	29
نخطط	29
ندافع	29
ندبة	29
ندوات	29
ندينها	29
نركز	29
نزارباييف	29
نزاعات	29
نزحوا	29
نزعة	29
نستثمر	29
نستعرض	29
نستفيد	29
نستمر	29
نستورد	29
نسف	29
نسمعها	29
نسميها	29
نشاطاته	29
نشاطه	29
نشبت	29
نشرهم	29
نصابها	29
نصبتها	29
نصوصهم	29
نصون	29
نضالات	29
نضوبها	29
نطنز	29
نظامي	29
نظاميين	29
نظريته	29
نظل	29
نعتزم	29
نعرب	29
نعيد	29
نفز	29
نفسيا	29
نفسيهما	29
نفضل	29
نفعية	29
نفوذا	29
نقابية	29
نقالة	29
نقترب	29
نقديتين	29
نقيبة	29
نكتشف	29
نكراء	29
نكشف	29
نكهة	29
نلعب	29
نلغي	29
نلقى	29
نمضي	29
نملك	29
نناقش	29
ننتصر	29
ننسق	29
ننطلق	29
نهبت	29
نهجها	29
نهوض	29
نواجهها	29
نواح	29
نوافذها	29
نورالدين	29
نيابيا	29
نيتسان	29
نيتفلكس	29
نيفادا	29
نيكو	29
نيكول	29
نيكي	29
نيلسن	29
نيماير	29
نينيستو	29
نيوبورت	29
نيوجيرسي	29
نيوزويك	29
نيوكاسل	29
نيوميد	29
هاتريك	29
هاتفك	29
هاتفها	29
هاجس	29
هادف	29
هادفة	29
هارفي	29
هازار	29
هاشتاغ	29
هافانا	29
هالاند	29
هالوك	29
هامل	29
هانز	29
هاوس	29
هايلاند	29
هجومها	29
هجومي	29
هدفان	29
هدير	29
هراء	29
هرتز	29
هرتزوغ	29
هرنانديز	29
هزائم	29
هشاشة	29
هطلت	29
همروجة	29
همس	29
هناء	29
هنتر	29
هندريك	29
هندوس	29
هوائي	29
هواية	29
هوت	29
هوشول	29
هوف	29
هوفيل	29
هوك	29
هونج	29
هويتنا	29
هويتهم	29
هيئتها	29
هيئتي	29
هيفاء	29
هيكلها	29
هيكلهم	29
هيكلية	29
هيمن	29
هيمنت	29
هيوم	29
هيوود	29
وآراء	29
وآمال	29
وآمل	29
وآمنة	29
وأبرزها	29
وأبرزهم	29
وأترك	29
وأثره	29
وأجازت	29
وأجبر	29
وأجبرتهم	29
وأجهزتها	29
وأجيالنا	29
وأحدثت	29
وأحرار	29
وأحرز	29
وأحفاده	29
وأحياء	29
وأخطرها	29
وأدعو	29
وأدلى	29
وأدواتها	29
وأرجعت	29
وأرضنا	29
وأرفقت	29
وأزالت	29
وأزمة	29
وأساسي	29
وأسبابها	29
وأسرهم	29
وأسس	29
وأسكنه	29
وأسلاك	29
وأسواق	29
وأشير	29
وأص	29
وأصبحوا	29
وأصدقاؤه	29
وأصدقاؤها	29
وأصوات	29
وأصيبت	29
وأطباء	29
وأطقم	29
وأطلعت	29
وأعاصير	29
وأعداد	29
وأعراض	29
وأعراف	29
وأعطاها	29
وأعلنه	29
وأعمدة	29
وأغلقوا	29
وأفرج	29
وأفكارهم	29
وأقال	29
وأقسام	29
وأكاديمية	29
وأمان	29
وأميركا	29
وأنتوني	29
وأنقرة	29
وأنماط	29
وأنهت	29
وأهاب	29
وأهالي	29
وأهدافها	29
وأهلية	29
وأهمها	29
وأوائل	29
وأوامر	29
وأوبريت	29
وأودع	29
وأوربا	29
وأوروبية	29
وأوضحا	29
وأوقف	29
وأولوية	29
وأوهايو	29
وأيدت	29
وإجبارهم	29
وإحالة	29
وإحالتهما	29
وإحداث	29
وإحلال	29
وإخطار	29
وإدارته	29
وإدارية	29
وإدانة	29
وإدراج	29
وإرساله	29
وإرهابه	29
وإرهابية	29
وإريك	29
وإزاحة	29
وإسنادا	29
وإشغال	29
وإصرارها	29
وإضعاف	29
وإطالة	29
وإعادتها	29
وإقليمي	29
وإلحاق	29
وإلقائه	29
وإنتاجه	29
وإنجازات	29
وإنجازها	29
وإنسانا	29
وإنشادية	29
وإنصاف	29
وإنطلقت	29
وإهانة	29
وإيداع	29
وإيزيوم	29
وإيصال	29
وإيقافها	29
وإيمانهم	29
وإيهاب	29
وابتعد	29
وات	29
واتسمت	29
واتفاقيات	29
واتفاقية	29
واتمام	29
واتهام	29
واتهمتها	29
واتهموه	29
واثقة	29
واجراءات	29
واجهته	29
واحتجزت	29
واحتجزته	29
واحتفالا	29
واحتفل	29
واحتل	29
واحتلال	29
واحتلت	29
واحتيالها	29
واختبار	29
واختطاف	29
وادانت	29
وادخلت	29
وادعاءات	29
وارتباط	29
وارتقاء	29
وازدادت	29
وازدهرت	29
وازدواجية	29
وازن	29
وازنة	29
واستئناف	29
واستبعاد	29
واستبعد	29
واستجابة	29
واستخراجه	29
واستدرك	29
واسترجاع	29
واسترداد	29
واستضافت	29
واستطاع	29
واستطعنا	29
واستعرضت	29
واستغرب	29
واستغلالا	29
واستفحال	29
واستفزازات	29
واستقبلت	29
واستكهولم	29
واستلام	29
واستلهام	29
واستمروا	29
واستمعت	29
واستنكارها	29
واستهدافهم	29
واستهلاك	29
واستيراد	29
واشتباكات	29
واشتبكت	29
واشتراطات	29
واشترت	29
واصابة	29
واصبحت	29
واصفين	29
واصلوا	29
واصيب	29
واضعاف	29
واضعو	29
واطلاق	29
واظهر	29
واعتاد	29
واعتادت	29
واعتداءات	29
واعتدى	29
واعتزاز	29
واعتقاله	29
واعد	29
واعدا	29
واعلن	29
واعلنت	29
واغتنم	29
واغتيالات	29
وافترضوا	29
وافته	29
وافقوا	29
واقامة	29
واقتحامات	29
واقتحم	29
واقتحمت	29
واقتراحات	29
واقترحت	29
واقتصادي	29
واقتفاء	29
واقعنا	29
واكبت	29
واكتساب	29
واكتسبت	29
واكثر	29
والأبحاث	29
والأتراك	29
والأتربة	29
والأجنبية	29
والأجواء	29
والأحذية	29
والأحفاد	29
والأخشاب	29
والأخطاء	29
والأديب	29
والأراضي	29
والأربعاء	29
والأردني	29
والأركان	29
والأرياف	29
والأسابيع	29
والأساتذة	29
والأسنان	29
والأسيرات	29
والأشغال	29
والأصفر	29
والأفارقة	29
والأقاليم	29
والأكاديميين	29
والألوان	29
والأمتعة	29
والأنماط	29
والأهمية	29
والأورام	29
والأوضاع	29
والأوكرانية	29
والأوهام	29
والإثنين	29
والإجابة	29
والإخاء	29
والإساءة	29
والإسبانية	29
والإستقرار	29
والإسرائيلي	29
والإسرائيلية	29
والإسلامي	29
والإسهال	29
والإشادة	29
والإشراف	29
والإشهار	29
والإصرار	29
والإصلاحية	29
والإضاءة	29
والإطاحة	29
والإطار	29
والإعداد	29
والإعلاميين	29
والإعمار	29
والإغلاقات	29
والإفراط	29
والإفلات	29
والإلمام	29
والإنجازات	29
والإيراني	29
والإيطالية	29
والإيمانية	29
والاتحادات	29
والاجتماعات	29
والاجراءات	29
والاحترافية	29
والاحتكار	29
والاحتيال	29
والاختطاف	29
والاختناق	29
والارتفاع	29
والاساتذة	29
والاستبداد	29
والاستثمارات	29
والاستثمارية	29
والاستحواذ	29
والاستراتيجي	29
والاستراتيجية	29
والاستعلاء	29
والاستغلال	29
والاستفزاز	29
والاستكشاف	29
والاستنفار	29
والاستهلاك	29
والاشتباك	29
والاطمئنان	29
والاعتداءات	29
والاعتزاز	29
والاعلام	29
والاعمار	29
والاغتصاب	29
والاقتراض	29
والاكسسوارات	29
والامارات	29
والامراض	29
والامن	29
والانتشار	29
والانتصار	29
والانتعاش	29
والانتقالي	29
والانتهاك	29
والانتهاكات	29
والانسحاب	29
والانضمام	29
والانعتاق	29
والانعطاف	29
والانفراد	29
والانفصاليين	29
والانهيارات	29
والبالغة	29
والبذل	29
والبرازيلي	29
والبرتقالية	29
والبركات	29
والبرمجيات	29
والبرية	29
والبريطاني	29
والبشري	29
والبضائع	29
والبعثة	29
والبقية	29
والبلدية	29
والبن	29
والبنى	29
والبني	29
والبورصة	29
والتآمر	29
والتأثيرات	29
والتأهل	29
والتبادلات	29
والتبعية	29
والتجارب	29
والتجديف	29
والتجربة	29
والتجهيز	29
والتحصيل	29
والتحصينات	29
والتحضير	29
والتحويلات	29
والتخبط	29
والتخوف	29
والتداول	29
والتدريبات	29
والتدفئة	29
والتدهور	29
والتر	29
والتراحم	29
والتربوي	29
والترشح	29
والترفيه	29
والتسريح	29
والتسهيلات	29
والتسويات	29
والتشكيلات	29
والتشهير	29
والتصميم	29
والتصور	29
والتصوير	29
والتضحيات	29
والتطبيقات	29
والتظاهرات	29
والتعبيرات	29
والتعددية	29
والتعديات	29
والتعرف	29
والتعلم	29
والتغذية	29
والتغير	29
والتغييرات	29
والتفاؤل	29
والتقارب	29
والتقاط	29
والتقطت	29
والتقيد	29
والتكاليف	29
والتكامل	29
والتكرير	29
والتلفزيون	29
والتلكؤ	29
والتماثل	29
والتموين	29
والتنافس	29
والتنقيب	29
والتنكيل	29
والتنموي	29
والتهم	29
والتواجد	29
والتواطؤ	29
والتوجهات	29
والتوجيهات	29
والثانوي	29
والثراء	29
والثلوج	29
والثورة	29
والجباية	29
والجبلية	29
والجبهة	29
والجراحة	29
والجزائري	29
والجغرافي	29
والجمالي	29
والجودة	29
والجوف	29
والحرائق	29
والحرس	29
والحروب	29
والحريدية	29
والحسابات	29
والحشد	29
والحضارة	29
والحضارية	29
والحقوقية	29
والحقول	29
والحكومية	29
والحلويات	29
والحوارات	29
والحوض	29
والحوكمة	29
والحيطة	29
والحيوي	29
والخبير	29
والخريطة	29
والخضيرة	29
والخطوة	29
والخطورة	29
والخطير	29
والخلايا	29
والخلفيات	29
والخيرات	29
والداعمين	29
والداه	29
والدبلوماسي	29
والدجاج	29
والدعوات	29
والدفاعي	29
والدقة	29
والدكتورة	29
والديار	29
والديها	29
والراديو	29
والرامية	29
والرحلات	29
والرسم	29
والرشاقة	29
والرفض	29
والرقبة	29
والرقي	29
والرمال	29
والروحي	29
والرومانية	29
والرياضيات	29
والزجاجات	29
والزجل	29
والزراعي	29
والزمالك	29
والزملاء	29
والزهرة	29
والزيادات	29
والزيوت	29
والساحات	29
والساحل	29
والسامرة	29
والسجل	29
والسجن	29
والسرير	29
والسطحية	29
والسفن	29
والسفيرة	29
والسكن	29
والسماحة	29
والسمعي	29
والسنغال	29
والسنك	29
والسنية	29
والسوبرماركت	29
والسودانية	29
والسياحي	29
والسياحية	29
والسياسيين	29
والسيخ	29
والسيدات	29
والشامل	29
والشخصية	29
والشريط	29
والشغل	29
والشقيقة	29
والشلف	29
والشمالية	29
والشموخ	29
والشهادات	29
والشهب	29
والصادرات	29
والصاروخية	29
والصباح	29
والصحراء	29
والصداع	29
والصراخ	29
والصريح	29
والصليف	29
والصهاريج	29
والضرورية	29
والضغوطات	29
والطائفية	29
والطبابة	29
والطبيعة	29
والطفولة	29
والطوارئ	29
والطويل	29
والطيور	29
والعارضة	29
والعاصمة	29
والعاطفى	29
والعاطفي	29
والعاطفية	29
والعاملة	29
والعاملون	29
والعثور	29
والعجيب	29
والعداء	29
والعراقيل	29
والعراقيين	29
والعزلة	29
والعزوف	29
والعظام	29
والعقبات	29
والعقلية	29
والعلاج	29
والعواصف	29
والعوامل	29
والغابات	29
والغازات	29
والغازية	29
والغدد	29
والغربي	29
والغربية	29
والـ	29
والفتيات	29
والفحم	29
والفخامة	29
والفرعية	29
والفضاء	29
والفعال	29
والفعالية	29
والفلاحة	29
والفلسطيني	29
والفلسطينيون	29
والفلفل	29
والفنانة	29
والفول	29
والفيديوهات	29
والفيروس	29
والقائد	29
والقائمة	29
والقادة	29
والقانونيين	29
والقت	29
والقرنفل	29
والقروية	29
والقصف	29
والقطاعية	29
والقمم	29
والقومي	29
والكابينة	29
والكالسيوم	29
والكاميرون	29
والكلفة	29
والكميات	29
والكنائس	29
والكنيسة	29
والكوت	29
والكومنولث	29
والكونغرس	29
واللاتيني	29
واللاسلكية	29
واللاعبين	29
واللبنانيين	29
واللصوص	29
واللوائح	29
واللوجستيات	29
واللوحات	29
واللي	29
والمأساة	29
والمؤشرات	29
والمادي	29
والمبادرة	29
والمباشر	29
والمبالغ	29
والمبدئي	29
والمبدعين	29
والمبيدات	29
والمتجددة	29
والمتدينة	29
والمتضامنون	29
والمتعلمين	29
والمتلقي	29
والمتنوعة	29
والمجالات	29
والمجالس	29
والمجتمعي	29
والمجتمعية	29
والمجلات	29
والمجموعات	29
والمجموعة	29
والمحاسب	29
والمحاصصة	29
والمحاضر	29
والمحاضرات	29
والمحامي	29
والمحتاجة	29
والمحتلين	29
والمحركات	29
والمحلات	29
والمخابر	29
والمخازن	29
والمخاطر	29
والمخالفات	29
والمخاوف	29
والمختصون	29
والمخرجة	29
والمدربين	29
والمدرسة	29
والمدعين	29
والمدمرة	29
والمدني	29
والمديرة	29
والمديريات	29
والمديرية	29
والمراعي	29
والمربين	29
والمرحلة	29
والمرشحة	29
والمرضى	29
والمركزي	29
والمزايا	29
والمزمع	29
والمسؤولة	29
والمساء	29
والمسابقات	29
والمساحة	29
والمسار	29
والمسافة	29
والمسافرين	29
والمستخدمين	29
والمستشارين	29
والمستمر	29
والمستهلك	29
والمستودعات	29
والمستويات	29
والمسرح	29
والمسنين	29
والمسيرات	29
والمشاركات	29
والمشاركين	29
والمشاعر	29
والمشجعين	29
والمشكلة	29
والمصابين	29
والمصانع	29
والمصرفية	29
والمصرية	29
والمصير	29
والمضخات	29
والمضمون	29
والمطاعم	29
والمطالبات	29
والمطعن	29
والمعارض	29
والمعاشات	29
والمعالجات	29
والمعالم	29
والمعتقدات	29
والمعتقل	29
والمعنوي	29
والمعنيون	29
والمعهد	29
والمعيقات	29
والمغادرة	29
والمغنيسيوم	29
والمفكرين	29
والمقابلات	29
والمقاتلين	29
والمقالات	29
والمقاهي	29
والملاحة	29
والملاحظ	29
والملاحقات	29
والملحة	29
والممثلة	29
والممكنة	29
والمناظر	29
والمنافسة	29
والمنتخب	29
والمنتخبات	29
والمنتسبين	29
والمنجمي	29
والمنح	29
والمندوبية	29
والمنشدين	29
والمنظور	29
والمهارة	29
والمهام	29
والمهمة	29
والمهندس	29
والمواثيق	29
والمواصفات	29
والمواطنات	29
والموانئ	29
والمودعين	29
والموسيقى	29
والموضوعات	29
والموقوفين	29
والموهبة	29
والميداليات	29
والميدانية	29
والنادي	29
والناشطة	29
والناشطين	29
والناقد	29
والنايلون	29
والنباتية	29
والنبلاء	29
والنخالة	29
والندوات	29
والنزاهة	29
والنضال	29
والنفقات	29
والنفيس	29
والنقاشات	29
والنقدية	29
والنماء	29
والنوعية	29
والنيابية	29
والهادئ	29
والهادفة	29
والهبوط	29
والهجوم	29
والهدم	29
والهروب	29
والهضاب	29
والهواتف	29
والهويات	29
والهيمنة	29
والواردات	29
والواردة	29
والواقعة	29
والوزارات	29
والوزارة	29
والوسائط	29
والوقائع	29
والوقائية	29
واليهودية	29
وامتد	29
وامتداداته	29
وامتدت	29
وامين	29
وانت	29
وانتزاع	29
وانتظام	29
وانتعاش	29
وانتهاك	29
وانخرط	29
وانزال	29
وانسحبت	29
وانسياقها	29
وانعكاساتها	29
وانقر	29
وانهارت	29
واهتمام	29
واهتمامات	29
واهتمامها	29
واهم	29
وايت	29
وبأغلبية	29
وبإشراف	29
وباتجاه	29
وباحثون	29
وبادرت	29
وباعتباره	29
وبالانتقال	29
وبالتزامن	29
وبالسلم	29
وبالقرب	29
وبالكاد	29
وبالمقابل	29
وبالنتيجة	29
وبتسلئيل	29
وبتكلفة	29
وبتلك	29
وبثها	29
وبحسبه	29
وبحكم	29
وبحوزته	29
وبدرجة	29
وبرأيي	29
وبرامجها	29
وبري	29
وبسام	29
وبسحب	29
وبسيط	29
وبطولتي	29
وبعيد	29
وبعيدا	29
وبعيدة	29
وبفارق	29
وبقيمة	29
وبكثير	29
وبكلفة	29
وبلدتي	29
وبلدنا	29
وبلورة	29
وبمختلف	29
وبموازاة	29
وبنغازي	29
وبنية	29
وبهدف	29
وبوشر	29
وبيئة	29
وبيرو	29
وتآكل	29
وتأثيراته	29
وتأثيره	29
وتأجيل	29
وتأزم	29
وتأسس	29
وتأكيدا	29
وتألقا	29
وتأهيلهم	29
وتؤثر	29
وتؤمن	29
وتاريخنا	29
وتباطأ	29
وتباين	29
وتبحث	29
وتبعا	29
وتبعاته	29
وتبعتها	29
وتبنت	29
وتبني	29
وتتأثر	29
وتتابع	29
وتتبنى	29
وتتجلى	29
وتتحسن	29
وتتخذ	29
وتتذكر	29
وتتراجع	29
وتتزامن	29
وتتسبب	29
وتتشارك	29
وتتصدر	29
وتتضاءل	29
وتتقاضى	29
وتتقدم	29
وتتكون	29
وتتمحور	29
وتتواصل	29
وتجار	29
وتجاهل	29
وتجاوزت	29
وتجلياتها	29
وتجنيد	29
وتجهيزات	29
وتجهيزه	29
وتحالفات	29
وتحتل	29
وتحدثوا	29
وتحذير	29
وتحرر	29
وتحرص	29
وتحسن	29
وتحسينها	29
وتحشد	29
وتحصينهم	29
وتحضير	29
وتحفظ	29
وتحكمها	29
وتحليق	29
وتحوي	29
وتحيات	29
وتحييد	29
وتخبط	29
وتختبر	29
وتختتم	29
وتخشى	29
وتخص	29
وتخصص	29
وتخطت	29
وتخلص	29
وتخلفها	29
وتخلل	29
وتخليدا	29
وتداعياتها	29
وتدريبات	29
وتدعى	29
وتدفق	29
وتدفقه	29
وتدهورها	29
وتدين	29
وترامب	29
وتراوحت	29
وتربيتها	29
وترتكز	29
وترسل	29
وترشح	29
وترميم	29
وترهيب	29
وتزامنت	29
وتزويد	29
وتساءلت	29
وتساند	29
وتستخدم	29
وتستطيع	29
وتستعد	29
وتستغرق	29
وتسخير	29
وتشاد	29
وتشبه	29
وتشتت	29
وتشترط	29
وتشترى	29
وتشتيت	29
وتشدد	29
وتشرح	29
وتشكلت	29
وتشن	29
وتصريحاته	29
وتصريف	29
وتصف	29
وتصميم	29
وتصنيع	29
وتصويت	29
وتضاف	29
وتضامن	29
وتضحيته	29
وتضخم	29
وتطهيرها	29
وتطورات	29
وتظاهر	29
وتعاطي	29
وتعالج	29
وتعايش	29
وتعتبرها	29
وتعثرت	29
وتعديل	29
وتعديلات	29
وتعديلها	29
وتعز	29
وتعطي	29
وتعطيل	29
وتعقيم	29
وتعلمون	29
وتعليقا	29
وتعمق	29
وتعول	29
وتعيينات	29
وتغلق	29
وتغيب	29
وتفاعل	29
وتفان	29
وتفشي	29
وتفقدوا	29
وتفوز	29
وتقام	29
وتقديمهم	29
وتقرأ	29
وتقلبات	29
وتقنية	29
وتقنيين	29
وتقوض	29
وتقويض	29
وتكريم	29
وتكلفة	29
وتكوين	29
وتكييفها	29
وتمتع	29
وتمتين	29
وتمثلت	29
وتمديد	29
وتمرير	29
وتمزج	29
وتمكنت	29
وتمنت	29
وتمنح	29
وتميزت	29
وتميل	29
وتنافس	29
وتناقل	29
وتنال	29
وتنتمي	29
وتندد	29
وتنشأ	29
وتنطبق	29
وتنظيمية	29
وتنعكس	29
وتنموية	29
وتنويع	29
وتهجير	29
وتهدم	29
وتهديد	29
وتهديدها	29
وتهم	29
وتواجد	29
وتوجهات	29
وتوجهاتهم	29
وتوزعه	29
وتوصيات	29
وتوظف	29
وتوقيع	29
وتوقيف	29
وتوقيفه	29
وتيبازة	29
وتيرتها	29
وثابتة	29
وثباتهم	29
وثرواتها	29
وثقافته	29
وثقافية	29
وثقتها	29
وجاد	29
وجاري	29
وجامايكا	29
وجامعات	29
وجرائمه	29
وجزءا	29
وجزيرة	29
وجماعية	29
وجمعنا	29
وجمعيات	29
وجميعها	29
وجميعهم	29
وجناح	29
وجنوبها	29
وجنين	29
وجهوده	29
وجوا	29
وجورجيا	29
وجوزيف	29
وجوعا	29
وجيبوتي	29
وجيجل	29
وحاز	29
وحازت	29
وحازمة	29
وحاصرت	29
وحافلة	29
وحالت	29
وحاويات	29
وحجم	29
وحدوده	29
وحرس	29
وحرصها	29
وحرقة	29
وحرمانهم	29
وحريته	29
وحريتهم	29
وحسابات	29
وحساسات	29
وحساسية	29
وحشدت	29
وحصارها	29
وحضرموت	29
وحطم	29
وحظيت	29
وحقوقه	29
وحقيقية	29
وحلفاء	29
وحلفاءها	29
وحلفاؤنا	29
وحلفاؤهم	29
وحلفائهم	29
وحلقت	29
وحلولها	29
وحملات	29
وحوالي	29
وحوش	29
وحولت	29
وحيازة	29
وحيوية	29
وخاركيف	29
وخبرات	29
وخبرة	29
وخطف	29
وخطوة	29
وخفضت	29
وخلفت	29
وخيراته	29
وخيرسون	29
ودائعها	29
وداعما	29
ودافع	29
وداهمت	29
ودبابات	29
ودراستها	29
ودعمهم	29
ودفنها	29
ودمج	29
ودمجها	29
ودوافع	29
ودويلة	29
وديناميكية	29
وديون	29
ورؤيتها	29
ورئيسه	29
وراسخ	29
وربطها	29
ورجالات	29
ورحبت	29
ورخصة	29
وردد	29
وردع	29
وردود	29
ورسالته	29
ورشا	29
ورصف	29
ورطة	29
ورغبته	29
ورفضا	29
ورفضها	29
ورقابة	29
ورقتين	29
ورقم	29
وركيزة	29
ورمادية	29
وروبرت	29
وروتردام	29
وريادة	29
ورياض	29
وريفها	29
وزارت	29
وزارتا	29
وزامبيا	29
وزجاجات	29
وزحل	29
وزراعة	29
وزرقاء	29
وزرها	29
وزع	29
وزعيمه	29
وزملائه	29
وزنجبار	29
وزهق	29
وزيمبابوي	29
وساحة	29
وسارعت	29
وساعات	29
وساعد	29
وساعدت	29
وسان	29
وستبدأ	29
وستتحمل	29
وستتم	29
وستتولى	29
وستجرى	29
وستجري	29
وستدخل	29
وستدرس	29
وستسمح	29
وستشجع	29
وستضم	29
وستفاليا	29
وستقدم	29
وستقوم	29
وستمنستر	29
وستنطلق	29
وستواجه	29
وسجائر	29
وسخرية	29
وسدد	29
وسرد	29
وسرقوا	29
وسطرت	29
وسطيف	29
وسعيدة	29
وسفن	29
وسفير	29
وسقف	29
وسلطة	29
وسلع	29
وسلمته	29
وسمك	29
وسمير	29
وسنبقى	29
وسنذهب	29
وسنرى	29
وسنستمر	29
وسوليفان	29
وسيؤثر	29
وسياساته	29
وسياسته	29
وسيبدأ	29
وسيبقى	29
وسيتطلب	29
وسيتمخض	29
وسيحصل	29
وسيحقق	29
وسيخلف	29
وسيرأس	29
وسيزداد	29
وسيستغرق	29
وسيشارك	29
وسيطا	29
وسيطرته	29
وسيعقد	29
وسيعمل	29
وسيعود	29
وسيعودون	29
وسيكونون	29
وسيلتقي	29
وسيلعب	29
وسيمثل	29
وشاب	29
وشاركته	29
وشامل	29
وشبوة	29
وشجب	29
وشحن	29
وشخصياته	29
وشخصية	29
وشرعت	29
وشرقها	29
وشركائه	29
وشريكتها	29
وشغف	29
وشفاف	29
وشقاء	29
وشقيقته	29
وشقيقه	29
وشكت	29
وشمالي	29
وشمولية	29
وشنت	29
وشولتز	29
وشوهدت	29
وصادر	29
وصافة	29
وصالات	29
وصانعي	29
وصحتهم	29
وصحفيين	29
وصدرت	29
وصرفها	29
وصعبة	29
وصغار	29
وصفحات	29
وصفحة	29
وصفوه	29
وصلتنا	29
وصناديق	29
وصنعوا	29
وصهاريج	29
وصونا	29
وصياغة	29
وصيانتها	29
وصيدا	29
وصيفة	29
وضباب	29
وضباط	29
وضحت	29
وضربات	29
وضعهما	29
وضعيفة	29
وضوحا	29
وطائفية	29
وطبيعتها	29
وطرحها	29
وطرقت	29
وطفلة	29
وطقوس	29
وطلاب	29
وطمس	29
وطنب	29
وطوباس	29
وطيدة	29
وطيران	29
وظيفتي	29
وعائلة	29
وعائلتها	29
وعاداته	29
وعارض	29
وعاصمة	29
وعانت	29
وعبروا	29
وعجزها	29
وعدتنا	29
وعددا	29
وعددها	29
وعدلت	29
وعربات	29
وعربة	29
وعربية	29
وعزيمتهم	29
وعقال	29
وعقوبات	29
وعلاج	29
وعلاقاتها	29
وعلاقة	29
وعلمي	29
وعمال	29
وعمقا	29
وعواصم	29
وعودته	29
وعودها	29
وعوضا	29
وعيوب	29
وغانتس	29
وغربي	29
وغربية	29
وغرد	29
وغرف	29
وغريبة	29
وغسيل	29
وغلق	29
وغواتيمالا	29
وفؤاد	29
وفئات	29
وفاعلية	29
وفال	29
وفتاة	29
وفتشت	29
وفخامة	29
وفدها	29
وفدي	29
وفرتها	29
وفرعها	29
وفرنسية	29
وفريدة	29
وفصلت	29
وفضح	29
وفطم	29
وفعال	29
وفقط	29
وفلسطينيون	29
وفلسطينيين	29
وفور	29
وفوري	29
وفوضى	29
وفيتنام	29
وفيديوهات	29
وفيرة	29
وقاد	29
وقادته	29
وقاذفات	29
وقارورة	29
وقافلة	29
وقبرص	29
وقتي	29
وقدرت	29
وقدسية	29
وقرأوا	29
وقراهم	29
وقصائد	29
وقصب	29
وقعتها	29
وقفز	29
وقفزت	29
وقنصلية	29
وقوارب	29
وقواعده	29
وقواها	29
وقيود	29
وكأنك	29
وكبح	29
وكثفت	29
وكراماتورسك	29
وكرامتهم	29
وكريستيان	29
وكسور	29
وكلائها	29
وكلفت	29
وكلفته	29
وكلمات	29
وكميات	29
وكوادرها	29
وكوستاريكا	29
وكيلة	29
ولأسر	29
ولأكثر	29
ولأمتنا	29
ولإدارة	29
ولاءه	29
ولاشين	29
ولافتات	29
ولاقت	29
ولايتي	29
ولبيد	29
ولجأت	29
ولحسن	29
ولحقت	29
ولذوي	29
ولعائلته	29
ولغاية	29
ولفتا	29
ولفرهامبتون	29
ولقاء	29
وللأمين	29
وللتأكيد	29
وللجرعة	29
وللمسيحيين	29
وللوصول	29
ولنشر	29
ولوائح	29
ولوحات	29
ولوحوا	29
وليفربول	29
ومادية	29
وماركوس	29
وماكرون	29
وماليزيا	29
ومتحمس	29
ومتفق	29
ومثلما	29
ومجتمعية	29
ومجموعات	29
ومجموعته	29
ومحاسبتهم	29
ومحاضر	29
ومحاكم	29
ومحكمة	29
ومحللون	29
ومخالف	29
ومخيمات	29
ومداراة	29
ومدحت	29
ومدخل	29
ومدرعة	29
ومدغشقر	29
ومدنية	29
ومدنيين	29
ومدون	29
ومديرة	29
ومذكرات	29
ومراجع	29
ومرتبطة	29
ومرسى	29
ومرفق	29
ومرفوض	29
ومرفوضة	29
ومركبة	29
ومركزا	29
ومساجد	29
ومساحات	29
ومساندة	29
ومسبح	29
ومستسلمة	29
ومستشار	29
ومستشفى	29
ومستشفيات	29
ومستعدة	29
ومستعدون	29
ومستقبله	29
ومستقر	29
ومستوطنوه	29
ومستويات	29
ومسرح	29
ومش	29
ومشاركتهم	29
ومشاكلها	29
ومشاهد	29
ومشتقات	29
ومشتقاته	29
ومشروعات	29
ومشروعه	29
ومشفى	29
ومشكلة	29
ومشهد	29
ومصابين	29
ومصادر	29
ومصرف	29
ومصير	29
ومضادات	29
ومضاعفة	29
ومضامين	29
ومطالبتها	29
ومطلع	29
ومطلوب	29
ومظاهر	29
ومعارض	29
ومعالجات	29
ومعاملة	29
ومعايير	29
ومعرض	29
ومعرضة	29
ومعظمها	29
ومعقد	29
ومعقولة	29
ومعلنا	29
ومعنيون	29
ومغفرته	29
ومفاقمة	29
ومفاوضات	29
ومقال	29
ومقالات	29
ومقاومتنا	29
ومقبولة	29
ومقر	29
ومقرات	29
ومقره	29
ومقهى	29
ومقيم	29
ومكاتبها	29
ومكالمات	29
ومكتبة	29
ومكونات	29
وملاوي	29
وملتقى	29
وملحق	29
وملعقة	29
وملفات	29
وملكة	29
وممتعة	29
ومناهضة	29
ومنتخب	29
ومنتصف	29
ومنحهم	29
ومندمجة	29
ومنسجم	29
ومنصة	29
ومنطقتها	29
ومنظم	29
ومهاجم	29
ومهام	29
ومهرجانات	29
ومهمة	29
ومهنيي	29
ومواجهات	29
ومواطن	29
ومواطنيها	29
وموجة	29
وموجها	29
وموسيقيين	29
وموضوعية	29
وموظفين	29
وموقفنا	29
وموقفه	29
وميتشيغان	29
وميكولايف	29
وميليشيات	29
ونؤمن	29
ونائبة	29
ونائبه	29
ونادي	29
وناشطون	29
وناشطين	29
وناقشت	29
ونالت	29
ونبذل	29
ونبهت	29
ونتشاور	29
ونتطلع	29
ونجلاء	29
ونجله	29
ونجيب	29
ونحاول	29
ونحترم	29
ونحقق	29
ونختار	29
ونخلة	29
ونري	29
ونزاع	29
ونزوح	29
ونستون	29
ونشأت	29
ونشاطه	29
ونشرته	29
ونشطاء	29
ونطاق	29
ونظيرتها	29
ونعرف	29
ونعيد	29
ونفطه	29
ونقلتها	29
ونقلوا	29
ونقمة	29
ونلاحظ	29
ونلحظ	29
ونمت	29
ونملك	29
ونموذج	29
وننتقل	29
ونهايته	29
ونوعها	29
ونوعية	29
ونوقشت	29
ونيكولا	29
وهادي	29
وهبط	29
وهبوط	29
وهندوراس	29
وهونغ	29
وواسعة	29
وواقعي	29
ووالدته	29
ووثق	29
ووجدان	29
ووجودنا	29
ووحدته	29
وورشات	29
ووصفات	29
ووصفهم	29
ووصفوا	29
ووصلوا	29
ووصول	29
ووظيفة	29
ووظيفتها	29
ووفرة	29
ووقال	29
ووقوفه	29
ووليد	29
وون	29
ووهران	29
ويبحث	29
ويبرز	29
ويبو	29
ويتجلى	29
ويتجول	29
ويتحمل	29
ويتراوح	29
ويتردد	29
ويتزامن	29
ويتزايد	29
ويتطلب	29
ويتقاسم	29
ويتلخص	29
ويتلقى	29
ويتهم	29
ويتوقعون	29
ويتيح	29
ويثير	29
ويجدر	29
ويجيد	29
ويحافظ	29
ويحاكم	29
ويحتاجون	29
ويحدد	29
ويحكي	29
ويحملون	29
ويخضع	29
ويدين	29
ويرأس	29
ويربط	29
ويرقى	29
ويرنر	29
ويريفان	29
ويز	29
ويستفاليا	29
ويستلزم	29
ويستمرون	29
ويستمنستر	29
ويستهام	29
ويسعون	29
ويسكنه	29
ويشجع	29
ويصر	29
ويصوت	29
ويصون	29
ويضغط	29
ويطرح	29
ويعادل	29
ويعاونه	29
ويعرفون	29
ويعزو	29
ويعشق	29
ويعطيهم	29
ويعكف	29
ويعيده	29
ويعيش	29
ويعيشون	29
ويغطي	29
ويفتقر	29
ويفسر	29
ويقفون	29
ويكمن	29
ويكونون	29
ويلسون	29
ويمبلي	29
ويمتد	29
ويمكننا	29
ويمكنهم	29
ويمنية	29
ويموتون	29
وينبين	29
ويندي	29
وينذر	29
وينشر	29
وينظرون	29
وينم	29
ويهتم	29
ويهدف	29
يؤديان	29
يابا	29
يار	29
يبتلع	29
يبث	29
يبدأوا	29
يبدأون	29
يبذلها	29
يبرهن	29
يبرير	29
يبطئ	29
يتأرجح	29
يتابعون	29
يتباطأ	29
يتحدثان	29
يتحدثوا	29
يتحدر	29
يتحدى	29
يتحصن	29
يتحكم	29
يتخبط	29
يتخلى	29
يتخوفون	29
يتدرب	29
يتدفق	29
يترافق	29
يتساءل	29
يتسرب	29
يتسرع	29
يتشكل	29
يتطلبه	29
يتطلعون	29
يتظاهر	29
يتعاملون	29
يتعرضن	29
يتعلموا	29
يتغمده	29
يتفاخر	29
يتفرج	29
يتقاضى	29
يتقدمون	29
يتكشف	29
يتكيف	29
يتلق	29
يتمادون	29
يتمدد	29
يتمكنا	29
يتناقض	29
يتنبأ	29
يتهدد	29
يتواجدون	29
يتواجه	29
يتواطأ	29
يتوج	29
يتوجهون	29
يتوزعون	29
يتوسع	29
يتوعد	29
يتوق	29
يتوقعها	29
يتولاها	29
يثار	29
يجمعنا	29
يجوب	29
يحتذى	29
يحتلها	29
يحتم	29
يحتويه	29
يحجز	29
يحرف	29
يحزنني	29
يحطم	29
يحفرون	29
يحملان	29
يحملوا	29
يخاطر	29
يخبو	29
يخت	29
يختارون	29
يختبروا	29
يختفي	29
يخضعوا	29
يخيف	29
يخيم	29
يدحر	29
يدرسون	29
يدعمه	29
يدمر	29
يديره	29
يديرها	29
يرافقها	29
يربو	29
يرتكبها	29
يرتكبون	29
يرتكز	29
يرددن	29
يردع	29
يرزح	29
يرسلون	29
يرشقون	29
يرقدون	29
يرماك	29
يزالان	29
يزاولون	29
يزايدون	29
يسارية	29
يساعدها	29
يساعدهم	29
يساعدون	29
يسافرون	29
يستثمرها	29
يستدعى	29
يستضيف	29
يستعيد	29
يستعيدون	29
يستعينون	29
يستغرقها	29
يستغلون	29
يستفز	29
يستفيدون	29
يستهدفه	29
يسحب	29
يسدد	29
يسطع	29
يسعنا	29
يسمحون	29
يسيطرون	29
يشابه	29
يشاهده	29
يشتكون	29
يشجعان	29
يشجعهم	29
يشرفون	29
يشعلون	29
يشغلها	29
يشكله	29
يشنون	29
يشيرون	29
يشيع	29
يصاحب	29
يصادق	29
يصارع	29
يصدرون	29
يصلحوا	29
يصوتوا	29
يضطرون	29
يضطلع	29
يعارضون	29
يعالجها	29
يعتبرونها	29
يعرضه	29
يعطينا	29
يعيشان	29
يغذي	29
يغذيه	29
يغطون	29
يغلقون	29
يفتحون	29
يفجر	29
يفرضه	29
يفرضوا	29
يفز	29
يفشل	29
يفضلها	29
يفهمها	29
يفيدوا	29
يقاطع	29
يقبعون	29
يقتربون	29
يقضيان	29
يقطنها	29
يقلص	29
يقودهم	29
يكافح	29
يكثف	29
يكرس	29
يكسبها	29
يلاحق	29
يلخص	29
يلغي	29
يلمس	29
يلهم	29
يلينا	29
يمكنهما	29
يمنية	29
يمينيين	29
ينأى	29
يناسبهم	29
يناشد	29
ينافس	29
يناقشها	29
يناقشون	29
ينبض	29
ينتعش	29
ينجحوا	29
ينجذب	29
ينجم	29
ينشط	29
ينفذه	29
ينهلون	29
ينهي	29
يهدوت	29
يهزم	29
يهمنا	29
يهنوا	29
يواجهه	29
يوازن	29
يوركشاير	29
يوسي	29
يوصون	29
يومى	29
يوميات	29
يومياته	29
يونيتامس	29
يونيسف	29
يويفا	29
ييل	29
اشتغال	28
فغلب	28
الدولابي	28
عاص	28
نحكم	28
توهمه	28
عرى	28
تبسم	28
نعليه	28
بفارس	28
تغيره	28
العتكي	28
أسره	28
ذنوبي	28
يرثها	28
موجبه	28
درهمان	28
فليفعل	28
بدهن	28
وقيمته	28
برحمتك	28
اعمل	28
فيشمل	28
رجحه	28
للإجماع	28
الكبش	28
جنده	28
طينة	28
فاستأذن	28
لعطاء	28
غصبه	28
المورث	28
الحمق	28
بوله	28
وانتفاء	28
ولكنك	28
أبيهما	28
سحيم	28
عصمته	28
احدهما	28
ونعيم	28
خالفهم	28
تتلى	28
يدريك	28
يعسر	28
وملكه	28
متمتعا	28
أصحابهم	28
مخففا	28
راكع	28
القن	28
ثمانمائة	28
حيويه	28
وحدي	28
والكفار	28
بقولي	28
صحبت	28
هين	28
ويدعون	28
الأرب	28
الأنصارية	28
تغليبا	28
الناصرية	28
وهاجر	28
فالأصح	28
السقط	28
التحيات	28
صير	28
والحيض	28
أظهرهما	28
دخولا	28
المكيل	28
سلار	28
بالسيوف	28
عاقبته	28
ودام	28
الطالع	28
بارعا	28
القراءتين	28
يعطوا	28
جنته	28
فأنشده	28
الصريحة	28
والمشركين	28
بتفاوت	28
ذريتهم	28
التصريف	28
ومختصر	28
تكميل	28
المنافي	28
الروع	28
رياسة	28
حرفين	28
نعله	28
اجعلني	28
والخمس	28
وأمثالها	28
وصلاته	28
قفيز	28
الملزوم	28
وسلموا	28
أسكن	28
ليقولن	28
بالشئ	28
ينقله	28
السعير	28
امتلأ	28
باللعان	28
للاتباع	28
بكلامه	28
بجير	28
الباغية	28
الأقوام	28
لبشر	28
أبصرت	28
قذفها	28
الملاعنة	28
خالويه	28
الحسام	28
خليد	28
ورقه	28
النصري	28
وصدره	28
والسابع	28
وسادة	28
تظن	28
وحرام	28
تساويا	28
الياقوت	28
وفضة	28
واستشكل	28
المرفقين	28
أذل	28
نلت	28
أبرهة	28
فأكرمه	28
الأمكنة	28
الحكمية	28
متواترة	28
الاستعاذة	28
والسرائر	28
اتصف	28
شاربه	28
الرباني	28
الملكين	28
آتيناهم	28
عماله	28
غليظة	28
ومكحول	28
غرضا	28
حراء	28
روحا	28
نقلناه	28
الفيروزآبادي	28
بعتقه	28
يبتغون	28
والبخارى	28
عوج	28
يعطه	28
ونسخ	28
والنية	28
الحسية	28
بواو	28
مكرمة	28
ألق	28
معصوما	28
السمطين	28
يحلفون	28
يضربه	28
فروض	28
كصلاة	28
صفتها	28
يبايع	28
أنقص	28
نامه	28
خصيف	28
المجازي	28
الصبرة	28
أعدائهم	28
مدخول	28
حكاها	28
حبب	28
تأذن	28
وسل	28
والكسوة	28
والأولياء	28
بتاء	28
تلاوته	28
للمساكين	28
يقلع	28
والفقير	28
فحدثنا	28
الابتلاء	28
المتقون	28
قبضا	28
وسببه	28
جلوسه	28
الشوارب	28
العتيقي	28
رزقكم	28
بمنه	28
الحولين	28
شرطهما	28
الضال	28
وقاتلوا	28
وعقل	28
رويدا	28
قيما	28
وحفصة	28
بالطائف	28
وأمته	28
لقينا	28
وموت	28
فارقت	28
استقام	28
أعلمهم	28
لقرب	28
أغر	28
صبرت	28
والولي	28
نهيت	28
قبرا	28
بايعت	28
الداهية	28
يتعمد	28
عندى	28
مشركا	28
ويكبر	28
وإرادته	28
امرىء	28
شيب	28
وأقبلت	28
ألك	28
بالمهملة	28
يعتكف	28
استحل	28
عفي	28
رءوسهم	28
الرائي	28
يقتدي	28
أوصي	28
المكث	28
معلول	28
جوزنا	28
يهد	28
عدلت	28
إعتاق	28
تتعين	28
تبيين	28
سمعي	28
يهل	28
فإنى	28
النوازل	28
نافعة	28
ذمه	28
الشماخ	28
وأسروا	28
ثمره	28
تسعمائة	28
بالقصد	28
خالفت	28
جرا	28
المنسرح	28
والجلوس	28
التنعيم	28
تلاميذه	28
فتزوج	28
الأشهب	28
أبرأه	28
الجون	28
يسلمون	28
امض	28
ومدة	28
أقسمت	28
هتك	28
تنكحوا	28
الخز	28
محذوفة	28
شخصه	28
وكلوا	28
وينسب	28
بجواب	28
القواس	28
خثعم	28
المصدرية	28
البرء	28
وحبسه	28
الحزامي	28
بشماله	28
مشيه	28
أعطيك	28
يتأمل	28
يخضب	28
فأظهر	28
كناه	28
أفلم	28
فليت	28
وعظ	28
الفاضلة	28
الاستهزاء	28
إيمانكم	28
أسألكم	28
ائتني	28
بحير	28
انحصار	28
وزوال	28
والغزالي	28
فشبه	28
وطئت	28
لربك	28
الكحل	28
للعطف	28
نخاف	28
والحمار	28
بالسواك	28
بالسبب	28
الفلاة	28
الفحشاء	28
للشرط	28
أسفلها	28
ويعطى	28
الشرايع	28
غاصب	28
أراها	28
أهواءهم	28
بيعته	28
البان	28
نكير	28
ومنك	28
فيسلم	28
بحران	28
ونفقة	28
سيئاته	28
وولدت	28
لثمان	28
بغا	28
قليله	28
العقر	28
مشعر	28
يقرون	28
وع	28
جذام	28
معتق	28
فدنا	28
السدر	28
جزاؤه	28
القروح	28
الحرائر	28
مبسوط	28
بربكم	28
المقدرة	28
والخميس	28
كفالة	28
مطهرة	28
يف	28
وغاب	28
والحرم	28
مغرب	28
بجماعة	28
الخسران	28
وخلاف	28
مملوءة	28
والفخر	28
وأكثرها	28
بالمرة	28
الإبدال	28
يلعبون	28
الأقدار	28
يغتفر	28
ينبئ	28
وإخوته	28
تطوف	28
بالشمس	28
ليظهر	28
نوعين	28
تأخرت	28
والثمار	28
بإبراهيم	28
خاطر	28
ذكرتها	28
إسنادا	28
استحسان	28
ومخالفة	28
معهن	28
تعددت	28
نسق	28
إسقاطه	28
علانية	28
عدلان	28
يتطرق	28
الهمم	28
أفواههم	28
الدعاة	28
توصف	28
مخاطبا	28
السجاد	28
ثمرات	28
أوامره	28
وحملوا	28
تلاميذ	28
صفاء	28
المرسلة	28
أميل	28
الطريقين	28
باختيار	28
دأب	28
الأقاويل	28
جعلتها	28
للحاج	28
تراها	28
الإقناع	28
فكشف	28
والوكيل	28
الأحرف	28
للمرء	28
الخفاء	28
والمنقول	28
المحمدي	28
النقود	28
استئجار	28
التمني	28
إجابته	28
فضلت	28
بالأجرة	28
فتيان	28
فهمت	28
راضية	28
النابلسي	28
بالوفاء	28
تعرفون	28
لاقى	28
خيط	28
المحصن	28
أجزائها	28
بنيان	28
استحال	28
مشكوك	28
حرصا	28
منفرد	28
احتمالا	28
حديدة	28
لمس	28
الضيعة	28
بمحضر	28
قطعوا	28
بعثوا	28
العجلة	28
بالرسالة	28
مسجدي	28
ضع	28
بالكل	28
أنشأها	28
المهيمن	28
منعنا	28
طعمة	28
أشواط	28
يتجدد	28
الفتحة	28
وتحقق	28
الإكثار	28
متأخرا	28
لغوي	28
يغزو	28
عمت	28
مساواة	28
المؤرخين	28
جرب	28
البطيخ	28
للأولى	28
فقم	28
للنص	28
لعلها	28
الأطهار	28
استقرت	28
والأكل	28
بجملة	28
الورود	28
مصغر	28
عروق	28
عارضه	28
وكتبوا	28
بالأكل	28
الملكوت	28
لحمل	28
أدائه	28
المحصول	28
شبيها	28
الزوجان	28
امتنعت	28
الاحتمالات	28
السليمة	28
الكامنة	28
اكتسب	28
انشاء	28
الأدبية	28
والبعض	28
الهدم	28
يعيده	28
يتمسك	28
السحور	28
وضوح	28
الإفتاء	28
للواقع	28
يقرر	28
زكي	28
الآبار	28
وتقرير	28
دعاة	28
شهدنا	28
تاجر	28
رزيق	28
استفاد	28
الجوز	28
المباحث	28
تخشى	28
الحصاد	28
عض	28
طريقهم	28
اول	28
تفويض	28
الاعتزال	28
إياد	28
الناطقة	28
يجدها	28
تضاف	28
وسقوط	28
خلفت	28
ونهب	28
الحلو	28
تسليمها	28
بدعوة	28
تشديد	28
التأمين	28
وبدا	28
موقعه	28
وبهذه	28
جراح	28
اعتراف	28
وإضافة	28
فهناك	28
لسوء	28
وظائف	28
سمح	28
الوقاية	28
الإسراع	28
أوامر	28
منفصلة	28
سريعة	28
توثيق	28
المحظور	28
الجوانب	28
أسبوع	28
المبعوث	28
صعيد	28
شؤون	28
للقيام	28
جودة	28
الغرفة	28
المسابقة	28
الجنسية	28
الحربية	28
وشهدت	28
الأرجح	28
الصادرة	28
يتمتع	28
الموقع	28
أبرز	28
المجال	28
الثقافة	28
جنوب	28
نتائج	28
القطاع	28
أشر	27
وطاف	27
بالنفقة	27
يسلمه	27
الإمالة	27
حقيق	27
للعباس	27
والمأموم	27
الولدان	27
وعلقمة	27
يابسة	27
إخوانهم	27
فانقطع	27
الصمة	27
ظلمت	27
نجسة	27
البرزالي	27
ذبيان	27
والجود	27
البزنطي	27
للشفيع	27
هداه	27
وليمة	27
فركع	27
الأسنة	27
ربعه	27
مسئلة	27
الشبع	27
وزان	27
مى	27
بملاحظة	27
يسمعوا	27
كلامها	27
فاغتسل	27
يدلك	27
سيفي	27
وغنم	27
المعتدة	27
والنحل	27
ليلتين	27
بالوقف	27
أومأ	27
أطرافها	27
الخمار	27
وزين	27
يسلموا	27
بالعود	27
وبرد	27
نكحت	27
يمسه	27
فأحضر	27
الرهاوي	27
القاهري	27
تاجرا	27
أنبت	27
فأمرها	27
بالعجز	27
يقله	27
وباع	27
الطالقاني	27
كادوا	27
ضعفت	27
الغافلين	27
جاعل	27
وأراه	27
أحوالها	27
نصيبين	27
الأقراء	27
السعاية	27
المراغي	27
والوقار	27
قيدا	27
ساهيا	27
والفرائض	27
تولية	27
نازلا	27
بالأم	27
الخلة	27
مفعولين	27
أبعث	27
كفرت	27
منصرف	27
راجعها	27
ثيابهم	27
اسكت	27
بالأدب	27
والعياذ	27
ضلوا	27
وستر	27
مشيئته	27
بالضاد	27
الاستدراك	27
فؤاده	27
ببعضها	27
حرجا	27
اجعله	27
والورق	27
والإثبات	27
جاهد	27
الجاثية	27
أحرق	27
فاخرج	27
أكرمه	27
متوجه	27
العلوق	27
ويختلف	27
اعتكف	27
المنسوخ	27
والرجاء	27
وحكما	27
بالأقل	27
مسد	27
خنثى	27
فالذين	27
جعفرا	27
روضات	27
وفلانا	27
ومقابله	27
الأليم	27
ليبين	27
ينجسه	27
متمكن	27
يستحلف	27
وافقهم	27
والضراء	27
أخرجنا	27
خافت	27
فتخرج	27
امرأتان	27
الإسكافي	27
علله	27
زهد	27
تأويلا	27
والبول	27
بلغك	27
فدخلها	27
عبيدا	27
أسلما	27
والزنا	27
أسبق	27
الحسب	27
وعفان	27
نهاره	27
نبذ	27
والحمير	27
عالمين	27
وخصوص	27
قشر	27
ورخص	27
أخوة	27
اليزدي	27
شماس	27
الشفة	27
أخلف	27
بأعمالهم	27
فيموت	27
خافوا	27
بمعصية	27
يحك	27
تطويل	27
الأصلين	27
وسبحان	27
فأكله	27
لأحدهم	27
أرجوزة	27
السراويل	27
باليمامة	27
نهيا	27
أواق	27
حجابا	27
فأيهما	27
الكتان	27
هجاء	27
وأصح	27
الغانمين	27
نعمت	27
دعاك	27
دمعي	27
ينظروا	27
بالمعجمة	27
مورثه	27
المطالع	27
يلاعن	27
جزاك	27
والحفظ	27
والتسبيح	27
المزبورة	27
يصيبهم	27
بعبده	27
سائغ	27
فيكره	27
معتد	27
قتلتم	27
يغوث	27
وتسع	27
القطا	27
بعيني	27
دعى	27
معقود	27
والأربعة	27
أبنية	27
وذهاب	27
فتاب	27
وعهد	27
مصليا	27
وثلثا	27
والمقداد	27
والغنى	27
إخوانا	27
وإنكم	27
أهديت	27
البلغم	27
الأخريين	27
حائطا	27
المؤاخذة	27
أكرهه	27
الإزالة	27
صبابة	27
شريعته	27
أودعه	27
سقم	27
الأراك	27
والمسافر	27
الأثمان	27
وعفا	27
وسلك	27
الكلاعي	27
المزار	27
النازل	27
يغدو	27
ويرضى	27
الميمنة	27
القبائح	27
والذال	27
دماءهم	27
الحشا	27
وصليت	27
فيئا	27
بنيته	27
الممنوع	27
فاقتضى	27
أجب	27
الدباء	27
أذكره	27
فسقطت	27
وحشة	27
بياع	27
الرقية	27
محجور	27
الجذامي	27
أنذر	27
فتحنا	27
انشقت	27
وردوا	27
والتصديق	27
والاستنشاق	27
والدابة	27
بخت	27
البسر	27
متحقق	27
ينصرون	27
العلانية	27
بفناء	27
ممتنعا	27
المفسد	27
الافتراق	27
قفا	27
سلوا	27
فورد	27
مستفاد	27
طورا	27
حليما	27
عونا	27
ورضيت	27
فينزل	27
الخرائج	27
لشيخ	27
يبتغي	27
فحدثت	27
مجاوزة	27
انتصب	27
والشرع	27
بالزمان	27
وأنفسهم	27
ونفخ	27
يفتر	27
والصحابة	27
الإحصان	27
التلمساني	27
قرط	27
بفاس	27
المشيب	27
إسرافيل	27
النعال	27
كثروا	27
جوعا	27
متمكنا	27
وغالب	27
بأيدينا	27
زرعه	27
إعمال	27
خريم	27
كدت	27
خطبها	27
جرهم	27
رشده	27
فجرت	27
محجورا	27
والصلة	27
النقباء	27
ويضعف	27
يتجر	27
جريا	27
بالجميع	27
ولقائل	27
مقرىء	27
وكذبوا	27
وجاهدوا	27
عمامته	27
رئي	27
مسائله	27
طلقتك	27
تنزيلا	27
فنصف	27
تطع	27
واصبر	27
الأودية	27
فنهاه	27
فيعطى	27
الإيجاز	27
مساو	27
بطهارة	27
وعلله	27
خلقته	27
التولية	27
چون	27
وعبارته	27
اشتريته	27
يؤت	27
منكن	27
متعذر	27
ترده	27
النهروان	27
يومكم	27
عادلا	27
زوالها	27
معجزات	27
السلولي	27
بالجهاد	27
قريبه	27
ذنبي	27
خلاق	27
نرجع	27
الغرس	27
ينتهى	27
سلامه	27
ابان	27
الريحان	27
بالخلق	27
بيسير	27
الثنايا	27
القمل	27
ثلثاه	27
سقاه	27
الحرالي	27
الزهاد	27
وأقرأ	27
مفسرا	27
جلت	27
بعون	27
الغبن	27
وكاتب	27
للفرق	27
جب	27
يدق	27
مرشد	27
وجبريل	27
اجماع	27
أرني	27
يقنع	27
الشح	27
والتقصير	27
بقيام	27
يأتيكم	27
عقوبته	27
نبيها	27
يفرط	27
تطاول	27
يعزل	27
التعصب	27
وأسقط	27
الجموع	27
مواقيت	27
كغيرها	27
وولاية	27
العزيمة	27
والابن	27
شبهت	27
ووقوع	27
الخصب	27
تمسكوا	27
والترهيب	27
أوليس	27
مكاني	27
الرشوة	27
نهايته	27
لعين	27
يجدد	27
أخبرتني	27
نماء	27
ظواهر	27
باثنين	27
أشك	27
إخلاص	27
الزهرة	27
توكل	27
بالخطاب	27
تقلد	27
رعى	27
أولادي	27
وتدل	27
السداد	27
والربح	27
بأيديكم	27
عدده	27
الناجي	27
العارضة	27
تهلك	27
بأسباب	27
رحمتي	27
وأخذها	27
اللعين	27
مدفوع	27
وسماع	27
الغايات	27
فقاموا	27
قنطرة	27
منزلك	27
وتبطل	27
مدعيا	27
أوربا	27
الرقعة	27
قابيل	27
لأبوين	27
السبابة	27
والولاء	27
والحدود	27
النفيس	27
بهذين	27
وأرباب	27
يأتين	27
البهجة	27
طغى	27
دعوه	27
الراضي	27
صالحه	27
الناقل	27
غمر	27
انتهينا	27
الزحام	27
ناله	27
العجيبة	27
سألتني	27
الطيبين	27
هاتان	27
تعطى	27
وأثر	27
الكعبي	27
بذنبه	27
قويت	27
يخصص	27
يكرم	27
بليغ	27
والأربعين	27
موثق	27
عكاشة	27
جمعته	27
أصبحنا	27
تزكية	27
سنتي	27
يبقي	27
حسابا	27
كواكب	27
وتسقط	27
بضعف	27
وزوجة	27
لرؤيته	27
ذهابه	27
التوثيق	27
قصيرا	27
قنا	27
آه	27
يومهم	27
وأسرع	27
تجبر	27
المختارة	27
راعي	27
التسلسل	27
فرخ	27
والساعة	27
إسلامي	27
نشأت	27
سلاحه	27
المنتصر	27
الحشيش	27
الوفاق	27
وكاد	27
بالسفر	27
الأنبار	27
ويتعين	27
اسحق	27
تصب	27
وأسباب	27
بحقها	27
ببعيد	27
جزئية	27
فضاء	27
بسقوط	27
كثيرين	27
الصخر	27
الظهيرة	27
الأرز	27
وشكر	27
يتلقى	27
الركبة	27
يوحنا	27
وأبناء	27
وسرعة	27
والسلم	27
أصر	27
يقترن	27
اليومين	27
بأنهما	27
بالكثير	27
واردة	27
والتعريف	27
تحققت	27
الأنسب	27
ورفعت	27
والضمان	27
وتقع	27
المصطلح	27
الكم	27
بالتفصيل	27
مقابلته	27
الفائت	27
يضطر	27
المناقشة	27
الوظيفة	27
يستمع	27
مقرب	27
نقلوا	27
زيدان	27
تشابه	27
السباق	27
ينطبق	27
والغرب	27
يظل	27
وإصلاح	27
والكرامة	27
تأكد	27
رحلته	27
لقوا	27
للبيان	27
الميداني	27
جانبها	27
مشابهة	27
صبري	27
الفقرة	27
وكأنها	27
سورية	27
شاملة	27
النشاط	27
الأمد	27
متوسط	27
شمالي	27
اليومية	27
وعندما	27
آب	27
للجنة	27
متقدمة	27
شارع	27
الذكاء	27
تنتظر	27
الرصاص	27
إلغاء	27
تفاصيل	27
التعامل	27
تسبب	27
مساعدة	27
فكرة	27
النواب	27
حماية	27
التابعة	27
البنك	27
يشرط	26
مثاقيل	26
الحبشي	26
جفنة	26
الذر	26
حركه	26
فانى	26
راهب	26
ولعلها	26
فصرت	26
لغلبة	26
وقرأه	26
نمنع	26
أخوان	26
يستخلف	26
الإكمال	26
عدونا	26
طاعتهم	26
والتفصيل	26
لأنفسكم	26
فيضرب	26
لإفادة	26
المستعين	26
نزلا	26
عفى	26
والفهم	26
لعيسى	26
والتقييد	26
العيس	26
الأقربين	26
شرفه	26
مشية	26
والقضاة	26
وعنها	26
يعرفونه	26
أربابا	26
لوقتها	26
لحال	26
فليتوضأ	26
التعليقة	26
لوجوه	26
ببخارى	26
عبادنا	26
عظمه	26
السلماني	26
اسلم	26
لحوق	26
مثنوي	26
والغلبة	26
أوفق	26
العدى	26
يهديه	26
جوانبه	26
إجزاء	26
شوق	26
الشاكرين	26
وأعد	26
وخلقه	26
يومان	26
عنب	26
خفاف	26
أودية	26
وقدمنا	26
قسيم	26
للصبي	26
سيجئ	26
أوفوا	26
ورجله	26
رائحته	26
زيدت	26
الشعراني	26
كدر	26
فزعا	26
إذنها	26
فعظم	26
ينحصر	26
ارجعوا	26
فأخذته	26
ثوابها	26
والركوع	26
يثقل	26
الغري	26
تأملت	26
بثلاثين	26
العدني	26
كالأول	26
ككتاب	26
فرغوا	26
العزائم	26
الخطمي	26
أتته	26
بذبح	26
الاحسان	26
يتركوا	26
فسبح	26
أطعمه	26
الرهط	26
نكت	26
يه	26
والوصي	26
راويه	26
عذابي	26
فيعود	26
يدعه	26
فخلع	26
بالبطلان	26
صرفت	26
نحب	26
والبغال	26
وخاتم	26
تذبح	26
والنقص	26
وصيام	26
الكائنة	26
وأخ	26
فعدل	26
المنادى	26
تأويلها	26
عظما	26
فقرأت	26
نظما	26
ئل	26
قارون	26
يلج	26
والمعاد	26
مردودة	26
بالعصا	26
فملك	26
أفرأيت	26
التكبيرة	26
الإملاء	26
مجرور	26
الغافقي	26
يفتى	26
التبصرة	26
البسري	26
نازلة	26
مقدمه	26
مخلص	26
واضع	26
وتصير	26
وكذبه	26
الأحبة	26
وسمعه	26
حقهما	26
حكمهما	26
شافعي	26
يبغي	26
طيء	26
يلبغا	26
جنبي	26
تصلوا	26
وأهدى	26
لإنسان	26
سابقه	26
بذهب	26
المشتق	26
محبوسا	26
ساغ	26
القدسية	26
يثنى	26
قلعه	26
آلى	26
جلا	26
ووصله	26
نعما	26
سكرة	26
فدى	26
المعصومين	26
والرجلين	26
محاسنه	26
الجوهرة	26
يحسبون	26
طعامهم	26
الخدود	26
زنيت	26
الحكمي	26
ورقا	26
قبرها	26
تعظيمه	26
والطاء	26
بالأخرى	26
الزهرى	26
كنه	26
غليظا	26
أشبهها	26
حدثكم	26
أوجبنا	26
أمهاتكم	26
المحيا	26
تراض	26
ينسبون	26
بهراة	26
المحاباة	26
رملة	26
كلالة	26
اشهدوا	26
والتأنيث	26
شبها	26
بنجد	26
فقاتلهم	26
المبطل	26
ونذيرا	26
قرين	26
أعيا	26
والرزق	26
عرقا	26
الصيقل	26
المقصورة	26
المتروك	26
المكاره	26
كالشمس	26
أتيتك	26
لزمت	26
والاستفهام	26
أجمعون	26
ويصرف	26
خواصه	26
الفعلين	26
ولكنني	26
يستعمله	26
للصواب	26
الاستخارة	26
كالرجل	26
ذلة	26
مروءة	26
والحسد	26
بأجمعهم	26
خيركم	26
والأنعام	26
وأتباعهم	26
مصفى	26
حمويه	26
ذكاته	26
المطبعة	26
فقطعت	26
أوصيت	26
أصوم	26
وشعره	26
المنطوق	26
طيئ	26
سواهما	26
عليل	26
فلزمه	26
الوسواس	26
مغيب	26
وسيجئ	26
وعتبة	26
الحناء	26
بجيلة	26
الغلابي	26
والرعايتين	26
يئس	26
بسطت	26
اثنتا	26
وامرأتين	26
فرجا	26
والأرضين	26
يعودون	26
أنتما	26
الألوف	26
وشرحها	26
فسخا	26
قلن	26
تسيل	26
لذكره	26
يوقنون	26
موكل	26
عنيت	26
دثار	26
حروفه	26
طالع	26
المذي	26
لوقوعه	26
لسانا	26
الهيبة	26
والعهد	26
فتذكر	26
يضبط	26
ونكاح	26
الإيماء	26
الفصولين	26
وأولي	26
تكفرون	26
دنت	26
إمامهم	26
ساكت	26
تأويلان	26
فخرجنا	26
نهانا	26
وأيم	26
وقرن	26
وقولها	26
بجناية	26
بطونها	26
تؤمنون	26
وكفاية	26
العبدين	26
فردوه	26
العشرون	26
الهوام	26
صلته	26
وهبته	26
والدرهم	26
الأجوبة	26
نحوهما	26
الاستخلاف	26
يأتينا	26
آذانهم	26
يساف	26
وأدنى	26
تقعد	26
الحصاة	26
والمسالك	26
معظما	26
عوجا	26
عقرب	26
وسماها	26
ولقول	26
كتابهم	26
النازلة	26
فخذوه	26
الميسر	26
رسمه	26
فسل	26
مكرهم	26
الناظرين	26
جمح	26
الرحبي	26
والنخل	26
فالحمد	26
القفا	26
آخذا	26
فأثبت	26
باشتراط	26
يراك	26
باليسير	26
ويسكن	26
فهرسها	26
الفرش	26
انتفاع	26
والإباحة	26
عبدون	26
الإكرام	26
وبالفتح	26
بلام	26
محكي	26
وأمرنا	26
آذى	26
الخراز	26
أعسر	26
بخدمة	26
وتعليق	26
سدا	26
يعطيها	26
والأوسط	26
أعددت	26
نسخها	26
مقادير	26
أكلة	26
أظهروا	26
ريع	26
مقتول	26
الجدب	26
بنقد	26
وبان	26
بالبلد	26
غش	26
قطعته	26
حوت	26
فاق	26
ووقفت	26
يقذف	26
يظنه	26
التقاء	26
بخاري	26
ليلي	26
رفعة	26
بلغته	26
عامه	26
بالحرم	26
أظهره	26
العجلان	26
معادن	26
أمانا	26
يطابق	26
مريضة	26
للعامة	26
ومعنا	26
الاحياء	26
ودعوة	26
حديثي	26
اعتقادهم	26
ادن	26
والتذكير	26
الدرب	26
واله	26
رجا	26
تبصر	26
العنسي	26
كتبته	26
محارم	26
وخلفه	26
باسناد	26
سمية	26
جسمي	26
أعط	26
بأولى	26
بضمها	26
دب	26
مؤثرا	26
أمثل	26
حسبه	26
البساتين	26
تركهم	26
يخيل	26
لحكمة	26
الموقوفة	26
دارها	26
حيل	26
ضمها	26
تقبيل	26
مالم	26
ينبع	26
مثبت	26
تنزع	26
ينكشف	26
وأتوب	26
اربع	26
منفردة	26
صحن	26
أولادا	26
المحاربة	26
مستحيل	26
المآل	26
ريحان	26
ضاحكا	26
اتخذه	26
بايعه	26
والانقياد	26
والزيتون	26
أنسى	26
يبكون	26
قاصر	26
فيكتب	26
فصله	26
جيم	26
تطير	26
جنان	26
سيرها	26
فعليهم	26
بالنفي	26
تطول	26
الخراب	26
البت	26
والسرور	26
رضاها	26
أمهما	26
اطلاع	26
يسمعها	26
يولي	26
متفقون	26
رزقهم	26
المغايرة	26
عراك	26
صوتك	26
والبلاد	26
الموسوم	26
احتياج	26
استدراك	26
وصاح	26
يقاد	26
بالوجود	26
يردون	26
راغب	26
والبركة	26
سقيا	26
نهرا	26
خلاص	26
تيمور	26
يومك	26
اقراره	26
يصحح	26
نعد	26
ممنوعا	26
ونذر	26
جنت	26
مم	26
والمشي	26
نسير	26
والملوك	26
المتأخرة	26
البدري	26
حصون	26
أعمالنا	26
والوفاء	26
الناشر	26
وشمس	26
جلي	26
إحضار	26
طراد	26
والزجاج	26
لحي	26
متوالية	26
ألوف	26
طلبته	26
ألقوا	26
وصب	26
تعطيه	26
يتفاوت	26
وبعبارة	26
بردها	26
مروج	26
وسبح	26
واجبات	26
يتحدثون	26
اربعة	26
وانطلق	26
ضروريا	26
المنح	26
الشغل	26
الرموز	26
حدوده	26
ردة	26
يراعي	26
مشاركا	26
استيلاء	26
شبيهة	26
الرازق	26
الورم	26
كلماته	26
اتصلت	26
الزاوية	26
ويعرض	26
برية	26
الجائزة	26
ويشكل	26
متحرك	26
مسنة	26
الوحشي	26
كلنا	26
الشريفين	26
الأخوين	26
يصفه	26
خروجهم	26
الخشية	26
الآجال	26
استماع	26
داخله	26
أحرز	26
بقدرة	26
مأوى	26
الشائع	26
وإنني	26
تنفي	26
يغلق	26
الفريقان	26
جيوش	26
مراكب	26
هالة	26
البشير	26
عاملة	26
تليق	26
بعبارة	26
حذاء	26
ونزع	26
وتمت	26
الحرمان	26
تصدى	26
لنفسها	26
لإحدى	26
نهب	26
تعذيب	26
نما	26
الإساءة	26
المراجعة	26
ارتباط	26
بقصر	26
الغارات	26
الاختبار	26
شكوى	26
الإضرار	26
والعدالة	26
المشكلات	26
لزيارة	26
صفحات	26
المساء	26
وتقوم	26
أمله	26
الربط	26
يهودية	26
المعتادة	26
تجار	26
لإزالة	26
متفاوتة	26
منزلها	26
ويعد	26
مايو	26
الوثيقة	26
خطوط	26
تطرق	26
قلق	26
أسئلة	26
يضيف	26
الأغذية	26
تعيش	26
أدت	26
الباحث	26
حظر	26
المشكلة	26
سيارة	26
الهدف	26
المدنيين	26
لتحقيق	26
تحسين	26
شرطة	26
أظهرت	26
مدير	26
الأسعار	26
السلطة	26
أهمية	26
العتاب	25
والتراب	25
يصفون	25
روق	25
الغرائب	25
للأكثر	25
بأحوال	25
المستتر	25
بالثلاث	25
رسلهم	25
أملى	25
الاناء	25
ونار	25
بوطء	25
دنياهم	25
ضره	25
اقتلوا	25
التائب	25
وخراسان	25
مزدلفة	25
الوثقى	25
تعليله	25
النافية	25
فأتاهم	25
وتثبت	25
يبتاع	25
الشريد	25
للعادة	25
فليأت	25
بالأب	25
طرسوس	25
لمع	25
وقبضه	25
وقصده	25
المفتى	25
والإثم	25
التكفين	25
زوجين	25
المقل	25
الصفوة	25
بوجهين	25
أحضره	25
أمسيت	25
ولبن	25
لفعله	25
الدوادار	25
فاحشا	25
تخيير	25
ورجعوا	25
وبابه	25
كرسيه	25
طرفها	25
البكارة	25
تسافر	25
اشارة	25
كراهته	25
بالسلطان	25
عفوه	25
توكيد	25
نصرته	25
والأذى	25
وكثيره	25
أمتى	25
بست	25
مطابقا	25
النساخ	25
التزكية	25
البصريون	25
قارنا	25
ووكل	25
دجاجة	25
النفسانية	25
القاص	25
الشبلي	25
المليحي	25
قذفه	25
لعارض	25
بكف	25
آخى	25
لقراءة	25
والتنوين	25
عصم	25
والثلاث	25
إخبارا	25
يطعمه	25
ترض	25
القارن	25
ضمانها	25
السقم	25
ناظرا	25
واعتمده	25
فدع	25
أخوف	25
يصيبها	25
فأجيب	25
سفك	25
أسارى	25
عشرية	25
وفاعله	25
مرتد	25
استباحة	25
الرفيق	25
الآذان	25
يسند	25
مشتملا	25
بمطلق	25
القباب	25
عنقك	25
التلعكبري	25
وجارية	25
قضيب	25
ترثه	25
إتيانه	25
يؤديه	25
ونفع	25
المرار	25
المفازة	25
واحدته	25
أبدلت	25
تفويت	25
فتلف	25
كالماء	25
حاشا	25
ويبعد	25
فبلغه	25
يبر	25
أليق	25
المقسم	25
ذنوبكم	25
مدركة	25
عسكرا	25
الجحود	25
فإنهن	25
جوابها	25
لتمام	25
سائمة	25
سكارى	25
بدع	25
فيمنع	25
وقفها	25
العذار	25
بالباقي	25
المحضة	25
للجمعة	25
تجزي	25
سقيم	25
الفروج	25
الدهان	25
وامرأتان	25
البراهين	25
نسيه	25
الجمر	25
يفعلها	25
فحبسه	25
صدقهم	25
ونزول	25
والشاة	25
حصيات	25
بالقسمة	25
أثبتها	25
قروء	25
فيقضي	25
فانها	25
التورية	25
أدلك	25
حشر	25
تكذبون	25
مشافهة	25
للطلاق	25
طيرا	25
يعدلون	25
اسناده	25
بكفرهم	25
نهيتكم	25
دويبة	25
العتبي	25
يأمرنا	25
نكحها	25
للزوم	25
الحيثية	25
ثمرها	25
والمنة	25
والميت	25
والبغي	25
مقلوب	25
فقلبت	25
الجعالة	25
اكترى	25
استحقت	25
التتارخانية	25
جزعا	25
هوذة	25
والتكملة	25
وآمنوا	25
لأعلم	25
سماوات	25
عفوت	25
والستون	25
أخوها	25
قطرب	25
الابصار	25
ويصوم	25
والسمن	25
يبطله	25
والحرمة	25
رضعات	25
المضاجع	25
الضارب	25
والطهارة	25
أوحد	25
المتصدق	25
غصبا	25
أخذتم	25
تهيأ	25
السعداء	25
ثيابي	25
شاور	25
الأبدال	25
سقر	25
ضب	25
هزوا	25
حسدا	25
السوم	25
المعتل	25
فاقتلوا	25
كتمان	25
كفت	25
الجراحات	25
بسفح	25
بالفسخ	25
متقنا	25
الطلحي	25
التغابن	25
علاه	25
يستتاب	25
إجماعهم	25
عفيفا	25
وأدب	25
لقائل	25
السب	25
بالمسح	25
نقب	25
حوائجه	25
المطففين	25
فالمال	25
والتأويل	25
أثنائها	25
امتحن	25
الفاسقون	25
والفجر	25
شوذب	25
ينتسب	25
غلمانه	25
خشرم	25
فوجدها	25
عقلها	25
دعاءه	25
ولحيته	25
ويقصر	25
تنازعا	25
عشرينه	25
باللبن	25
يستحي	25
البسطامي	25
تكذيبهم	25
ادفع	25
وأمرني	25
احترق	25
والطين	25
أمرتكم	25
السوس	25
عدها	25
للمستأجر	25
والرأس	25
أزكى	25
للانسان	25
بملكه	25
فشكا	25
السمط	25
مصرح	25
ارحم	25
شاك	25
المحشر	25
وسبى	25
المتلف	25
فقاتلوا	25
فيقرأ	25
الجملتين	25
ولين	25
فأتينا	25
وأنشدوا	25
أخلق	25
تحج	25
والإناث	25
وخالفهم	25
توقد	25
الشحام	25
بختيار	25
الساقي	25
والطبري	25
فلي	25
عدمت	25
ليدل	25
المعتكف	25
كبيرهم	25
قرأنا	25
ركانة	25
فأخبرت	25
المشبهة	25
آلهتنا	25
المراء	25
نم	25
بخلقه	25
فأعطاني	25
تسعون	25
تحف	25
قطعية	25
الخضرة	25
البيداء	25
الوسوسة	25
الإشبيلي	25
لبطلان	25
كافرون	25
فأرى	25
بهدلة	25
يمنعهم	25
ضربوا	25
الهدهد	25
نتكلم	25
يطالبه	25
اليرموك	25
صابرا	25
موردا	25
وقعوا	25
يدخر	25
الأمانات	25
يوحي	25
موافقته	25
مدرس	25
وأمة	25
تقتله	25
يكسبون	25
للشرائع	25
عاشق	25
يضعه	25
قواه	25
وهدم	25
مير	25
الاعتصام	25
ملأت	25
حليمة	25
المسموع	25
الجرائد	25
نفاق	25
الرماة	25
الرفيعة	25
ووعد	25
يفترقا	25
تبلغه	25
سلا	25
والإعراض	25
وتفسيره	25
وأخي	25
والقيمة	25
المأثور	25
أساطير	25
تسمي	25
وابي	25
وراءها	25
العيان	25
والقتال	25
مستقيمة	25
كرمه	25
عشيرته	25
شط	25
وراءك	25
بعضهن	25
جبرا	25
يظهرون	25
ببركة	25
التصور	25
نقر	25
وصيف	25
فرعه	25
ورائي	25
ألطف	25
ندع	25
والنصوص	25
الأصلح	25
مجرب	25
وابنة	25
الريش	25
وفاعل	25
مغاير	25
بجبل	25
يبادر	25
أخلص	25
تضيق	25
قاطعة	25
أسبابها	25
المحارب	25
تسلية	25
تستلزم	25
أمهاتهم	25
الجبابرة	25
والشيطان	25
تؤدى	25
والضعيف	25
بأخرى	25
قاطعا	25
جراد	25
النعامة	25
بمعزل	25
بسماع	25
العد	25
غناه	25
وعبيدة	25
والزيت	25
وفعلا	25
الغلات	25
يخلفه	25
يضمنها	25
استجاب	25
يكرر	25
لسقوط	25
الأهلة	25
للقطع	25
والحجارة	25
ممدودة	25
مخالطة	25
ليصلي	25
انقلبت	25
بالأمان	25
رقيب	25
وأخواتها	25
بأسمائهم	25
قربا	25
غزال	25
نسله	25
ند	25
اللفظية	25
أسنان	25
وصورته	25
زعمهم	25
لطيفا	25
الحمية	25
المدد	25
ومعرفته	25
والحلق	25
الفلوس	25
الكليات	25
حينه	25
تاركا	25
والخيار	25
الرقيب	25
وتصدر	25
والذم	25
وحواء	25
الأهوال	25
إرم	25
ويحفظ	25
العوارض	25
بالنور	25
لدليل	25
ومرض	25
الرخص	25
بسوق	25
الشعار	25
بالشكر	25
كاهل	25
كا	25
والقائم	25
يطرأ	25
التعذيب	25
دراسته	25
العون	25
بحركة	25
مستقرة	25
التمس	25
باردا	25
يحمي	25
امتلأت	25
وزنها	25
العبث	25
ندعو	25
إحاطة	25
لأننا	25
تذكير	25
المفرط	25
النظامية	25
والأعيان	25
الطرد	25
حقوقه	25
الحميدة	25
تنفق	25
تتناول	25
وعرضها	25
جنوده	25
والعقود	25
منطلق	25
للإشارة	25
بذلت	25
وتقدمت	25
الدعاوى	25
تخيل	25
مفصلة	25
للشهادة	25
الفحص	25
نافذة	25
التأخر	25
أشجار	25
تعليمه	25
صاف	25
تفكر	25
المرئي	25
نكن	25
ضار	25
أنهى	25
المعاهد	25
ونال	25
باحتمال	25
تتحرك	25
الإشارات	25
جذب	25
الفتاة	25
اعمال	25
النفسية	25
جدير	25
تزداد	25
فريد	25
هزيمة	25
الحيوانية	25
وصلنا	25
العواقب	25
عادية	25
حظي	25
بحثا	25
المشروعة	25
العاجل	25
لخلق	25
أود	25
يصعب	25
بصدد	25
حصار	25
السيادة	25
تهديد	25
الإنساني	25
تعز	25
وليد	25
ريان	25
قوانين	25
تأسيس	25
يحاول	25
قبالة	25
الاعمال	25
المقررة	25
أسواق	25
الحرس	25
حسابه	25
الأولية	25
بحاجة	25
ونقلت	25
الثورة	25
معركة	25
مساء	25
عملية	25
عبادا	24
أعقل	24
شده	24
فأبو	24
طلقتين	24
البرزخ	24
وللأم	24
تزر	24
فأطال	24
منقولا	24
والإمامة	24
سؤر	24
والكراهة	24
المشاع	24
جلدا	24
الوضاح	24
همت	24
مقرون	24
التناول	24
ادعي	24
المطرز	24
يفرد	24
أشده	24
فرماه	24
ورمي	24
مصرا	24
نصرانية	24
استدلالا	24
ينصره	24
بغى	24
بالمغفرة	24
نبين	24
قدماه	24
وسخر	24
قردة	24
وادعوا	24
والفرع	24
كعبد	24
يعبأ	24
وفينا	24
للصوم	24
غرمه	24
تنفقوا	24
بقصيدة	24
هولاكو	24
جوهرا	24
جارا	24
الهيجاء	24
الوقار	24
الحجال	24
أخذتها	24
تصبر	24
ظننا	24
حرها	24
بالظلم	24
فحكى	24
المقريزي	24
أيكون	24
بالعدم	24
سهمين	24
حتف	24
الطرماح	24
الغراء	24
الرماني	24
مسرورا	24
الحقيق	24
ومولانا	24
دلوا	24
لانهم	24
بأجر	24
بحمده	24
ومواضع	24
الحفظة	24
المؤلفات	24
للراهن	24
يأيها	24
الإعانة	24
المحبر	24
نهشل	24
الرياحي	24
للسيوطي	24
رطلا	24
النفخ	24
يمض	24
زنة	24
عول	24
لأولي	24
الشقاق	24
اسمان	24
والكثرة	24
بصلاته	24
التنيسي	24
وأهلك	24
العناد	24
موتاكم	24
عزاه	24
يارسول	24
الخصي	24
استحبابه	24
الزنادقة	24
يهمز	24
والعرف	24
فاقبل	24
استخرج	24
عبادتهم	24
أدعى	24
بكماله	24
مقدورا	24
افترقا	24
وأحكامها	24
ورجاء	24
آذن	24
وحسبك	24
أبدع	24
ومثاله	24
مشهودا	24
مختلفان	24
مؤنس	24
حبابة	24
محصل	24
الفوت	24
للغاصب	24
خياركم	24
صرنا	24
فتبطل	24
التبعيض	24
تروا	24
والبخل	24
فالقياس	24
المزن	24
بأموالهم	24
وأعلمهم	24
ونقض	24
نيفا	24
يحجر	24
الكاشاني	24
دعه	24
والحمام	24
والمعصية	24
إظهاره	24
آباءنا	24
حدثته	24
أحبني	24
ملازما	24
كحديث	24
بجهالة	24
ويدع	24
وتكره	24
صباه	24
أضع	24
هرمة	24
حرما	24
كرما	24
الموعظة	24
فأخبرنا	24
مفرج	24
فالأقوى	24
أمرتني	24
والنضر	24
بتعدد	24
أتيا	24
وركعتين	24
يجعلوا	24
وأعمالها	24
لأبيها	24
الخرص	24
والعقرب	24
بالسمع	24
بالحرف	24
الطبائع	24
أبوي	24
ينسبه	24
أتمها	24
فعفا	24
بص	24
ظبية	24
يكلمهم	24
وليكم	24
استنباط	24
فعلمنا	24
جئتكم	24
ونوح	24
أعطوه	24
الكافرة	24
الميموني	24
يمينها	24
قدحا	24
يختلفوا	24
الحمال	24
قحطبة	24
غدوت	24
زرعا	24
أكلوا	24
ناسخا	24
الصريفيني	24
فاحكم	24
جزيل	24
وبهم	24
نزله	24
فارقه	24
اتحاده	24
الماليني	24
فصليت	24
ورآه	24
ابعث	24
تجدون	24
نه	24
السقاية	24
يزيده	24
مصروف	24
جملتهم	24
الوبر	24
فإذ	24
بمشيئته	24
وتصديق	24
والعجز	24
الماشي	24
ملحان	24
الفربري	24
ائتوني	24
نساءه	24
المعونة	24
تشفع	24
أولياءه	24
يمشى	24
حلفا	24
عوام	24
بالبراءة	24
وأخبرناه	24
أليما	24
يأمرون	24
وللرسول	24
ظهرك	24
يمكث	24
شاتين	24
القين	24
تفلحون	24
مرية	24
أفاضل	24
خلعة	24
التخلية	24
مدلوله	24
التذكر	24
الإظهار	24
إباحته	24
إبطاله	24
أسفا	24
شاكرا	24
بعباده	24
كعبا	24
وأخطأ	24
وشره	24
المشكوك	24
نورها	24
سبيلك	24
لشريكه	24
للبيهقي	24
بعدمه	24
معتدة	24
حور	24
بالمعاصي	24
هداهم	24
فدعاهم	24
الاجتناب	24
المناط	24
المباحات	24
القبيحة	24
عقائد	24
صيده	24
وقاضي	24
خالط	24
يقرن	24
أعنى	24
وكلت	24
عابس	24
بالجواب	24
متواتر	24
ويستفاد	24
قاسيون	24
المقرض	24
والندب	24
والمثبت	24
خذه	24
شرطت	24
بالقلعة	24
محيص	24
النجوى	24
اللبان	24
تق	24
يتوكل	24
وطبقات	24
للتأنيث	24
الاتمام	24
الهوان	24
القلائد	24
يبعثه	24
يلتبس	24
وهشيم	24
انفردت	24
وأحدهما	24
تلامذته	24
لاعن	24
غيظا	24
أحبوا	24
خلعه	24
ونكتها	24
وأخو	24
أجدر	24
ويلبس	24
اقض	24
أخى	24
حوالة	24
سألك	24
قضينا	24
نزعت	24
ليحكم	24
متفرقين	24
فداه	24
شفاعتي	24
والسراج	24
انقطاعه	24
بالصفات	24
فلكم	24
فألف	24
والنعمان	24
القطعية	24
الحواريين	24
للجد	24
بالتأخير	24
طبرزد	24
فساروا	24
أوتيت	24
والعبيد	24
مفسرة	24
الألسن	24
إضاعة	24
بيتين	24
الحمامة	24
نصفا	24
عساكره	24
القهستاني	24
سامع	24
فخذيه	24
قصار	24
والبدر	24
يستتر	24
نقطتان	24
صبره	24
والخاء	24
عاب	24
ثقيلا	24
حاء	24
والضاد	24
العانة	24
فرجل	24
جحر	24
الطالبيين	24
مخبرا	24
وكونوا	24
والفطر	24
البلغاء	24
الأرنب	24
يحكمون	24
فقبله	24
صحبه	24
والديلمي	24
للفرس	24
أرمينية	24
نسألك	24
يغل	24
الساقين	24
واجد	24
أشراط	24
كالعبد	24
جوازا	24
للوجه	24
الخفض	24
العشاق	24
الأصولية	24
النذير	24
والأثر	24
البغاة	24
بالقليل	24
تفرقت	24
وقواه	24
الأقران	24
بالجماعة	24
والسكر	24
الدجاجة	24
لفرط	24
سويا	24
وجدتها	24
إكرام	24
عديم	24
والطلب	24
المرسلات	24
الجزيل	24
والذكرى	24
بأمير	24
بقصة	24
ودمشق	24
تنطق	24
ويؤمن	24
البلى	24
والجزيرة	24
الاقتضاء	24
ساد	24
الفصيل	24
والشياطين	24
اصل	24
مصل	24
يهوي	24
ينازع	24
ذكي	24
وأقيم	24
سرته	24
مساكنهم	24
سيرا	24
الخالصة	24
الإنكليز	24
العرفية	24
صالحين	24
والقرب	24
والجارية	24
رومية	24
لمخالفته	24
وقاية	24
يصار	24
التضمين	24
ويليه	24
ركبوا	24
بسبعة	24
وإليها	24
الصبية	24
المصرح	24
أجورهم	24
كحال	24
الخلطة	24
النعيمي	24
ذهبنا	24
أفعله	24
كيفما	24
يشترون	24
تبعية	24
المشابهة	24
فرعا	24
وعني	24
حدها	24
عاهد	24
فبادر	24
ذاهبا	24
القويم	24
بالمشرق	24
والمعارف	24
تطيق	24
وضاق	24
بألفي	24
الدروع	24
بشهادته	24
بقاع	24
شربا	24
كتفه	24
كذبهم	24
تحركت	24
بالعقود	24
أوقاتها	24
الأسى	24
دارة	24
غزير	24
مميزا	24
يحدثنا	24
السحابة	24
بالأموال	24
مؤونة	24
وحضرت	24
كيت	24
مسموع	24
السادات	24
سرد	24
وحوله	24
غائبة	24
اعرف	24
يتأذى	24
يعملوا	24
المحبين	24
للزيادة	24
الكاهلي	24
الحقد	24
الأوحد	24
الأمارة	24
النقي	24
قامة	24
منقولة	24
المحرقة	24
والمحرر	24
وطريقة	24
وصريح	24
قوسين	24
يختلط	24
نصح	24
جموع	24
الجلاء	24
أحدثت	24
عاهدوا	24
سافرت	24
أدوا	24
خبيثة	24
وطلبوا	24
إمضاء	24
متين	24
صامت	24
يشتريها	24
معاينة	24
والحديد	24
جز	24
واجتمعت	24
الخزائن	24
بالبكاء	24
يذهبون	24
قمتم	24
التيه	24
قضاها	24
كالتي	24
بالسرقة	24
قاس	24
ووالده	24
زاي	24
الصم	24
المجرى	24
ونجا	24
الروحانية	24
الخيمة	24
ويملك	24
الأشرار	24
تأتيه	24
مائل	24
الناقصة	24
مقبولا	24
البساط	24
ألفان	24
عظماء	24
عبث	24
الهام	24
الامتحان	24
الشكوى	24
وسلمت	24
الخريف	24
بالفصل	24
والحرص	24
سؤالا	24
التعويل	24
تتصل	24
والرغبة	24
النسوي	24
يستحقون	24
مستحقة	24
ثقب	24
يصاب	24
المعنوية	24
العاجلة	24
وتسلم	24
العصور	24
سمك	24
اقترب	24
وتدخل	24
والتمييز	24
عدوى	24
أثبتوا	24
سيئ	24
حمية	24
قادم	24
ويتعلق	24
ملاعب	24
صحراء	24
استعان	24
كاظم	24
ويعني	24
الإيقاع	24
الإخلال	24
سلالة	24
تحتية	24
الرئة	24
وإسناد	24
وكأنهم	24
وبداية	24
وبث	24
شمعون	24
برسم	24
استمع	24
يشرف	24
مرضية	24
بقائها	24
الدرج	24
وجبل	24
الغارة	24
كلتا	24
ممر	24
فاعلة	24
النمط	24
جيل	24
المتنازع	24
خصص	24
المشرف	24
وقدمت	24
المناصب	24
التوقيت	24
للسفر	24
رفقة	24
الرواتب	24
عمرها	24
وطلبت	24
يقود	24
مكانة	24
رسوم	24
والسياسة	24
تولي	24
التوسع	24
الضحايا	24
وطالب	24
مسبوق	24
وضمان	24
بعثة	24
اجل	24
المسافرين	24
للحد	24
متوسطة	24
استعداد	24
الدقيقة	24
توقيع	24
قطاع	24
البحرية	24
تركيا	24
وأكد	24
بالبدن	23
وكيت	23
ينتظم	23
أرغون	23
الضمري	23
ارتضى	23
وتحته	23
الذكورة	23
بالرق	23
بالعشي	23
ريش	23
عذراء	23
فناداه	23
توضأت	23
المعية	23
وقمت	23
رواهما	23
الساقط	23
السنام	23
النوق	23
قواد	23
الجصاص	23
فقره	23
وجاءه	23
عتقا	23
أمت	23
يعذبون	23
مجراها	23
سفيها	23
أجير	23
ودرهم	23
فليرجع	23
ويفارق	23
وإنكار	23
للأخبار	23
رجلاه	23
نصيرا	23
احكم	23
القسي	23
يبالغ	23
وشريح	23
الأدم	23
فتقبل	23
الجناب	23
الوحشة	23
يقرءون	23
فالحديث	23
العبدري	23
بجارية	23
ساوى	23
سيئاتهم	23
يتوفى	23
وزكاة	23
والعيون	23
معتمرا	23
اقترن	23
آغا	23
طرب	23
وأنذر	23
أمنت	23
والجلد	23
الثعالبي	23
القناعة	23
وشرطه	23
العوضين	23
ثمرته	23
نسيانا	23
قدماء	23
لزمها	23
عليلم	23
أذنب	23
يتعوذ	23
ودليله	23
والظهر	23
أبينا	23
الخبائث	23
السالك	23
وإبطال	23
وترتيب	23
العفة	23
جهلت	23
وخلقا	23
سوقه	23
بورك	23
للفراش	23
يطوفون	23
يتعد	23
بالجماع	23
بيضا	23
ناداه	23
تنبيهات	23
بلغهم	23
للدعاء	23
ركبها	23
وقلما	23
صبيان	23
طهرا	23
العتاق	23
رديئة	23
أخوين	23
تصديقا	23
تقى	23
المقول	23
وطبقتهم	23
يستحل	23
مماليكه	23
يدرون	23
المقرى	23
نسبوا	23
أتموا	23
يروون	23
فقتلته	23
فارقها	23
السخاء	23
فكرهت	23
حييت	23
عبدوا	23
نجزي	23
فاعلموا	23
البدو	23
احمر	23
بالكف	23
تأتى	23
فقدموا	23
الكبرياء	23
إصبعه	23
لولاه	23
الزند	23
للمريض	23
وأحكم	23
وشيخه	23
والياقوت	23
ويمشي	23
فعجب	23
الاحتلام	23
والعز	23
غافل	23
أمرته	23
المير	23
للظالمين	23
جاوزت	23
الجمعان	23
يغنيه	23
غشي	23
الرعيني	23
شراؤه	23
العلياء	23
ونعوذ	23
يومئ	23
أجران	23
يوص	23
المنارة	23
وبالضم	23
البازي	23
وأخاه	23
أنصاري	23
اللقمة	23
فيحل	23
بالايمان	23
انصراف	23
يتأول	23
وتوضأ	23
التالف	23
صاعقة	23
يسألونه	23
وانقطاع	23
وأمثالهم	23
هابيل	23
إيثار	23
أعادها	23
بقزوين	23
المتخلص	23
تزد	23
يسبقه	23
بكافر	23
التفتازاني	23
تبصرون	23
وسوى	23
ومقام	23
بوجوبه	23
عليكما	23
الإنعام	23
الأخلاط	23
بسرة	23
والمائة	23
لخروجه	23
زادوا	23
ووزن	23
يجحد	23
إمامنا	23
الساباطي	23
سقيت	23
حراش	23
الحقة	23
وثمان	23
وقلوبهم	23
مودع	23
بطلانها	23
بانقضاء	23
فلاة	23
الفئ	23
ضاعت	23
فوافق	23
العشي	23
عقبيه	23
وأيما	23
لتبين	23
البينتين	23
فعد	23
الانعقاد	23
العيص	23
بالثوب	23
المتبايعين	23
الأزرقي	23
جئتم	23
وزوجه	23
أجيرا	23
امكان	23
نهد	23
والمحصنات	23
يفيق	23
يمسها	23
يلحقها	23
بالاسناد	23
التقابض	23
نباته	23
بالبعض	23
الأكوان	23
آمنتم	23
خالته	23
الدواعي	23
شيأ	23
ودفنه	23
ألفت	23
والعنب	23
بنواحي	23
أجلس	23
فأنشد	23
المنصوري	23
لذو	23
مرضاة	23
لحكمه	23
للحسين	23
فانتهوا	23
وطلبه	23
زمانهم	23
وغزا	23
مذاهبهم	23
درستويه	23
أجلهن	23
وعليهما	23
قابضا	23
التجلي	23
الشوكة	23
الكساء	23
يتشهد	23
لتعلم	23
خربت	23
مطلعها	23
الأزجي	23
الاستنابة	23
كبره	23
وباطنه	23
ونزهة	23
اختلافهما	23
النوائب	23
وكفارة	23
المخيط	23
راحلة	23
ينفى	23
العيناء	23
الأرموي	23
حمالة	23
الذوات	23
فأدخله	23
ظلام	23
فمرت	23
غره	23
ويندب	23
والجمل	23
المنافاة	23
ألستم	23
نهاهم	23
والأسماء	23
محتجا	23
سببية	23
نحبه	23
الجفاء	23
اضطجع	23
يرضاه	23
تقيا	23
طائعا	23
المحجة	23
يحبهم	23
ثوبك	23
المتصرف	23
أصدقها	23
ريذة	23
واليتامى	23
مهلك	23
وصام	23
دخلتم	23
هودا	23
أبدانهم	23
كسوف	23
عق	23
للسجود	23
خيله	23
والقبح	23
وضده	23
أثنائه	23
لابتداء	23
طلقتم	23
والجماع	23
مضطجعا	23
والتنبيه	23
ألفها	23
بقم	23
يقرض	23
المفضول	23
للتحريم	23
استشكل	23
ترجو	23
أضافه	23
والمستوعب	23
الوسخ	23
وعقيل	23
سموه	23
بالشهرة	23
شاذا	23
فمرض	23
والفائق	23
المثلي	23
دمائهم	23
بشيرا	23
ويزعمون	23
والمبالغة	23
فدخلنا	23
شقصا	23
المطي	23
سمر	23
كدام	23
وطلع	23
المقصور	23
التواب	23
ألذ	23
جاهدوا	23
والنفاق	23
المحسوس	23
خزي	23
الملاح	23
الفساق	23
والنصراني	23
إطلاقهم	23
وقرة	23
مطير	23
وحمد	23
بالتلبية	23
أحرمت	23
بالتسبيح	23
يتخلص	23
النظرة	23
ينعم	23
هاجروا	23
بشرب	23
وتجمع	23
اللص	23
صبية	23
منفصلا	23
الامامية	23
بالمطر	23
تحبس	23
والمشاهد	23
يبارك	23
بتأخير	23
الخطية	23
والصدر	23
والعروض	23
تعاد	23
وقربه	23
الجهتين	23
محكوم	23
الثوم	23
لاثنين	23
نبذة	23
وبغداد	23
منظر	23
تأثيرا	23
النقلة	23
ضمه	23
مشتر	23
المولوي	23
المنتظم	23
وطعن	23
إيمانها	23
والعظمة	23
وعلماء	23
جمعهما	23
التكرير	23
أجنحة	23
وأطراف	23
مدركا	23
رضينا	23
آباؤنا	23
الآنية	23
يفتتح	23
الفاخر	23
يضعها	23
والهادي	23
الشفقة	23
الطرابلسي	23
بثمانية	23
والدروس	23
قسطا	23
الإسراف	23
مقصد	23
أبد	23
تصوره	23
النعماني	23
الغداء	23
حادثا	23
يلين	23
ومقدار	23
وأنهما	23
أذني	23
تمنعه	23
ينته	23
لرد	23
مفاد	23
حرمنا	23
والخضوع	23
اختر	23
بالنقد	23
السترة	23
وقعا	23
بالسلاح	23
قارن	23
اتفاقهم	23
نقاتل	23
الأغصان	23
عشق	23
أجاد	23
الغور	23
أرسلوا	23
الزيدي	23
بالرضا	23
لمصدر	23
فهكذا	23
تسبق	23
شحمة	23
وينتهي	23
تدارك	23
فغدا	23
ويعبر	23
حالهما	23
أيقن	23
منافعها	23
المجاور	23
مشتقة	23
انت	23
النسر	23
سقوطها	23
يفت	23
وبدر	23
والعطف	23
جلالته	23
رتبته	23
موانع	23
وتعين	23
يعرضون	23
سمعتها	23
نسختي	23
غال	23
تمتنع	23
الأجداد	23
يسمونها	23
أعمالا	23
الطيرة	23
تقليده	23
الخزي	23
ويحدث	23
الأكرم	23
اللطيفة	23
مفتوحا	23
المستضعفين	23
النكتة	23
فالأفضل	23
المتعين	23
انكم	23
ويزعم	23
وعمدة	23
صارم	23
وجودة	23
للخلاف	23
وخيار	23
بالشروط	23
الينا	23
هيئته	23
وسلاما	23
الامة	23
أقدام	23
زهاء	23
التنصيص	23
البال	23
معى	23
البواقي	23
ابطال	23
تحيط	23
واستقبل	23
غيرت	23
تناسب	23
وخط	23
يرضي	23
والسعادة	23
وأحيانا	23
الشمول	23
العشب	23
دقيقا	23
وجرح	23
الشحنة	23
بتونس	23
يندرج	23
شمالا	23
لثلاثة	23
الأيتام	23
أطلقوا	23
عملنا	23
وانتهت	23
ضابطا	23
دروس	23
بالخصوص	23
وانتشر	23
لحقت	23
والفكر	23
خامسا	23
التوسط	23
وتعظيم	23
الجائر	23
استدامة	23
الضربة	23
أوهام	23
مدخلا	23
يفعلونه	23
القافلة	23
والثبات	23
ارتدت	23
لاتحاد	23
مؤثرة	23
وعادت	23
العادي	23
ويؤدي	23
شح	23
بالحرب	23
ثقيلة	23
وطن	23
التحكيم	23
أعمالها	23
خبرة	23
الأورام	23
النادرة	23
يتجزأ	23
ونائب	23
وقوى	23
النهوض	23
المقيمين	23
الكنائس	23
الطيار	23
المتعددة	23
لحرب	23
يستوجب	23
صافية	23
تفتقر	23
التكوين	23
لقتل	23
كتيبة	23
البلدي	23
لجهة	23
ترسل	23
المتهم	23
أمراض	23
الفتاح	23
أحداث	23
الهيئات	23
ظلت	23
العدوى	23
التوقيع	23
مواقف	23
بث	23
المستمر	23
اليونان	23
المركبة	23
حيال	23
التاريخية	23
بطريقة	23
موعد	23
وحسب	23
الأنباء	23
مسؤول	23
ملكك	22
وتوكل	22
بلحم	22
فأخبرناه	22
واختص	22
والوصف	22
بالكراهة	22
والطعن	22
نصيبهم	22
فأفطر	22
القصائد	22
يفسده	22
يقبح	22
لدنك	22
وأقم	22
نقطع	22
ويجيء	22
خبرهم	22
أعرضوا	22
النجود	22
اعلموا	22
آناء	22
يشم	22
جمهرة	22
الايضاح	22
وجميل	22
تنازعوا	22
لأفعلن	22
ورضوا	22
الشأم	22
سطرا	22
يدنو	22
تزعمون	22
نازع	22
سبيلها	22
بالملائكة	22
حاجتهم	22
المجروح	22
أرضين	22
وتقريره	22
وأحق	22
وتاب	22
فأخبروه	22
بصاع	22
ويكسر	22
جورا	22
والكلبي	22
عداده	22
تأتينا	22
صوحان	22
منعة	22
الأشعرية	22
يؤتون	22
سميعا	22
يرجم	22
عريب	22
بالحفظ	22
وخاتمة	22
ويطهركم	22
فصدقه	22
وأفطر	22
معتب	22
مبسوطة	22
البوادي	22
التبديل	22
والإنكار	22
غبت	22
يهتدى	22
استغفروا	22
لموضع	22
كريز	22
ومجرد	22
لكيلا	22
جواري	22
التداوي	22
بالحسنى	22
بعلها	22
تذر	22
مشركون	22
تنصرف	22
للنكاح	22
وأيديكم	22
أظفاره	22
علمناه	22
ذريتي	22
والجواهر	22
قتاله	22
الصالحية	22
والتوكل	22
فيقسم	22
فبايعه	22
أدبه	22
والمجوس	22
حصير	22
لحظ	22
وضوءا	22
وتزوجها	22
سلعته	22
الحقير	22
والنذور	22
الجهضمي	22
الحائل	22
الشهرزوري	22
لانقطاع	22
فكثر	22
والراجح	22
اتجه	22
ومغاربها	22
ملوكهم	22
ويخالف	22
ألفية	22
أسدا	22
مسكنه	22
تمامها	22
للعلة	22
وسهيل	22
ويديه	22
وناظر	22
الحجازي	22
فخلق	22
وعشيا	22
أسكر	22
كالأب	22
الروافض	22
مج	22
ناقض	22
فيجري	22
الاثم	22
بلية	22
مضطر	22
مسحه	22
المالين	22
والخلع	22
النهاوندي	22
عظاما	22
فانطلقوا	22
طلقني	22
الفحول	22
والفاجر	22
عرفهم	22
كالعلم	22
تت	22
الجفون	22
مسنون	22
الهرة	22
نبعث	22
القرع	22
سماهم	22
تنظرون	22
تعصيبا	22
بأسنا	22
ورقها	22
القيل	22
يعملها	22
قس	22
نعته	22
والسر	22
ترضون	22
الخصاف	22
والفرج	22
وعجل	22
الإبط	22
الهالك	22
أربعتهم	22
جاءته	22
فولاه	22
الخصام	22
فالآية	22
فاذكروا	22
بليت	22
تؤمر	22
وفتنة	22
فأحببت	22
بالميراث	22
للسببية	22
يخالط	22
فاتخذ	22
ضبيعة	22
فنهض	22
واجتهد	22
الجزئيات	22
فأخرجت	22
ابيه	22
غضبت	22
ولدان	22
والبعير	22
والميل	22
بأذان	22
رسلك	22
كاليوم	22
عريان	22
الجذام	22
بالواحد	22
تراضيا	22
اليك	22
طفيل	22
سمينة	22
وسلمه	22
مدلس	22
الاستناد	22
هديت	22
ظلل	22
قعودا	22
ومولى	22
أرشد	22
بتركها	22
إجمال	22
متفاضلا	22
يثبته	22
صلاتنا	22
فكف	22
مائلا	22
الراسبي	22
والشهود	22
يشتهي	22
لأمور	22
سمينا	22
خردل	22
وحط	22
معبود	22
واكتفى	22
دونكم	22
وعدوا	22
قسامة	22
فاندفع	22
مستحبا	22
المعجز	22
باليقين	22
العرايا	22
وأرجلهم	22
أظهرهم	22
حكمي	22
بنتي	22
فقولان	22
بربهم	22
يذل	22
جهتين	22
شراح	22
النحويون	22
هواها	22
فضلهم	22
أندادا	22
ثقلت	22
والوافي	22
القد	22
آتنا	22
بلقيس	22
الواعظين	22
وبطلان	22
الرجحان	22
تيممه	22
لداود	22
بالجزيرة	22
دؤاد	22
الدميري	22
ريقه	22
خلفك	22
البغال	22
ومنتهى	22
رهم	22
بقدرها	22
أضمر	22
والجنون	22
الجرب	22
مقطوعا	22
وطأ	22
البهبهاني	22
تغفل	22
حميدة	22
سراويل	22
فوضعها	22
السورتين	22
مستحقه	22
وأغرب	22
ودنا	22
مطاع	22
أحصن	22
النشوز	22
الاهتداء	22
يستحقها	22
إثباتا	22
وغلط	22
ودليلنا	22
فعدم	22
كبدي	22
هاتوا	22
مطل	22
مدائن	22
أقعد	22
وشاع	22
لئيم	22
والمحفوظ	22
تركتم	22
يقرؤها	22
أمامك	22
الأجلين	22
فأدى	22
غب	22
والظلمة	22
كلامهما	22
سليط	22
منافقا	22
أنبئكم	22
تحلف	22
الصفي	22
اندفع	22
موالاة	22
ويح	22
صاحبهم	22
يريبك	22
الآجر	22
أوقاته	22
العجين	22
قربى	22
فج	22
استهزاء	22
رفق	22
يخرجن	22
النمري	22
السائر	22
وغلبة	22
إظهارا	22
الطيوري	22
يتقى	22
المأوى	22
ويكفر	22
ويؤنث	22
وديوان	22
الصبى	22
أصلهم	22
الاكمال	22
كفضل	22
ونزلوا	22
فالصواب	22
لأجنبي	22
عصيت	22
المخوف	22
وثقل	22
وأكره	22
ويفطر	22
شيعا	22
والطائف	22
وأخته	22
قضاؤها	22
تفيض	22
ألزمه	22
يجاهد	22
مضجعه	22
وقياسه	22
عزه	22
ينكحها	22
يدعونه	22
سوادا	22
بخبره	22
أداها	22
بإخراجه	22
حلما	22
المذموم	22
حارب	22
فسوق	22
مضروب	22
ذكاء	22
ذريح	22
وعقله	22
شككت	22
تملأ	22
بالكلمة	22
مأخوذا	22
بالولاء	22
الصفاء	22
للصيد	22
تعول	22
انشق	22
اختلافها	22
حولي	22
بالإنسان	22
وتجعل	22
يشفي	22
شروطه	22
واني	22
واليدين	22
ذاق	22
وداع	22
يستيقظ	22
علوي	22
الجرم	22
يأمرك	22
سرنا	22
عروس	22
بالرسول	22
مضوا	22
نعي	22
يهاجر	22
نيام	22
حيرة	22
وقبر	22
يحيل	22
إزالتها	22
أقدامهم	22
لذاتها	22
رفعته	22
يثبتون	22
للجهاد	22
عائدة	22
وفوائد	22
أقامه	22
يهيج	22
بالدعوة	22
المتحرك	22
سجدات	22
يتفرع	22
بمقابلة	22
احتجت	22
حجي	22
سمكة	22
والعصيان	22
وأطيب	22
تنزيله	22
ديانة	22
الرضيع	22
السلطاني	22
حرفة	22
أصابتهم	22
التداخل	22
للضمان	22
يسلط	22
التأديب	22
وأشباهه	22
منفي	22
المهور	22
الجبين	22
يداك	22
بأصحاب	22
راعى	22
اتساع	22
والبقاء	22
بالعطف	22
ويمسح	22
والبيض	22
صياد	22
مكاتبه	22
بوضعه	22
الحجيج	22
يتابعه	22
معيشة	22
صقلية	22
عسير	22
بسرقة	22
شبهها	22
والصيد	22
يتكلف	22
يعطيهم	22
بنتها	22
أمانته	22
لأنس	22
شرهم	22
ويبدأ	22
وطرف	22
الإصرار	22
متولي	22
محصورة	22
الرياشي	22
وقطعت	22
دماغه	22
ونذكر	22
تنفك	22
قصدها	22
يتركها	22
جرادة	22
وتوفيت	22
قاتلا	22
جياد	22
للمكاتب	22
سراة	22
حسناء	22
صهر	22
هدايا	22
المأخوذة	22
مشغولا	22
واضعا	22
والظرف	22
فانهم	22
تحالفا	22
برحت	22
أضاءت	22
يكسب	22
البراز	22
ويقوي	22
الأربعون	22
احسن	22
وفقد	22
والغنية	22
برهة	22
الصد	22
أصابكم	22
الأحمال	22
بالحر	22
المتجه	22
والحرف	22
يستجيب	22
بالعدالة	22
الشم	22
برسالة	22
الغلاء	22
الوقتين	22
اللاحقة	22
أصيبت	22
فاقد	22
رفعوا	22
الاثنان	22
استيعاب	22
إجبار	22
قصائد	22
أشباه	22
يخشون	22
ضمت	22
هزم	22
نظمها	22
حياتك	22
تأييد	22
اجتماعهم	22
المارة	22
الصلبة	22
الانسانية	22
تشرع	22
الرباعي	22
ينفيه	22
أرضنا	22
شوقي	22
والرعاية	22
أودى	22
أنواعها	22
الهضم	22
ثروة	22
سمة	22
بالذنب	22
التماس	22
أثرت	22
وزار	22
تقدمها	22
والخاص	22
يهتم	22
القبلي	22
تحضر	22
يشرح	22
السجل	22
الرباعية	22
حرمان	22
النفيسة	22
وفرع	22
غرامة	22
ليشمل	22
مصير	22
انقلاب	22
ليصل	22
المرضية	22
تنتج	22
النظرية	22
التوزيع	22
النفوذ	22
تبعد	22
المادية	22
القردة	22
الأشكال	22
غادر	22
عميق	22
مضيق	22
الرسوم	22
الموجودين	22
الندوة	22
التجارب	22
قمنا	22
الطرقات	22
والدته	22
حزبه	22
معالي	22
حريق	22
الرياضة	22
نجاح	22
الخطوط	22
وافقت	22
النجاح	22
أسفر	22
تسمح	22
الملكي	22
وإسرائيل	22
التجربة	22
جون	22
باريس	22
خلالها	22
الصندوق	22
مؤخرا	22
سجل	22
صندوق	22
المركز	22
استخدام	22
العسكرية	22
وقرا	21
والمغفرة	21
مخ	21
وأومأ	21
رويته	21
يعطيك	21
حفيده	21
استدلوا	21
النقيضين	21
فعرفه	21
المسترشد	21
وبلغه	21
خالتها	21
ميرك	21
فأمرت	21
يلائم	21
بالاختيار	21
للمؤلف	21
الاعراض	21
آذان	21
غنمتم	21
بقل	21
بعظم	21
فيغفر	21
رفقا	21
الطلوع	21
يضيء	21
بالشبهة	21
خلفة	21
تكذب	21
والمهر	21
وأقسم	21
وأخبرهم	21
العلف	21
وادع	21
ينتهوا	21
المغيث	21
بإيجاب	21
تصيبه	21
أمواتا	21
فقرأه	21
الشاء	21
رشأ	21
والنثر	21
وكناه	21
تسمعه	21
فسادها	21
رجالهم	21
لخالد	21
الخطا	21
فطرته	21
قبحه	21
يشبك	21
أتابك	21
العدا	21
الزكية	21
وانقضت	21
للأكل	21
عادا	21
أبزى	21
يراجعها	21
والجر	21
عنقي	21
يطيع	21
الصياح	21
حدثك	21
نسأله	21
مخوف	21
حلى	21
الأشياخ	21
السلاسل	21
فانصرفت	21
فتحرير	21
فأقاموا	21
الأوطار	21
ابناه	21
التزمه	21
تصرفا	21
ضعيفان	21
بالطيب	21
للإمامة	21
تكثير	21
وويل	21
أدلكم	21
مدحا	21
والخطبة	21
إتمامه	21
الموطوءة	21
الوصفين	21
غربة	21
امرءا	21
كيدا	21
هاديا	21
المدام	21
يعتاد	21
السائلة	21
المستخرج	21
غما	21
ورائهم	21
حافر	21
اكل	21
شهوده	21
تبغي	21
النكول	21
يعص	21
تقربا	21
المصاهرة	21
الطيالسى	21
مؤتة	21
يقربها	21
سالف	21
مستورا	21
يتلوه	21
والحلي	21
زكاتها	21
وهاء	21
للترمذي	21
مخارق	21
سميته	21
فقتلهم	21
وقفنا	21
ونهي	21
تأمرني	21
والوسيلة	21
الحريم	21
هرثمة	21
الخضاب	21
ترضع	21
واختلفا	21
الدؤلي	21
بغاية	21
أتزوج	21
جمله	21
الخمرة	21
قتلي	21
حصنا	21
بخيار	21
بكفه	21
واسأل	21
فحال	21
ومررت	21
ويجعله	21
يفرقون	21
خاتون	21
شاتان	21
بالغير	21
وجاور	21
أصابني	21
وعدلا	21
ختن	21
عطارد	21
فاستحق	21
إماء	21
زبيب	21
بالشبهات	21
اختارها	21
البويطي	21
النظار	21
احترز	21
سرك	21
تخافون	21
التهلكة	21
وبمن	21
تنزيها	21
والنفي	21
يأباه	21
النسيئة	21
الذليل	21
صدع	21
أجلهم	21
نهاكم	21
بعته	21
للشرع	21
للأنصار	21
استسقى	21
بالخمر	21
فسيأتي	21
جعد	21
وقبح	21
جماله	21
المختلفين	21
خصائصه	21
فرسي	21
وبالاسناد	21
أخذوه	21
ألبس	21
أبيكم	21
جلاء	21
محصنا	21
الأثبات	21
تأخذوا	21
أفرغ	21
والتواضع	21
وعزتي	21
القمار	21
اصبر	21
المطلقات	21
القضيب	21
خلافها	21
الدهقان	21
فالأحوط	21
استقاموا	21
والتشبيه	21
وبلغنا	21
بالصلح	21
إيراده	21
وأبطل	21
بادي	21
يؤاخذكم	21
دعامة	21
مرتبته	21
الشقاوة	21
محيريز	21
عدنا	21
ملازم	21
قدامه	21
وإيانا	21
لأرى	21
وصحت	21
الغزوة	21
الضدين	21
أميمة	21
والاشتغال	21
زلفى	21
ومتنا	21
الهزل	21
القيرواني	21
متعلقه	21
دبيس	21
يوعدون	21
أشرقت	21
قواما	21
أدخلوا	21
جيرانه	21
تعدي	21
بالميم	21
تحريما	21
التكبيرات	21
جلدها	21
بفاحشة	21
يتربصن	21
يصم	21
دموع	21
بألسنتهم	21
يمنة	21
المكيال	21
بغلته	21
ويحكى	21
الطنافسي	21
بقوي	21
يعف	21
جوزه	21
والجاهل	21
فنزع	21
الإسكندراني	21
للتي	21
فآمنوا	21
مسيره	21
يقظة	21
بالموحدة	21
عسلا	21
والمحدث	21
بشهادتهما	21
جمر	21
زحر	21
ذبحت	21
وملكها	21
مهذب	21
الخبرية	21
حزينا	21
لبى	21
يحبسه	21
والأدلة	21
تكونن	21
وللمؤمنين	21
أعطيه	21
طعنه	21
أفسده	21
للوقف	21
فصالحه	21
رؤياه	21
آباؤكم	21
أوصيك	21
مسألته	21
فزوجها	21
يحتاط	21
ببذل	21
والبياض	21
النذور	21
اخترناه	21
بذنوبهم	21
وأتوا	21
شائعا	21
نوافل	21
فأخطأ	21
أعطيتك	21
مهلهل	21
تعينت	21
بسمرقند	21
الجمان	21
للأنبياء	21
محالا	21
الفتوحات	21
فناسب	21
بشاهدين	21
مطرا	21
بالثاء	21
أمارات	21
لورود	21
منامي	21
عطفت	21
فأقمت	21
البغض	21
السامعين	21
لخم	21
الزنجاني	21
الوفا	21
أيجوز	21
بالظاهرية	21
عيناي	21
فنهاهم	21
مكسور	21
قطيفة	21
يصدون	21
دونهما	21
فبلغت	21
فدنوت	21
بصرة	21
المخاطبة	21
بالمشعر	21
التوهم	21
بغي	21
قادح	21
الإتقان	21
مغضبا	21
ذكيا	21
والسماع	21
الشروح	21
خالقه	21
لمؤمن	21
يكد	21
الهرج	21
ينزلون	21
والتكذيب	21
الغل	21
ويبعث	21
ونصبه	21
يستكبرون	21
ضيع	21
بالثواب	21
القحط	21
الثريد	21
يرضيه	21
وأمهم	21
بالشرك	21
يتلون	21
الاخلاص	21
ففزع	21
وبعثه	21
سبيلي	21
والبعث	21
ضرعها	21
وبالكسر	21
يكذبه	21
لورثة	21
يتفكرون	21
يخش	21
جماعتهم	21
يعلل	21
سؤالهم	21
ليسلم	21
الأجلح	21
زبدة	21
والأبصار	21
أكثرت	21
والأنف	21
مصحفا	21
غيم	21
بتفسير	21
العقور	21
مخاطب	21
والغيبة	21
ولآخر	21
بتمامها	21
تعدو	21
الحاكمين	21
سرر	21
سفيه	21
النصير	21
مذموما	21
نبتت	21
ويوضع	21
وأكثره	21
للطبراني	21
أجورهن	21
حسنت	21
شفاعته	21
أحله	21
فأعجبه	21
والقرض	21
أفضلية	21
استيسر	21
ردوه	21
الجواليقي	21
ناقتي	21
جناحه	21
فاختلفوا	21
بالسوط	21
بجنب	21
بالرمح	21
فاتكم	21
تنبه	21
المعلل	21
الملائي	21
بالرؤية	21
فضلنا	21
خاصم	21
مخلوقاته	21
حرمتها	21
بضمير	21
إلحاقه	21
وتذهب	21
الفرخ	21
المذبوح	21
والأحسن	21
فسألهم	21
فأدركه	21
فأكلت	21
الجعفرية	21
والجزء	21
وكقول	21
طولب	21
محترم	21
دانيال	21
زائرا	21
الاستشهاد	21
كشفه	21
اختاروا	21
والوجود	21
حريصا	21
ونوع	21
الاخوان	21
والنوع	21
سيء	21
للقاتل	21
سعدى	21
الشطرنج	21
والاخبار	21
بالأشياء	21
بكتب	21
يستوفى	21
بأخيه	21
زيادتها	21
لإرادة	21
قشير	21
حطب	21
وأوحى	21
يبد	21
يحلل	21
الطلق	21
خامسة	21
وعدها	21
سنها	21
للقسم	21
بالكعبة	21
قاتلت	21
تذكرت	21
تؤخر	21
والبنت	21
أسفار	21
يمرون	21
شروع	21
والاعتماد	21
اعتبرنا	21
نحل	21
طيف	21
شرائه	21
مسطح	21
البدوي	21
كلمتين	21
بالجانب	21
وشراء	21
وقبلها	21
غبر	21
يسجدون	21
قلادة	21
البسيطة	21
الملاهي	21
صدوره	21
تسميه	21
تكليفه	21
إيلاء	21
تساوى	21
الرهبان	21
والفقراء	21
يطبع	21
قاصرة	21
اليافعي	21
ريا	21
زائل	21
وشفاء	21
بالنجوم	21
أفلت	21
الإسقاط	21
منيب	21
البراق	21
أرسلها	21
وجيء	21
انتفت	21
والمطر	21
وازرة	21
نوف	21
الكتف	21
وتحصيل	21
والسحر	21
طعنة	21
كحل	21
جهلهم	21
مغايرة	21
مكرر	21
يسوي	21
وعظمته	21
زادهم	21
ليغفر	21
فضلوا	21
يقصدون	21
للضرر	21
ياقوتة	21
وكتابة	21
ماضية	21
يؤدب	21
السخط	21
وخدم	21
وأخبارهم	21
جاه	21
والانتفاع	21
تعلو	21
عقارا	21
أعده	21
نتبع	21
السيئ	21
تجيب	21
بالبيان	21
توبيخ	21
تطل	21
قمح	21
جوفها	21
انتسب	21
حفيد	21
نصنع	21
سنية	21
وانها	21
السلفية	21
السهر	21
أثق	21
والبراء	21
وتلف	21
المنصف	21
الظلال	21
يعامل	21
وتمر	21
المفاوضة	21
الاستظهار	21
وخروجه	21
استكمل	21
وعظيم	21
واجتماع	21
سألتهم	21
طرائق	21
تعط	21
بنظر	21
بنصر	21
وألزم	21
فيتعلق	21
عناء	21
الغربة	21
منهيا	21
يوسع	21
وهلال	21
الخائف	21
عظامه	21
سبتة	21
الكعب	21
كوني	21
محي	21
ينفعكم	21
مصرحا	21
النقيض	21
نظري	21
والشجاعة	21
أملاك	21
الحضارة	21
باي	21
وحضور	21
نورث	21
المؤكدة	21
مساكن	21
أقارب	21
انعقدت	21
باستعمال	21
استقبلت	21
يدافع	21
الرفض	21
أزرق	21
مستمرا	21
المبنية	21
التضحية	21
وقدرة	21
القبلية	21
الأسف	21
والهند	21
الطارئ	21
بالحد	21
يقدمون	21
العمود	21
اعترفت	21
الفاصل	21
الناشئ	21
وبلا	21
بالاشتراك	21
قيامها	21
استدعى	21
فياض	21
نطلب	21
تمهيد	21
جزئي	21
المصرى	21
عارضة	21
لجأ	21
وصنع	21
تأثيره	21
عاملين	21
مقالا	21
يصادف	21
الصديقين	21
اسقاط	21
وعلينا	21
امتداد	21
العبور	21
استبعاد	21
إخفاء	21
متهما	21
نستطيع	21
أولوية	21
اعتاد	21
للتخفيف	21
تعقد	21
حداد	21
نيران	21
لإظهار	21
صلاحية	21
بأعمال	21
تساقط	21
ضخمة	21
مناقشة	21
بلدان	21
لمزيد	21
نفذت	21
حديثة	21
الصناعات	21
المهندس	21
المائية	21
محدودة	21
بمجلس	21
حجم	21
والأمن	21
القادم	21
الإدارة	21
البحري	21
شخصية	21
الحديدة	21
الداخلية	21
مستوى	21
زبالة	20
البلوي	20
الحرشي	20
الأسماع	20
محجن	20
بالشهادتين	20
فثم	20
أحدثكم	20
منقلبة	20
قنسرين	20
مدبرين	20
زيادا	20
تشتهي	20
والأمور	20
الغض	20
إسلامهم	20
تقليدا	20
أخبرنى	20
وكراهة	20
مجمعا	20
المحق	20
دعيت	20
متبع	20
كتابكم	20
يطمئن	20
للخليفة	20
فيقطع	20
بحيضة	20
كرواية	20
الكتابية	20
للتعظيم	20
الصهباء	20
تعلقها	20
البلغة	20
ومس	20
لابي	20
محتسبا	20
فاستقبل	20
ضعفها	20
مستعملة	20
الواجد	20
بالإعادة	20
فالضمان	20
أسمر	20
بزعمهم	20
فتعلق	20
فيذكر	20
والامام	20
وفسخ	20
والصديقين	20
فصنع	20
المتولد	20
ببدل	20
تهوي	20
فاتبعوه	20
تزاد	20
كصاحب	20
أغصان	20
وسجود	20
ولأحمد	20
كفء	20
التكثير	20
مكنون	20
المحدثون	20
بحمله	20
المنكب	20
السمت	20
المأثورة	20
المسيء	20
وإياهم	20
عورات	20
بذمته	20
أسفاره	20
بإمام	20
أثمان	20
بالأرش	20
قران	20
القاطعة	20
فهزمهم	20
خاصته	20
المعاشرة	20
وسموا	20
فواحدة	20
حنفي	20
الندامة	20
حقت	20
ولغ	20
عيناك	20
غطى	20
يعوده	20
تقال	20
فأجبت	20
كهلان	20
بعدنا	20
يابن	20
لبد	20
الاسترآبادي	20
المرابحة	20
معارضته	20
ياأيها	20
يؤذيه	20
السفرة	20
تسن	20
أخذهم	20
كالطلاق	20
وأنفذ	20
والعزم	20
بالركوع	20
البصرى	20
وظفر	20
يكاتب	20
والخالة	20
فعقد	20
تستحب	20
فأوصى	20
ينوى	20
يعتقه	20
رتبه	20
بدلوا	20
للتقوى	20
فأنه	20
والحائض	20
العديم	20
فليحرر	20
أوقد	20
والكف	20
بشراب	20
حبسها	20
فساق	20
منازعة	20
الوزر	20
ورووا	20
إكراما	20
فتبقى	20
نساءهم	20
لخير	20
البلاذري	20
والنفساء	20
بمرة	20
النسيب	20
بساتين	20
معهود	20
الرديء	20
مأخذ	20
وامر	20
صنعا	20
بالصلاح	20
الطحال	20
وجئت	20
يستلم	20
والخراج	20
النفساء	20
مبطلا	20
الكدر	20
يخاصم	20
الحسناء	20
اسمية	20
خازن	20
يراني	20
وريح	20
والسعة	20
فيدفع	20
والبينة	20
آباءهم	20
فوقفت	20
المتفرقة	20
بالاسلام	20
فشربت	20
بكيل	20
يزوجه	20
والعلاء	20
الطاق	20
جنونه	20
مشيخته	20
الجبيرة	20
والعشي	20
فضحكت	20
تائب	20
هيت	20
ينه	20
طعامك	20
لغني	20
وابنا	20
لجعفر	20
تكررت	20
بدنها	20
ومجرور	20
ونام	20
والسباع	20
رجالكم	20
يرحمه	20
وعياله	20
يحتلم	20
وتحرم	20
وصلب	20
وأكرمه	20
يغتر	20
وتهذيب	20
والسبعون	20
مرعى	20
الوحوش	20
الصماء	20
التياح	20
ساير	20
لشيخنا	20
أشاء	20
أصوب	20
إهاب	20
وحدثناه	20
فيجمع	20
والنسخ	20
بخروجه	20
بقراءته	20
الآستانة	20
البطحاء	20
متفرقا	20
المستقر	20
وعنهم	20
الاخرة	20
بكنيته	20
كربة	20
والعاقبة	20
للخطيب	20
شيث	20
بالاعتبار	20
تصدقوا	20
أطهر	20
آيتان	20
بالرضاع	20
القطامي	20
فسخت	20
إدغام	20
الفسوي	20
الاتصاف	20
دعاؤه	20
تسأله	20
والصدوق	20
مؤتمن	20
وجعلهم	20
لقيني	20
يكتمون	20
مسها	20
حملهم	20
والسلف	20
التثليث	20
التركمان	20
خيرهم	20
بالهلاك	20
أصولهم	20
الفحش	20
الفصحاء	20
ويجبر	20
استعير	20
فخذوا	20
الضراب	20
فامر	20
صومها	20
برع	20
المستلزم	20
فاسأل	20
تبيض	20
وتميم	20
المرتب	20
وأصبغ	20
بالعقوبة	20
الصنابحي	20
غدوا	20
أنام	20
أوصاني	20
ملقى	20
وبرئ	20
سرج	20
فأعجب	20
طبقته	20
باكيا	20
دومة	20
وبي	20
حوضي	20
الشهب	20
مودود	20
يبال	20
نقضا	20
واعظ	20
قلائد	20
الأوسي	20
فمد	20
المعقوفين	20
يضركم	20
وجلست	20
وكلمته	20
والترغيب	20
معاصر	20
والأشبه	20
عامرا	20
وباطل	20
يضعن	20
قائلها	20
ويوجب	20
والأقوال	20
لوطا	20
مكين	20
امامة	20
كأنني	20
عتب	20
كبشا	20
أفواجا	20
عنقها	20
العسرة	20
أيبك	20
للغرماء	20
لوددت	20
فحرم	20
وسويد	20
استقلالا	20
الصبابة	20
يبخل	20
تحير	20
وسعديك	20
أفرأيتم	20
تضل	20
هجم	20
يصلحه	20
يتناهى	20
ذاتا	20
المفتين	20
يجلو	20
بالحديد	20
وشاة	20
لحسنه	20
كفعل	20
فجاءوا	20
قافية	20
مغشيا	20
الباقيات	20
فأنكره	20
الحرفين	20
خشن	20
شرفها	20
بالاحتياط	20
ترين	20
أدبا	20
أجلك	20
فأومأ	20
الجعرانة	20
بالغصب	20
المقضي	20
الدارقطنى	20
وفرعون	20
عصارة	20
قرحة	20
سرف	20
التثبت	20
ملكوا	20
الحميل	20
سيروا	20
الوارثين	20
بتمر	20
اهدنا	20
والمضاف	20
ويستحق	20
وأصحهما	20
جهرة	20
والبدع	20
بكفره	20
واستغنى	20
واجتمعوا	20
يتعجب	20
تتوضأ	20
سفرة	20
فاغسلوا	20
بريح	20
مولاك	20
أجابوا	20
كتابيه	20
وصفات	20
أكرمك	20
فظننت	20
فقصد	20
قراضا	20
قلتين	20
فشمل	20
أينا	20
فكأني	20
مفازة	20
ونصره	20
الأعمام	20
التكوير	20
ويغرم	20
أيلة	20
يقبضها	20
إسلاما	20
الفلس	20
الإطالة	20
ولاؤه	20
بالذبح	20
المرجوح	20
حسينا	20
عصاني	20
غرو	20
ردهم	20
المذهبين	20
وسلار	20
تستغفر	20
مطيعا	20
الخصلة	20
الرواسي	20
يجامعها	20
وصرفه	20
بتربة	20
ودا	20
كرامته	20
وجوهها	20
ويجعلون	20
فسلموا	20
ضرع	20
باله	20
فقبلت	20
فيأتون	20
الظلماء	20
ندا	20
غزل	20
بالأذان	20
واللحية	20
فزال	20
أقبلوا	20
يطرق	20
يضمر	20
ودمه	20
جهاده	20
للثواب	20
ورغب	20
الوزان	20
التبصير	20
موج	20
بالسلامة	20
فراقه	20
الاسلامي	20
مهل	20
أبناءهم	20
حوائجهم	20
منابر	20
شاركه	20
تسميتها	20
يتخيل	20
الموازين	20
يقبلوا	20
والمنطق	20
بمسألة	20
إعارة	20
واللعب	20
جائع	20
ببقية	20
ولكان	20
انهدم	20
كبارا	20
وزمان	20
مدعى	20
يقيموا	20
ندخل	20
يملي	20
تسر	20
اختصارا	20
تنسى	20
تضييع	20
وطرح	20
تبرعا	20
البرماوي	20
المطابق	20
قائلين	20
أتعرف	20
قرائن	20
حكايات	20
نقط	20
لغيرك	20
يرويها	20
أخرها	20
وليدة	20
والوسطى	20
يجف	20
للخدمة	20
المنصورة	20
الاصل	20
فارغ	20
الفروق	20
نويرة	20
تدخله	20
بعل	20
حضورا	20
ناجي	20
انتقاله	20
وراءهم	20
ومكث	20
أدق	20
لأولاد	20
وكفروا	20
كرجل	20
ومضت	20
البيروتي	20
اعلام	20
مثليا	20
جمالا	20
البقول	20
مجاعة	20
وغرم	20
مستعار	20
ارتفاعه	20
والحرير	20
الإسماعيلية	20
الوجدان	20
والرمي	20
مكانهم	20
ذوق	20
لمطلق	20
تمادى	20
ولهذه	20
الصقلي	20
حلوة	20
وينقل	20
استقامة	20
فوصف	20
وأسأل	20
مكن	20
أنواعا	20
أغرب	20
فترد	20
الميسرة	20
الرايات	20
حكايته	20
حيدرة	20
المذنب	20
الإلحاد	20
امير	20
بالرقة	20
وترفع	20
وجدان	20
صدقها	20
ويؤخر	20
بحرب	20
تتبعه	20
يدركها	20
الشفا	20
والترتيب	20
مستوية	20
الصفين	20
بحسبه	20
النثر	20
بقياس	20
صرة	20
ويرسل	20
للجهل	20
انتبه	20
منار	20
عرفناه	20
بكتابة	20
الطلقة	20
القطيعة	20
اليمانية	20
والقديم	20
ألب	20
وأعطيت	20
فولي	20
تشق	20
سوم	20
نأت	20
والأعلام	20
لقاءه	20
رزقها	20
دفعته	20
بالطلب	20
ونظرت	20
بأفعال	20
تحرق	20
المنتشر	20
وفرح	20
الملتزم	20
ينبني	20
لضعفه	20
اتصاله	20
اللحى	20
أعوان	20
ضيقة	20
العقدة	20
يبرد	20
الآخران	20
ولأنهم	20
يشتهر	20
تقيد	20
جليس	20
يكتف	20
بالك	20
بالقسم	20
السلامي	20
حاسد	20
تروى	20
الإفساد	20
المحروسة	20
أملي	20
تروي	20
وحلب	20
اعتماده	20
مطالعة	20
البطش	20
دورهم	20
الأمتعة	20
كافي	20
الأخوان	20
التكبر	20
موتى	20
تأت	20
تجزئه	20
وانصرفت	20
حى	20
ركوبه	20
وطرق	20
ألما	20
مفروضة	20
تحملها	20
الجزئي	20
الجادة	20
قوتها	20
الزائر	20
حريص	20
شكله	20
واعترف	20
سعيا	20
الموازية	20
الصنع	20
قررنا	20
متوقف	20
التفاح	20
الحديقة	20
والاجتماع	20
حالت	20
قاموس	20
معقولة	20
أعقب	20
ذاتي	20
والقرى	20
واستمرت	20
تيسير	20
والواقع	20
يستغرق	20
وتجاوز	20
متابعته	20
بالروح	20
اعتقدوا	20
الوفود	20
وتسليم	20
والطرق	20
ونسأل	20
ورؤية	20
مجاورة	20
صراحة	20
شان	20
درعا	20
عدوانا	20
عطا	20
بإزالة	20
ذاتية	20
الآفة	20
بموجبه	20
وارتفعت	20
تمكين	20
العزاء	20
بحقوق	20
الفعلي	20
بوفاة	20
صعود	20
المرشد	20
وأعمال	20
شعرت	20
متأخرة	20
نجل	20
الفكرية	20
اسرائيل	20
حدودها	20
ساعد	20
هز	20
يغطي	20
تقدما	20
الملابس	20
إطلاقها	20
المنصب	20
فني	20
سائق	20
لأسباب	20
يمكنها	20
طبيعي	20
موسم	20
الخطة	20
صعبة	20
توقيف	20
غرف	20
تسهيل	20
والتجارة	20
تغطية	20
الشاملة	20
أعرب	20
عواقب	20
استمرت	20
الشمالية	20
للدولة	20
الجلسة	20
العالمية	20
أعلن	20
فاستجاب	19
الماضين	19
بالمعصية	19
الدنية	19
حسبة	19
وكرهه	19
محسوس	19
وأحسبه	19
الحنائي	19
المثلين	19
نوادره	19
تسمعون	19
تشقق	19
أركانه	19
مظهرا	19
دجانة	19
الخلو	19
وذروا	19
تبعهم	19
فدفعها	19
بحرام	19
التبر	19
للعتق	19
الإنتصار	19
سدى	19
فلبث	19
مضل	19
الفاروق	19
وحلية	19
بالخل	19
كهمس	19
وجهز	19
فاخذ	19
بأمه	19
عبسة	19
صامه	19
الأصبع	19
تاشفين	19
حبال	19
تنفر	19
فيأخذه	19
أعطه	19
ذنوبا	19
والبراءة	19
الربانية	19
فروعه	19
الدوسي	19
معتقد	19
المعاجز	19
وأقله	19
ذليل	19
جانبيه	19
فرفعه	19
مشتغلا	19
والحجاج	19
فلبس	19
كرا	19
فسمعه	19
المولي	19
غرور	19
زلزلت	19
سقاية	19
وجلد	19
الاثبات	19
مندوبا	19
شهران	19
المطايا	19
وضل	19
تغضب	19
الوسع	19
فأخذتهم	19
بأهلك	19
وجعه	19
يدلس	19
وجمل	19
الملقن	19
الفوائت	19
السراء	19
رحما	19
فخير	19
يجتنب	19
فأتم	19
وبطلت	19
بسلطان	19
عبدنا	19
شكوا	19
يعضد	19
والفوائد	19
يتطوع	19
دولتهم	19
ونثر	19
واحدهم	19
فشد	19
اطمأن	19
ببسم	19
الجان	19
السالكين	19
برفق	19
وليث	19
وعينه	19
والجرح	19
بكتمر	19
أتكلم	19
المعقولات	19
وبنحو	19
آثما	19
أحدثوا	19
معدوما	19
الجيلي	19
غافلون	19
بغل	19
وهبها	19
يعزب	19
أوصني	19
ويقوى	19
الثاقب	19
عدته	19
واحتسابا	19
تأبى	19
برضاه	19
فرحل	19
نقصها	19
بهمذان	19
فقدر	19
غيرهن	19
سندها	19
فنصب	19
ويموت	19
رمق	19
الغالبة	19
ويتوضأ	19
ولصاحب	19
أبرح	19
جوانبها	19
أشقى	19
وظلمة	19
أربى	19
وبايع	19
أثبتنا	19
مليك	19
يستغفرون	19
نقية	19
مطلوبا	19
إصبعا	19
بقلبي	19
يردوا	19
صنما	19
فيأكل	19
الحلاوة	19
كفنه	19
والموزون	19
راد	19
يسئل	19
زعفران	19
فتناول	19
وكماله	19
ألفاظها	19
المنقوطة	19
رجوت	19
مجده	19
التركماني	19
بقبضه	19
كفرتم	19
الناصح	19
بلازم	19
حسابهم	19
فقلن	19
تزكى	19
الجندل	19
والسارق	19
فأعلم	19
المضار	19
كمنع	19
والجبن	19
والراحلة	19
يسوى	19
مشروطة	19
للمشترى	19
النافي	19
والتصريح	19
كالصحيح	19
ضالا	19
السقيفة	19
تستقر	19
واستحق	19
الدامغاني	19
اقتتلوا	19
مكرما	19
فاقطعوا	19
بالروايات	19
الإيجاد	19
البغداديين	19
النصل	19
المنكبين	19
القسطلاني	19
سمعناه	19
التهجد	19
الانصاف	19
الراوية	19
الانس	19
رقه	19
مسألتان	19
المنان	19
وفيمن	19
ووعده	19
الخطباء	19
ناويا	19
مشيته	19
الحيطان	19
الجعابي	19
نعمتك	19
الهلكة	19
والكواكب	19
مؤيدا	19
يجيبه	19
الشاهدان	19
الإلحاق	19
يؤلف	19
أحسنه	19
والنحاس	19
شفى	19
أجهل	19
والابتداء	19
عجيبا	19
بالمهر	19
العدنانية	19
ليرجع	19
فسقه	19
والرفق	19
واستظهر	19
المعد	19
غافلا	19
نزه	19
ضحكت	19
ماءه	19
موزون	19
تعالي	19
يقرؤون	19
والقعود	19
والتعليل	19
بجنسه	19
أرجلهم	19
رقيقه	19
التصحيف	19
غلت	19
القليب	19
فعرفنا	19
أمسكت	19
يلبسون	19
سألهم	19
وأيا	19
أشيم	19
مجئ	19
وصيغة	19
الفارقي	19
وأتموا	19
قرشي	19
المتنجس	19
ملكين	19
شفير	19
دلو	19
أكنت	19
أتصدق	19
التنكير	19
والخشوع	19
سقاء	19
تفرقا	19
معذورا	19
العول	19
قتلني	19
تسألوا	19
يطاع	19
النملة	19
تلحقه	19
بالحيض	19
غيظ	19
والموعظة	19
الرأى	19
التجارات	19
الفوزان	19
النبيون	19
سنام	19
وكافر	19
اشتق	19
متفقة	19
والوجوب	19
الر	19
سبا	19
ورضاه	19
ويرث	19
احتماله	19
حدته	19
والأعرج	19
بمجرده	19
يضعفه	19
استناد	19
المقرىء	19
وأجود	19
المحمودة	19
حليا	19
الايلاء	19
حدير	19
إيجابه	19
وقلبي	19
آيتين	19
أعذر	19
المطاع	19
ويرده	19
ببيعه	19
اللئام	19
بالتوراة	19
ومريم	19
الحنيفية	19
استأذنت	19
والعائد	19
بجيرمي	19
عالج	19
وعترتي	19
والموجود	19
مستأنفا	19
بخلافها	19
لذين	19
الترب	19
وليل	19
فكلهم	19
مرجعه	19
الجسمانية	19
نسيها	19
بإسلام	19
حرفان	19
الخطبتين	19
قرىء	19
يزين	19
والغنيمة	19
فخرا	19
يصبه	19
فيؤدي	19
المعرب	19
ظالمين	19
شكورا	19
وذبح	19
مكاتبته	19
تضعيفه	19
مؤنته	19
مآ	19
بجوازه	19
صنيعه	19
بعوضة	19
يعصي	19
نظن	19
حواشيه	19
والعبرة	19
القوام	19
فشهدوا	19
خريفا	19
يكفن	19
والحياء	19
بقولنا	19
واعتقاد	19
الاحتمالين	19
البوشنجي	19
بايعوا	19
سيان	19
الصائد	19
الإذخر	19
إهلاك	19
بالنحو	19
يوفي	19
بذر	19
علمائهم	19
أذاه	19
شروطهم	19
والروياني	19
بلنسية	19
شكور	19
والبلاء	19
عجلت	19
جبارا	19
الفاني	19
المساوي	19
خاطره	19
الدائن	19
بالنكول	19
للنفي	19
البزي	19
اللؤم	19
حميدا	19
لأصحابنا	19
الأتباع	19
فصام	19
ففر	19
كتابية	19
وتركنا	19
لأبيك	19
الحصير	19
فسرنا	19
جحادة	19
بالثانية	19
شعيبا	19
اجعلوا	19
ورثت	19
يعش	19
والمثل	19
والضرر	19
وأموالكم	19
الشذوذ	19
مقارنا	19
كالصريح	19
الخديوية	19
فالأظهر	19
وينفق	19
وثواب	19
يردا	19
بالبادية	19
أضيفت	19
ويختص	19
وقس	19
والإخبار	19
وكأني	19
والضحى	19
الرفث	19
أفسدت	19
فذهبوا	19
للطهارة	19
متضمن	19
لفضل	19
يوقد	19
وشراب	19
لليلتين	19
يحضرني	19
أصرم	19
وإنباء	19
قيسا	19
إلهك	19
وخلا	19
كماء	19
الأفطس	19
مهيبا	19
قسمتها	19
توابع	19
حطان	19
الكرخ	19
الأعادي	19
الماعون	19
أغصانها	19
حاجبه	19
المحامد	19
أخلاط	19
أجازوا	19
التنفل	19
متيقن	19
انفراده	19
صعيدا	19
ألين	19
والناقة	19
سكوته	19
ومدحه	19
باشد	19
المضارعة	19
يبل	19
حصينة	19
خلي	19
ماجيلويه	19
فأجازه	19
الكذابين	19
ومحبته	19
الإيصاء	19
تلق	19
مدد	19
المثانة	19
سائلة	19
بربع	19
مجدا	19
لدخوله	19
مجاري	19
والخليل	19
لوالده	19
المعهودة	19
وأعيد	19
انفصال	19
الاستغاثة	19
يؤتي	19
انفراد	19
ظلها	19
معارف	19
السام	19
حشو	19
ينظم	19
والأشهر	19
رسائله	19
وتعيين	19
عقيدته	19
والسن	19
بإصبعه	19
بالنجف	19
غمرة	19
تمد	19
العصفور	19
لوم	19
أبوابه	19
منعا	19
دواعي	19
ترقى	19
مرضيا	19
والبائع	19
التكاثر	19
القابسي	19
أخرجته	19
معاد	19
الطاغية	19
لتوقف	19
يسلب	19
تكسب	19
الواصل	19
معدة	19
خوفهم	19
حلمه	19
والفرات	19
الحيتان	19
اعتزل	19
إضرار	19
ليرى	19
زد	19
شائبة	19
الجبلي	19
يوصى	19
بالجلوس	19
بدمه	19
تظلم	19
تنهى	19
الطرب	19
استهل	19
لضيق	19
أحصر	19
اولى	19
أكف	19
يشكون	19
تطرد	19
صنفان	19
وفعلت	19
أصيل	19
لطالب	19
وأقوال	19
الجبة	19
أظهرها	19
خسرو	19
شانه	19
وثالثا	19
المعطى	19
جاري	19
الوثوق	19
يرق	19
محارمه	19
عصير	19
سفح	19
والثامن	19
للقياس	19
عسقلان	19
وسلطان	19
الشد	19
الموصولة	19
ومنى	19
بقولها	19
اقرار	19
بنسب	19
تعجز	19
تملكها	19
فأرة	19
والمرجان	19
متم	19
نجوى	19
يبدي	19
خربة	19
وقتلهم	19
ميز	19
بناؤه	19
اجمع	19
وجودي	19
الجموح	19
البضاعة	19
فاقة	19
ننكر	19
بالظهر	19
نكتب	19
أبيع	19
والقصة	19
الحطاب	19
يحزن	19
قواعده	19
مفارقته	19
عكاظ	19
المظلم	19
وانقطعت	19
محلل	19
يحبك	19
طلبهم	19
الامتنان	19
يدان	19
ماضي	19
نترك	19
اختصر	19
تغليب	19
لبثت	19
منازع	19
ينفد	19
الحليمي	19
والعدو	19
كلمتهم	19
بمشهد	19
سنتان	19
ابتلاء	19
الإيراد	19
مخطئ	19
ينذر	19
والموضع	19
ترجمان	19
والحبس	19
خليفته	19
المردود	19
المديح	19
دقة	19
حالتي	19
مطلوبة	19
وحياة	19
وتعرض	19
شجاعة	19
متغير	19
زالوا	19
خارجي	19
تتقدم	19
أقره	19
وصوت	19
التعطيل	19
محرر	19
الشهرين	19
الإفراط	19
عيادة	19
الهول	19
وحشية	19
حجازي	19
عقلك	19
مفرق	19
قالته	19
المتغير	19
يجمعها	19
انتصر	19
بنائها	19
وعود	19
بصور	19
أحلام	19
احياء	19
سهولة	19
ونفذ	19
والحذر	19
نسبتها	19
وراح	19
منارة	19
عالمة	19
ألقاب	19
شاهدت	19
الذهني	19
جهدا	19
المترتبة	19
آمل	19
دو	19
اتضح	19
اليابسة	19
يبرز	19
ينتشر	19
توسع	19
الهامة	19
يربط	19
ضبطت	19
مصاب	19
متعدد	19
التجديد	19
شكري	19
حاجز	19
الأهم	19
أدوات	19
شخصين	19
قادرين	19
الأمام	19
وحصلت	19
القائمين	19
كثيف	19
انتشرت	19
أجرت	19
وعادة	19
المسيحية	19
وخفض	19
تخص	19
غطاء	19
وإعادة	19
وتعتبر	19
مقاومة	19
انضمام	19
دعوات	19
المنظومة	19
الجيل	19
الدوائر	19
تراجع	19
الطبية	19
العودة	19
أراضي	19
ورئيس	19
أزمة	19
وبحسب	19
وتابع	19
الحزب	19
السياسي	19
المتحدة	19
أبانا	18
شهريار	18
ضمضم	18
يتعبد	18
ببيروت	18
الباقى	18
باعث	18
ساقيه	18
الساري	18
الاله	18
المحبوبي	18
آبائي	18
وعبادته	18
الإكليل	18
الخفاجي	18
آبائكم	18
أجلى	18
والطيبات	18
أصحها	18
تردى	18
جفن	18
وذكرهم	18
كقطع	18
طهرها	18
ويصلون	18
هاه	18
عاريا	18
البرص	18
ووجدنا	18
اللب	18
وأهلي	18
والفتنة	18
أوى	18
نسبها	18
للناظر	18
وارتحل	18
والرقيق	18
أله	18
مخطئا	18
ارم	18
النسمة	18
وقريش	18
الدود	18
فاختة	18
بنجس	18
نشيط	18
مظلوم	18
فأرسلوا	18
والأشربة	18
الزقوم	18
إيانا	18
ظاهرين	18
فليغتسل	18
وطواف	18
ويجزئ	18
نهاني	18
فنظروا	18
أبغضه	18
والتخصيص	18
وأزواجه	18
المغرور	18
يغلط	18
التبس	18
بقيمتها	18
چه	18
آزر	18
أوانه	18
أخبروا	18
وى	18
مرجوح	18
ووالله	18
خطل	18
لبسها	18
نسائها	18
فيفيد	18
بيانية	18
ويتوب	18
ومنزل	18
آتيه	18
فوطئها	18
خوطب	18
خوار	18
صلحت	18
مصاحف	18
وأرش	18
وبيض	18
مره	18
والصلوات	18
الأشناني	18
مثوى	18
ومالا	18
فتلقاه	18
يخالفون	18
بألفين	18
اراد	18
الوصيين	18
التمرة	18
خذي	18
للغسل	18
ناظرة	18
يؤمرون	18
فيقتله	18
فتفرق	18
زارني	18
طبرية	18
يصيد	18
سيوفهم	18
أنتن	18
حدثنيه	18
الكرابيسي	18
وحكمها	18
للأخ	18
الرافع	18
فواضح	18
الخليقة	18
الأحزان	18
وتدبير	18
تحض	18
رزقك	18
أناخ	18
حبيبه	18
أختك	18
بثمنها	18
مدت	18
أرضك	18
دوس	18
يعتمر	18
يجزىء	18
سحابا	18
عقبى	18
لامرئ	18
رماها	18
والشريف	18
والجسم	18
فبكت	18
حافيا	18
الرفقة	18
وأمهما	18
السمح	18
قنبل	18
أتقاني	18
والجاه	18
يكرب	18
فالتقوا	18
فالدية	18
التذكية	18
فأرادوا	18
وعبدة	18
وشذ	18
ماردين	18
رابعها	18
والمرء	18
جنتان	18
منكبه	18
ويشتري	18
ولعدم	18
لجبريل	18
يلم	18
فخالف	18
تفطر	18
الأدمي	18
كذبتم	18
كفورا	18
وأطعنا	18
وأعطي	18
ويتلوه	18
وداعة	18
بديار	18
الخمسمائة	18
يرسله	18
وركع	18
والغفلة	18
يحرمون	18
بالأحاديث	18
وأرسله	18
والثاء	18
بالكيل	18
للابتداء	18
بمكانه	18
سيدهم	18
فيجتمع	18
بابنه	18
أصبعه	18
الديلي	18
كيما	18
فردت	18
الخيف	18
راجلا	18
بنهر	18
رقا	18
انقراض	18
أبوهم	18
فقرأها	18
اخرجوا	18
بالمزدلفة	18
مغفور	18
تعينه	18
فأجابهم	18
ويخاف	18
يغنى	18
الانف	18
المتبوع	18
المقترض	18
الكمالات	18
زل	18
لباسا	18
وعمي	18
مقلد	18
لطفا	18
بعلى	18
الرءوس	18
جوزوا	18
بالتسمية	18
العلويين	18
أوتيتم	18
المص	18
وترجع	18
فبال	18
كأمير	18
فائتة	18
گلشن	18
صياما	18
رؤي	18
فسألني	18
بجاية	18
محمودة	18
الجفن	18
أذانه	18
جئته	18
تسبح	18
فخار	18
أتوه	18
كلدة	18
أنزلها	18
البلقاء	18
مؤذنا	18
صوموا	18
كحرمة	18
زوجني	18
مشاعا	18
سخطه	18
فيفسد	18
خطاياه	18
العرصة	18
تزويجه	18
فالمذهب	18
عفوك	18
تغن	18
كارهون	18
كثرته	18
تعدون	18
شأني	18
فصم	18
مجوسي	18
الدكن	18
قسمها	18
أسباع	18
كأصله	18
البدلية	18
واحذر	18
العطايا	18
وجعلته	18
وعلموا	18
واللازم	18
بتدبير	18
فاض	18
مندوحة	18
العاطس	18
المضرة	18
والتحميد	18
بالتواتر	18
الاسراء	18
صبغة	18
العمائم	18
فتغير	18
التلقين	18
داسة	18
فأكون	18
ديباج	18
غسلت	18
بالزكاة	18
للزبير	18
ويعلى	18
بالردة	18
بأصفهان	18
ثوى	18
شقاق	18
أهمل	18
بالسيئة	18
حبيبا	18
وشرابه	18
عساه	18
ولئلا	18
اتصافه	18
الإصطخري	18
وزينتها	18
سمين	18
وبياض	18
أحج	18
أوقعه	18
بإمرة	18
خفيت	18
خطيئته	18
وقولك	18
وأحرى	18
بالحلف	18
عهدك	18
يؤذون	18
والجراد	18
بالحساب	18
أكفر	18
الأجفان	18
موات	18
الغلاة	18
آباؤهم	18
عاين	18
والغائط	18
تصوموا	18
فجيء	18
أوهم	18
إسمعيل	18
ناره	18
لجة	18
شفتيه	18
تعطف	18
القصعة	18
الساج	18
وأخاف	18
والغاية	18
عنبر	18
استهلك	18
ملكشاه	18
فأسر	18
بالسحر	18
خالقا	18
تطعم	18
تواضعا	18
بالفسق	18
يعض	18
السنان	18
فاستعمل	18
مغصوب	18
والسكنى	18
الكمأة	18
يفسق	18
فعلهما	18
ختمة	18
وطاب	18
مشركة	18
يلعن	18
وأسلمت	18
يتطهر	18
أخبرتك	18
أيس	18
والمحدثين	18
بإناء	18
المرية	18
يروح	18
والنجاشي	18
دواوين	18
رأيتموني	18
والفتاوى	18
والمفضل	18
بالصحيح	18
وذمة	18
انصرافه	18
البهلول	18
عصوا	18
فأقم	18
نفعها	18
قابض	18
والموحدة	18
والأشجار	18
جنبيه	18
يستحسن	18
فالولد	18
المرتدين	18
المجازاة	18
للشبهة	18
يذهبن	18
شمله	18
وأدخله	18
معترض	18
إحضاره	18
للغائب	18
اللينة	18
للوصي	18
فهموا	18
المكتفي	18
ييأس	18
المتعلم	18
والقدم	18
نفخة	18
بجسم	18
ودونه	18
فعدة	18
سبيع	18
القصاب	18
لاسم	18
وذل	18
بالنبل	18
وإحسانه	18
الخذلان	18
فاقرأ	18
عزر	18
ينفقه	18
فباعها	18
صلع	18
يصومه	18
ينطقون	18
يهجر	18
وينهون	18
منقبة	18
فيظن	18
قرء	18
بالتعيين	18
أسأت	18
جماد	18
تعدلوا	18
للبشر	18
علاثة	18
فوجدوه	18
أعطيتني	18
الودود	18
قلده	18
البارئ	18
الواضع	18
ويأبى	18
يقاتلوا	18
غيبه	18
بالأسباب	18
معينين	18
دواد	18
أصلاب	18
جدهم	18
فأتوه	18
شعرات	18
آخذه	18
فأسلمت	18
مقصر	18
يرم	18
راق	18
وقوي	18
تكذيبه	18
النضرة	18
عرضي	18
طبيبا	18
صوفي	18
ودي	18
لغتهم	18
الذابح	18
الأوتار	18
ابنتك	18
الينابيع	18
والسماوات	18
وثمرة	18
المسلمات	18
مضمونه	18
التوقيف	18
تعظم	18
الأصبحي	18
فيتم	18
اسناد	18
بتسعة	18
الاسمين	18
الأقضية	18
أجسام	18
بتوفيق	18
إيقاعه	18
المشاهير	18
تاريخا	18
للفصل	18
باسمي	18
آلله	18
ناعم	18
تصريحا	18
وخلاصة	18
جره	18
حجري	18
سلع	18
أرادها	18
والاثنين	18
بسؤال	18
يحتجون	18
وفود	18
والمتن	18
وحقه	18
والتقليد	18
الإعارة	18
طائرا	18
الجماجم	18
عيشه	18
قدري	18
الركبتين	18
يكتبه	18
ويقتلون	18
حجتهم	18
هون	18
والشيعة	18
يظهروا	18
حافظوا	18
والستين	18
مقنع	18
مدبرة	18
روعي	18
حطة	18
شفقة	18
امه	18
بمفهوم	18
وحسان	18
لخروج	18
إنجيل	18
فيقولان	18
عابر	18
يعيدها	18
عقابا	18
يحبها	18
جريب	18
قار	18
مشهود	18
حارا	18
تفرغ	18
دعوتك	18
الأسباط	18
الاستعلاء	18
اشتغاله	18
ناظم	18
وورث	18
الوعاء	18
المحذوفة	18
العريض	18
وجر	18
سمته	18
يحال	18
مفردات	18
للرواية	18
يجعلني	18
عيدان	18
ابيض	18
ولغة	18
الخياطة	18
فالآن	18
أدناه	18
تخرجه	18
وأشياء	18
وهزم	18
خصت	18
يسكنه	18
المدبرة	18
وحرب	18
المبدع	18
فانتقل	18
والاستقامة	18
نحس	18
كوكبا	18
محظورا	18
الاستراحة	18
يعمد	18
تندفع	18
وقتنا	18
تتفق	18
وحلت	18
متشابه	18
فيل	18
بالحيوان	18
ضلت	18
طليق	18
فتدخل	18
سرب	18
جمعنا	18
فذا	18
والطريقة	18
لوجوده	18
والمنفعة	18
بالقصاص	18
الواقعي	18
سنجار	18
العزلة	18
بإرسال	18
لأحكام	18
وكرر	18
فكري	18
تضاعف	18
نسختها	18
بدوام	18
يدفعون	18
يقدمه	18
خاض	18
تجمعوا	18
الصداع	18
استنادا	18
المقرب	18
المساكن	18
يغادر	18
ناشئة	18
صورها	18
للوقت	18
استفادة	18
إنفاق	18
الذخائر	18
تدين	18
امتد	18
شروطا	18
تسريح	18
اللتان	18
الاشراف	18
تختار	18
شقة	18
جارة	18
بصنعاء	18
والمصلحة	18
موقعا	18
وامتناع	18
قرعة	18
سيناء	18
المعتدين	18
المثبتة	18
حمود	18
ينضم	18
ليكونوا	18
المقعد	18
نقبل	18
أمامها	18
شقيقة	18
القوائم	18
ردع	18
والغناء	18
وجدة	18
يقفون	18
وجهاد	18
ملكية	18
وجدد	18
حلفاء	18
تاريخها	18
شددت	18
السحب	18
نتحدث	18
الجفاف	18
غارة	18
ليتم	18
للعدو	18
الأعياد	18
وتحرير	18
الدقائق	18
نحتاج	18
ويبلغ	18
الإشراف	18
تجعلها	18
القصيرة	18
أصعب	18
سكانها	18
نمط	18
خطرا	18
البرج	18
بحل	18
حاولت	18
تجنب	18
المصور	18
باعتباره	18
التحول	18
الوفيات	18
مستمرة	18
الأرضية	18
صعوبة	18
البدء	18
يلتقي	18
بحياة	18
شن	18
نطاق	18
الأوضاع	18
معالجة	18
الشمالي	18
ميناء	18
المئة	18
جائحة	18
أوروبا	18
آبه	18
آبهين	18
آبيك	18
آتيش	18
آجلا	18
آحرونوت	18
آحميم	18
آخرى	18
آخوند	18
آدماوة	18
آذانا	18
آذربايجان	18
آرإيفيل	18
آرائه	18
آرائي	18
آراب	18
آرام	18
آرت	18
آرتشي	18
آرتميس	18
آرثر	18
آرزقي	18
آرني	18
آرون	18
آري	18
آريان	18
آزاداني	18
آزادي	18
آساره	18
آسر	18
آسرة	18
آسف	18
آشوري	18
آف	18
آفاد	18
آفاقه	18
آفاقها	18
آفى	18
آفيف	18
آكار	18
آكاي	18
آلائه	18
آلامه	18
آلب	18
آلف	18
آلمنا	18
آلون	18
آلياتها	18
آليانز	18
آلينا	18
آماله	18
آمالها	18
آمانيه	18
آملا	18
آملات	18
آملين	18
آمنتين	18
آمود	18
آمور	18
آمياس	18
آنئذ	18
آنتايك	18
آندرو	18
آندريه	18
آندي	18
آنفيلد	18
آنى	18
آنيا	18
آنييز	18
آهات	18
آهلة	18
آوت	18
آوسرد	18
آيار	18
آيتا	18
آيتما	18
آير	18
آيرو	18
آيرون	18
آيس	18
آيفز	18
آيلار	18
أؤذي	18
أؤلئك	18
أبادي	18
أبارتمينت	18
أباطرة	18
أباظة	18
أبانت	18
أبتي	18
أبحاثها	18
أبحث	18
أبدي	18
أبديا	18
أبذل	18
أبرآم	18
أبرجيل	18
أبرق	18
أبرمه	18
أبزر	18
أبستين	18
أبطالا	18
أبطالنا	18
أبطاله	18
أبطالها	18
أبطع	18
أبعادا	18
أبعادها	18
أبعدها	18
أبـريـل	18
أبقاهم	18
أبكر	18
أبلان	18
أبلغتك	18
أبلغها	18
أبلو	18
أبناؤهم	18
أبناؤهما	18
أبنائكم	18
أبهته	18
أبهرت	18
أبوابنا	18
أبوابهما	18
أبوالقاسم	18
أبوبو	18
أبورجيلة	18
أبوزيد	18
أبوزيريرة	18
أبوستة	18
أبوسمبل	18
أبوعجيلة	18
أبوغالب	18
أبيدت	18
أبير	18
أبيواردينا	18
أتأمل	18
أتابع	18
أتاجان	18
أتاجيلدي	18
أتاشهير	18
أتاكاما	18
أتال	18
أتالانتا	18
أتتبعها	18
أتجه	18
أتحدى	18
أتحفتنا	18
أتحفونا	18
أتحكم	18
أتخيل	18
أترأس	18
أتراك	18
أتراكا	18
أتسائل	18
أتش	18
أتشبث	18
أتصل	18
أتصلت	18
أتضامن	18
أتعرض	18
أتفرغ	18
أتفه	18
أتفهم	18
أتقاضى	18
أتكل	18
أتلتيك	18
أتلفت	18
أتمت	18
أتمناه	18
أتوبيسات	18
أتوقعه	18
أتوقف	18
أتيح	18
أثاثها	18
أثارتا	18
أثارته	18
أثاروا	18
أثبات	18
أثراطلاق	18
أثرى	18
أثقلت	18
أثمن	18
أثنت	18
أثيرت	18
أثيناغوراس	18
أثيوبيا	18
أجابته	18
أجازت	18
أجاهد	18
أجاي	18
أجبرتها	18
أجبرتهم	18
أجبرها	18
أجبرهم	18
أجبروا	18
أجج	18
أججت	18
أجدابيا	18
أجداث	18
أجدادهم	18
أجراء	18
أجراته	18
أجراس	18
أجرايم	18
أجرم	18
أجريته	18
أجريناها	18
أجسادنا	18
أجعله	18
أجلسني	18
أجلكم	18
أجليت	18
أجنبيان	18
أجندات	18
أجنداتها	18
أجندتها	18
أجهز	18
أجهزتها	18
أجهزتهم	18
أجهزتي	18
أجوائها	18
أجوف	18
أجيبادم	18
أجيرة	18
أحاسيس	18
أحاطوه	18
أحباءها	18
أحباؤك	18
أحبائنا	18
أحبائي	18
أحبابه	18
أحببنا	18
أحبطتها	18
أحتفل	18
أحجام	18
أحجامهم	18
أحجم	18
أحداثا	18
أحداثها	18
أحدثتها	18
أحدثها	18
أحدد	18
أحراق	18
أحررها	18
أحرقتهم	18
أحرقه	18
أحزابا	18
أحزابنا	18
أحزانهم	18
أحزب	18
أحزمة	18
أحزن	18
أحست	18
أحسني	18
أحصل	18
أحضروا	18
أحقادهم	18
أحقر	18
أحقق	18
أحكي	18
أحلامنا	18
أحلامها	18
أحلامهم	18
أحليت	18
أحماض	18
أحواض	18
أحيان	18
أحيدجو	18
أحيدوس	18
أحيطت	18
أحييكم	18
أخاصمك	18
أخاطب	18
أخال	18
أخبارنا	18
أخبرتها	18
أختاره	18
أخذاها	18
أخذك	18
أخذني	18
أخذهما	18
أخذوهم	18
أخراجه	18
أخرون	18
أخري	18
أخريان	18
أخريتين	18
أخرين	18
أخسر	18
أخصائى	18
أخض	18
أخضرا	18
أخضع	18
أخطار	18
أخطاره	18
أخطارها	18
أخطرها	18
أخفقتا	18
أخلاقيا	18
أخلاقيون	18
أخلت	18
أخناتون	18
أخناش	18
أخونا	18
أخوينا	18
أخينا	18
أداءه	18
أدائك	18
أداةووجود	18
أدارت	18
أدارك	18
أداركو	18
أدالي	18
أدالين	18
أداما	18
أدانوا	18
أدخر	18
أدخلتا	18
أدراج	18
أدراجهما	18
أدرجها	18
أدرجوا	18
أدرس	18
أدرعي	18
أدريان	18
أدريانا	18
أدعياء	18
أدما	18
أدنبره	18
أدني	18
أدواتها	18
أدوارا	18
أدوراهم	18
أدوغان	18
أدوم	18
أدوميم	18
أدون	18
أدي	18
أديا	18
أديار	18
أديبك	18
أديغيا	18
أديل	18
أديلي	18
أدينت	18
أذ	18
أذا	18
أذاق	18
أذربيجاني	18
أذرعه	18
أذعنوا	18
أذكى	18
أذهل	18
أذيال	18
أرئيل	18
أراب	18
أرابيا	18
أرابيدا	18
أراتيوس	18
أراح	18
أراخاميا	18
أرادنا	18
أرانغو	18
أربري	18
أربعينات	18
أربك	18
أرتاد	18
أرتبط	18
أرتديها	18
أرتشي	18
أرتعد	18
أرتميس	18
أرتيتا	18
أرتيميس	18
أرتيمييف	18
أرثر	18
أرثوذكس	18
أرثوذكسي	18
أرجعت	18
أرجوانية	18
أردا	18
أردننا	18
أردنيتين	18
أردنيون	18
أردوز	18
أرديرن	18
أرز	18
أرزينجان	18
أرساه	18
أرساها	18
أرسلوه	18
أرسم	18
أرسمها	18
أرسى	18
أرشانغ	18
أرشدته	18
أرشدونا	18
أرشي	18
أرشيفية	18
أرصدتها	18
أرصفة	18
أرضيات	18
أرعب	18
أرغف	18
أرغومنتي	18
أرفقت	18
أرفقتها	18
أرقامه	18
أرقى	18
أركز	18
أركون	18
أركي	18
أرلي	18
أرماس	18
أرماندو	18
أرمنيين	18
أرمين	18
أرهق	18
أرواد	18
أروادويعمل	18
أروان	18
أروبا	18
أروغان	18
أروقتها	18
أروميه	18
أريئلي	18
أرياف	18
أريانا	18
أريانة	18
أريبا	18
أريج	18
أريجويتيا	18
أريح	18
أريدها	18
أريفالو	18
أريكة	18
أريما	18
أريمانيا	18
أريه	18
أرييل	18
أرييلا	18
أزاحت	18
أزر	18
أزرار	18
أزعجت	18
أزعجتني	18
أزماته	18
أزماتها	18
أزنار	18
أزوت	18
أزوف	18
أزولاي	18
أزيائه	18
أزيلت	18
أسئلتها	18
أسئلتهم	18
أساءوا	18
أساتذتنا	18
أساسيات	18
أساسيون	18
أساقفة	18
أساليبها	18
أسامح	18
أسامحكم	18
أسانوفا	18
أساوي	18
أسبوعها	18
أسبوعهم	18
أسبوعي	18
أستأثر	18
أستانا	18
أستانة	18
أستبق	18
أستثني	18
أسترخان	18
أستريد	18
أستسلم	18
أستشهد	18
أستقال	18
أستمع	18
أستير	18
أستيقظ	18
أسجل	18
أسخاك	18
أسخانوفيتش	18
أسداها	18
أسديت	18
أسرارا	18
أسراه	18
أسرت	18
أسرتا	18
أسرتي	18
أسرعوا	18
أسرلة	18
أسست	18
أسطوانة	18
أسطوله	18
أسطولين	18
أسعارا	18
أسعاره	18
أسـرار	18
أسفهما	18
أسقف	18
أسقفية	18
أسكتلندا	18
أسكنها	18
أسلافه	18
أسلاني	18
أسلفات	18
أسلوبك	18
أسلوبهم	18
أسماعهم	18
أسمتها	18
أسمدة	18
أسموه	18
أسميه	18
أسناف	18
أسناننا	18
أسهما	18
أسوء	18
أسواء	18
أسيا	18
أسياده	18
أسيت	18
أسيران	18
أسيرة	18
أسيرين	18
أسيفيس	18
أسينسيو	18
أسيوط	18
أش	18
أشارا	18
أشالو	18
أشاهد	18
أشاهدها	18
أشباهها	18
أشرا	18
أشرطة	18
أشرفوا	18
أشعارها	18
أشعلوا	18
أشعلوها	18
أشعياء	18
أشغاله	18
أشغالها	18
أشغالهم	18
أشقائهم	18
أشكالا	18
أشكركم	18
أشكلت	18
أشلاؤهم	18
أشلي	18
أشواطا	18
أشوين	18
أشيد	18
أصارحكم	18
أصايل	18
أصبحتا	18
أصبحن	18
أصداؤه	18
أصدروا	18
أصدقاءنا	18
أصدقاؤهم	18
أصدقائي	18
أصرا	18
أصررنا	18
أصغى	18
أصف	18
أصقاع	18
أصلت	18
أصنافه	18
أصنافهم	18
أصواتنا	18
أصولية	18
أضابيره	18
أضحوكة	18
أضرحة	18
أضعافهم	18
أضعفت	18
أضمروا	18
أضوائها	18
أطالب	18
أطباقنا	18
أطرافا	18
أطرت	18
أطرحه	18
أطروحتة	18
أطرى	18
أطفأوا	18
أطفالا	18
أطفالك	18
أطفالهما	18
أطفالي	18
أطل	18
أطلبها	18
أطلعهم	18
أطلقنا	18
أطلقناها	18
أطيح	18
أطيل	18
أظهرتها	18
أظهروها	18
أعادته	18
أعادوا	18
أعارض	18
أعاصير	18
أعاق	18
أعبر	18
أعتبر	18
أعتبرتها	18
أعتذر	18
أعتزم	18
أعتقده	18
أعجبت	18
أعداؤنا	18
أعدادا	18
أعدادنا	18
أعددتها	18
أعدكم	18
أعدنا	18
أعراضه	18
أعراضها	18
أعربتا	18
أعرضه	18
أعرفهن	18
أعزاز	18
أعزل	18
أعشاش	18
أعشق	18
أعصابنا	18
أعصابه	18
أعضاءه	18
أعضاؤها	18
أعضائك	18
أعطال	18
أعطالا	18
أعطانا	18
أعطتنا	18
أعطوني	18
أعطياني	18
أعطيكم	18
أعفى	18
أعفيت	18
أعقابه	18
أعلامها	18
أعلامية	18
أعلق	18
أعلمته	18
أعلنوه	18
أعمارها	18
أعمالهن	18
أعمدك	18
أعواما	18
أعي	18
أعيادنا	18
أعياه	18
أعيننا	18
أغا	18
أغاملائي	18
أغانيها	18
أغبوغبلوشي	18
أغبى	18
أغبياء	18
أغتيال	18
أغراضها	18
أغران	18
أغراوال	18
أغرقت	18
أغروال	18
أغشى	18
أغض	18
أغلبهن	18
أغلبيته	18
أغلقه	18
أغمضيهما	18
أغنامه	18
أغنيات	18
أغنيته	18
أغنيس	18
أغوا	18
أغوار	18
أغوارها	18
أغيليرا	18
أـ	18
أفاكوف	18
أفتخر	18
أفتر	18
أفراح	18
أفراسياب	18
أفرام	18
أفرزتها	18
أفرطت	18
أفريك	18
أفريكوم	18
أفشين	18
أفصحت	18
أفعالك	18
أفعالي	18
أفغاني	18
أفغانية	18
أفقيا	18
أفكارك	18
أفكاره	18
أفكارهم	18
أفكاري	18
أفلامه	18
أفلامها	18
أفلامي	18
أفلتت	18
أفلست	18
أفني	18
أفورار	18
أفيحاي	18
أفيخاي	18
أفيدار	18
أفيرز	18
أقابل	18
أقاربها	18
أقالت	18
أقتلكم	18
أقحموا	18
أقدامها	18
أقدح	18
أقدسوأعظم	18
أقدموا	18
أقذر	18
أقرباء	18
أقرضت	18
أقرضتها	18
أقساط	18
أقسامها	18
أقسمنا	18
أقصي	18
أقضية	18
أقفلت	18
أقلته	18
أقلقها	18
أقناع	18
أقنعه	18
أقواس	18
أقوالها	18
أقود	18
أقولكم	18
أقويا	18
أقوياء	18
أقيل	18
أكابولكو	18
أكاديمي	18
أكاديميات	18
أكاديميته	18
أكاذيبه	18
أكاليل	18
أكانجي	18
أكبرها	18
أكتاف	18
أكدتها	18
أكرر	18
أكرون	18
أكسجين	18
أكسدة	18
أكسناغ	18
أكسندر	18
أكشاك	18
أكفانهم	18
أكم	18
أكواب	18
أكيوس	18
ألآباء	18
ألأوصاف	18
ألاباما	18
ألابو	18
ألاتوري	18
ألاسكا	18
ألاف	18
ألاق	18
ألان	18
ألاهالي	18
ألباريس	18
ألباكركي	18
ألبانيا	18
ألبانيزي	18
ألبرتا	18
ألبرتو	18
ألبسوا	18
ألبوكيركي	18
ألبوماته	18
ألبومها	18
ألبير	18
ألبيرتو	18
ألبيروفيتش	18
ألبينيست	18
ألتحق	18
ألتقت	18
ألتقي	18
ألتمان	18
ألتن	18
ألحقها	18
ألشعب	18
ألصقت	18
ألعابهم	18
ألعالم	18
ألعب	18
ألعوبة	18
ألغاز	18
ألغته	18
ألغيرو	18
ألفونسو	18
ألفيار	18
ألفيشان	18
ألقتها	18
ألقوني	18
ألكاراس	18
ألكانتارا	18
ألكساندا	18
ألكساندر	18
أللنبي	18
أللين	18
ألمان	18
ألمحت	18
ألمه	18
ألموت	18
ألميرون	18
ألميريا	18
ألهمني	18
ألوبي	18
ألودا	18
ألوك	18
ألومه	18
أليانا	18
أليانز	18
أليجرا	18
أليستير	18
أليسيا	18
أليشر	18
أليك	18
أليكسا	18
أليكوس	18
ألينتوما	18
أليو	18
أمازيغ	18
أماسرا	18
أماط	18
أماكنه	18
أماكنهم	18
أمامكم	18
أمامهما	18
أمامية	18
أمانات	18
أمانتك	18
أماندا	18
أمبارا	18
أمبارك	18
أمباسادور	18
أمبو	18
أمبواز	18
أمتعتها	18
أمتعتي	18
أمتهم	18
أمثلا	18
أمده	18
أمرأوكرانيا	18
أمريكانا	18
أمريكيةاعتبر	18
أمسيات	18
أمضاها	18
أمضوا	18
أمطارا	18
أمـا	18
أمكننا	18
أملت	18
أمميا	18
أمنستي	18
أمنيات	18
أمنيان	18
أمنيتها	18
أمنيستي	18
أمهن	18
أموالك	18
أموالي	18
أموروسو	18
أموس	18
أمونيا	18
أميان	18
أميت	18
أميجي	18
أميريغو	18
أميريكا	18
أميريكي	18
أمينه	18
أمينها	18
أناستاسيادس	18
أناشيد	18
أنان	18
أنانيا	18
أنانيين	18
أنبوبة	18
أنتاركتيكا	18
أنتاريس	18
أنتبقى	18
أنتجتها	18
أنتجه	18
أنتحر	18
أنترنت	18
أنتقل	18
أنتمي	18
أنتونبي	18
أنتونوف	18
أنتونيس	18
أنثروبولوجي	18
أنجح	18
أنجزته	18
أنجزه	18
أنجليس	18
أنجلينا	18
أنجوم	18
أنجي	18
أنجيه	18
أنخل	18
أندامان	18
أندراب	18
أندرادي	18
أندروز	18
أندرياس	18
أندرية	18
أندريفيتش	18
أندرييفكا	18
أندونيسيا	18
أنديتهم	18
أنديه	18
أنزي	18
أنستالازا	18
أنسل	18
أنسنة	18
أنشئت	18
أنشر	18
أنشط	18
أنشطته	18
أنصارها	18
أنصع	18
أنطاكيا	18
أنطوان	18
أنطوانيب	18
أنطوانيت	18
أنظارهم	18
أنظروا	18
أنظف	18
أنظم	18
أنظمتنا	18
أنظمتها	18
أنعى	18
أنفاسنا	18
أنفاسها	18
أنفاقا	18
أنفجار	18
أنفرد	18
أنفقناه	18
أنفلونزا	18
أنفيلد	18
أنقذتهم	18
أنقذهم	18
أنقل	18
أنكرتها	18
أنكوراج	18
أنكيت	18
أنكيستون	18
أنلبيب	18
أننسأل	18
أننى	18
أنهالت	18
أنهايم	18
أنهتها	18
أنهك	18
أنهوا	18
أنهينا	18
أنوبام	18
أنوتين	18
أنوحول	18
أنون	18
أنوه	18
أنوي	18
أنيتا	18
أنيستون	18
أنيقة	18
أنيليز	18
أنين	18
أهازيجهم	18
أهالى	18
أهالينا	18
أهاليهم	18
أهدأ	18
أهدافي	18
أهدر	18
أهدرت	18
أهراءات	18
أهلغرين	18
أهليل	18
أهملوا	18
أهميتنا	18
أهنئه	18
أوابك	18
أواصرها	18
أوامرها	18
أوباسانا	18
أوباميانغ	18
أوبتا	18
أوبتيموس	18
أوبرادوفيتش	18
أوبراين	18
أوبزرفر	18
أوبزيرفاتوري	18
أوبشار	18
أوبلومورودوففي	18
أوبنهايم	18
أوبوزريفاتيل	18
أوبولون	18
أوبونتو	18
أوبيرون	18
أوبين	18
أوتار	18
أوتارانتشال	18
أوتشا	18
أوتكريتي	18
أوتوماتيكيا	18
أوتوماتيكية	18
أوتونومي	18
أوتيل	18
أوثنتيك	18
أوجاعهم	18
أوجدها	18
أوجز	18
أوجستين	18
أوجلان	18
أوجهكم	18
أوجي	18
أوجيت	18
أوحت	18
أوحيدة	18
أوخوتنيك	18
أودان	18
أودري	18
أودمورتيا	18
أودوبي	18
أودي	18
أوديات	18
أوديغارد	18
أوديليا	18
أورئيس	18
أورا	18
أوراز	18
أوراسيا	18
أوراش	18
أورافارما	18
أوراقه	18
أوراقهم	18
أورام	18
أوران	18
أورانج	18
أورانيم	18
أوربايتال	18
أوردتها	18
أوردتهم	18
أوردمان	18
أورزو	18
أورشليم	18
أورشيلا	18
أورغانج	18
أورفانز	18
أورفة	18
أورفيوس	18
أوركا	18
أوركسترا	18
أورلاندو	18
أورلوف	18
أورنج	18
أوروآسيوية	18
أوروباخ	18
أوروغواياني	18
أورومية	18
أورون	18
أوريجولا	18
أوريغون	18
أوزارك	18
أوزبكية	18
أوزداغ	18
أوزدمير	18
أوزكان	18
أوزي	18
أوزيبيو	18
أوزيل	18
أوزيورت	18
أوساسكو	18
أوساسونا	18
أوساطهم	18
أوسان	18
أوستراليا	18
أوسنات	18
أوسوليفان	18
أوسيبافيكيوت	18
أوسيولا	18
أوشا	18
أوشاكوف	18
أوشبيتس	18
أوشكت	18
أوصرين	18
أوصف	18
أوصلتها	18
أوصلوا	18
أوصيفي	18
أوضاعه	18
أوضاعها	18
أوضحته	18
أوطان	18
أوطاننا	18
أوطانها	18
أوعا	18
أوعدني	18
أوعي	18
أوغور	18
أوغوستو	18
أوغوي	18
أوفالدي	18
أوفدت	18
أوفري	18
أوقطاي	18
أوقفي	18
أوك	18
أوكاسيا	18
أوكتين	18
أوكرإنفورم	18
أوكرانسكا	18
أوكرينفورم	18
أوكسفام	18
أوكسيتاني	18
أوكسيدنتال	18
أوكل	18
أوكلاهوما	18
أوكلت	18
أوكوس	18
أولتراماراثون	18
أولحاج	18
أولدهام	18
أولسن	18
أولف	18
أولكسندرا	18
أولمبيين	18
أولميخائيل	18
أولوياتك	18
أولوياتنا	18
أولويته	18
أولويتها	18
أولويتي	18
أوليشكي	18
أوليفيه	18
أولينا	18
أوليها	18
أومانسكي	18
أومايبو	18
أومبا	18
أومبالو	18
أومتيتي	18
أومكا	18
أومني	18
أومول	18
أوميغا	18
أوناجم	18
أونانا	18
أوناي	18
أونجالي	18
أوندو	18
أوندوس	18
أونر	18
أونغ	18
أونق	18
أونمها	18
أونوشين	18
أونيفرسيل	18
أونيكريشنان	18
أونيل	18
أونيون	18
أوهامه	18
أوهامها	18
أوهانت	18
أوينس	18
أيادي	18
أياديكم	18
أياستان	18
أيالون	18
أيامكم	18
أيباد	18
أيت	18
أيدا	18
أيداهو	18
أيدوا	18
أيديولوجية	18
أيديولوجيتها	18
أيرلندية	18
أيرلنديين	18
أيرنة	18
أيزمان	18
أيزنهاور	18
أيسره	18
أيسلندا	18
أيقونات	18
أيقونتها	18
أيكيا	18
أيلان	18
أينشتاين	18
أيهان	18
أيو	18
أيوا	18
أيونات	18
إئتلاف	18
إباحية	18
إبداعاته	18
إبر	18
إبرامها	18
إبراهيموفيتش	18
إبراهيمي	18
إبريل	18
إبستمية	18
إبستين	18
إبصار	18
إبقائهم	18
إبلاغنا	18
إبنة	18
إبهار	18
إتاوة	18
إتجاه	18
إتخذته	18
إتريك	18
إتصال	18
إتصالات	18
إتقان	18
إتماما	18
إثارتها	18
إثباتات	18
إثباتهم	18
إثراء	18
إثقال	18
إثنان	18
إثنية	18
إثيوبيون	18
إجابت	18
إجابتي	18
إجادة	18
إجازات	18
إجازاتهما	18
إجباري	18
إجبارية	18
إجتماعات	18
إجتماعه	18
إجتماعية	18
إجتمع	18
إجتهادات	18
إجحاف	18
إجراءها	18
إجراؤه	18
إجرائها	18
إجرائهما	18
إجراميا	18
إجلاؤه	18
إجلائها	18
إجلائهم	18
إجلال	18
إجهادا	18
إجهاضها	18
إجوازو	18
إحاطتها	18
إحالات	18
إحالتها	18
إحالتهما	18
إحباطك	18
إحباطه	18
إحترام	18
إحتفالات	18
إحتفالية	18
إحتفلنا	18
إحتكاك	18
إحتياجات	18
إحتياط	18
إحداثيات	18
إحدي	18
إحرازه	18
إحساس	18
إحساسها	18
إحصاؤها	18
إحصائها	18
إحيائه	18
إخبارهم	18
إخباريا	18
إختراق	18
إخترنا	18
إختفائه	18
إختيار	18
إختيارهم	18
إخطارك	18
إخطارها	18
إخفاقها	18
إخلائها	18
إخلاله	18
إد	18
إدارتي	18
إدارجه	18
إداريا	18
إدامة	18
إدانــته	18
إدانه	18
إدجسورس	18
إدجوي	18
إدخالهم	18
إدراكات	18
إدراكنا	18
إدري	18
إدريسا	18
إدعى	18
إدفارد	18
إدفو	18
إدلاء	18
إدلشتاين	18
إدماجه	18
إدماجها	18
إدماجهن	18
إدمان	18
إدمونتون	18
إدموند	18
إدنبره	18
إدواردز	18
إديسون	18
إديلشتين	18
إذاعتها	18
إذة	18
إذكاء	18
إرادتك	18
إراديا	18
إران	18
إرتفاع	18
إرتفع	18
إرتياح	18
إرثهم	18
إرجاعها	18
إرديم	18
إرسالهم	18
إرسالهما	18
إرسين	18
إرشاده	18
إرشادية	18
إرضائك	18
إرغام	18
إرغامهم	18
إرميا	18
إرنست	18
إرنو	18
إرهابها	18
إرهابيةوأكدت	18
إرهابيس	18
إرهاقا	18
إرهاقه	18
إروين	18
إريكسون	18
إزعاجا	18
إزمير	18
إزهاق	18
إسالة	18
إسبانية	18
إسبانيول	18
إسبوعيا	18
إسبينوزا	18
إستثاء	18
إستثمارا	18
إستحقاق	18
إستخراج	18
إستخلاص	18
إستدعى	18
إسترلينيا	18
إستشهد	18
إستضافة	18
إستطعت	18
إستعان	18
إستعداد	18
إستعدادا	18
إستعدادات	18
إستعملت	18
إستقالته	18
إستقبالهم	18
إستقلالهما	18
إستكمال	18
إستمارات	18
إستمرارها	18
إستنادا	18
إستهداف	18
إستهلكت	18
إستيطانية	18
إسعاد	18
إسفين	18
إسكوبار	18
إسلاميين	18
إسمنت	18
إسمنتية	18
إسمه	18
إسمي	18
إسنيورت	18
إسهامه	18
إشادات	18
إشادتهم	18
إشاراته	18
إشاعة	18
إشتباك	18
إشرافها	18
إشراقا	18
إشراكه	18
إشراكها	18
إشعارات	18
إشعاع	18
إشعياء	18
إشكالا	18
إشكالي	18
إشكاليات	18
إشهادا	18
إشهاري	18
إشهارية	18
إصراره	18
إصرارها	18
إصرارهم	18
إصراري	18
إصطفاف	18
إصلاحاته	18
إصلاحي	18
إضاءته	18
إضرابها	18
إضرام	18
إضطرت	18
إضعافه	18
إطاحة	18
إطارا	18
إطارحراك	18
إطارنا	18
إطارها	18
إطارية	18
إطاعة	18
إطسا	18
إطعامها	18
إطلاع	18
إطلاعك	18
إطلاعها	18
إطلاعهم	18
إطلاعي	18
إطلالات	18
إطلالته	18
إطلالتها	18
إعارته	18
إعالة	18
إعانات	18
إعتراف	18
إعتزام	18
إعتيادي	18
إعجابهم	18
إعدادك	18
إعدادي	18
إعدامات	18
إعدامه	18
إعدامهم	18
إعطاءه	18
إعطاءهم	18
إعطاؤها	18
إعطائهم	18
إعفاؤه	18
إعفائها	18
إعلامهم	18
إعلاميو	18
إعلاميون	18
إعلاناتها	18
إعلانها	18
إعلانية	18
إعمالا	18
إغاثية	18
إغبارية	18
إغتيالهم	18
إغراقها	18
إغريقي	18
إغلاقات	18
إغناء	18
إفرازات	18
إفرازه	18
إفساح	18
إفساده	18
إفصاحات	18
إفلاس	18
إفلاسه	18
إقالته	18
إقالتها	18
إقامات	18
إقاماتهم	18
إقامتهما	18
إقتراح	18
إقترح	18
إقتصاديا	18
إقتصادية	18
إقتضى	18
إقحامها	18
إقد	18
إقرأ	18
إقراء	18
إقصائه	18
إقصائهما	18
إقلاع	18
إقليمها	18
إقليميا	18
إقليميون	18
إقناعها	18
إقيلم	18
إكتتاب	18
إكتساح	18
إكتمال	18
إكثار	18
إكراميات	18
إكسا	18
إكسبلور	18
إكسر	18
إكسيتر	18
إكسيو	18
إكليريكية	18
إكليلا	18
إكلينيكية	18
إكويدم	18
إلانغا	18
إلتزام	18
إلتزاماته	18
إلتفاتة	18
إلتقى	18
إلحاحا	18
إلحاقهما	18
إلزا	18
إلزاس	18
إلصاقنا	18
إلغاؤها	18
إلفيدي	18
إلفيرا	18
إلفيس	18
إلكترونيات	18
إلكترونيكس	18
إلكين	18
إلكينز	18
إلمامي	18
إلهاء	18
إلهان	18
إلوفيتش	18
إلياهو	18
إليزا	18
إليس	18
إليسا	18
إليغ	18
إلين	18
إماراتيون	18
إماراتيين	18
إمباير	18
إمبري	18
إمبريالية	18
إمتحانات	18
إمتداد	18
إمتنانهم	18
إمدادته	18
إمرأة	18
إمرار	18
إمرسون	18
إمري	18
إمفيتامين	18
إمكاناته	18
إمكانياته	18
إمكانياتهما	18
إملاؤه	18
إميرجون	18
إميل	18
إميلي	18
إنام	18
إنت	18
إنتاجا	18
إنتاجهم	18
إنتخابيا	18
إنترست	18
إنترفاكس	18
إنترناشونال	18
إنتريور	18
إنتشرت	18
إنتصار	18
إنتظار	18
إنتقال	18
إنتل	18
إنتلجنس	18
إنتليجنس	18
إنتن	18
إنتهاء	18
إنتهاز	18
إنجاب	18
إنجاحها	18
إنجازاتكم	18
إنجازاتها	18
إنجر	18
إنجلهورن	18
إنجليزية	18
إنجمينا	18
إنجى	18
إنحفر	18
إنديان	18
إنديانا	18
إنديانابوليس	18
إنديز	18
إنذارا	18
إنذارات	18
إنرجى	18
إنرجيان	18
إنرجيز	18
إنرجين	18
إنرغودار	18
إنرهودار	18
إنزالا	18
إنزالها	18
إنزعاجه	18
إنزيلكامر	18
إنسترومنتس	18
إنسيدر	18
إنشاءها	18
إنشادية	18
إنشينا	18
إنضمام	18
إنطلاقا	18
إنطلاقتها	18
إنعكاس	18
إنعكاسات	18
إنغ	18
إنغلند	18
إنغورون	18
إنفاذا	18
إنفستمنتس	18
إنفيكتوس	18
إنقاذا	18
إنقاذها	18
إنقاذهم	18
إنقاذية	18
إنقاصها	18
إنقطاع	18
إنكليزي	18
إنكليزية	18
إنمائية	18
إنهاءها	18
إنهائه	18
إنيرغودار	18
إهانات	18
إهتم	18
إهدن	18
إهراءات	18
إياتا	18
إيالة	18
إيبارشية	18
إيبوغو	18
إيت	18
إيتا	18
إيثاكا	18
إيجابيات	18
إيجابيتان	18
إيجابيتي	18
إيجازه	18
إيجاس	18
إيجيس	18
إيجيسا	18
إيخلوف	18
إيداعات	18
إيدجوي	18
إيدك	18
إيدو	18
إيديرسون	18
إيديولوجية	18
إيذائي	18
إيذان	18
إيذه	18
إيرابواتو	18
إيراج	18
إيرانيا	18
إيرانيات	18
إيرانيتان	18
إيرانيون	18
إيرثشوت	18
إيرج	18
إيرفي	18
إيرلام	18
إيرلاينز	18
إيرلندية	18
إيرما	18
إيرواني	18
إيروفلت	18
إيرونيموس	18
إيريب	18
إيريز	18
إيريلان	18
إيزفيستيا	18
إيزيدي	18
إيزيديين	18
إيزيزا	18
إيست	18
إيسترن	18
إيسلي	18
إيسنا	18
إيشل	18
إيصاله	18
إيطاليون	18
إيفاد	18
إيفانز	18
إيفانكا	18
إيفروس	18
إيفري	18
إيفسينكو	18
إيفكس	18
إيفل	18
إيفو	18
إيفوب	18
إيفيان	18
إيقاظ	18
إيقاعها	18
إيكامبي	18
إيكاو	18
إيكونومسيت	18
إيكونوميكس	18
إيلام	18
إيلاند	18
إيليزي	18
إيلينا	18
إيماءة	18
إيمانية	18
إيمهوف	18
إيمومي	18
إيمي	18
إيميليانو	18
إينودي	18
إينوف	18
إينيس	18
إيهود	18
إيوائه	18
إيوائهم	18
إيوب	18
اأثار	18
ائتماني	18
اافدت	18
االاسير	18
االبرتغالي	18
االدراسي	18
االله	18
ابادة	18
ابتداعه	18
ابتدعتها	18
ابتزاز	18
ابتزت	18
ابتسم	18
ابتسمي	18
ابتعادها	18
ابتعث	18
ابتكاري	18
ابتكرت	18
ابتلاع	18
ابتلعتها	18
ابتهاجنا	18
ابتهال	18
ابجاوي	18
ابجدية	18
ابحث	18
ابداح	18
ابداعات	18
ابداعيا	18
ابدته	18
ابدتها	18
ابذل	18
ابراج	18
ابراز	18
ابرة	18
ابرشية	18
ابركان	18
ابرمتها	18
ابشر	18
ابشع	18
ابصق	18
ابطالنا	18
ابعاد	18
ابعادها	18
ابق	18
ابقاء	18
ابقاءه	18
ابقراط	18
ابقوا	18
ابقى	18
ابك	18
ابكر	18
ابلاغ	18
ابلاغها	18
ابلع	18
ابلغ	18
ابنائهن	18
ابنتا	18
ابنطاحا	18
ابنهم	18
ابنهما	18
ابواب	18
ابوابها	18
ابوديب	18
ابوظبي	18
ابونا	18
ابيواردانا	18
اتاح	18
اتباعها	18
اتبعنا	18
اتبعناها	18
اتجاههم	18
اتحادات	18
اتحادي	18
اتحدث	18
اتخذهعمارة	18
اتخرج	18
اتسام	18
اتسم	18
اتصالاته	18
اتصالهم	18
اتصلوا	18
اتصور	18
اتعاب	18
اتعظوا	18
اتفاقه	18
اتفاقي	18
اتفاقيته	18
اتكاله	18
اتكتب	18
اتلاتيكو	18
اتلاف	18
اتليتيك	18
اتمكن	18
اتهاما	18
اتهامهم	18
اتهمات	18
اتوقنوفا	18
اثمان	18
اثمانا	18
اثناسيوس	18
اثير	18
اثينا	18
اجاب	18
اجابة	18
اجبار	18
اجتاح	18
اجتاحتها	18
اجتازت	18
اجتثاث	18
اجتزأوا	18
اجتزنا	18
اجتماعاتهم	18
اجتماعين	18
اجتهادهم	18
اجتياحها	18
اجتياحهم	18
اجتيازهم	18
اجحاف	18
اجدادنا	18
اجدى	18
اجرامية	18
اجرى	18
اجلافه	18
اجله	18
اجنبي	18
اجنبيا	18
اجنحة	18
اجندة	18
اجهاض	18
اجهزة	18
اجوائه	18
اجوز	18
اح	18
احادي	18
احاط	18
احالة	18
احالته	18
احتاجوها	18
احتباس	18
احتجاجيا	18
احتجاجيه	18
احتجاحات	18
احتجزتها	18
احتجزهم	18
احترازات	18
احترازي	18
احترافية	18
احترامك	18
احترامنا	18
احترامها	18
احترفوا	18
احترقوا	18
احترم	18
احترموا	18
احتسابها	18
احتسبها	18
احتشاد	18
احتشدوا	18
احتضنه	18
احتفالاتها	18
احتفالي	18
احتفاليته	18
احتفظوا	18
احتفلنا	18
احتفلوا	18
احتفى	18
احتفيا	18
احتقان	18
احتقانا	18
احتقانات	18
احتكاكات	18
احتكر	18
احتلاله	18
احتلالها	18
احتلالهم	18
احتلالي	18
احتلاليا	18
احتلالية	18
احتلوا	18
احتماء	18
احتمى	18
احتواؤها	18
احتوائها	18
احتياجاتنا	18
احتياجاته	18
احتياطياته	18
احتياطية	18
احداثه	18
احدث	18
احدهم	18
احدهن	18
احراجا	18
احراز	18
احراق	18
احرسوا	18
احزاب	18
احزنوا	18
احسان	18
احسانا	18
احصاءات	18
احصت	18
احــرص	18
احقاق	18
احكاما	18
احكمت	18
احمرار	18
احنيش	18
احوامة	18
اخ	18
اخاوتنا	18
اخباري	18
اختارا	18
اختبأ	18
اختبأوا	18
اختباراتهم	18
اختباره	18
اختبارهن	18
اختباريا	18
اختبارية	18
اختبرته	18
اختتامها	18
اختراعا	18
اخترعتم	18
اخترعها	18
اخترعوا	18
اخترقت	18
اخترقوا	18
اخترن	18
اخترنا	18
اخترناها	18
اختصائي	18
اختصاصاته	18
اختصاصيو	18
اختصاصيي	18
اختصوا	18
اختطافها	18
اختطفت	18
اختفيت	18
اختلاس	18
اختلافاتهم	18
اختلالات	18
اختلالاتهم	18
اختلقا	18
اختناقات	18
اختناقها	18
اختيارات	18
اختيارتهم	18
اختيروا	18
اخراجات	18
اخرجها	18
اخرون	18
اخرين	18
اخضاع	18
اخضاعهم	18
اخطار	18
اخطارات	18
اخطر	18
اخفاء	18
اخفاقا	18
اخفاقه	18
اخفقت	18
اخلاء	18
اخلاؤها	18
اخلاؤهم	18
اخلاقيات	18
اخماد	18
اخماسه	18
اخوتكم	18
اخوتي	18
اخوية	18
اخيرا	18
اخينا	18
اداؤه	18
ادائها	18
ادائهم	18
ادارات	18
ادارتها	18
ادافع	18
ادانة	18
ادانت	18
ادخال	18
ادخالنا	18
ادخاله	18
ادراج	18
ادراجه	18
ادراكية	18
ادرج	18
ادريكة	18
ادعاءاتهم	18
ادلت	18
ادنى	18
اده	18
ادهم	18
ادواتها	18
ادوار	18
ادورا	18
ادوميم	18
ادونيس	18
ادي	18
اديار	18
اذاعتي	18
اذربايجان	18
اذكره	18
اذلال	18
اذنك	18
ارادوها	18
ارامكو	18
ارباك	18
اربعين	18
اربيب	18
ارتأت	18
ارتأوا	18
ارتأيت	18
ارتاب	18
ارتباطا	18
ارتباطاتها	18
ارتباطه	18
ارتباك	18
ارتباكا	18
ارتباكات	18
ارتباكاته	18
ارتبكت	18
ارتجاع	18
ارتجال	18
ارتجالية	18
ارتداءها	18
ارتدائها	18
ارتدادية	18
ارتداه	18
ارتداها	18
ارتديته	18
ارتزيلي	18
ارتشوهم	18
ارتطمت	18
ارتفاعهما	18
ارتقت	18
ارتكاز	18
ارتكبته	18
ارتكبنا	18
ارتكبوها	18
ارتماء	18
ارتياح	18
ارتياد	18
ارثا	18
ارثاء	18
ارجئت	18
ارجاء	18
ارجاعها	18
ارحمنا	18
ارخ	18
اردنا	18
ارزة	18
ارزتنا	18
ارشيفية	18
ارقام	18
اركانها	18
ارلي	18
ارهابيا	18
ارهابيين	18
ارهقت	18
اروائية	18
ارواحهم	18
اروع	18
ارولدو	18
اريتوفيتش	18
اريد	18
اريك	18
ازالة	18
ازالت	18
ازالتها	18
ازدت	18
ازدحامات	18
ازددنا	18
ازدراء	18
ازدهارها	18
ازديادا	18
ازرقاقها	18
ازمات	18
ازماته	18
ازمتهم	18
ازيح	18
ازيد	18
اسئلة	18
اسابيع	18
اساسا	18
اساسه	18
اساقفة	18
اسبارتا	18
اسبانيول	18
اسبورت	18
اسبوعي	18
اسبوعين	18
استأثروا	18
استأجرتها	18
استأصل	18
استؤنف	18
استئنافنا	18
استئنافها	18
استادات	18
استاذة	18
استانا	18
استانبولي	18
استباح	18
استباقا	18
استبانة	18
استبداد	18
استبداده	18
استبدادهم	18
استبداله	18
استبدلت	18
استبدلها	18
استبعادا	18
استبعدته	18
استبق	18
استبقت	18
استبلاه	18
استتباب	18
استثماره	18
استثماري	18
استثماريا	18
استثمرنا	18
استجرار	18
استجمام	18
استجوابهم	18
استجوابهن	18
استجوب	18
استجوبت	18
استجوبته	18
استجوبتها	18
استجوبتهن	18
استجوبهم	18
استحداثه	18
استحدثوا	18
استحسنوا	18
استحصل	18
استحضر	18
استحقاقا	18
استحواذها	18
استحوذ	18
استخباراتكم	18
استخباراته	18
استخباراتها	18
استخباراتيا	18
استخدامنا	18
استخدامهما	18
استخدما	18
استخدمنا	18
استخراجية	18
استخلص	18
استدامتها	18
استدانه	18
استدراج	18
استدرجا	18
استدعاءه	18
استدعائها	18
استدعيا	18
استذكار	18
استراتيجياتها	18
استراتيجيين	18
استرجعت	18
استرسل	18
استرشادي	18
استرشدت	18
استزراع	18
استساغته	18
استسلام	18
استسلم	18
استسلموا	18
استشراف	18
استشعر	18
استشعرت	18
استشف	18
استشهاده	18
استصحب	18
استصدار	18
استصلاح	18
استضافها	18
استطاعتهم	18
استطاعو	18
استطرد	18
استطلاعا	18
استطلاعان	18
استطلاعية	18
استظهار	18
استعادتها	18
استعباد	18
استعجالية	18
استعداتها	18
استعداداته	18
استعدادية	18
استعداهم	18
استعدت	18
استعراضا	18
استعراضات	18
استعراضهم	18
استعراضي	18
استعرضا	18
استعرضنا	18
استعرضها	18
استعلامات	18
استعمار	18
استعمالات	18
استعملها	18
استعملوا	18
استعيد	18
استغرب	18
استغرقتا	18
استغلاقات	18
استغلت	18
استغللت	18
استغلوا	18
استـحقاق	18
استفادته	18
استفاده	18
استفاق	18
استفتى	18
استفز	18
استفزازيا	18
استفسارا	18
استفسر	18
استقالتي	18
استقبلنا	18
استقبلهم	18
استقدامه	18
استقرارا	18
استقراره	18
استقصائي	18
استقصائية	18
استقطابات	18
استقطاع	18
استقطاعات	18
استقطب	18
استقطبت	18
استقـلال	18
استقلوا	18
استقيلوا	18
استكثار	18
استكشافات	18
استكشافية	18
استكمالا	18
استكملا	18
استكملنا	18
استلامها	18
استلمت	18
استلمتها	18
استلمنا	18
استلموا	18
استلهام	18
استمارات	18
استماعها	18
استمالتهم	18
استمتعوا	18
استمدت	18
استمدها	18
استمعت	18
استمهل	18
استنابات	18
استنارة	18
استنتاجنا	18
استنتج	18
استنتجت	18
استنجد	18
استنجدت	18
استنزف	18
استنسابية	18
استنساخها	18
استنسخ	18
استنشاق	18
استنشاقه	18
استنشاقها	18
استنشاقهم	18
استنطاق	18
استنفاذهما	18
استنفدوها	18
استنكارهم	18
استهانة	18
استهتارا	18
استهدفا	18
استهدفتا	18
استهدفتها	18
استهدفوه	18
استهلاكنا	18
استهلها	18
استوحت	18
استوديوهات	18
استورد	18
استوعبت	18
استوفت	18
استوفوا	18
استوفيا	18
استوليتم	18
استيائه	18
استيائها	18
استيائهم	18
استيرادها	18
استيضاح	18
استيقافه	18
استيلائها	18
اسراءيل	18
اسرائيليا	18
اسرائيليون	18
اسرب	18
اسرتها	18
اسطامو	18
اسطح	18
اسطفان	18
اسطوانات	18
اسطوانة	18
اسطورة	18
اسطوري	18
اسعاف	18
اسفر	18
اسقاطنا	18
اسكتشات	18
اسكتلندية	18
اسكوتلندا	18
اسلامشهر	18
اسلاموفوبيا	18
اسلامية	18
اسلاميته	18
اسمائهم	18
اسمرا	18
اسمنتية	18
اسهل	18
اسهم	18
اسواق	18
اسي	18
اسيا	18
اشاء	18
اشاد	18
اشاعة	18
اشباعها	18
اشتباكهم	18
اشتباكين	18
اشتبهوا	18
اشتراكي	18
اشتراكية	18
اشترطا	18
اشترطوها	18
اشترينا	18
اشتغلت	18
اشتياني	18
اشجار	18
اشراقة	18
اشربوا	18
اشرك	18
اشغاله	18
اشغلت	18
اشكالات	18
اشكاله	18
اشكر	18
اصاب	18
اصبحنا	18
اصدر	18
اصدروا	18
اصدقاء	18
اصدقائه	18
اصطادوه	18
اصطحاب	18
اصطدما	18
اصطفاف	18
اصطيادها	18
اصطيادهم	18
اصطيف	18
اصفرار	18
اصواتهم	18
اصولي	18
اصيل	18
اضاعة	18
اضافى	18
اضخم	18
اضرابنا	18
اضرابه	18
اضطراباتهم	18
اضطررنا	18
اضطرمت	18
اضطرنا	18
اضطرني	18
اضطلع	18
اضطهاد	18
اضطهدت	18
اضع	18
اضغط	18
اضمحلال	18
اطارات	18
اطال	18
اطباء	18
اطراد	18
اطردوا	18
اطفال	18
اطقم	18
اطلاعا	18
اطلاعهم	18
اطلاقا	18
اطلعه	18
اطلقتها	18
اطمئنان	18
اطول	18
اظهرت	18
اعاقة	18
اعاقت	18
اعبر	18
اعبودة	18
اعتادا	18
اعتادت	18
اعتادوا	18
اعتبارنا	18
اعتبارهما	18
اعتباري	18
اعتباطا	18
اعتبرتهم	18
اعتداءهم	18
اعتدادها	18
اعتذاره	18
اعتذارها	18
اعتذرت	18
اعترضوا	18
اعتزازه	18
اعتزالها	18
اعتزام	18
اعتزامه	18
اعتزلت	18
اعتقادي	18
اعتقالهما	18
اعتقداه	18
اعتقدنا	18
اعتقدها	18
اعتقلته	18
اعتقلتهم	18
اعتلائها	18
اعتلالات	18
اعتلت	18
اعتماداتها	18
اعتمادهم	18
اعتمادية	18
اعتمدته	18
اعتمدها	18
اعتمرنا	18
اعتناقها	18
اعتنت	18
اعتنقت	18
اعتنقته	18
اعتنقوا	18
اعتيادي	18
اعتيادية	18
اعجابه	18
اعجابها	18
اعد	18
اعداء	18
اعدت	18
اعذروني	18
اعربت	18
اعضاؤه	18
اعضائها	18
اعطائهم	18
اعطوني	18
اعـتـداء	18
اعلامهم	18
اعلامي	18
اعلانات	18
اعلانه	18
اعلاه	18
اعلنه	18
اعماق	18
اعماله	18
اعنف	18
اعني	18
اعود	18
اغتال	18
اغتالته	18
اغتاله	18
اغترابيا	18
اغتنت	18
اغتنم	18
اغتنمنا	18
اغتيالات	18
اغتياله	18
اغتيالها	18
اغتيالهما	18
اغتيلا	18
اغراقه	18
اغرب	18
اغلب	18
اغلبنا	18
اغلبية	18
اف	18
افادته	18
افاق	18
افتتاحها	18
افتتاحي	18
افتتاحيا	18
افتتحا	18
افتتحتها	18
افتراضات	18
افتراضيا	18
افتراضين	18
افترشوا	18
افترضوا	18
افتقادنا	18
افتك	18
افتكرتهم	18
افتيسان	18
افرح	18
افريل	18
افصح	18
افكارا	18
افلات	18
افلاطون	18
افهامنا	18
افيخاي	18
اقارب	18
اقاسم	18
اقاصي	18
اقالة	18
اقامته	18
اقبالا	18
اقتاده	18
اقتادوني	18
اقتبسها	18
اقتتال	18
اقتحاماتهم	18
اقترابنا	18
اقتراحاتنا	18
اقتراحاتهم	18
اقتراحها	18
اقتراحي	18
اقتراحين	18
اقتراعات	18
اقتراعكم	18
اقتراف	18
اقترانه	18
اقتربنا	18
اقترحته	18
اقترحه	18
اقترحوا	18
اقترفتها	18
اقترنت	18
اقتصاداتنا	18
اقتصاداتها	18
اقتصادهم	18
اقتصاديات	18
اقتصاديون	18
اقتصاديين	18
اقتضابا	18
اقتطاعات	18
اقتطعت	18
اقتلاعه	18
اقتلاعها	18
اقتناع	18
اقتنص	18
اقتنع	18
اقتنى	18
اقتياده	18
اقتيدوا	18
اقرب	18
اقرت	18
اقرتها	18
اقسامها	18
اقصاء	18
اقطار	18
اقطاعيات	18
اقفال	18
اقلاع	18
اقناعها	18
اقول	18
اقوله	18
اقيم	18
اقيمت	18
اكبان	18
اكتتاب	18
اكتراث	18
اكتسابها	18
اكتساحه	18
اكتسبوا	18
اكتشافاتهما	18
اكتشفته	18
اكتشفه	18
اكتظ	18
اكتظاظ	18
اكتظاظا	18
اكتفوا	18
اكتفيا	18
اكتمل	18
اكتنف	18
اكتنفهم	18
اكثرها	18
اكدته	18
اكده	18
اكديم	18
اكرر	18
اكرم	18
اكسبرس	18
اكسبرشن	18
اكليل	18
اكمال	18
اكماله	18
الآب	18
الآبدين	18
الآتين	18
الآثرية	18
الآخذين	18
الآخرى	18
الآرال	18
الآسايش	18
الآسيويين	18
الآشوري	18
الآشورية	18
الآغا	18
الآهلة	18
الآيل	18
الأباتشي	18
الأباطرة	18
الأبدي	18
الأبراء	18
الأبطأ	18
الأبية	18
الأتمتة	18
الأتيرة	18
الأثافي	18
الأثنين	18
الأثيم	18
الأجتماعي	18
الأجتماعية	18
الأجدى	18
الأجنحة	18
الأجندات	18
الأجيرة	18
الأحباء	18
الأحجام	18
الأحرص	18
الأحرى	18
الأحطوب	18
الأحفاد	18
الأحيائي	18
الأخاء	18
الأخشاب	18
الأخصائي	18
الأخصائية	18
الأخصائيون	18
الأخطبوط	18
الأخلاقيات	18
الأخوي	18
الأخيران	18
الأدارية	18
الأدمغة	18
الأديبة	18
الأذربيجاني	18
الأذرع	18
الأذواق	18
الأراذل	18
الأرباع	18
الأربعاءالمقبل	18
الأربعينيات	18
الأربعينية	18
الأرثوذكسي	18
الأرثوذوكسية	18
الأرجنتينية	18
الأرخص	18
الأرسطي	18
الأرشفة	18
الأرشيفية	18
الأرضة	18
الأرقى	18
الأروقة	18
الأزمتين	18
الأساسى	18
الأساسيات	18
الأساسيةخلال	18
الأساطير	18
الأساطيل	18
الأساقفة	18
الأسطوري	18
الأسطى	18
الأسعارالسيدة	18
الأسفلت	18
الأسكتلنديين	18
الأسكندرية	18
الأسلاف	18
الأسلاك	18
الأسهل	18
الأسوار	18
الأسودين	18
الأسوشيتد	18
الأسيرات	18
الأسيوي	18
الأشبال	18
الأشقرية	18
الأشكناز	18
الأشواط	18
الأشول	18
الأصابات	18
الأصباغ	18
الأصحاء	18
الأصداف	18
الأصفري	18
الأصليون	18
الأضخم	18
الأضرارا	18
الأطلسية	18
الأطوم	18
الأظرف	18
الأعاصير	18
الأعجوبة	18
الأعزل	18
الأعطال	18
الأعظمية	18
الأعماق	18
الأغدية	18
الأغشية	18
الأغلفة	18
الأغلى	18
الأغواط	18
الأغودا	18
الأـيام	18
الأف	18
الأفعوانية	18
الأفغانيين	18
الأفقر	18
الأفلاج	18
الأفندي	18
الأفوكادو	18
الأفيال	18
الأقدر	18
الأقسى	18
الأقصر	18
الأقطان	18
الأقفاص	18
الأقماح	18
الأقمشة	18
الأكاديمين	18
الأكاديميين	18
الأكارم	18
الأكتاف	18
الأكريلاميد	18
الأكسجة	18
الأكشاك	18
الأكشن	18
الأكواب	18
الأكوادوري	18
الأكياس	18
الألحان	18
الألفي	18
الألقاببن	18
الألماس	18
الألمانيان	18
الألمنيوم	18
الألمين	18
الألومينا	18
الألوية	18
الأليفة	18
الأمتار	18
الأمتين	18
الأمركية	18
الأمريكتين	18
الأمريكى	18
الأمس	18
الأمسيات	18
الأمسية	18
الأمويين	18
الأميرال	18
الأميركيات	18
الأميركيان	18
الأميك	18
الأميلويد	18
الأنا	18
الأناضولية	18
الأناناس	18
الأنبوبي	18
الأندروجين	18
الأندلسيات	18
الأندلسيون	18
الأنسنة	18
الأنسية	18
الأنشودة	18
الأنظف	18
الأنفية	18
الأنقط	18
الأنيرجا	18
الأنيميا	18
الأهراءات	18
الأهقار	18
الأهليل	18
الأوبريت	18
الأوتوستراد	18
الأوتوقراطية	18
الأوتوماتيكي	18
الأوتوماتيكية	18
الأوراس	18
الأوراسي	18
الأورثوذكسي	18
الأوردةبالإضافة	18
الأوردوفيشي	18
الأورفلي	18
الأوركسترات	18
الأورو	18
الأوزبكية	18
الأوسطات	18
الأوسطي	18
الأوسمة	18
الأوضح	18
الأوغندي	18
الأوليتين	18
الأوليغارش	18
الأوليغارشية	18
الأوليغارشيون	18
الأوليمبية	18
الأونلاين	18
الأيدلوجية	18
الأيدى	18
الأيديولوجي	18
الأيرلندي	18
الأيروسي	18
الأيزيدي	18
الأيسلندي	18
الأيسلندية	18
الأيض	18
الأيطالي	18
الأيقونات	18
الأيقونة	18
الأيقونية	18
الأيوبي	18
الأيوني	18
الإ	18
الإئتلافية	18
الإئتمان	18
الإباضة	18
الإبتدائية	18
الإبتكارات	18
الإبراشي	18
الإبراهيم	18
الإبطاء	18
الإتاوة	18
الإتجار	18
الإتجاه	18
الإتحادات	18
الإتحادي	18
الإتصال	18
الإتصالي	18
الإتصالية	18
الإتني	18
الإثاري	18
الإثباتات	18
الإثنان	18
الإثنتي	18
الإثني	18
الإثنية	18
الإثيوبيين	18
الإجباري	18
الإجراءين	18
الإجمالى	18
الإحاطات	18
الإحالة	18
الإحتجاجية	18
الإحتفالات	18
الإحتمال	18
الإحتياطات	18
الإحداث	18
الإحداثيات	18
الإحراج	18
الإحصائي	18
الإحلالية	18
الإخاء	18
الإخباريتين	18
الإختبارات	18
الإختيار	18
الإخراجية	18
الإخطارات	18
الإخفاق	18
الإخلاء	18
الإخواني	18
الإدراج	18
الإدراكي	18
الإدراكية	18
الإذعان	18
الإرشادية	18
الإزدحام	18
الإزهار	18
الإسالة	18
الإسبارطي	18
الإسبان	18
الإسبرسو	18
الإسبريسو	18
الإسبوع	18
الإستثمار	18
الإستحقاق	18
الإستحواذ	18
الإستخدام	18
الإستشارات	18
الإستشارة	18
الإستطلاعات	18
الإستعراض	18
الإستقرار	18
الإستماع	18
الإستهلاك	18
الإستونية	18
الإسخريوطي	18
الإسرئيلي	18
الإسرائيلة	18
الإسرائيلى	18
الإسطوانات	18
الإسعافية	18
الإسفاف	18
الإسفلت	18
الإسفنج	18
الإسفنجية	18
الإسكندنافية	18
الإسلاموفوبيا	18
الإسماعيلى	18
الإسنادية	18
الإسهال	18
الإشتغال	18
الإشرافية	18
الإشعاع	18
الإشعاعية	18
الإشغال	18
الإشكالات	18
الإصطناعى	18
الإصطياف	18
الإصغاء	18
الإصلاحي	18
الإضافات	18
الإضافيات	18
الإضافيين	18
الإضرابات	18
الإطاحه	18
الإطاريين	18
الإطــار	18
الإطفائي	18
الإطلاقات	18
الإطلالات	18
الإعاشة	18
الإعتبار	18
الإعتداء	18
الإعتراضية	18
الإعتزاز	18
الإعتمادات	18
الإعدادي	18
الإعرابي	18
الإعلاميتين	18
الإعلاني	18
الإغاثات	18
الإغراءات	18
الإغراق	18
الإغريق	18
الإفتراضي	18
الإفواري	18
الإقامات	18
الإقتراع	18
الإقتصاديين	18
الإقليمى	18
الإقليميتين	18
الإقليمين	18
الإكثيوصورات	18
الإكراهية	18
الإكزيما	18
الإكلينيكي	18
الإكوادر	18
الإلتفات	18
الإلتكرونية	18
الإلكترني	18
الإلكترونيين	18
الإمبراطور	18
الإمبرياليين	18
الإمتثال	18
الإمتياز	18
الإمداداتللمرة	18
الإمكانية	18
الإنارة	18
الإنتاجي	18
الإنتان	18
الإنتر	18
الإنترفيرون	18
الإنتقال	18
الإنتقالي	18
الإنجاب	18
الإنجابية	18
الإندثار	18
الإندفاعة	18
الإنذارات	18
الإنسداد	18
الإنشاءات	18
الإنشادية	18
الإنشغالات	18
الإنفاذ	18
الإنفصال	18
الإنفصالتين	18
الإنفعال	18
الإنفوجراف	18
الإنقلاب	18
الإنقلابات	18
الإنكفاء	18
الإنمائي	18
الإنهاء	18
الإنهاك	18
الإهابي	18
الإهانات	18
الإهراءات	18
الإيجارات	18
الإيديولوجيا	18
الإيراينة	18
الإيضاحية	18
الإيطاليةالجزائر	18
الإيعاز	18
الإيغور	18
الإيفوارية	18
الإيقاد	18
الإيقاعية	18
الإيكواس	18
الإيكولوجي	18
الإيكونوميست	18
الإيليزيه	18
الإيماني	18
الإيهام	18
الإيوائية	18
الائتلافات	18
الاباتي	18
الابداعات	18
الابداعية	18
الابراج	18
الابراهيمى	18
الابرد	18
الابناء	18
الابواب	18
الابوية	18
الابيات	18
الاتحادعلى	18
الاتحاديين	18
الاتكاء	18
الاتوسترادات	18
الاثر	18
الاثرياء	18
الاثنتان	18
الاثيوبية	18
الاجابة	18
الاجال	18
الاجتماعيه	18
الاجتنابيين	18
الاجتهادات	18
الاجداد	18
الاجراء	18
الاجمالية	18
الاجنبي	18
الاجنبيات	18
الاجنبية	18
الاجيال	18
الاحادية	18
الاحباط	18
الاحتراب	18
الاحترافية	18
الاحتفائية	18
الاحتكاك	18
الاحتكام	18
الاحتمالية	18
الاحتواء	18
الاحتياحات	18
الاحراج	18
الاحرار	18
الاحساس	18
الاحصاءات	18
الاحصائيات	18
الاختباريين	18
الاختصاصي	18
الاختصاصيون	18
الاختصاصيين	18
الاختفاء	18
الاختلال	18
الاختناق	18
الاخري	18
الاخضر	18
الاخطر	18
الاخفاقات	18
الاخونجية	18
الادارى	18
الاداريين	18
الادخار	18
الادماج	18
الادنى	18
الاذلال	18
الاذواق	18
الاربعة	18
الاربعين	18
الاربعينيات	18
الاربعينية	18
الارتجاع	18
الارتجالية	18
الارتزاق	18
الارتطام	18
الارتكاز	18
الارتوازية	18
الارتياح	18
الارثوذكس	18
الارجح	18
الاردنيين	18
الارشادات	18
الارصاد	18
الارضية	18
الارغواي	18
الارقام	18
الاركان	18
الارهابي	18
الارهابيين	18
الارهاق	18
الازدحام	18
الازدواج	18
الازرق	18
الازقة	18
الاسئلة	18
الاسابيع	18
الاساتذة	18
الاساسين	18
الاسبان	18
الاسبق	18
الاسبوعين	18
الاستئنافية	18
الاستباقي	18
الاستبدادي	18
الاستبداديين	18
الاستبيان	18
الاستثائية	18
الاستجوابات	18
الاستحقاقين	18
الاستخباري	18
الاستخدمات	18
الاستخراجية	18
الاستخيارات	18
الاستراتيجيون	18
الاسترتيجية	18
الاسترجاع	18
الاسترشادية	18
الاستزراع	18
الاستسهال	18
الاستشفائيين	18
الاستطلاعية	18
الاستعجالات	18
الاستعجالي	18
الاستعراض	18
الاستعراضي	18
الاستعصاء	18
الاستعلامات	18
الاستعلامية	18
الاستعماريين	18
الاستغراب	18
الاستقالات	18
الاستكبارية	18
الاستلام	18
الاستلقاء	18
الاستمارات	18
الاستمارة	18
الاستمرارا	18
الاستملاك	18
الاستنزاف	18
الاستنساب	18
الاستنسابية	18
الاستنساخ	18
الاستنكاف	18
الاستهتار	18
الاستهلاكفي	18
الاستوديوهات	18
الاسد	18
الاسرائلية	18
الاسرائيلة	18
الاسرائيلى	18
الاسراع	18
الاسطبلات	18
الاسطوانة	18
الاسطول	18
الاسفل	18
الاسفلتي	18
الاسفلتية	18
الاسكتلندية	18
الاسكندنافي	18
الاسلاك	18
الاسلاميين	18
الاسلكي	18
الاسماك	18
الاسمنت	18
الاسنان	18
الاسهم	18
الاسوأ	18
الاسير	18
الاسيرة	18
الاسيوي	18
الاسيوية	18
الاشادة	18
الاشاعات	18
الاشبال	18
الاشتثمار	18
الاشتراطات	18
الاشتراكات	18
الاشتراكى	18
الاشتراكيين	18
الاشجار	18
الاشرف	18
الاشقاء	18
الاشكاليات	18
الاشكناز	18
الاشواط	18
الاصحاء	18
الاصدار	18
الاصرار	18
الاصطلاحي	18
الاصطياف	18
الاصلاحات	18
الاصلاحية	18
الاصلية	18
الاصول	18
الاضافي	18
الاضافية	18
الاضحى	18
الاضرار	18
الاضطربات	18
الاضمحلال	18
الاطاري	18
الاطاريون	18
الاطباء	18
الاطر	18
الاطرش	18
الاطلسي	18
الاظطهاد	18
الاعباء	18
الاعتراضات	18
الاعتقالية	18
الاعتمادية	18
الاعتياد	18
الاعداء	18
الاعدامات	18
الاعراف	18
الاعروش	18
الاعصاب	18
الاعضاء	18
الاعظم	18
الاعلاميين	18
الاعمدة	18
الاغاني	18
الاغتصابات	18
الاغراءات	18
الاغراض	18
الاغلبية	18
الاغنام	18
الاغنيات	18
الاغوار	18
الاف	18
الافتتاحي	18
الافتخار	18
الافراط	18
الافرقاء	18
الافريقيين	18
الافغان	18
الافكار	18
الاقتباس	18
الاقتباسات	18
الاقتحامي	18
الاقتصاديون	18
الاقتطاع	18
الاقتناء	18
الاقطاب	18
الاقفال	18
الاقلام	18
الاقوياء	18
الاكاديمية	18
الاكتظاظ	18
الاكسجين	18
الاكسسوارات	18
الاكوادور	18
الالبان	18
الالتحام	18
الالتفافي	18
الالتماسات	18
الالتهابية	18
الالكتورنية	18
الالهية	18
الامبريالية	18
الامتحانية	18
الامتداد	18
الامتلاك	18
الامدادات	18
الامزاد	18
الامكانات	18
الامكانية	18
الامكنة	18
الاملاءات	18
الاملاك	18
الامويين	18
الامية	18
الاميرة	18
الاميريكيين	18
الانبهار	18
الانتدابات	18
الانتقائية	18
الانتقاص	18
الانتقاليين	18
الانتقامية	18
الانتكاسات	18
الانتماءات	18
الانتهازية	18
الانجازات	18
الانجليز	18
الانجليكانية	18
الانجيلية	18
الانحطاط	18
الاندية	18
الانروا	18
الانزلاقات	18
الانزلاقية	18
الانزياحات	18
الانساني	18
الانسدادي	18
الانسلاخ	18
الانسيابية	18
الانشاءات	18
الانشطار	18
الانشطاري	18
الانشطة	18
الانشغال	18
الانشقاقات	18
الانصهار	18
الانصياع	18
الانضواء	18
الانطواء	18
الانظار	18
الانعتاق	18
الانعزال	18
الانعكاسات	18
الانغلاق	18
الانغماس	18
الانفجارين	18
الانفرادي	18
الانفصالي	18
الانفصاليتان	18
الانفصالين	18
الانفصام	18
الانفعالية	18
الانقطاعات	18
الانقلابي	18
الانهاك	18
الانهزامية	18
الانهماك	18
الاهاربية	18
الاهتزاز	18
الاهراءات	18
الاهلية	18
الاوتوستراد	18
الاوروبية	18
الاوروبيين	18
الاوروجوياني	18
الاوصاف	18
الاوقاف	18
الاوكرانيات	18
الاوكرانيين	18
الاولـى	18
الاولمبي	18
الاولوية	18
الاولي	18
الاوميغا	18
الايادي	18
الايجابي	18
الايحاء	18
الايدلوجية	18
الايدي	18
الايديولوجيات	18
الايرلندية	18
الايزدية	18
الايسلندي	18
الايصال	18
الايطالية	18
الايفاء	18
الايقونه	18
الايكولوجي	18
الايواء	18
البئيس	18
البائد	18
البائسة	18
البائعين	18
البابلي	18
البابوي	18
الباتري	18
الباتريوت	18
الباحثان	18
الباخرة	18
البادرة	18
البارانويا	18
البارجة	18
الباركود	18
البارودي	18
البارون	18
الباريتون	18
البازار	18
الباستيل	18
الباسيفيك	18
الباص	18
الباغيت	18
البافارية	18
البالغان	18
الباليستي	18
البامية	18
الباندا	18
البانورامي	18
البانيتونيه	18
الباهاماس	18
الباهتة	18
الباهظ	18
البايروكسين	18
البايومترية	18
الببسي	18
البترا	18
البتروكيماوية	18
البتروكيمياء	18
البتروكيميائية	18
البتروكيمياويات	18
البتروكيمياوية	18
البترولي	18
البجعة	18
البحت	18
البحتة	18
البحراويين	18
البخاتي	18
البدايات	18
البدايةـ	18
البدايه	18
البذار	18
البذخ	18
البرائة	18
البراجنة	18
البرازي	18
البرازيلون	18
البرازيلين	18
البرازين	18
البراغماتية	18
البراقة	18
البراكين	18
البرامجي	18
البرتغاليون	18
البرتغاليين	18
البرتقال	18
البرتقالي	18
البرتوغال	18
البرجر	18
البرجماتية	18
البرجوازي	18
البردية	18
البرشمان	18
البرعي	18
البرقع	18
البرقوق	18
البرلمانات	18
البرلمانيون	18
البرمجية	18
البرميل	18
البرهانيين	18
البرهومي	18
البروتكول	18
البرولاكتين	18
البروليتاريين	18
البرونزيتان	18
البريجادير	18
البريطانيون	18
البريق	18
البريكست	18
البزعي	18
البساطة	18
البساكرة	18
البسام	18
البستاني	18
البسمة	18
البشارية	18
البصمة	18
البصيري	18
البصيلات	18
البطاركة	18
البطالةوتقليل	18
البطانة	18
البطلة	18
البطلمي	18
البطليق	18
البطلين	18
البطيني	18
البعضب	18
البعـيدـ	18
البغدادية	18
البغيض	18
البـعد	18
البقالة	18
البقايا	18
البقرتان	18
البقرية	18
البقعي	18
البقلة	18
البقلي	18
البكار	18
البكتيريات	18
البلاءحرائق	18
البلابل	18
البلاستكية	18
البلاك	18
البلدورات	18
البلسم	18
البلطجة	18
البلطجي	18
البلطي	18
البلغاري	18
البلغاريون	18
البلقار	18
البلمند	18
البلوتون	18
البلوزدادي	18
البلوشية	18
البلوغرانا	18
البلوكات	18
البلياردو	18
البنتاجون	18
البنزوبيرين	18
البنغال	18
البنغلادشي	18
البنكرياس	18
البنكي	18
البنيات	18
البهائية	18
البهارات	18
البهلولية	18
البهيجة	18
البواخر	18
البوادر	18
البواسل	18
البواعث	18
البوب	18
البوتاس	18
البوتولينوم	18
البوح	18
البودكاست	18
البوذية	18
البوذيين	18
البورسعيدي	18
البوركيني	18
البوساني	18
البوست	18
البوسني	18
البوصلة	18
البوغاز	18
البوغروم	18
البوكس	18
البولدنية	18
البوليتكنك	18
البوليستر	18
البوليسية	18
البوليغراف	18
البوندستاغ	18
البوهية	18
البوي	18
البويضات	18
البوينج	18
البياتي	18
البيازين	18
البيام	18
البيانو	18
البيتلز	18
البيداغوجية	18
البيروفي	18
البيروني	18
البيزنطية	18
البيطرية	18
البيعتين	18
البيكاديللي	18
البيلاروسيون	18
البينية	18
البيومتري	18
البيومي	18
التأتبي	18
التأرجح	18
التأميمات	18
التأمينات	18
التأويلية	18
التئام	18
التابعية	18
التابو	18
التاثير	18
التاجي	18
التاجية	18
التاريخيين	18
التافه	18
التاكا	18
التاكسي	18
التاكو	18
التاليتين	18
التانغو	18
التاهيتي	18
التايواني	18
التبادلي	18
التباسات	18
التبانة	18
التباهي	18
التبدد	18
التبذير	18
التبذيري	18
التبرز	18
التبروري	18
التبريرية	18
التبريكات	18
التبلور	18
التبويبات	18
التجاعيد	18
التجاهل	18
التجاور	18
التجدد	18
التجرؤ	18
التجريف	18
التجريي	18
التجسيد	18
التجميلية	18
التجنب	18
التجند	18
التجويع	18
التجييش	18
التحاقهم	18
التحاقهما	18
التحاليل	18
التحتا	18
التحتيين	18
التحدى	18
التحديثات	18
التحديق	18
التحذيري	18
التحرشات	18
التحريضي	18
التحزب	18
التحسيسية	18
التحسينات	18
التحضر	18
التحقيقي	18
التحقيقية	18
التحكيمي	18
التحلية	18
التحليلي	18
التحنيط	18
التحوط	18
التحويلي	18
التحيتا	18
التحيزات	18
التخثر	18
التخدير	18
التخرج	18
التخزينية	18
التخصصية	18
التخفي	18
التخفيضات	18
التخليص	18
التخمر	18
التخمين	18
التخمينات	18
التخنيون	18
التخوف	18
التخوين	18
التخيلي	18
التخييلية	18
التخييم	18
التداخلات	18
التداخلية	18
التداولات	18
التدث	18
التدريجى	18
التدريسي	18
التدميري	18
التدويل	18
التدوين	18
التدوينات	18
التذبذب	18
التذوق	18
الترابة	18
الترابي	18
التراتبية	18
التراجيدية	18
التراحم	18
التراشق	18
التراكمات	18
الترانزيت	18
التربحفي	18
الترتيل	18
الترجمي	18
الترجيحات	18
الترجيحي	18
الترجيحية	18
الترددي	18
الترسانة	18
الترشيح	18
الترشيد	18
الترقيات	18
الترقيعية	18
الترقيم	18
التركات	18
التركمانستاني	18
التركمانية	18
التركيبات	18
التركيبية	18
الترمل	18
الترميمات	18
الترنح	18
الترهوني	18
التروي	18
التريليوني	18
التزاما	18
التزاماتنا	18
التزاماته	18
التزاماتهم	18
التزامن	18
التزامي	18
التزايد	18
التزما	18
التزمنا	18
التزويد	18
التسؤل	18
التسابق	18
التساقط	18
التساقطات	18
التسبحة	18
التستوستيرون	18
التسربات	18
التسرطن	18
التسريح	18
التسريحة	18
التسطيح	18
التسلط	18
التسلية	18
التسليحية	18
التسول	18
التسويف	18
التسيتيلي	18
التشابك	18
التشابه	18
التشارك	18
التشاورية	18
التشبث	18
التشجيع	18
التشدد	18
التشريعيين	18
التشريفات	18
التشنجات	18
التشيكي	18
التشيلية	18
التصادم	18
التصدعات	18
التصدى	18
التصريات	18
التصعيدات	18
التصفح	18
التصفيفة	18
التصلب	18
التصنيفية	18
التصويب	18
التضخمي	18
التضـحيات	18
التضيقية	18
التضييقات	18
التطابق	18
التطبيب	18
التطبيعية	18
التطبيقين	18
التطفل	18
التطلع	18
التطلعات	18
التطهيرية	18
التطويب	18
التطويرية	18
التظلمات	18
التعاقدية	18
التعالي	18
التعايشي	18
التعبويين	18
التعبيرية	18
التعدى	18
التعريفي	18
التعزيزات	18
التعطل	18
التعقل	18
التعقيد	18
التعقيدات	18
التعلمية	18
التعليمة	18
التعمري	18
التعمق	18
التعمير	18
التعنت	18
التعود	18
التعويذة	18
التعينات	18
التغاضي	18
التغطيات	18
التغلغل	18
التغييري	18
التغييرية	18
التغييريين	18
التـربية	18
التفاتة	18
التفاصبل	18
التفاعلي	18
التفاقم	18
التفاني	18
التفاوضي	18
التفتيت	18
التفجيري	18
التفجيرين	18
التفسيرات	18
التفصيلية	18
التفضيلات	18
التفضيلية	18
التفعيلة	18
التفكيك	18
التقاربية	18
التقاسم	18
التقاطع	18
التقاطها	18
التقاعدي	18
التقاعس	18
التقاهم	18
التقاويم	18
التقديري	18
التقديمات	18
التقرحي	18
التقريرالنهائي	18
التقريرين	18
التقشف	18
التقصي	18
التقطتها	18
التقطه	18
التقطوا	18
التقطير	18
التقليديين	18
التقليص	18
التقليصات	18
التقليم	18
التقوقع	18
التقوية	18
التقيته	18
التقييمات	18
التكافلي	18
التكتلات	18
التكتيكي	18
التكدس	18
التكريمات	18
التكفيرية	18
التكفيريون	18
التكميلية	18
التكناوتي	18
التكنلوجيا	18
التكنوقراط	18
التكنولوجيات	18
التكنيك	18
التكوزين	18
التكوينات	18
التكويني	18
التكوينية	18
التكيفي	18
التلة	18
التلزيم	18
التلغرام	18
التلفزوني	18
التلفزيونات	18
التلفيزيون	18
التلفيقات	18
التلقائي	18
التلقائية	18
التلميح	18
التلميحات	18
التلميذة	18
التليدي	18
التماطل	18
التمانعة	18
التماهي	18
التمايز	18
التمدرس	18
التمدن	18
التمرن	18
التمريضية	18
التمساح	18
التمست	18
التمفصل	18
التملص	18
التموضع	18
التمييزاعتبرت	18
التمييزي	18
التمييزية	18
التمييع	18
التناسلي	18
التناظر	18
التناغم	18
التناقضات	18
التنبؤات	18
التنجيم	18
التنديدات	18
التنسيب	18
التنسيقيتين	18
التنشئة	18
التنشيطي	18
التنشيطية	18
التنظيمى	18
التنظيميين	18
التنفيذيه	18
التنكرية	18
التنكيلية	18
التنميط	18
التنوعات	18
التنويري	18
التنويرية	18
التنين	18
التهابات	18
التهام	18
التهديف	18
التهديفية	18
التهمت	18
التهنيئية	18
التهور	18
التهوية	18
التهويد	18
التهويدية	18
التو	18
التوابة	18
التواجر	18
التواري	18
التوازي	18
التواصلية	18
التواقين	18
التوالى	18
التوانة	18
التوانسة	18
التواني	18
التوت	18
التوثيقي	18
التوجي	18
التوجية	18
التودد	18
التوراتية	18
التوراتيين	18
التوربين	18
التوصلية	18
التوصيف	18
التوصيفات	18
التوطن	18
التوغلات	18
التوفر	18
التوقع	18
التوقيعات	18
التوقيفات	18
التوكاماك	18
التوليدية	18
التوم	18
التومي	18
التونسيون	18
التونسيينوتقول	18
التويتر	18
التويترية	18
التياري	18
التيبت	18
التيراني	18
التيرو	18
التيشيرت	18
التيطري	18
التيغراي	18
التيقظ	18
التيك	18
التيم	18
الثائرين	18
الثابتين	18
الثانويات	18
الثدييات	18
الثعلبة	18
الثقوب	18
الثكنات	18
الثلاثى	18
الثلاثينيات	18
الثلاثينية	18
الثلاجات	18
الثماني	18
الثواني	18
الجابرية	18
الجادون	18
الجاذب	18
الجاذبة	18
الجارتين	18
الجارفة	18
الجاريوأوائل	18
الجاز	18
الجاسر	18
الجاسوس	18
الجاغوار	18
الجاكيت	18
الجالسين	18
الجالون	18
الجاليات	18
الجامبي	18
الجامعيين	18
الجانبي	18
الجانبيتين	18
الجانحين	18
الجاهلي	18
الجاودار	18
الجبائية	18
الجبابلي	18
الجباري	18
الجبايات	18
الجبري	18
الجبناء	18
الجبوب	18
الجبيل	18
الجبيلة	18
الجدارة	18
الجدعان	18
الجدى	18
الجديدتين	18
الجديدين	18
الجديري	18
الجذب	18
الجذعية	18
الجراحين	18
الجراف	18
الجرافيت	18
الجراند	18
الجرثومية	18
الجرجير	18
الجرد	18
الجرذان	18
الجرعتين	18
الجروف	18
الجريء	18
الجريئة	18
الجريحين	18
الجزاءر	18
الجزائرتنصيب	18
الجزائريالجزائر	18
الجزائريون	18
الجزافية	18
الجزايري	18
الجزرة	18
الجزرية	18
الجزيري	18
الجسام	18
الجشع	18
الجشعة	18
الجشعين	18
الجعفر	18
الجغرافيون	18
الجـوار	18
الجفتلك	18
الجفرة	18
الجلباب	18
الجلبوع	18
الجلجثة	18
الجلخ	18
الجلطة	18
الجلندى	18
الجلوكوز	18
الجليلةتحية	18
الجماليات	18
الجمالية	18
الجمباز	18
الجمبي	18
الجمجمة	18
الجمعوية	18
الجمعيتين	18
الجمنه	18
الجمهوريات	18
الجمهوريان	18
الجمهورييين	18
الجميرا	18
الجنائزية	18
الجناز	18
الجنازات	18
الجنايني	18
الجنجويد	18
الجنديين	18
الجنسيتين	18
الجنيدي	18
الجنينية	18
الجنيهات	18
الجهازوهم	18
الجهاوي	18
الجهويين	18
الجواسيس	18
الجوال	18
الجوامعة	18
الجوجيتسو	18
الجوراسية	18
الجوعى	18
الجوفضائية	18
الجوق	18
الجولاني	18
الجونة	18
الجوير	18
الجياشة	18
الجياع	18
الجية	18
الجيري	18
الجيلالي	18
الجينات	18
الجينسنغالجينسنغ	18
الجينومية	18
الجيوبولتيكا	18
الجيوبولتيكي	18
الجيولوجية	18
الحائز	18
الحائطية	18
الحاخامات	18
الحادثتين	18
الحادى	18
الحارةيحتوي	18
الحازم	18
الحازمة	18
الحاسبات	18
الحاشد	18
الحاشدي	18
الحاشي	18
الحاضرات	18
الحافز	18
الحافظات	18
الحافيظي	18
الحاقدون	18
الحاقدين	18
الحاقها	18
الحالبية	18
الحالكة	18
الحالى	18
الحامد	18
الحاملة	18
الحاوية	18
الحايك	18
الحباري	18
الحبكات	18
الحبيل	18
الحتمي	18
الحثيلي	18
الحجوي	18
الحجي	18
الحداثي	18
الحداده	18
الحدثين	18
الحدودبين	18
الحدي	18
الحذرون	18
الحراج	18
الحراقة	18
الحرامية	18
الحرباية	18
الحربيتين	18
الحردلو	18
الحرفي	18
الحرفية	18
الحرقة	18
الحرك	18
الحركيون	18
الحروش	18
الحروق	18
الحريدي	18
الحريدية	18
الحريصي	18
الحريقان	18
الحزقي	18
الحساء	18
الحساد	18
الحسنية	18
الحسومات	18
الحسيدي	18
الحسيمة	18
الحشوية	18
الحشيمي	18
الحصان	18
الحصور	18
الحضارم	18
الحضانات	18
الحضن	18
الحضنة	18
الحضيض	18
الحظائر	18
الحفاضات	18
الحفاوة	18
الحفلة	18
الحقلية	18
الحقن	18
الحقوقيون	18
الحقيرة	18
الحقيقه	18
الحقيقى	18
الحقيقيةمن	18
الحقيقيقراءة	18
الحقيقيين	18
الحكامة	18
الحكواتي	18
الحكومتان	18
الحكيمي	18
الحلاق	18
الحلاقة	18
الحلاني	18
الحلبيين	18
الحلفاءولفت	18
الحلفي	18
الحليق	18
الحماق	18
الحماقة	18
الحمدي	18
الحمراءأما	18
الحمروني	18
الحمزي	18
الحمقى	18
الحملـة	18
الحملي	18
الحمم	18
الحمود	18
الحموضة	18
الحمولة	18
الحميمي	18
الحنجرة	18
الحنونه	18
الحوائط	18
الحواط	18
الحوافز	18
الحوبان	18
الحوزي	18
الحويجة	18
الحويزة	18
الحويصلات	18
الحيحي	18
الحيط	18
الخائنة	18
الخابور	18
الخادشة	18
الخارجيون	18
الخارجيين	18
الخاصةبوتين	18
الخاصه	18
الخاصية	18
الخاضعون	18
الخاطئ	18
الخاطفة	18
الخافتة	18
الخافر	18
الخالد	18
الخالدات	18
الخبثاء	18
الخبراني	18
الخبـرة	18
الخبيران	18
الختامى	18
الختاميتين	18
الختيار	18
الخجول	18
الخدع	18
الخدعة	18
الخدمتين	18
الخدمـة	18
الخدوش	18
الخديعة	18
الخرابشة	18
الخراف	18
الخرافة	18
الخربة	18
الخردة	18
الخردل	18
الخردوات	18
الخرزات	18
الخرسان	18
الخرسة	18
الخروصي	18
الخريجات	18
الخريجين	18
الخزان	18
الخزعلي	18
الخزنة	18
الخزين	18
الخسيسة	18
الخشت	18
الخصخصة	18
الخضري	18
الخضيرات	18
الخطابات	18
الخطرين	18
الخطى	18
الخلاقة	18
الخلفيات	18
الخلقي	18
الخليجيتين	18
الخليجيين	18
الخماسي	18
الخماسية	18
الخماسين	18
الخماسيني	18
الخمسية	18
الخميرة	18
الخميري	18
الخنزيرين	18
الخنوع	18
الخنونة	18
الخوات	18
الخواتم	18
الخواتيم	18
الخوادم	18
الخوارزميات	18
الخوارزمية	18
الخوذ	18
الخوذة	18
الخور	18
الخيارمثل	18
الخيارين	18
الخيالي	18
الخيانية	18
الخيوط	18
الداخلى	18
الداخليه	18
الداربي	18
الدارس	18
الدارسة	18
الدارفورية	18
الداكنة	18
الداما	18
الدامون	18
الدانتيل	18
الدانغو	18
الدانمارك	18
الداوون	18
الدايت	18
الدايم	18
الدبس	18
الدبلجة	18
الدبلوم	18
الدخن	18
الدراجي	18
الدراس	18
الدراستان	18
الدراويش	18
الدردار	18
الدردشة	18
الدرعان	18
الدروز	18
الدريب	18
الدريهمي	18
الدسمة	18
الدشيرة	18
الدعائي	18
الدعابات	18
الدعابة	18
الدعمي	18
الدعو	18
الدعوية	18
الدغامشة	18
الدفء	18
الدفاتر	18
الدفعات	18
الدفوف	18
الدفين	18
الدكاترة	18
الدكوانة	18
الدلابيح	18
الدلالية	18
الدلتاوات	18
الدمخ	18
الدمغة	18
الدمقرطة	18
الدنجوان	18
الدنف	18
الدنماركية	18
الدنماركيون	18
الدنيء	18
الدهب	18
الدهشة	18
الدهلكي	18
الدهم	18
الدهماني	18
الدوائي	18
الدواخل	18
الدوار	18
الدوارة	18
الدوبارة	18
الدوخة	18
الدوراد	18
الدوراني	18
الدورتين	18
الدورس	18
الدورى	18
الدورين	18
الدوسن	18
الدوق	18
الدولى	18
الدوليان	18
الدوليةوأكد	18
الدوليتان	18
الدوليه	18
الدومينو	18
الدونم	18
الدونمات	18
الدوير	18
الدويلات	18
الدويهي	18
الدي	18
الديانتين	18
الديبلوماسية	18
الديبلوماسيين	18
الديربي	18
الديسة	18
الديـن	18
الديفلوبنزوران	18
الديكتاتور	18
الديكتاتوري	18
الديكتاتورية	18
الديكور	18
الديمان	18
الديموقراطيون	18
الدينارإلى	18
الديناصورات	18
الدينامية	18
الديناميت	18
الديوانية	18
الديوانين	18
الذكوري	18
الذهنيات	18
الذهول	18
الذود	18
الذيب	18
الرؤي	18
الرئتين	18
الرئس	18
الرئيسن	18
الرئيسيان	18
الرئيسيتين	18
الرئيسيون	18
الرائب	18
الرائعون	18
الراب	18
الرابح	18
الرابطان	18
الراثين	18
الراجحي	18
الراجعة	18
الراجل	18
الراحلين	18
الرادار	18
الرادع	18
الرادعة	18
الراديكاليين	18
الرازحي	18
الراس	18
الراسول	18
الراشي	18
الراضين	18
الراغبيين	18
الرافد	18
الراقص	18
الراكزة	18
الرالي	18
الراهبات	18
الراهدة	18
الرباعين	18
الربذي	18
الربو	18
الربيدات	18
الرتابة	18
الرتل	18
الرثاء	18
الرجفان	18
الرجلة	18
الرجوب	18
الرجوي	18
الرحاب	18
الرحالة	18
الرحان	18
الرحمات	18
الرحمانية	18
الرخيص	18
الردعية	18
الردم	18
الردهة	18
الرذيلة	18
الرزامي	18
الرسالي	18
الرسامة	18
الرساميل	18
الرستاق	18
الرسملة	18
الرسمى	18
الرسميين	18
الرسولي	18
الرش	18
الرشاقة	18
الرشاوى	18
الرشح	18
الرشيدة	18
الرصف	18
الرصيف	18
الرصين	18
الرضيمة	18
الرعناء	18
الرعوية	18
الرغبات	18
الرف	18
الرفات	18
الرفوف	18
الرقابية	18
الرقار	18
الرقب	18
الرقصة	18
الرقميةفيما	18
الركام	18
الركوبة	18
الركيد	18
الرماديتين	18
الرماية	18
الرمحي	18
الرميل	18
الرميلان	18
الرنانة	18
الرنتاوي	18
الرنمينبي	18
الرنين	18
الرهاب	18
الرهبانيات	18
الرهون	18
الرهوي	18
الرهيب	18
الروائح	18
الروائية	18
الروائيين	18
الروابي	18
الرواس	18
الروافد	18
الروانديين	18
الروبوتية	18
الروبيان	18
الروبيك	18
الروتينية	18
الروسيأسعار	18
الروسيتين	18
الروسيين	18
الروصيرص	18
الروقة	18
الروليت	18
الروماتويدي	18
الرويمية	18
الرىيس	18
الريادي	18
الريبوفلامين	18
الريحة	18
الريشة	18
الريشية	18
الريعي	18
الريغبي	18
الريفييرا	18
الريمونتادا	18
الزائرون	18
الزائف	18
الزاحف	18
الزاحفة	18
الزادمة	18
الزاملي	18
الزبادي	18
الزبالة	18
الزبدة	18
الزبيدات	18
الزجالة	18
الزحامات	18
الزخرفة	18
الزدجالي	18
الزرد	18
الزرزور	18
الزرنيخ	18
الزعابي	18
الزعانين	18
الزعبي	18
الزعترية	18
الزعفرانية	18
الزعم	18
الزعنفي	18
الزعني	18
الزغرتاوي	18
الزغيدي	18
الزفير	18
الزكام	18
الزكواني	18
الزلاقي	18
الزليج	18
الزناتية	18
الزنازين	18
الزنبيزي	18
الزنجارية	18
الزنجبيل	18
الزنيتي	18
الزهيدة	18
الزهيري	18
الزوابع	18
الزواحف	18
الزوبعات	18
الزوق	18
الزولو	18
الزويتينة	18
الزيتي	18
الزيداني	18
الزير	18
الزيلع	18
السؤالين	18
السؤون	18
السائحتين	18
السائلون	18
السابقات	18
السابقتين	18
الساحب	18
الساحتين	18
الساحق	18
الساخرين	18
الساطع	18
الساعتين	18
الساعيان	18
السافرة	18
الساقية	18
السالفيا	18
السالمة	18
السالمي	18
السامة	18
السانحة	18
الساندا	18
الساندة	18
السايح	18
السايلو	18
السبائك	18
السباتين	18
السباح	18
السباحين	18
السباقات	18
السباقون	18
السبايلة	18
السبرانية	18
السبسي	18
السبعيني	18
السبوت	18
السبيبة	18
الستاتيكو	18
الستاتين	18
الستراتوسفير	18
الستريبور	18
الستيرويد	18
الستينيات	18
السجائرتشير	18
السجادة	18
السجانة	18
السجايا	18
السجنية	18
السحري	18
السحوبات	18
السخف	18
السخنة	18
السخيف	18
السدحان	18
السديدة	18
السراديب	18
السرداب	18
السردية	18
السرطانات	18
السريان	18
السريلانكي	18
السريلانكية	18
السعداوي	18
السعو	18
السعودات	18
السعودينظام	18
السعى	18
السعيدة	18
السـوق	18
السفال	18
السفريان	18
السفك	18
السفلية	18
السفيران	18
السقطة	18
السكاف	18
السكاكر	18
السكرتارية	18
السكرتيرة	18
السكرية	18
السككي	18
السكندرى	18
السلاك	18
السلالم	18
السلالية	18
السلامه	18
السلامية	18
السلاوية	18
السلخ	18
السلس	18
السلط	18
السلطوي	18
السلطوية	18
السلعية	18
السلفيات	18
السلمون	18
السلور	18
السلوفاكي	18
السلوفاكية	18
السلوفيني	18
السلوكات	18
السلوي	18
السمار	18
السماعات	18
السمانة	18
السمدوني	18
السمرا	18
السمراء	18
السمكيحتوي	18
السموذي	18
السمية	18
السميرنيانيين	18
السمينة	18
السناجب	18
السناكات	18
السنتات	18
السنطة	18
السنغافوري	18
السنغافورية	18
السنغالية	18
السنغاليين	18
السنكيام	18
السنوبورد	18
السنوى	18
السنيدار	18
السهرة	18
السهلاوي	18
السهوب	18
السهول	18
السواحة	18
السوداوي	18
السوربون	18
السورى	18
السوريا	18
السوشال	18
السوفياتيتين	18
السوفياني	18
السوفييت	18
السوفييتية	18
السوقي	18
السونار	18
السويديون	18
السويديين	18
السويسريين	18
السويسي	18
السويلمين	18
السياحيةجيش	18
السيار	18
السيارتين	18
السياسى	18
السياسيان	18
السياسين	18
السياسيى	18
السيانيد	18
السيب	18
السيخ	18
السيدتين	18
السيراميك	18
السيري	18
السيطرات	18
السيق	18
السيكوباتية	18
السيليساو	18
السيليسيوم	18
السيناتورات	18
السيناتورة	18
السيناريست	18
السيناريوات	18
السيناريوين	18
السينتي	18
السينيموغرافية	18
الشائن	18
الشاحن	18
الشاردة	18
الشارقة	18
الشاسعة	18
الشاشات	18
الشاطئية	18
الشاطر	18
الشاعرية	18
الشاغرة	18
الشامان	18
الشامبو	18
الشامسي	18
الشاهدة	18
الشاهق	18
الشايف	18
الشبابيك	18
الشبو	18
الشبورة	18
الشبوط	18
الشبيبي	18
الشبيهة	18
الشبيهين	18
الشتوي	18
الشجار	18
الشجارات	18
الشجن	18
الشحات	18
الشخرة	18
الشخظة	18
الشرارات	18
الشرخ	18
الشرس	18
الشرفا	18
الشرفي	18
الشرقاوي	18
الشرقيةولفت	18
الشرقيه	18
الشركتان	18
الشركتين	18
الشركس	18
الشروحات	18
الشرود	18
الشروق	18
الشريان	18
الشريري	18
الشطيرة	18
الشظايا	18
الشظية	18
الشعانين	18
الشعبوي	18
الشعراوي	18
الشعلان	18
الشعوذة	18
الشعورية	18
الشعيبة	18
الشعيبي	18
الشفاه	18
الشفايف	18
الشفط	18
الشفوية	18
الشقاقي	18
الشقق	18
الشقوق	18
الشقيقات	18
الشكاوي	18
الشكلي	18
الشكليات	18
الشكلية	18
الشكندالي	18
الشلال	18
الشلف	18
الشلقاني	18
الشلل	18
الشماتة	18
الشماحي	18
الشماغ	18
الشمالواعتبر	18
الشماليةويشير	18
الشمشون	18
الشمعة	18
الشمعي	18
الشموخ	18
الشمولي	18
الشنار	18
الشنبري	18
الشنعاء	18
الشنغن	18
الشنفري	18
الشنيتي	18
الشهريين	18
الشهواني	18
الشوائب	18
الشواشي	18
الشواطىء	18
الشواغل	18
الشواقل	18
الشواكل	18
الشوبكي	18
الشوربات	18
الشوربجي	18
الشوطين	18
الشوفي	18
الشوفينية	18
الشوكولاطة	18
الشومر	18
الشويخ	18
الشويرخ	18
الشويع	18
الشويهدي	18
الشي	18
الشيئان	18
الشياح	18
الشيبانية	18
الشيخلي	18
الشيرا	18
الشيطاني	18
الشيف	18
الشيق	18
الشيقة	18
الشيلية	18
الصائبة	18
الصابلات	18
الصاحي	18
الصاخب	18
الصادمة	18
الصارخ	18
الصارمين	18
الصالات	18
الصامتة	18
الصامد	18
الصامصة	18
الصباغي	18
الصبروط	18
الصبغة	18
الصبيانية	18
الصبيب	18
الصبيبة	18
الصجف	18
الصحابية	18
الصحارى	18
الصحافيات	18
الصحراويات	18
الصحون	18
الصحيةكبار	18
الصخب	18
الصداعفي	18
الصداقات	18
الصدامات	18
الصدرين	18
الصدريين	18
الصدفة	18
الصدمية	18
الصديقتين	18
الصراحة	18
الصراعي	18
الصراف	18
الصرفة	18
الصروح	18
الصعترية	18
الصعداء	18
الصعداءفخر	18
الصعدي	18
الصغرية	18
الصفائح	18
الصفاق	18
الصفراوية	18
الصفري	18
الصفية	18
الصقار	18
الصقور	18
الصكوك	18
الصلابة	18
الصلدة	18
الصلع	18
الصلو	18
الصلوي	18
الصليبيين	18
الصماط	18
الصمعاني	18
الصمغ	18
الصمم	18
الصميدعي	18
الصنادل	18
الصناعيةالاستيطانية	18
الصندل	18
الصندوقان	18
الصنوي	18
الصهاريج	18
الصهويني	18
الصهيو	18
الصهيونى	18
الصوارمي	18
الصوجا	18
الصودا	18
الصورجناح	18
الصورلاجئون	18
الصورمناورات	18
الصورموظف	18
الصوروصول	18
الصوصاع	18
الصوماليون	18
الصويغ	18
الصياحين	18
الصيادلة	18
الصياديون	18
الصيارفة	18
الصياغة	18
الصيانات	18
الصيدلية	18
الصيدية	18
الصيرورة	18
الصينيون	18
الصيونية	18
الضئيل	18
الضائعة	18
الضابطان	18
الضاربة	18
الضاري	18
الضالعة	18
الضالعين	18
الضبابية	18
الضبوط	18
الضجة	18
الضجيج	18
الضحل	18
الضحلة	18
الضحي	18
الضحيتين	18
الضخامة	18
الضروس	18
الضعفين	18
الضغوطات	18
الضغينة	18
الضلالات	18
الضليع	18
الضمانية	18
الضمن	18
الضنك	18
الضوضاء	18
الطاؤفي	18
الطائرتين	18
الطابعة	18
الطابعين	18
الطابقين	18
الطابور	18
الطاجيكستاني	18
الطاحنة	18
الطاردة	18
الطازج	18
الطاشناق	18
الطاعن	18
الطالبات	18
الطامحين	18
الطاهره	18
الطاولات	18
الطبابة	18
الطباخ	18
الطباخين	18
الطبقية	18
الطبلة	18
الطبوع	18
الطبيعيين	18
الطبيل	18
الطبيون	18
الطبيين	18
الطحالب	18
الطحطاوي	18
الطحينة	18
الطرانة	18
الطرخشقون	18
الطرقاتاحتجاجا	18
الطروحات	18
الطرية	18
الطعز	18
الطعنات	18
الطغمة	18
الطفلان	18
الطفولية	18
الطقسية	18
الطلائعية	18
الطلبيات	18
الطلعة	18
الطليعي	18
الطموحين	18
الطميزي	18
الطناجر	18
الطنطاوي	18
الطنين	18
الطهاة	18
الطهى	18
الطوابق	18
الطوبة	18
الطوربيد	18
الطوربيدات	18
الطوغو	18
الطوف	18
الطياران	18
الطيارة	18
الطيفي	18
الطيونة	18
الظالمـة	18
الظرفي	18
الظنينين	18
العائدون	18
العائق	18
العائلتين	18
العابثون	18
العاجزة	18
العاجزون	18
العادله	18
العادمة	18
العاديون	18
العارضون	18
العارضين	18
العارم	18
العاروتقديمهم	18
العاروري	18
العاريات	18
العازار	18
العازب	18
العازلة	18
العاصف	18
العاصمةبنك	18
العاصمتان	18
العاصميون	18
العاصين	18
العاطي	18
العاقبية	18
العال	18
العالمة	18
العامان	18
العامودي	18
العامون	18
العباءة	18
العباسيون	18
العبثي	18
العبرانيين	18
العبقري	18
العبقرية	18
العبود	18
العبيات	18
العبيدلي	18
العتبات	18
العتبتين	18
العتر	18
العتصمون	18
العتيد	18
العجقة	18
العجلتين	18
العجلوني	18
العجول	18
العجينة	18
العداءة	18
العدائيات	18
العدسات	18
العدلية	18
العدوات	18
العدوين	18
العذاري	18
العذبة	18
العذرية	18
العراء	18
العرابي	18
العرافي	18
العراقيات	18
العراقيب	18
العرباوي	18
العرببوسليماني	18
العربيرزيق	18
العربيسيتم	18
العربيــة	18
العربيه	18
العربيين	18
العرجاء	18
العرجمة	18
العرضية	18
العرفاناتفاق	18
العرموطي	18
العرو	18
العروسان	18
العروسين	18
العروضية	18
العريس	18
العريقة	18
العريمي	18
العرين	18
العزازي	18
العزاني	18
العزبة	18
العزري	18
العزوبية	18
العزي	18
العزيزة	18
العساف	18
العسعس	18
العسكرى	18
العسكريتين	18
العسومي	18
العسيرة	18
العشائري	18
العشة	18
العشرى	18
العشري	18
العشوائيات	18
العصافرة	18
العصبون	18
العصبيات	18
العصري	18
العصية	18
العصيمي	18
العضمى	18
العضوان	18
العطاءات	18
العطلات	18
العطور	18
العطوط	18
العظمي	18
العظمية	18
العـدل	18
العـفوي	18
العفاريت	18
العفص	18
العفلقي	18
العفوي	18
العفوية	18
العقابي	18
العقاد	18
العقاران	18
العقاقير	18
العقبوات	18
العقلانية	18
العقيدات	18
العكارية	18
العكد	18
العكرة	18
العكسية	18
العكيلي	18
العلبة	18
العلفية	18
العلمائي	18
العلمة	18
العلن	18
العمانيين	18
العمايري	18
العمرانى	18
العملاتية	18
العملاقين	18
العمليتان	18
العمور	18
العموميات	18
العموميين	18
العناني	18
العندق	18
العنصرة	18
العنصل	18
العوائل	18
العوامات	18
العوجا	18
العوز	18
العوسج	18
العوضي	18
العوكلي	18
العويشق	18
العيادي	18
العيارات	18
العياص	18
العيداني	18
العيدي	18
العيزرية	18
العيساوي	18
الغائبين	18
الغائر	18
الغابر	18
الغارب	18
الغاضبة	18
الغاضبون	18
الغامبي	18
الغامرة	18
الغانم	18
الغباء	18
الغبي	18
الغثيان	18
الغدية	18
الغرائز	18
الغرائزية	18
الغرامي	18
الغرباني	18
الغردقة	18
الغرناطية	18
الغريلين	18
الغريمتين	18
الغريمين	18
الغزارة	18
الغزلان	18
الغزواني	18
الغزيون	18
الغزيين	18
الغسرائيلي	18
الغشائية	18
الغشمي	18
الغطرسة	18
الغطس	18
الغفيرة	18
الغلا	18
الغليسي	18
الغنزوي	18
الغنوصية	18
الغوارنة	18
الغواصون	18
الغواصين	18
الغياب	18
الغيابي	18
الغيارتقول	18
الغيص	18
الغيل	18
الغيلي	18
الغيني	18
الـإـسرئئلى	18
الـعـراق	18
الــــ	18
الـوطني	18
الفئتين	18
الفئوية	18
الفائض	18
الفادي	18
الفارعة	18
الفارقة	18
الفاروا	18
الفاريز	18
الفازلين	18
الفاسدون	18
الفاشل	18
الفاشلين	18
الفاشي	18
الفاشيين	18
الفاعلون	18
الفاعليات	18
الفاقد	18
الفانوس	18
الفانوسية	18
الفانيين	18
الفايس	18
الفايسبوك	18
الفبركات	18
الفتاتين	18
الفتاكة	18
الفتحات	18
الفتره	18
الفجائية	18
الفحولية	18
الفخورة	18
الفدائية	18
الفراشة	18
الفرانكوفونية	18
الفراية	18
الفرجات	18
الفردة	18
الفرديات	18
الفرشاة	18
الفرضيات	18
الفرعوني	18
الفرعونية	18
الفرعي	18
الفرن	18
الفرنسيان	18
الفرنسيسكانيات	18
الفرنكفوني	18
الفرنكوفوني	18
الفرنكوفونية	18
الفريح	18
الفريش	18
الفريقي	18
الفستق	18
الفسطينية	18
الفسيفساء	18
الفسيولوجيا	18
الفسيولوجية	18
الفشار	18
الفصام	18
الفصحى	18
الفصحية	18
الفصيحة	18
الفصيلان	18
الفضاءات	18
الفضفاضة	18
الفطائر	18
الفطريات	18
الفطيرة	18
الفطيم	18
الفظيع	18
الفعالين	18
الفغم	18
الفقاعة	18
الفقد	18
الفقرات	18
الفقي	18
الفقيقيس	18
الفكار	18
الفكاك	18
الفكحال	18
الفكي	18
الفلاتر	18
الفلاحات	18
الفلاحون	18
الفلاحيةحلوى	18
الفلافل	18
الفلافونويد	18
الفلبينية	18
الفلبينيون	18
الفلج	18
الفلسطينيات	18
الفلسطينيالمغرب	18
الفلسفي	18
الفلسفية	18
الفلكلور	18
الفلوجة	18
الفلورايد	18
الفلول	18
الفليطي	18
الفموي	18
الفنار	18
الفنانات	18
الفنانتان	18
الفنتازيا	18
الفنزويلي	18
الفنزويليين	18
الفنلنديين	18
الفنيتين	18
الفهود	18
الفواجع	18
الفوارة	18
الفوارق	18
الفوتوشوب	18
الفوج	18
الفورمولا	18
الفوروم	18
الفوسفاتية	18
الفوسفور	18
الفوسفوريك	18
الفولاذ	18
الفولغا	18
الفولكلور	18
الفوهات	18
الفي	18
الفياغرا	18
الفيحاء	18
الفيدار	18
الفيدراليون	18
الفيديرالي	18
الفيديرالية	18
الفيديوات	18
الفيروزية	18
الفيروزيون	18
الفيروسي	18
الفيروسية	18
الفيروسين	18
الفيزا	18
الفيزياء	18
الفيلا	18
الفيلات	18
الفيلتر	18
الفيلولوجيا	18
الفيليبينية	18
القاء	18
القابعين	18
القات	18
القاتمة	18
القادرات	18
القادرين	18
القادمه	18
القادمون	18
القاذفات	18
القارس	18
القاروص	18
القاسمي	18
القاصرات	18
القاصي	18
القاطرجي	18
القاطنون	18
القاطي	18
القاعدتين	18
القاعدي	18
القاعدية	18
القاعية	18
القالمية	18
القامات	18
القانونى	18
القانونيةالجديدة	18
القانونيين	18
القاها	18
القبارصة	18
القبرصية	18
القبعة	18
القبيات	18
القبيلتين	18
القحوم	18
القداد	18
القداسة	18
القديرة	18
القديسين	18
القرداحة	18
القرضاوي	18
القرطوبي	18
القرطوم	18
القرعاوي	18
القرف	18
القريا	18
القزح	18
القساوة	18
القسر	18
القسريين	18
القسنطيني	18
القسوس	18
القسيسة	18
القش	18
القص	18
القصراوي	18
القصرين	18
القصيد	18
القضائيين	18
القضيتين	18
القضيه	18
القطاعية	18
القطامين	18
القطانين	18
القطبين	18
القطريب	18
القطرين	18
القطريين	18
القطعان	18
القطيف	18
القعر	18
القعيشي	18
القفزة	18
القفص	18
القلاقل	18
القلالي	18
القلبين	18
القلقات	18
القلقون	18
القلنسوات	18
القليعة	18
القماش	18
القماشة	18
القماص	18
القمامه	18
القمران	18
القمص	18
القمعي	18
القناصين	18
القناطر	18
القنافذ	18
القنال	18
القنانة	18
القناني	18
القناوص	18
القنبر	18
القها	18
القواسمة	18
القوافل	18
القوتين	18
القوقازية	18
القوميات	18
القياديين	18
القياسات	18
القياسيان	18
القيت	18
القيتها	18
القيرغيزية	18
القيصرية	18
القيلة	18
القيمي	18
القيمية	18
القيمين	18
الكؤوس	18
الكئيبة	18
الكائدين	18
الكابوس	18
الكابيتل	18
الكابينت	18
الكاتالونية	18
الكاتشين	18
الكاراسان	18
الكاربون	18
الكارت	18
الكارتل	18
الكارتوني	18
الكاردينال	18
الكارهون	18
الكاريكاتور	18
الكازاخ	18
الكازاخستانيين	18
الكازاخي	18
الكازاخية	18
الكاسحة	18
الكاسوليت	18
الكاعة	18
الكاكاو	18
الكالكوسيت	18
الكامب	18
الكاميرونيون	18
الكاميليا	18
الكان	18
الكبادوك	18
الكباش	18
الكبدي	18
الكبسولة	18
الكبسولي	18
الكبوشيين	18
الكبيبي	18
الكتانية	18
الكتروني	18
الكترونيا	18
الكتلية	18
الكثيرات	18
الكحوليات	18
الكحوليةتوقيف	18
الكدابين	18
الكرات	18
الكرادة	18
الكراي	18
الكرباسي	18
الكربونيك	18
الكرتون	18
الكردستانية	18
الكرديين	18
الكرز	18
الكرمة	18
الكرملي	18
الكرنتينا	18
الكرواسون	18
الكروكس	18
الكرياه	18
الكريبتو	18
الكريبتون	18
الكريسماس	18
الكريكت	18
الكريكيت	18
الكريمات	18
الكريمية	18
الكريه	18
الكساسبة	18
الكستناء	18
الكسكس	18
الكسندر	18
الكسندرا	18
الكسول	18
الكسيس	18
الكشافة	18
الكعكة	18
الكفؤ	18
الكفارنة	18
الكفالي	18
الكفايات	18
الكفريني	18
الكلاسيكيين	18
الكلاشينكوف	18
الكلوجولس	18
الكلور	18
الكليب	18
الكليتان	18
الكليتين	18
الكمبودية	18
الكموني	18
الكميل	18
الكميم	18
الكنانة	18
الكنتين	18
الكنديين	18
الكنس	18
الكنعانيين	18
الكنيسةالقبطية	18
الكنيستي	18
الكنيسية	18
الكهاني	18
الكهربائى	18
الكهربى	18
الكهرمائية	18
الكهروذرية	18
الكهرومغناطيسي	18
الكهرومغناطيسية	18
الكهرومنزلية	18
الكوابيس	18
الكوارتز	18
الكواشف	18
الكوبالت	18
الكوبري	18
الكوبون	18
الكوبونة	18
الكوت	18
الكورتيزون	18
الكورسيكي	18
الكورنيش	18
الكوريل	18
الكوريين	18
الكوفر	18
الكوك	18
الكوكباني	18
الكوكبة	18
الكوكي	18
الكول	18
الكولاجين	18
الكولونيالي	18
الكولونيالية	18
الكولونيل	18
الكوميدي	18
الكوميسا	18
الكوميكس	18
الكومينتانغ	18
الكونغولي	18
الكونكريتي	18
الكونكريتية	18
الكيانان	18
الكياني	18
الكيبل	18
الكيبوتسات	18
الكيرياه	18
الكيفان	18
الكيلومترات	18
الكيماويات	18
الكيماوية	18
الكينزية	18
الكينونة	18
اللاإنسانية	18
اللائمة	18
اللااخلاقيات	18
اللاب	18
اللاجئات	18
اللاجئة	18
اللاذع	18
اللاذعة	18
اللازمين	18
اللاسامي	18
اللاسلكي	18
اللاسلكية	18
اللاسلم	18
اللاشرعية	18
اللاشعور	18
اللاعبات	18
اللاعبة	18
اللاعقاب	18
اللاعنف	18
اللاعودة	18
اللافقاريات	18
اللاكحولي	18
اللامبالاة	18
اللامتناهي	18
اللامي	18
اللاهوائية	18
اللاوعي	18
اللايقين	18
اللبد	18
اللبنان	18
اللتر	18
اللحاف	18
اللحظية	18
اللحيدان	18
اللدأكثر	18
اللذي	18
اللسانية	18
اللسطينية	18
اللصوصية	18
اللصيقة	18
اللفت	18
اللفتات	18
اللقاحين	18
اللقية	18
اللقيطة	18
اللمفاوية	18
اللمفومة	18
اللندنية	18
اللهجات	18
اللوائية	18
اللوثرية	18
اللوجستي	18
اللوجستيات	18
اللوجيستية	18
اللوحية	18
اللورد	18
اللوغو	18
اللومباردي	18
اللونية	18
اللونين	18
الليبيون	18
الليتشي	18
الليتوانيين	18
الليدار	18
الليزوزومية	18
الليفتنانت	18
الليلكي	18
الليلي	18
الليمفاوية	18
المآذن	18
المآوي	18
المأجور	18
المأزومة	18
المأمولة	18
المأن	18
المؤاتية	18
المؤبدات	18
المؤتمران	18
المؤتمرون	18
المؤتمرين	18
المؤتمنة	18
المؤجرة	18
المؤسساتية	18
المؤسسون	18
المؤسسية	18
المؤسسيين	18
المؤسفة	18
المؤشرة	18
المؤلفون	18
المؤهلين	18
المؤوناتالكبيرة	18
المؤيدون	18
المئذنة	18
الماب	18
المابعد	18
الماتادور	18
الماحي	18
المادتان	18
المادتين	18
الماراثونية	18
المارد	18
المارشال	18
الماركات	18
الماركيز	18
المارينز	18
الماسكة	18
الماضيتين	18
الماطرة	18
المافن	18
الماكريل	18
الماكغولي	18
الماكينة	18
المالطي	18
المالوف	18
المالى	18
الماليتين	18
الماليون	18
المانشافت	18
المانغو	18
الماورائي	18
المايونيز	18
المباديء	18
المباراتان	18
المبارايات	18
المباغت	18
المبتذلة	18
المبتكرةمن	18
المبدئيات	18
المبدعات	18
المبدعة	18
المبدعمباحثات	18
المبذول	18
المبرح	18
المبردة	18
المبررين	18
المبرمة	18
المبسطة	18
المبعدين	18
المبعوثة	18
المبعوثين	18
المبغضة	18
المبكى	18
المبكي	18
المبلل	18
المبهر	18
المبيد	18
المبيضين	18
المتآمرون	18
المتأتية	18
المتأثرين	18
المتأرجح	18
المتأزم	18
المتأصلة	18
المتألم	18
المتابع	18
المتابعون	18
المتاريس	18
المتاكلة	18
المتانة	18
المتاهة	18
المتباطئ	18
المتباينة	18
المتتابعتين	18
المتتالي	18
المتجانس	18
المتجاهلين	18
المتجذرة	18
المتجمد	18
المتجمدة	18
المتجمعة	18
المتجهين	18
المتجولات	18
المتحاربين	18
المتحالف	18
المتحالفون	18
المتحجرات	18
المتحجرة	18
المتحد	18
المتحدثات	18
المتحدثون	18
المتحدر	18
المتحدرة	18
المتحده	18
المتحدي	18
المتحرر	18
المتحررة	18
المتحصن	18
المتحضر	18
المتحفظ	18
المتحللة	18
المتحمسة	18
المتحولين	18
المتخاذلون	18
المتخاصمين	18
المتخرجة	18
المتخرجين	18
المتخصصون	18
المتداخلة	18
المتداولين	18
المتدخلون	18
المتدخلين	18
المتدنية	18
المتدهور	18
المتدينون	18
المتذمرين	18
المتراخية	18
المترافق	18
المترافقة	18
المترجمة	18
المترددة	18
المترشح	18
المترفعات	18
المتركزة	18
المترهل	18
المتروبوليت	18
المتروكين	18
المتزلج	18
المتزلجين	18
المتزوجين	18
المتسابق	18
المتسابقات	18
المتسارعة	18
المتساقط	18
المتساهلة	18
المتسببين	18
المتسرع	18
المتسلط	18
المتسلقين	18
المتسللون	18
المتسللين	18
المتسوقون	18
المتسوقين	18
المتسول	18
المتشائم	18
المتشككين	18
المتشكلة	18
المتشوقين	18
المتصارعون	18
المتصدر	18
المتصدرة	18
المتصرفية	18
المتصهين	18
المتضامن	18
المتضامنين	18
المتضرر	18
المتطايرة	18
المتطرفي	18
المتطفلين	18
المتطلبة	18
المتطلعة	18
المتطور	18
المتظمة	18
المتعارضة	18
المتعاقد	18
المتعاملة	18
المتعاملون	18
المتعاون	18
المتعصبين	18
المتعطل	18
المتعقلة	18
المتعلقين	18
المتعهد	18
المتعهدة	18
المتفاني	18
المتفجرة	18
المتفرج	18
المتفرجين	18
المتفرعة	18
المتفرغ	18
المتفرغين	18
المتفوقة	18
المتقطع	18
المتقلب	18
المتقلبة	18
المتكامل	18
المتكاملة	18
المتكدسة	18
المتكون	18
المتل	18
المتلائمة	18
المتلاحقة	18
المتلاشيات	18
المتلقين	18
المتلهف	18
المتماثل	18
المتمادي	18
المتمادية	18
المتماسك	18
المتمتعة	18
المتمدرسين	18
المتمرس	18
المتململين	18
المتميزات	18
المتناحرة	18
المتنازعين	18
المتناسبة	18
المتناظرين	18
المتنافستين	18
المتنافسون	18
المتنافسين	18
المتناقض	18
المتنامي	18
المتناول	18
المتنزهات	18
المتنزهون	18
المتنقلين	18
المتنيح	18
المتهمون	18
المتهور	18
المتواجدات	18
المتواضع	18
المتواطئة	18
المتوافر	18
المتوالي	18
المتوالية	18
المتوترة	18
المتوترين	18
المتوجة	18
المتوحشة	18
المتورط	18
المتورطات	18
المتورطون	18
المتوسعة	18
المتوغل	18
المتوفية	18
المتولدة	18
المتوهج	18
المثابرة	18
المثار	18
المثبتين	18
المثبطة	18
المثسال	18
المثقلة	18
المثقوبة	18
المثلت	18
المثليات	18
المثمرة	18
المجاري	18
المجازة	18
المجازفة	18
المجاعات	18
المجالاتإطلاق	18
المجاهدون	18
المجاورتين	18
المجترات	18
المجترة	18
المجتمغة	18
المجدوب	18
المجذوب	18
المجسات	18
المجسمات	18
المجففة	18
المجلـس	18
المجمد	18
المجمعات	18
المجمعة	18
المجمعين	18
المجموعتان	18
المجنحة	18
المجندات	18
المجندة	18
المجندون	18
المجنزرة	18
المجهزة	18
المجودين	18
المجوهرات	18
المجيدي	18
المجيـــدة	18
المحاسب	18
المحاسبية	18
المحاضر	18
المحاضرون	18
المحاضرين	18
المحاط	18
المحاطات	18
المحافظتين	18
المحالة	18
المحالين	18
المحامون	18
المحامى	18
المحاميات	18
المحاميان	18
المحببة	18
المحبشي	18
المحبوبين	18
المحبوسين	18
المحتالون	18
المحتالين	18
المحتج	18
المحتجة	18
المحتجز	18
المحترقة	18
المحترمين	18
المحتشم	18
المحتفظ	18
المحتم	18
المحتملون	18
المحتوم	18
المحتوية	18
المحجوب	18
المحجوزة	18
المحجوزين	18
المحذرة	18
المحرران	18
المحرز	18
المحركين	18
المحزن	18
المحسنة	18
المحسوبية	18
المحصنين	18
المحصود	18
المحصودة	18
المحضار	18
المحطوري	18
المحظوران	18
المحظوظ	18
المحــلية	18
المحفزات	18
المحفظتين	18
المحفل	18
المحفوظات	18
المحفوفة	18
المحقة	18
المحكوقال	18
المحكومة	18
المحلقة	18
المحلوظ	18
المحلول	18
المحمص	18
المحمي	18
المحميين	18
المحورين	18
المحوسب	18
المحيدة	18
المحيشي	18
المحيطي	18
المخابئ	18
المخابر	18
المخادع	18
المخبأ	18
المختبئين	18
المخترع	18
المختطفينحصلت	18
المختفي	18
المختفين	18
المختلفون	18
المخذرات	18
المخرجات	18
المخزونات	18
المخزي	18
المخصب	18
المخصبة	18
المخصصات	18
المخضرمون	18
المخضرمين	18
المخطئة	18
المخططة	18
المخططون	18
المخطوفة	18
المخفر	18
المخفوقة	18
المخلاة	18
المخلدة	18
المخلصة	18
المخللات	18
المخلين	18
المخمرة	18
المخملية	18
المخمور	18
المخواة	18
المخولون	18
المخولين	18
المخيب	18
المخيلة	18
المداخيل	18
المدارة	18
المداري	18
المدارين	18
المدافن	18
المدانون	18
المداولات	18
المداومين	18
المدخرين	18
المدخلين	18
المدربان	18
المدربة	18
المدرجان	18
المدرسون	18
المدروس	18
المدريديستا	18
المدعوة	18
المدعوون	18
المدعوين	18
المدعيين	18
المدفأة	18
المدفع	18
المدفوعة	18
المدفونة	18
المدفونون	18
المدقع	18
المدمج	18
المدمجين	18
المدمع	18
المدمقرطة	18
المدمنين	18
المدنس	18
المدنيون	18
المدهش	18
المدهشة	18
المدونين	18
المدي	18
المديرالتنفيذي	18
المديرون	18
المدينتين	18
المذاق	18
المذبوحين	18
المذل	18
المذيعات	18
المرابطة	18
المراحيض	18
المرادية	18
المراسلون	18
المراشنة	18
المراعي	18
المرافئ	18
المرافعات	18
المرافعة	18
المرافقون	18
المراق	18
المراقبه	18
المراهقة	18
المراهقون	18
المراوح	18
المربح	18
المربعات	18
المربكة	18
المربون	18
المربية	18
المرتبتان	18
المرتبتين	18
المرتجى	18
المرجو	18
المرحلين	18
المرخص	18
المرداشيا	18
المردليين	18
المرده	18
المردودية	18
المرسيدس	18
المرشات	18
المرشحات	18
المرشحان	18
المرشحتين	18
المرشدون	18
المرشدي	18
المرصعة	18
المرصود	18
المرضجويرية	18
المرعب	18
المرعوبين	18
المرعية	18
المرغوب	18
المرفقة	18
المرفوض	18
المرقد	18
المرقطة	18
المرقمة	18
المركزى	18
المرموز	18
المرموم	18
المرن	18
المرنة	18
المرهفة	18
المرهق	18
المروجين	18
المروحي	18
المروعة	18
المرونه	18
المروني	18
المرويات	18
المرياد	18
المريب	18
المريح	18
المريرة	18
المريضات	18
المريغة	18
المريمي	18
المزاد	18
المزارات	18
المزاري	18
المزامير	18
المزايدة	18
المزج	18
المزجاجي	18
المزخرف	18
المزدحمة	18
المزدهرة	18
المزدوجةوشدد	18
المزدوجتان	18
المزروعات	18
المزري	18
المزرية	18
المزعج	18
المزعجين	18
المزعومين	18
المزم	18
المزهوقة	18
المزورة	18
المسؤل	18
المسؤولان	18
المسئولة	18
المسئولتان	18
المسئوليات	18
المسئولية	18
المسئولين	18
المساحين	18
المسارعون	18
المساري	18
المساكني	18
المساند	18
المساهمات	18
المسبار	18
المسببين	18
المسبح	18
المسبحي	18
المسبوقة	18
المستبد	18
المستبدة	18
المستبدين	18
المستتبين	18
المستتندي	18
المستجدة	18
المستجوبين	18
المستحصلة	18
المستخفون	18
المستخلص	18
المسترجعة	18
المستريحين	18
المستشرقون	18
المستصلحة	18
المستضد	18
المستضدات	18
المستعاد	18
المستعادة	18
المستعبدين	18
المستعد	18
المستعدة	18
المستعر	18
المستعربين	18
المستعمرة	18
المستفحل	18
المستفيدات	18
المستفيدان	18
المستقطبة	18
المستقلون	18
المستقوي	18
المستقيلة	18
المستكبرين	18
المستكشفون	18
المستلهمة	18
المستمعين	18
المستميت	18
المستميتين	18
المستنسخة	18
المستنقعية	18
المستهتر	18
المستهدف	18
المستهل	18
المستهلكون	18
المستوردون	18
المسجح	18
المسحة	18
المسحوب	18
المسحوبة	18
المسدود	18
المسرب	18
المسرحيات	18
المسرحين	18
المسروقات	18
المسروقة	18
المسطر	18
المسعفة	18
المســتقبلية	18
المسقية	18
المسكنات	18
المسكوب	18
المسكونة	18
المسكينة	18
المسلحون	18
المسمار	18
المسماه	18
المسمكة	18
المسموعة	18
المسميان	18
المسهلة	18
المسوؤلين	18
المسيحى	18
المسيطرة	18
المسيلة	18
المشابهات	18
المشاتل	18
المشاتي	18
المشاغبات	18
المشاغبون	18
المشانق	18
المشاوير	18
المشبوهة	18
المشبوهه	18
المشتة	18
المشتت	18
المشتراة	18
المشتركةندخل	18
المشترون	18
المشتكى	18
المشتكي	18
المشجع	18
المشرحة	18
المشردين	18
المشرفون	18
المشرقة	18
المشرقية	18
المشروب	18
المشروعان	18
المشروعية	18
المشرية	18
المشعان	18
المشعل	18
المشغلون	18
المشكك	18
المشكلتين	18
المشلكة	18
المشلولة	18
المشمول	18
المشنوق	18
المشهري	18
المشهورات	18
المشوهة	18
المشوية	18
المشيشي	18
المشيعون	18
المشينة	18
المصائر	18
المصابات	18
المصادفة	18
المصارع	18
المصاطب	18
المصاعد	18
المصب	18
المصبوب	18
المصحوب	18
المصدري	18
المصروف	18
المصروفات	18
المصطنع	18
المصغر	18
المصقول	18
المصل	18
المصممون	18
المصوتين	18
المصيري	18
المضائق	18
المضاربون	18
المضايقات	18
المضايقة	18
المضبوط	18
المضحك	18
المضخم	18
المضرب	18
المضربون	18
المضطرب	18
المضمنة	18
المضموني	18
المضمونين	18
المضيفات	18
المطاردة	18
المطاردين	18
المطارق	18
المطاطي	18
المطالبات	18
المطالبين	18
المطاوعة	18
المطاولة	18
المطبات	18
المطبعون	18
المطبقة	18
المطبلين	18
المطرانية	18
المطربات	18
المطرفي	18
المطلعة	18
المطهرات	18
المطوب	18
المطيري	18
المعادي	18
المعاركالعديد	18
المعاقبة	18
المعاقل	18
المعاكسة	18
المعالجون	18
المعايدة	18
المعايرة	18
المعاينات	18
المعبرة	18
المعتدى	18
المعتدية	18
المعترضة	18
المعترفة	18
المعتقلان	18
المعتكفين	18
المعتوة	18
المعجبة	18
المعجون	18
المعدي	18
المعدية	18
المعرز	18
المعرضة	18
المعرفون	18
المعروضان	18
المعززتين	18
المعزون	18
المعصم	18
المعصورة	18
المعضلات	18
المعطاء	18
المعطوب	18
المعقد	18
المعقل	18
المعقمة	18
المعقولة	18
المعكسر	18
المعلبة	18
المعلمتان	18
المعمدان	18
المعممة	18
المعمورة	18
المعنفات	18
المعنون	18
المعنويات	18
المعنيان	18
المعوزة	18
المعيارالذي	18
المعيبة	18
المعيد	18
المعيش	18
المعيقات	18
المعينات	18
المعيني	18
المغادرين	18
المغاربي	18
المغاربية	18
المغالبة	18
المغالطات	18
المغالطة	18
المغامر	18
المغامرين	18
المغبرة	18
المغتال	18
المغتصب	18
المغتصبة	18
المغذاة	18
المغربيون	18
المغربييحتل	18
المغرضة	18
المغزاوي	18
المغفلين	18
المغفور	18
المغمس	18
المغناة	18
المغناطيس	18
المغناطيسات	18
المغنيسيوم	18
المغيصيب	18
المفاجئى	18
المفارز	18
المفاضلات	18
المفاعل	18
المفاهيمية	18
المفترس	18
المفترسة	18
المفترضة	18
المفترضون	18
المفجع	18
المفجوعين	18
المفرج	18
المفرزة	18
المفرطين	18
المفرغة	18
المفروم	18
المفضوحة	18
المفلحي	18
المفهومة	18
المفوضة	18
المفوهات	18
المقابلتين	18
المقاتلون	18
المقاروة	18
المقاطعين	18
المقالح	18
المقاولون	18
المقاومات	18
المقاومون	18
المقبلات	18
المقبولين	18
المقتحمين	18
المقتدرة	18
المقترعين	18
المقترن	18
المقتصر	18
المقتطع	18
المقتنعين	18
المقدح	18
المقدسيون	18
المقدشي	18
المقذوفات	18
المقرات	18
المقرضين	18
المقرمشة	18
المقسمة	18
المقصرين	18
المقصلة	18
المقطعي	18
المقطوعات	18
المقطوعية	18
المقــومة	18
المقفلة	18
المقلب	18
المقلق	18
المقلي	18
المقنن	18
المقوات	18
المقولة	18
المقيت	18
المقيتة	18
المقيمون	18
المكائد	18
المكابرة	18
المكاشفة	18
المكافئ	18
المكاك	18
المكامن	18
المكانية	18
المكانين	18
المكبرين	18
المكبوتات	18
المكتبي	18
المكتبية	18
المكتتبينالأمن	18
المكتسبات	18
المكتشفة	18
المكتظ	18
المكتوم	18
المكثف	18
المكثفات	18
المكرمون	18
المكرمين	18
المكسب	18
المكشوف	18
المكفوفين	18
المكمل	18
المكننة	18
المكنية	18
المكوث	18
المكوكية	18
المكيف	18
الملء	18
الملاحقات	18
الملاحقاتاعتبرت	18
الملاحية	18
الملازم	18
الملاكات	18
الملاكمه	18
الملاكيت	18
الملايير	18
الملبنات	18
الملتبس	18
الملتحق	18
الملتحقين	18
الملتحمة	18
الملتحمتين	18
الملتحي	18
الملتقيات	18
الملجأ	18
الملجس	18
الملحمية	18
الملحوظة	18
الملحونية	18
الملصي	18
الملطخة	18
الملغاة	18
الملغى	18
الملفقة	18
الملفوف	18
الملفوفة	18
الملقاة	18
الملقبة	18
الملقح	18
الملكيين	18
الملمح	18
الملهاة	18
الملهم	18
الملوثون	18
الملول	18
المليار	18
المليارير	18
الملياني	18
المليجي	18
المليشياوي	18
المليكي	18
المليوني	18
المليونية	18
المماطلة	18
المماطلين	18
الممتع	18
الممتعة	18
الممتلئة	18
الممتلىء	18
الممثلات	18
الممثلان	18
الممدودة	18
الممرضة	18
الممرضين	18
الممركزة	18
الممزق	18
الممزقة	18
الممزوجة	18
الممشى	18
الممطرة	18
الممغنطة	18
الممكلة	18
المملكتين	18
الممنوح	18
الممنوعات	18
المميزين	18
المنابع	18
المناحي	18
المناخات	18
المناديل	18
المنارات	18
المنازلة	18
المناشدات	18
المناشي	18
المناصرة	18
المناصف	18
المناصفة	18
المناضلين	18
المناطة	18
المناعية	18
المنافستين	18
المنافية	18
المناقصة	18
المنال	18
المناوب	18
المناوبة	18
المناوبون	18
المناوشات	18
المنبعث	18
المنبهات	18
المنبهي	18
المنبوذة	18
المنبوذين	18
المنتحر	18
المنتحرة	18
المنتحرين	18
المنتخبان	18
المنتدبة	18
المنتدبين	18
المنتديات	18
المنتزهات	18
المنتسبة	18
المنتشرات	18
المنتشرين	18
المنتصرون	18
المنتصرين	18
المنتظرين	18
المنتظمين	18
المنتفضين	18
المنتفعون	18
المنتفعين	18
المنتقد	18
المنتمون	18
المنتمي	18
المنتمين	18
المنثول	18
المنجر	18
المنجمي	18
المنجميين	18
المنحازة	18
المنحدرين	18
المنحرفون	18
المنحط	18
المنحنى	18
المنخرطات	18
المندرة	18
المندمجة	18
المندوبيات	18
المنزرعة	18
المنزلقات	18
المنزلين	18
المنزليين	18
المنستيري	18
المنسقة	18
المنسقية	18
المنسلي	18
المنسوجة	18
المنسيون	18
المنشطات	18
المنشقون	18
المنشوده	18
المنصبة	18
المنصرفة	18
المنصرمة	18
المنصرمين	18
المنضبط	18
المنضدة	18
المنضمين	18
المنطقةالمسماة	18
المنطقية	18
المنطلق	18
المنظرون	18
المنظمتان	18
المنظمتين	18
المنعزل	18
المنعشة	18
المنعطف	18
المنغصات	18
المنغلقة	18
المنغنيز	18
المنغولية	18
المنفتح	18
المنفجرة	18
المنفذين	18
المنفوخة	18
المنقبون	18
المنقذ	18
المنقرضين	18
المنقضية	18
المنقوشة	18
المنقوصة	18
المنقوع	18
المنكشفات	18
المنكوبة	18
المنهمرة	18
المنور	18
المنوط	18
المنومة	18
المنيا	18
المنيرة	18
المنيفي	18
المنيل	18
المها	18
المهاجرينحتى	18
المهاجع	18
المهارية	18
المهتمات	18
المهجر	18
المهجرة	18
المهدد	18
المهدلي	18
المهدورة	18
المهدوية	18
المهرب	18
المهربون	18
المهربين	18
المهزلة	18
المهزومون	18
المهزومين	18
المهلكات	18
المهلوسات	18
المهلوسة	18
المهمشة	18
المهمشين	18
المهندسان	18
المهندسون	18
المهنيون	18
المهووسة	18
المهيكل	18
المهيمنة	18
المو	18
المواءمات	18
المواءمة	18
الموائد	18
الموائل	18
المواجد	18
المواجه	18
الموادر	18
الموارنة	18
المواشيالوزارة	18
المواطنن	18
الموافقات	18
المواقفوأوضح	18
المواكب	18
المواكبين	18
الموالتين	18
الموالون	18
المواليتين	18
الموتسيكلات	18
الموثوق	18
الموثوقية	18
الموجهات	18
الموجودون	18
الموحشة	18
الموحلة	18
المودعون	18
المورثة	18
المورح	18
المورخ	18
الموردة	18
الموردون	18
الموردين	18
المورلي	18
الموروثات	18
المورود	18
الموريتناني	18
الموريسكية	18
الموريطانيون	18
الموز	18
الموزعات	18
الموزمبيقي	18
الموساي	18
الموسعة	18
الموسميون	18
الموضوعاتية	18
الموضوعي	18
الموطنة	18
الموطنين	18
الموعودة	18
الموفد	18
الموفدة	18
الموفقة	18
الموقوفان	18
المولات	18
المولدة	18
المولدوفي	18
المولودة	18
المولودين	18
المومياء	18
الموناد	18
المونادولوجيا	18
المونة	18
المونديالية	18
المونولوغ	18
الموهبة	18
المية	18
الميتا	18
الميتفزرمين	18
الميثاقية	18
الميثامفيتامين	18
الميثانول	18
الميثلوني	18
الميثودية	18
الميثيلى	18
الميجر	18
الميداليتان	18
الميرغني	18
الميسورين	18
الميغا	18
الميغاسنتر	18
الميكانيك	18
الميكانيكا	18
الميكانيكي	18
الميكروبيولوجي	18
الميكروبيولوجية	18
الميكروبيوم	18
الميكروسكوب	18
الميكروفون	18
الميلان	18
الميلانيني	18
الميلي	18
الميمونة	18
الميناءين	18
الميوعة	18
الميول	18
النأي	18
النائبات	18
النائبين	18
النائي	18
النابتي	18
النابضة	18
النابع	18
النابعة	18
الناتجتين	18
الناجزة	18
الناجع	18
الناجعة	18
النادل	18
النادى	18
الناديان	18
الناديين	18
النارعلى	18
النازحة	18
النازحون	18
الناشرين	18
الناطور	18
النافورة	18
الناقدة	18
الناقلين	18
الناقمين	18
الناكر	18
النانو	18
الناهضة	18
الناوب	18
النبائل	18
النباري	18
النبعين	18
النبيذي	18
النتروس	18
النجارويزن	18
النجد	18
النجرور	18
النجل	18
النجمات	18
النجمي	18
النجيمي	18
النحال	18
النحن	18
النحيل	18
الندوب	18
الندية	18
النذالة	18
النروج	18
النزاهه	18
النزفية	18
النزق	18
النزولي	18
النزيف	18
النزيه	18
النزيهين	18
النسيلة	18
النشار	18
النشرية	18
النشيط	18
النصرات	18
النصرية	18
النضارة	18
النطاقي	18
النطرون	18
النظامي	18
النظريات	18
النظيفين	18
النعجة	18
النعناع	18
النعوش	18
النعي	18
النغمات	18
النفاثات	18
النفاثة	18
النفاذ	18
النفسى	18
النفطيين	18
النفظ	18
النفود	18
النقاشية	18
النقاهة	18
النقوي	18
النقيبة	18
النقية	18
النكث	18
النكسات	18
النكهات	18
النمائية	18
النمساويين	18
النمسوية	18
النمنمة	18
النمور	18
النهائيات	18
النهجاوي	18
النهجيين	18
النهران	18
النهرين	18
النوادي	18
النواصي	18
النواقل	18
النوبارية	18
النورس	18
النورماندي	18
النوعة	18
النوفيلا	18
النول	18
النووييتم	18
النوير	18
النيابيتين	18
النيجة	18
النيذرلاندي	18
النيص	18
النيلية	18
النيوزيلاندية	18
النيوزيلندي	18
النيوزيلنديين	18
الها	18
الهائج	18
الهابطين	18
الهاتفين	18
الهاجس	18
الهادىء	18
الهاشتاغ	18
الهاغانا	18
الهاكرز	18
الهالة	18
الهامــة	18
الهاوتزر	18
الهاويات	18
الهايتي	18
الهايتيين	18
الهبوب	18
الهتر	18
الهجانة	18
الهجن	18
الهجومي	18
الهدامة	18
الهدرونات	18
الهدمي	18
الهذالين	18
الهراء	18
الهراوات	18
الهرمون	18
الهرموني	18
الهرمية	18
الهروات	18
الهزارة	18
الهزمي	18
الهستيرية	18
الهضاب	18
الهطل	18
الهليوودي	18
الهمايونية	18
الهمجي	18
الهمجية	18
الهنا	18
الهنجاري	18
الهنجري	18
الهنديات	18
الهنغاري	18
الهوائيات	18
الهوس	18
الهوسا	18
الهوك	18
الهولنديين	18
الهوليوودي	18
الهويات	18
الهوياتية	18
الهويش	18
الهيئتين	18
الهياشي	18
الهيجا	18
الهيدروكربونات	18
الهيدرولوجية	18
الهيدوس	18
الهيستامين	18
الهيكلين	18
الهيل	18
الوأد	18
الواتس	18
الواجهات	18
الوادا	18
الوادى	18
الواصلين	18
الواضحات	18
الواعدين	18
الواعية	18
الوافد	18
الواقعتين	18
الواهبة	18
الوثائقيات	18
الوثابة	18
الوثب	18
الوجاهي	18
الوجهتان	18
الوحيدان	18
الوحيدوتابع	18
الوحيدون	18
الودودة	18
الوديتين	18
الوراثيات	18
الورشا	18
الورطة	18
الورقي	18
الوريثة	18
الوزارى	18
الوزاريتين	18
الوزاني	18
الوزراة	18
الوزيرعبد	18
الوسائد	18
الوسطية	18
الوسطيين	18
الوسمان	18
الوسيلتين	18
الوشلي	18
الوشم	18
الوشوم	18
الوشيكة	18
الوصولات	18
الوصيف	18
الوضعين	18
الوطأة	18
الوطنى	18
الوطواط	18
الوفير	18
الوفيرة	18
الوقاحة	18
الوقحة	18
الوقض	18
الوقع	18
الولاءات	18
الولائيين	18
الولادات	18
الولايت	18
الولود	18
الوهابي	18
الوهاد	18
الوهب	18
الووريورز	18
اليائسة	18
اليابانيين	18
الياسمين	18
الياسمينة	18
اليافعون	18
الياميق	18
اليانغتسي	18
الية	18
اليتمه	18
اليخت	18
اليخنات	18
اليرقان	18
اليزابيت	18
اليزابيث	18
اليزمي	18
اليس	18
اليسارى	18
اليسام	18
اليسوعيون	18
اليشيعي	18
اليمانيون	18
اليمينييين	18
الين	18
اليود	18
اليوروبوند	18
اليوريا	18
اليوسف	18
اليولياني	18
اليونانيون	18
اليونانيين	18
امامنا	18
امامها	18
امانا	18
امبابي	18
امبراطور	18
امبراطورية	18
امبو	18
امتثالها	18
امتثالهم	18
امتحاناتهم	18
امتحاني	18
امتدح	18
امتدد	18
امتعاضا	18
امتعاضها	18
امتعاضهم	18
امتلاكه	18
امتلاكهم	18
امتلكتها	18
امتنا	18
امتنانه	18
امتنانهم	18
امتناني	18
امراة	18
امراجع	18
امراض	18
امريكية	18
امسكوا	18
امشى	18
امشي	18
امفيري	18
امكانات	18
امكانه	18
امكانياتهم	18
املأ	18
املى	18
امناء	18
امني	18
اموالهم	18
اموس	18
اميرانوس	18
اميركية	18
اميركيين	18
اميل	18
اناس	18
اناشيد	18
انباعت	18
انبثقت	18
انبعاثا	18
انبعاثاتها	18
انبني	18
انبهار	18
انبهرت	18
انتابتني	18
انتابه	18
انتاجنا	18
انتاجه	18
انتاجها	18
انتاجهم	18
انتاجية	18
انتباهك	18
انتباههم	18
انتحارا	18
انتحاره	18
انتحاريين	18
انتحر	18
انتحلوا	18
انتخاباتهم	18
انتخابكم	18
انتخابيا	18
انتخبته	18
انتخبهم	18
انتخبوا	18
انتخبوه	18
انتر	18
انتشلوا	18
انتصاراتهم	18
انتصارها	18
انتصارين	18
انتظرت	18
انتظرنا	18
انتظمت	18
انتعاشة	18
انتعشت	18
انتفاخ	18
انتفاضية	18
انتفض	18
انتفضت	18
انتفضوا	18
انتفعت	18
انتقائي	18
انتقادا	18
انتقاداته	18
انتقاداتها	18
انتقادها	18
انتقالا	18
انتقالات	18
انتقالها	18
انتقالي	18
انتقدوا	18
انتقلنا	18
انتقمت	18
انتكاسات	18
انتكاستهم	18
انتم	18
انتمائها	18
انتهائه	18
انتهاج	18
انتهاز	18
انتهازية	18
انتهاكاته	18
انتهج	18
انتهجت	18
انتهجتها	18
انتهزت	18
انتهل	18
انثوني	18
انجاح	18
انجازا	18
انجازاتها	18
انجزت	18
انجلترا	18
انجود	18
انحاء	18
انحباس	18
انحباسنا	18
انحدار	18
انحرافه	18
انحسرت	18
انحناء	18
انحياز	18
انحيازه	18
انخراط	18
انخراطه	18
انخفاضه	18
انخفاضها	18
اندبندنت	18
اندثر	18
اندراوس	18
اندريسي	18
اندريه	18
اندفاع	18
اندلاعه	18
اندماجها	18
اندمجت	18
انذار	18
انريكي	18
انزعاج	18
انزعاجها	18
انزعج	18
انزلاقها	18
انزلوها	18
انسانية	18
انسايت	18
انستاسيوس	18
انستقرام	18
انسحابا	18
انسحابهم	18
انسحق	18
انسل	18
انسلاخ	18
انسولين	18
انشأت	18
انشاؤه	18
انشائها	18
انشادي	18
انشرح	18
انشطتها	18
انشغالاته	18
انشغالهم	18
انشيليتو	18
انصار	18
انصاره	18
انصارها	18
انصاف	18
انضافت	18
انضباط	18
انضغاطه	18
انضما	18
انضمامها	18
انضمامهما	18
انضممت	18
انطاليا	18
انطباعا	18
انطباعاته	18
انطباعية	18
انطبق	18
انطفأ	18
انطفأت	18
انطلاقها	18
انطلقنا	18
انطلياس	18
انطولوجيا	18
انطونيو	18
انطوى	18
انظف	18
انعاش	18
انعاشه	18
انعداما	18
انعطافه	18
انعقادها	18
انعكاساتها	18
انعم	18
انغماسية	18
انفجاره	18
انفجارها	18
انفجارين	18
انفراج	18
انفراجات	18
انفرط	18
انفسنا	18
انفسهم	18
انفصالهما	18
انفعالا	18
انفلونزا	18
انفو	18
انقاذية	18
انقرة	18
انقساما	18
انقسامهم	18
انقسما	18
انقسمت	18
انقسموا	18
انقشع	18
انقعي	18
انقل	18
انقلابه	18
انقلابين	18
انكبابهم	18
انكسار	18
انكفأ	18
انكفأت	18
انكفاء	18
انكماشات	18
انموذجا	18
انهاء	18
انهالت	18
انهت	18
انهزام	18
انهزامهم	18
انهزامية	18
انهيارا	18
انهياره	18
انو	18
انواع	18
انواعها	18
انيس	18
اهانتهم	18
اهبيل	18
اهتزاز	18
اهتماماته	18
اهتمامك	18
اهتمامنا	18
اهتمامي	18
اهدا	18
اهداء	18
اهدافه	18
اهدافها	18
اهدن	18
اهرب	18
اهلنا	18
اهلي	18
اهلية	18
اهمالها	18
اهو	18
اواخر	18
اوامر	18
اوانا	18
اوبئة	18
اوبرا	18
اوتاوا	18
اوتوماتيكي	18
اودجاهوريسنت	18
اوراغان	18
اوراق	18
اوردتموها	18
اوردته	18
اورفانز	18
اوروبية	18
اوساسونا	18
اوساط	18
اوستن	18
اوسع	18
اوصت	18
اوصل	18
اوصلنا	18
اوضاع	18
اوغلو	18
اوفد	18
اوقف	18
اوقفت	18
اوكرانية	18
اولد	18
اولمبي	18
اولمبياد	18
اولويات	18
اوليانوف	18
اولية	18
اوليفر	18
اوموت	18
اوناحي	18
اونز	18
ايا	18
ايات	18
ايادي	18
ايامها	18
اياه	18
ايبارشية	18
ايبسوس	18
ايتشيعلي	18
ايتمار	18
ايتو	18
ايجاز	18
ايخيلوف	18
ايد	18
ايدابير	18
ايداعها	18
ايداهو	18
ايدت	18
ايدلوجيا	18
ايدي	18
ايراثن	18
ايراسموس	18
ايراميت	18
ايرانية	18
ايري	18
ايسترن	18
ايسين	18
ايف	18
ايفان	18
ايلات	18
ايليت	18
ايمانا	18
ايمانهم	18
ايمانية	18
اينشتاين	18
اينما	18
اينويست	18
ايه	18
ايهامهما	18
ايوان	18
بآخرين	18
بآرائهم	18
بآرثر	18
بآلات	18
بآماله	18
بأبعاد	18
بأبعاده	18
بأبناء	18
بأبنائها	18
بأبوظبي	18
بأثاث	18
بأجنحة	18
بأجندة	18
بأجور	18
بأجياله	18
بأحجام	18
بأحرف	18
بأحقية	18
بأحمال	18
بأخطائه	18
بأخلاقه	18
بأخيك	18
بأدائه	18
بأدائها	18
بأدائهم	18
بأدبيات	18
بأدق	18
بأدوار	18
بأدوارها	18
بأدوية	18
بأديس	18
بأذي	18
بأرضه	18
بأرضي	18
بأرقى	18
بأرمينيا	18
بأرواح	18
بأزمتها	18
بأزهار	18
بأسبقية	18
بأسطر	18
بأسلحتها	18
بأسلوبه	18
بأسمائها	18
بأسمى	18
بأسواق	18
بأشخاص	18
بأشعة	18
بأشغال	18
بأشقائها	18
بأشكاله	18
بأشهر	18
بأصالتها	18
بأصبعها	18
بأصداء	18
بأصدق	18
بأصعب	18
بأصوات	18
بأصولها	18
بأطفالهما	18
بأطنان	18
بأطيافهم	18
بأعجوبة	18
بأعذار	18
بأعراضه	18
بأعصاب	18
بأعمارهم	18
بأعناقها	18
بأعيان	18
بأغلبيتها	18
بأغنية	18
بأفانين	18
بأفراد	18
بأفعاله	18
بأفق	18
بأفلام	18
بأفلامه	18
بأقرب	18
بأقساط	18
بأقسام	18
بأقفال	18
بأقوالهم	18
بأكاليل	18
بأكمام	18
بألسنتنا	18
بألغام	18
بألقاب	18
بألواح	18
بأماكن	18
بأمتعة	18
بأمثلة	18
بأمجاد	18
بأمس	18
بأمل	18
بأملاك	18
بأمنها	18
بأموالها	18
بأميركا	18
بأنابيب	18
بأنامله	18
بأنباء	18
بأنحاء	18
بأنحولاتا	18
بأنشطته	18
بأنشطتها	18
بأنفسكم	18
بأنفسنا	18
بأنهن	18
بأنواعه	18
بأهدافه	18
بأهدافها	18
بأهلنا	18
بأهميتها	18
بأهواء	18
بأوبئة	18
بأوراق	18
بأوركسترا	18
بأورلاندو	18
بأوسيتيا	18
بأوضاعهم	18
بأولوية	18
بؤساء	18
بإب	18
بإبادة	18
بإبداء	18
بإبداع	18
بإبرام	18
بإبرة	18
بإبريق	18
بإبقاء	18
بإبلاغ	18
بإتجاه	18
بإتفاق	18
بإتمام	18
بإتمامها	18
بإجابة	18
بإجراءاتها	18
بإجرائها	18
بإجرامه	18
بإحالة	18
بإحباط	18
بإحداث	18
بإحراز	18
بإحساس	18
بإحصائيات	18
بإحياء	18
بإخافتكم	18
بإخراجها	18
بإخراجي	18
بإخفاء	18
بإخلائه	18
بإدارتها	18
بإدماجهم	18
بإدمان	18
بإرادتهم	18
بإرجاعهم	18
بإرغام	18
بإرهابيي	18
بإرهاقها	18
بإزاحة	18
بإسبانيا	18
بإستئناف	18
بإستعمال	18
بإسدال	18
بإسطنبول	18
بإسكات	18
بإسهاب	18
بإشباع	18
بإشرافها	18
بإشراك	18
بإشعال	18
بإشكالية	18
بإصابات	18
بإصدارها	18
بإصرارها	18
بإضراب	18
بإضرابه	18
بإضرام	18
بإضعاف	18
بإضفاء	18
بإطعام	18
بإطفاء	18
بإطلالات	18
بإطلالتها	18
بإعادته	18
بإعاقة	18
بإعجاب	18
بإعداده	18
بإعدامه	18
بإعفاء	18
بإعفائهما	18
بإغناء	18
بإفاداتهم	18
بإفراط	18
بإفران	18
بإفريقيا	18
بإقالة	18
بإقالتها	18
بإقامته	18
بإقدامه	18
بإقفال	18
بإقليمي	18
بإكتسابهما	18
بإلغائها	18
بإمبابة	18
بإمتياز	18
بإمساك	18
بإمطاره	18
بإمكاناتهم	18
بإمكانهما	18
بإمكاني	18
بإنتظار	18
بإنجازات	18
بإنجازين	18
بإنديانا	18
بإنعكاسات	18
بإهانة	18
بإهداء	18
بإهدار	18
بإهمال	18
بإيجور	18
بإيحاء	18
بإيداع	18
بإيداعهما	18
بإيطاليا	18
بإيقاع	18
بإيقاعات	18
بائس	18
بائسة	18
بائعات	18
بائعة	18
بائعين	18
باباثاناسيو	18
باباغو	18
باباكورا	18
بابتزازه	18
بابتسامة	18
بابتكار	18
بابتكاراته	18
بابرام	18
بابس	18
بابطال	18
بابعاد	18
بابليك	18
بابنهم	18
بابهى	18
بابو	18
باتباعها	18
باتجاهات	18
باترسون	18
باتروتشيف	18
باتسوان	18
باتصال	18
باتصالات	18
باتكين	18
باتل	18
باتهام	18
باتهامه	18
باتيالا	18
باتيكا	18
باتيلي	18
باثر	18
باجات	18
باجتزاء	18
باحترافية	18
باحتضان	18
باحتلاله	18
باحتمالية	18
باحته	18
باحتهما	18
باحتياطات	18
باحثان	18
باحثو	18
باحر	18
باحكيم	18
باخ	18
باختراق	18
باختصاصات	18
باختصاصها	18
باختفاء	18
باخرته	18
باخموت	18
بادانة	18
بادرني	18
بادعاء	18
بادلوا	18
بادمافاثي	18
باديء	18
باديده	18
بارات	18
بارادو	18
باراليمني	18
باران	18
بارانيتس	18
بارانيوك	18
باربد	18
بارتباط	18
بارتباطه	18
بارتن	18
بارتولومي	18
بارتوميو	18
بارتي	18
بارتياح	18
بارثولوميو	18
باردو	18
بارزا	18
بارزيان	18
بارس	18
بارسال	18
بارسبي	18
بارسيمانتوف	18
بارفوم	18
باركلي	18
باركنسـون	18
باركه	18
باركوا	18
باركود	18
بارلي	18
بارنتس	18
باروس	18
باروش	18
بارون	18
باري	18
باريسية	18
باريش	18
باريكار	18
باريل	18
بارينتس	18
بازدياد	18
بازوليني	18
باسبورت	18
باستباحة	18
باستبعاد	18
باستثماري	18
باستثناءات	18
باستجابة	18
باستحداثه	18
باستحواذ	18
باستخدامه	18
باستخفاف	18
باستسلام	18
باستشعار	18
باستطاعته	18
باستطاعتها	18
باستطاعتي	18
باستعجال	18
باستعداد	18
باستغلالها	18
باستفادته	18
باستفتاءات	18
باستقالة	18
باستقبالكم	18
باستقدام	18
باستقرارها	18
باستقطاب	18
باستقواء	18
باستلام	18
باستناء	18
باستنباط	18
باستنطاقهم	18
باستهدافه	18
باستيون	18
باسداسه	18
باسرائيل	18
باسرده	18
باسرع	18
باسطنبول	18
باسكون	18
باسماء	18
باسيليوس	18
باسين	18
باسيوك	18
باش	18
باشاك	18
باشاييف	18
باشتباك	18
باشراحيل	18
باشكال	18
باشلار	18
باشنيك	18
باشي	18
باص	18
باصا	18
باصابات	18
باصابتها	18
باصابتهما	18
باصات	18
باصغير	18
باصلاح	18
باضطرابات	18
باطراد	18
باطراف	18
باعادة	18
باعباد	18
باعتبارهم	18
باعتداء	18
باعتداءات	18
باعتدال	18
باعترافات	18
باعتصامات	18
باعتقالها	18
باعثة	18
باعمال	18
باعنا	18
باعوس	18
باغتصابها	18
بافاريا	18
بافاريان	18
بافتراءات	18
بافتراض	18
بافيل	18
باقتدار	18
باقتراب	18
باقتراح	18
باقتراعات	18
باقتصادات	18
باقتلاع	18
باقل	18
باقى	18
باكاري	18
باكتساب	18
باكرة	18
باكستانيا	18
باكستانية	18
باكستريت	18
باكسيتاس	18
باككت	18
باكورة	18
باكير	18
باكينغهام	18
بالآباء	18
بالآلات	18
بالأبحاث	18
بالأبرياء	18
بالأبطال	18
بالأبواب	18
بالأبيض	18
بالأتمتة	18
بالأجنبي	18
بالأجنحة	18
بالأجندة	18
بالأجهزة	18
بالأحداث	18
بالأحذية	18
بالأحزاب	18
بالأحمال	18
بالأدوار	18
بالأدوية	18
بالأديرة	18
بالأذى	18
بالأراضي	18
بالأربعاء	18
بالأردن	18
بالأساس	18
بالأستاذ	18
بالأسرار	18
بالأسطح	18
بالأسلوب	18
بالأسماك	18
بالأسواق	18
بالأسوياء	18
بالأسير	18
بالأشجار	18
بالأشخاص	18
بالأصفاد	18
بالأصوات	18
بالأضواء	18
بالأعضاء	18
بالأغوار	18
بالأفق	18
بالأفلام	18
بالأقصر	18
بالأكاديميات	18
بالأكاديمية	18
بالأكاذيب	18
بالأكثرية	18
بالألعاب	18
بالألغام	18
بالأمريكيين	18
بالأمطار	18
بالأمل	18
بالأميركي	18
بالأناقة	18
بالأهم	18
بالأوروغوياني	18
بالأوقات	18
بالأوكسجين	18
بالإبحار	18
بالإبعاد	18
بالإبلاغ	18
بالإثارة	18
بالإجهاض	18
بالإحصاءات	18
بالإحصائيات	18
بالإخلاء	18
بالإخلال	18
بالإدارات	18
بالإدانة	18
بالإدراك	18
بالإدعاءات	18
بالإرهابي	18
بالإرهابيين	18
بالإرهاق	18
بالإسرائيليين	18
بالإسم	18
بالإشراف	18
بالإشعاعات	18
بالإصابة	18
بالإصرار	18
بالإصلاحي	18
بالإضرار	18
بالإطارات	18
بالإطلاع	18
بالإطلالة	18
بالإعاقات	18
بالإعتداء	18
بالإعتماد	18
بالإعداد	18
بالإعدامات	18
بالإعلانات	18
بالإغلاق	18
بالإفلاس	18
بالإكتظاظ	18
بالإكزيما	18
بالإلزام	18
بالإمارات	18
بالإمبراطوريات	18
بالإمضاء	18
بالإمكانات	18
بالإنتاج	18
بالإنجازات	18
بالإهداء	18
بالإيجار	18
بالإيرانيين	18
بالإيقاف	18
بالا	18
بالات	18
بالاتجار	18
بالاتجاهين	18
بالاتحادية	18
بالاتفاقيات	18
بالاتفاقية	18
بالاتكالية	18
بالاتهامات	18
بالاثراء	18
بالاجتياح	18
بالاجمال	18
بالاحتجاز	18
بالاحترازي	18
بالاحتشاد	18
بالاختفاء	18
بالاختلاس	18
بالاخضرية	18
بالادارة	18
بالادعاء	18
بالارتباط	18
بالارواح	18
بالاستثمارات	18
بالاستجابة	18
بالاستخبارات	18
بالاستراتيجية	18
بالاستسلام	18
بالاستعانة	18
بالاستفتاءات	18
بالاستفراد	18
بالاستماع	18
بالاستمتاع	18
بالاستهداف	18
بالاستياء	18
بالاستيلاء	18
بالاسراع	18
بالاشارة	18
بالاطلاع	18
بالاعتداءات	18
بالاعتراض	18
بالاعتزاز	18
بالاعتصامات	18
بالاعتقال	18
بالاعتكاف	18
بالاعتمادات	18
بالاعدام	18
بالاقبال	18
بالاقتداء	18
بالاقتراع	18
بالالتحام	18
بالالتفات	18
بالالتفاف	18
بالالتهاب	18
بالاليات	18
بالامتحانات	18
بالامس	18
بالامهرية	18
بالانتاج	18
بالانترنت	18
بالانتشار	18
بالانتصار	18
بالانتصارات	18
بالانتظار	18
بالانتقادات	18
بالانجراف	18
بالانحراف	18
بالانخراط	18
بالانخفاض	18
بالانسان	18
بالانسداح	18
بالانسداد	18
بالانصياع	18
بالانطلاق	18
بالانفتاح	18
بالانفراط	18
بالانقباض	18
بالانقراض	18
بالانكماش	18
بالايقاع	18
بالبث	18
بالبحوث	18
بالبخار	18
بالبدايات	18
بالبرازيل	18
بالبرامج	18
بالبرتغال	18
بالبرد	18
بالبرنامج	18
بالبروتوكولات	18
بالبروتينات	18
بالبروفيسور	18
بالبطاقات	18
بالبطالة	18
بالبطل	18
بالبقاع	18
بالبقوليات	18
بالبكتيريا	18
بالبلديات	18
بالبليدة	18
بالبنادق	18
بالبند	18
بالبنطال	18
بالبنك	18
بالبهجة	18
بالبوابة	18
بالبوليساريو	18
بالبونيفيما	18
بالبويرة	18
بالبويضات	18
بالبيض	18
بالبيضاء	18
بالتآمر	18
بالتأثير	18
بالتأطير	18
بالتأقلم	18
بالتأهل	18
بالتأهيل	18
بالتبادلات	18
بالتبديل	18
بالتبعية	18
بالتجاوز	18
بالتجديف	18
بالتجول	18
بالتحام	18
بالتحدث	18
بالتحريض	18
بالتحضير	18
بالتحضيرات	18
بالتحول	18
بالتحولات	18
بالتحيز	18
بالتخابر	18
بالتخصصات	18
بالتخطي	18
بالتدخين	18
بالتدرج	18
بالتدفق	18
بالتدهور	18
بالتراجع	18
بالتراكم	18
بالتربة	18
بالترحاب	18
بالترحيب	18
بالترغيب	18
بالتزاماتنا	18
بالتزاماته	18
بالتزاماتهم	18
بالتزاماتهما	18
بالتسعة	18
بالتشاؤم	18
بالتشابه	18
بالتشاور	18
بالتشدد	18
بالتشريعات	18
بالتشغيل	18
بالتشفير	18
بالتشكيلات	18
بالتصاق	18
بالتصدير	18
بالتصنيفات	18
بالتصوير	18
بالتضاعف	18
بالتضحيات	18
بالتضييق	18
بالتطبيق	18
بالتطور	18
بالتطورات	18
بالتظاهرات	18
بالتعازي	18
بالتعافي	18
بالتعاقد	18
بالتعاليم	18
بالتعايش	18
بالتعثر	18
بالتعددية	18
بالتعديل	18
بالتعرض	18
بالتعرفة	18
بالتعريفات	18
بالتعليقات	18
بالتعميم	18
بالتغريد	18
بالتغيب	18
بالتفاؤل	18
بالتفاني	18
بالتفاهم	18
بالتفاهمات	18
بالتفحيط	18
بالتقارير	18
بالتقاعس	18
بالتقاليد	18
بالتقسيط	18
بالتقسيم	18
بالتقليل	18
بالتقنيات	18
بالتقيد	18
بالتكافل	18
بالتكامل	18
بالتكسب	18
بالتكفل	18
بالتكنولوجيا	18
بالتكنولوجيات	18
بالتكوين	18
بالتكييف	18
بالتل	18
بالتلدين	18
بالتلفزيون	18
بالتلوث	18
بالتلويح	18
بالتمادي	18
بالتماهي	18
بالتمتع	18
بالتمثل	18
بالتمهيد	18
بالتمويل	18
بالتناقض	18
بالتناوب	18
بالتنظيف	18
بالتنظيم	18
بالتنفس	18
بالتنمية	18
بالتنوع	18
بالتهدئة	18
بالتهم	18
بالتهنئة	18
بالتواطوء	18
بالتوافد	18
بالتوترات	18
بالتوجيهات	18
بالتوحد	18
بالتوريد	18
بالتوزيع	18
بالتوسع	18
بالتوصيات	18
بالتوقف	18
بالتوقيع	18
بالثروة	18
بالثقب	18
بالثلاثي	18
بالثلاثية	18
بالثنائي	18
بالثوابت	18
بالجائحة	18
بالجامعات	18
بالجاهزية	18
بالجباية	18
بالجبين	18
بالجدار	18
بالجداول	18
بالجديدة	18
بالجرأة	18
بالجرحى	18
بالجري	18
بالجريدة	18
بالجفاف	18
بالجلسة	18
بالجلفة	18
بالجليد	18
بالجماهير	18
بالجمهوريتين	18
بالجناح	18
بالجندي	18
بالجنرال	18
بالجنف	18
بالجنون	18
بالجهد	18
بالجوائز	18
بالجودة	18
بالحؤول	18
بالحائط	18
بالحاج	18
بالحاجب	18
بالحاجز	18
بالحازوقة	18
بالحاسمة	18
بالحاسوب	18
بالحافلات	18
بالحافلة	18
بالحالات	18
بالحبر	18
بالحجاج	18
بالحدود	18
بالحديدة	18
بالحرائق	18
بالحرج	18
بالحرجة	18
بالحركات	18
بالحروق	18
بالحزب	18
بالحسبان	18
بالحسد	18
بالحسكة	18
بالحشد	18
بالحشو	18
بالحشود	18
بالحصار	18
بالحصبة	18
بالحضارة	18
بالحضانة	18
بالحطب	18
بالحفر	18
بالحقائب	18
بالحقائق	18
بالحكومات	18
بالحلة	18
بالحمولة	18
بالحميمية	18
بالحوامدية	18
بالحوسبة	18
بالحوض	18
بالحيلة	18
بالحيلولة	18
بالخالق	18
بالخامات	18
بالخبراء	18
بالخجل	18
بالخدمات	18
بالخرائط	18
بالخروبفي	18
بالخزانات	18
بالخشبة	18
بالخصوبة	18
بالخصوصيات	18
بالخصوم	18
بالخضار	18
بالخطط	18
بالخطف	18
بالخطية	18
بالخلافات	18
بالخلل	18
بالخيال	18
بالخيرية	18
بالدائرة	18
بالدارجة	18
بالدبلوماسية	18
بالدخان	18
بالدراسة	18
بالدعوات	18
بالدفء	18
بالدفعتين	18
بالدقيقة	18
بالدماء	18
بالدمار	18
بالدوائر	18
بالدورة	18
بالديزل	18
بالديوانية	18
بالديون	18
بالذعر	18
بالذكاء	18
بالذكور	18
بالذننب	18
بالذهان	18
بالرائحة	18
بالراحة	18
بالراكبة	18
بالربيع	18
بالرخام	18
بالرخيص	18
بالرسوم	18
بالرش	18
بالرشوة	18
بالرصيد	18
بالرعاية	18
بالرفض	18
بالركاب	18
بالرماد	18
بالرنين	18
بالروابط	18
بالروبية	18
بالرياح	18
بالرياضات	18
بالريال	18
بالزام	18
بالزبون	18
بالزجاج	18
بالزراعة	18
بالزلزال	18
بالزمن	18
بالزنك	18
بالزهايمر	18
بالزهراء	18
بالزواج	18
بالزوار	18
بالزوال	18
بالزينة	18
بالساحب	18
بالساحل	18
بالسادس	18
بالساعة	18
بالستية	18
بالستيين	18
بالسجائر	18
بالسجناء	18
بالسخرية	18
بالسخط	18
بالسدادات	18
بالسر	18
بالسرية	18
بالسطح	18
بالسطحية	18
بالسعودية	18
بالسعوديين	18
بالسفينة	18
بالسقف	18
بالسقوط	18
بالسكري	18
بالسكك	18
بالسكينة	18
بالسلاسل	18
بالسلالة	18
بالسلالم	18
بالسلب	18
بالسلطتين	18
بالسلع	18
بالسلم	18
بالسلوك	18
بالسلوكيات	18
بالسنامين	18
بالسنوات	18
بالسواحل	18
بالسودان	18
بالسياح	18
بالسيادية	18
بالسيارات	18
بالسياسية	18
بالشاذة	18
بالشباك	18
بالشطب	18
بالشطة	18
بالشعائر	18
بالشعار	18
بالشعبين	18
بالشغل	18
بالشفيع	18
بالشق	18
بالشقاء	18
بالشلل	18
بالشم	18
بالشماتة	18
بالشمع	18
بالشموخ	18
بالشهود	18
بالشهيد	18
بالشهيق	18
بالشوارع	18
بالشوط	18
بالشوف	18
بالشيخوخة	18
بالصابلات	18
بالصاروخ	18
بالصالة	18
بالصالون	18
بالصحفيين	18
بالصخرة	18
بالصراخ	18
بالصراعات	18
بالصرح	18
بالصعوبات	18
بالصفقة	18
بالصناعات	18
بالصنوبر	18
بالصهاينة	18
بالضحية	18
بالضربات	18
بالضعيف	18
بالضغوط	18
بالضلوع	18
بالضوء	18
بالضيق	18
بالطائرة	18
بالطائفية	18
بالطارف	18
بالطاعات	18
بالطاقات	18
بالطبقات	18
بالطبيعة	18
بالطرح	18
بالطرد	18
بالطفرة	18
بالطفل	18
بالطفيفة	18
بالطلعة	18
بالظلام	18
بالعار	18
بالعاني	18
بالعاهل	18
بالعباءة	18
بالعبارة	18
بالعبث	18
بالعبرية	18
بالعثرات	18
بالعدوان	18
بالعذراء	18
بالعرائش	18
بالعربات	18
بالعربي	18
بالعرس	18
بالعرق	18
بالعرقلة	18
بالعزاء	18
بالعسكرية	18
بالعشرينات	18
بالعصابات	18
بالعقار	18
بالعقارات	18
بالعقلانية	18
بالعلاج	18
بالعلاقة	18
بالعلامات	18
بالعلمين	18
بالعملاء	18
بالعملتين	18
بالعمى	18
بالعهود	18
بالعوائق	18
بالعولمة	18
بالعيد	18
بالعيش	18
بالعيون	18
بالغابات	18
بالغالبية	18
بالغاية	18
بالغت	18
بالغرب	18
بالغرض	18
بالغرق	18
بالغريب	18
بالغزو	18
بالغضب	18
بالغموض	18
بالغياب	18
بالـ	18
بالــروبل	18
بالفائزين	18
بالفتية	18
بالفحص	18
بالفحوصات	18
بالفرشاة	18
بالفرص	18
بالفرع	18
بالفرنسية	18
بالفروع	18
بالفريش	18
بالفزع	18
بالفسحة	18
بالفضائح	18
بالفعاليات	18
بالفك	18
بالفلور	18
بالفم	18
بالفن	18
بالفنانين	18
بالفنون	18
بالفهود	18
بالفوائد	18
بالفواتير	18
بالفورمولا	18
بالفوضى	18
بالفيتامينات	18
بالفيديوهات	18
بالفيضانات	18
بالفيول	18
بالفيوم	18
بالقادم	18
بالقاعات	18
بالقاعة	18
بالقاعدة	18
بالقدم	18
بالقديد	18
بالقذائف	18
بالقرصنة	18
بالقروش	18
بالقريب	18
بالقرية	18
بالقسائم	18
بالقصص	18
بالقطار	18
بالقطاعين	18
بالقطر	18
بالقطن	18
بالقلع	18
بالقليوبية	18
بالقمامة	18
بالقمع	18
بالقميص	18
بالقنابل	18
بالقناعة	18
بالقنب	18
بالقنبلة	18
بالقنيطرة	18
بالقواعد	18
بالقولون	18
بالقيادات	18
بالقيادة	18
بالقيم	18
بالكاتدرائية	18
بالكاميرا	18
بالكاميرون	18
بالكبد	18
بالكحول	18
بالكرامة	18
بالكراهية	18
بالكركم	18
بالكسور	18
بالكشف	18
بالكفاءة	18
بالكلاسيكو	18
بالكلمات	18
بالكمبيوتر	18
بالكميات	18
بالكنيسة	18
بالكنيست	18
بالكورونا	18
بالكوليسترول	18
بالكومبيوتر	18
بالكونغو	18
بالكويت	18
باللاذقية	18
باللاسامية	18
باللاعبين	18
باللجنة	18
باللقاح	18
باللقاحات	18
باللوائح	18
باللوحات	18
باللولار	18
بالمآسي	18
بالمؤتمر	18
بالمؤثرات	18
بالمؤلف	18
بالمئات	18
بالماتدور	18
بالماحيم	18
بالمادة	18
بالمادتين	18
بالمازوت	18
بالماستر	18
بالمالية	18
بالمبرات	18
بالمبنى	18
بالمتابعه	18
بالمتطلبات	18
بالمتظاهرين	18
بالمتوسطة	18
بالمثابرة	18
بالمثال	18
بالمجالس	18
بالمجلة	18
بالمجمع	18
بالمحادثات	18
بالمحاضرات	18
بالمحاكمة	18
بالمحبة	18
بالمحفزات	18
بالمحكمة	18
بالمحلة	18
بالمحلية	18
بالمحيط	18
بالمخالفات	18
بالمخبر	18
بالمخبز	18
بالمخترع	18
بالمختصر	18
بالمخطط	18
بالمخطوطات	18
بالمخيم	18
بالمدافع	18
بالمدد	18
بالمدرستين	18
بالمدعو	18
بالمدنيين	18
بالمدير	18
بالمذهبية	18
بالمراكز	18
بالمرتبات	18
بالمرحوم	18
بالمرسوم	18
بالمرشحين	18
بالمرصاد	18
بالمركب	18
بالمركبات	18
بالمركبة	18
بالمركزيين	18
بالمريء	18
بالمزايا	18
بالمزرية	18
بالمزيفة	18
بالمس	18
بالمسائل	18
بالمسابقة	18
بالمسار	18
بالمساس	18
بالمساهمة	18
بالمستقبل	18
بالمستويات	18
بالمسيح	18
بالمسيلة	18
بالمشاتي	18
بالمشاركين	18
بالمشاعر	18
بالمشتبه	18
بالمشتقات	18
بالمشروعات	18
بالمصابيح	18
بالمصالحة	18
بالمصطلحات	18
بالمضادات	18
بالمضاعفات	18
بالمضي	18
بالمطاعم	18
بالمطبخ	18
بالمطلق	18
بالمطلوب	18
بالمطور	18
بالمظهر	18
بالمعارض	18
بالمعارضين	18
بالمعاقين	18
بالمعالم	18
بالمعاهدات	18
بالمعدات	18
بالمعدن	18
بالمعلومة	18
بالمعمل	18
بالمعيار	18
بالمغادرة	18
بالمغارة	18
بالمغذيات	18
بالمغيب	18
بالمفاجآت	18
بالمفكر	18
بالمقاعد	18
بالمقدرة	18
بالمقدسات	18
بالمقومات	18
بالمكورات	18
بالملاحقات	18
بالملاك	18
بالملبنة	18
بالملف	18
بالملفات	18
بالملكية	18
بالملموس	18
بالمليارات	18
بالممارسات	18
بالممارسة	18
بالمماطلة	18
بالمنازل	18
بالمناشدات	18
بالمناصر	18
بالمناظر	18
بالمناعة	18
بالمنافذ	18
بالمنافع	18
بالمناقشات	18
بالمناهج	18
بالمناولة	18
بالمنبوذة	18
بالمنتجات	18
بالمنتخب	18
بالمنتدى	18
بالمنتوج	18
بالمنح	18
بالمنخفض	18
بالمنصب	18
بالمنظمات	18
بالمنظمة	18
بالمنفذ	18
بالمهارات	18
بالمهرجان	18
بالمهلوسات	18
بالمهمة	18
بالمهينة	18
بالمواءمة	18
بالمواجهة	18
بالمواطنين	18
بالمواعيد	18
بالموسم	18
بالموضوعات	18
بالموضوعية	18
بالموعد	18
بالموقع	18
بالموقف	18
بالموهبة	18
بالميدان	18
بالميراس	18
بالميلية	18
بالنا	18
بالناحية	18
بالنادي	18
بالناقص	18
بالنجاحات	18
بالنجم	18
بالنجومية	18
بالنداءات	18
بالندم	18
بالندوب	18
بالنزاهة	18
بالنزر	18
بالنشاط	18
بالنشاطات	18
بالنشطاء	18
بالنضال	18
بالنظافة	18
بالنظرة	18
بالنعاس	18
بالنفاد	18
بالنفحات	18
بالنقابة	18
بالنقاش	18
بالنقاط	18
بالنمط	18
بالنموذج	18
بالنهضة	18
بالنهوض	18
بالنورانيين	18
بالنيجر	18
بالنيكوتين	18
بالنيوديميوم	18
بالهبوط	18
بالهجمات	18
بالهرمونات	18
بالهندسة	18
بالهندصلاة	18
بالهواء	18
بالهوائي	18
بالواجبات	18
بالواجهات	18
بالواسعة	18
بالواقعية	18
بالوثائق	18
بالوجاهات	18
بالوجاهة	18
بالوجيه	18
بالوحدات	18
بالودان	18
بالودية	18
بالورقة	18
بالوسائل	18
بالوساطة	18
بالوصاية	18
بالوضعية	18
بالوطنية	18
بالوعود	18
بالوفد	18
بالوقائع	18
بالولاة	18
بالولوج	18
بالوميرا	18
بالون	18
بالوهم	18
بالوهن	18
باليابسة	18
بالية	18
باليخوت	18
باليرمو	18
باليساريين	18
باليستاين	18
بالين	18
بالينت	18
باليه	18
باليوبيل	18
باليوتيوب	18
بالييت	18
بام	18
بامتحان	18
بامتحانات	18
بامتناعها	18
بامتيازات	18
بامكاناتنا	18
بامن	18
بانبعاثات	18
بانتخابه	18
بانتسابهم	18
بانتشاره	18
بانتصارهم	18
بانتقاء	18
بانتمائهم	18
بانتهاء	18
بانتهاكات	18
بانثر	18
بانجاز	18
بانجينا	18
بانحياز	18
باندلاع	18
باندور	18
بانسحابها	18
بانسل	18
بانسيابية	18
بانشغالاته	18
بانضمام	18
بانضمامه	18
بانعدام	18
بانقلابها	18
بانكسي	18
بانكم	18
بانكماش	18
بانكمان	18
بانكوف	18
بانكوفكا	18
بانكين	18
بانهاء	18
بانهيارها	18
بانيت	18
بانييه	18
باهتة	18
باهتمامه	18
باهر	18
باهضة	18
باورز	18
باولا	18
باونتس	18
بايجابية	18
بايجاد	18
بايديا	18
بايذاء	18
بايرا	18
بايز	18
بايسه	18
بايصال	18
بايك	18
بايكار	18
بايكونور	18
باييس	18
بب	18
بباتنة	18
بباتنةالمتورطان	18
بباتنةحاول	18
بباركنسون	18
بباش	18
بباقات	18
ببالغ	18
ببالي	18
ببحر	18
ببحيرة	18
ببراعة	18
ببرشلونة	18
ببرق	18
ببركات	18
ببركان	18
ببركته	18
ببروتوكول	18
ببروكسل	18
ببريزبن	18
ببسط	18
ببصمة	18
ببضائع	18
ببطاقات	18
ببطاقة	18
ببطانية	18
ببطل	18
ببطولته	18
ببعث	18
ببقايا	18
ببلاده	18
ببلادهم	18
ببلاغ	18
ببلدوزر	18
ببلدي	18
ببلطات	18
ببن	18
ببناءات	18
ببنادق	18
ببند	18
ببندقية	18
ببنك	18
ببنيامين	18
ببنيتها	18
ببهجة	18
ببورسعيد	18
ببوسماعيل	18
بتأثر	18
بتأجيج	18
بتأكيده	18
بتأليفها	18
بتأهل	18
بتأهيلهم	18
بتابوت	18
بتبادل	18
بتباطؤ	18
بتبديد	18
بتبرع	18
بتبقى	18
بتثقيف	18
بتجريب	18
بتجريم	18
بتجزئة	18
بتجسيده	18
بتجلياته	18
بتجمعنا	18
بتجميل	18
بتجهيزاتها	18
بتجهيزه	18
بتحجيم	18
بتحديات	18
بتحذير	18
بتحركات	18
بتحركها	18
بتحري	18
بتحرير	18
بتحريرها	18
بتحريز	18
بتحريف	18
بتحسن	18
بتحصين	18
بتحصينات	18
بتحضيرات	18
بتحطيم	18
بتحفظ	18
بتحلل	18
بتحميله	18
بتحور	18
بتحول	18
بتحوير	18
بتحويلهما	18
بتخزين	18
بتخصصات	18
بتخليص	18
بتخوفنا	18
بتدابير	18
بتدارك	18
بتداعيات	18
بتداول	18
بتدخل	18
بتدريبات	18
بتدريبهم	18
بتدريسه	18
بتدشين	18
بتدعي	18
بتدقيق	18
بتدنيسه	18
بتدوين	18
بتذبذبات	18
بتذكرة	18
بتذوق	18
بتر	18
بترحيب	18
بترحيلهم	18
بترسيم	18
بترشحه	18
بترعة	18
بترقية	18
بتركيب	18
بتركيبته	18
بتركيبتها	18
بتروبافلوفكا	18
بتروجت	18
بتروسبورت	18
بتروشاينا	18
بتروفسكايا	18
بترول	18
بترولي	18
بتزوير	18
بتسخير	18
بتسدان	18
بتسديد	18
بتسريب	18
بتسريبه	18
بتسعير	18
بتسعيرة	18
بتسلال	18
بتسليمها	18
بتسمية	18
بتسييس	18
بتشخيص	18
بتشدد	18
بتشريح	18
بتشريع	18
بتشغيل	18
بتشغيلها	18
بتشغيلهم	18
بتشكل	18
بتشكيلات	18
بتشنج	18
بتشويه	18
بتشييع	18
بتصاعد	18
بتصرفات	18
بتصرفاتها	18
بتصريحاتها	18
بتصريف	18
بتصعيد	18
بتصعيدهم	18
بتصنيع	18
بتضييع	18
بتطبيقات	18
بتطبيقها	18
بتطرقه	18
بتطلع	18
بتطهير	18
بتطهيرها	18
بتطويق	18
بتعادل	18
بتعادله	18
بتعارض	18
بتعازي	18
بتعاظم	18
بتعاقدها	18
بتعاملات	18
بتعبئة	18
بتعريف	18
بتعريفهم	18
بتعطل	18
بتعقب	18
بتعقبها	18
بتعلق	18
بتعليمه	18
بتعمده	18
بتعميق	18
بتعميمها	18
بتعهداته	18
بتعهداتهم	18
بتعهدها	18
بتعيينها	18
بتعيينهم	18
بتغذية	18
بتغطيتها	18
بتغليظ	18
بتغيرات	18
بتغييرهم	18
بتفاؤل	18
بتفاصيلها	18
بتفاني	18
بتفتيشهم	18
بتفجيرها	18
بتفحير	18
بتفريغ	18
بتفشي	18
بتفصيل	18
بتفعيلها	18
بتفقد	18
بتقاريرها	18
بتقاسم	18
بتقدمه	18
بتقدمهم	18
بتقديرنا	18
بتقديمات	18
بتقديمه	18
بتقسيم	18
بتقسيمهم	18
بتقطيع	18
بتقلص	18
بتقليد	18
بتقنيات	18
بتقييده	18
بتقييمها	18
بتكاسل	18
بتكريس	18
بتكنولوجيا	18
بتكون	18
بتكوين	18
بتلبية	18
بتلفزيون	18
بتلقائية	18
بتلقيها	18
بتلهت	18
بتلون	18
بتلويح	18
بتلوين	18
بتليف	18
بتمثيله	18
بتمثيلها	18
بتمديده	18
بتمسك	18
بتمكن	18
بتمكين	18
بتمنعها	18
بتمويله	18
بتمويلهم	18
بتناقص	18
بتناولها	18
بتنباع	18
بتنبيه	18
بتنحيه	18
بتنشيط	18
بتنصيب	18
بتنظيمي	18
بتنقيح	18
بتنكسر	18
بتنوع	18
بتنويعات	18
بتهاني	18
بتهانيه	18
بتهديدات	18
بتهديده	18
بتهيئة	18
بتواجدها	18
بتواريخ	18
بتوافر	18
بتوترات	18
بتوثيق	18
بتوجهات	18
بتوجهين	18
بتوجيهها	18
بتوحيدها	18
بتوسع	18
بتوصيات	18
بتوصية	18
بتوصيل	18
بتوضيح	18
بتوظيفه	18
بتوفر	18
بتوفيرها	18
بتوقعات	18
بتوقف	18
بتوقيته	18
بتوقيعه	18
بتولتين	18
بتوليد	18
بتيسير	18
بتيسيرها	18
بثالث	18
بثانوية	18
بثباته	18
بثتها	18
بثرائه	18
بثروات	18
بثرواته	18
بثشبة	18
بثغرات	18
بثقل	18
بثكنة	18
بثماني	18
بثنا	18
بثنائية	18
بثنة	18
بثه	18
بثها	18
بثهما	18
بثورة	18
بجاحه	18
بجازي	18
بجانبكم	18
بجانبها	18
بجانت	18
بجاوي	18
بجبال	18
بجحافل	18
بجحودكم	18
بجدل	18
بجرائمه	18
بجراحها	18
بجرعات	18
بجرعة	18
بجرعتين	18
بجروحهما	18
بجريان	18
بجريدة	18
بجريــمة	18
بجسارة	18
بجلال	18
بجلب	18
بجمهور	18
بجمهورها	18
بجناحين	18
بجنون	18
بجهات	18
بجهد	18
بجهدهم	18
بجهودنا	18
بجهودها	18
بجهودهم	18
بجوارهما	18
بجوازات	18
بجولتيها	18
بجيجلكانوا	18
بجيجليرجح	18
بجيرانها	18
بجيرانهم	18
بجيل	18
بحاجاته	18
بحاجز	18
بحادثة	18
بحاضرة	18
بحافلة	18
بحالن	18
بحبح	18
بحترم	18
بحتمية	18
بحثة	18
بحثوا	18
بحجرة	18
بحدة	18
بحدث	18
بحدوثها	18
بحدودنا	18
بحذفه	18
بحرصها	18
بحركيتها	18
بحرمان	18
بحرمانه	18
بحرينيين	18
بحزمة	18
بحسابات	18
بحساباتهم	18
بحشوات	18
بحصر	18
بحصص	18
بحصولنا	18
بحصوله	18
بحضانة	18
بحظر	18
بحقة	18
بحقوقه	18
بحكومتهم	18
بحلفاء	18
بحلم	18
بحلو	18
بحماس	18
بحمالتين	18
بحمايتها	18
بحمايتهما	18
بحمدون	18
بحمضها	18
بحمى	18
بحواسب	18
بحوثهم	18
بحوزتكم	18
بحوزتنا	18
بحوزتها	18
بحوزتهما	18
بحوض	18
بحياتها	18
بحياتهم	18
بحيازته	18
بحيازتها	18
بحيوانات	18
بخاخ	18
بخارطة	18
بخالقها	18
بخانة	18
بخبراتهم	18
بختام	18
بختونخوا	18
بخجله	18
بخدماتنا	18
بخدماتها	18
بخراطيم	18
بخروقات	18
بخشب	18
بخصال	18
بخصوصية	18
بخضوع	18
بخطأ	18
بخطاباتهم	18
بخطب	18
بخطبه	18
بخطف	18
بخطورة	18
بخطورته	18
بخطوط	18
بخطي	18
بخفة	18
بخفق	18
بخلاصاته	18
بخلافة	18
بخلايا	18
بخلعها	18
بخلفية	18
بخلفيته	18
بخوض	18
بخياره	18
بخيارهم	18
بدأتم	18
بدأناه	18
بدئها	18
بدات	18
بداخلك	18
بداياته	18
بداياتها	18
بدايتي	18
بدبلوماسية	18
بدبي	18
بدخولها	18
بدراسته	18
بدرجاتها	18
بدرع	18
بدرية	18
بدسترة	18
بدستور	18
بدعمه	18
بدعوات	18
بدعوتنا	18
بدعوتهم	18
بدعي	18
بدفتر	18
بدفن	18
بدلاء	18
بدلات	18
بدلتا	18
بدلتك	18
بدلوه	18
بدلوها	18
بدمار	18
بدمغته	18
بدمنهور	18
بدنا	18
بدها	18
بدهي	18
بدوار	18
بدوافع	18
بدوالة	18
بدورات	18
بدورة	18
بدويا	18
بدوية	18
بدي	18
بديهيا	18
بديوانها	18
بديون	18
بذرائع	18
بذروة	18
بذكائه	18
بذلة	18
بذلوه	18
بذمار	18
بذهنية	18
بذورها	18
بذوي	18
بذويهم	18
برأسمال	18
برأسية	18
برأيي	18
برؤساء	18
برؤوسهم	18
برؤيتها	18
برئاسته	18
برئاستهما	18
برئيسة	18
برئيسها	18
برئيسهم	18
براءات	18
برائحة	18
برابر	18
برابطة	18
برابوهباي	18
براتيسلافا	18
براثنه	18
براحة	18
براخا	18
برادة	18
براذرز	18
برارج	18
براز	18
برازافيل	18
براس	18
براعم	18
براغا	18
براغماتية	18
برافدا	18
برافو	18
براقش	18
براكس	18
براكيوصوريد	18
برامــج	18
براناه	18
براناياما	18
براندنبرغ	18
برانكو	18
براهمية	18
براونفيلز	18
برايدون	18
برايسون	18
برايم	18
براينت	18
بربطها	18
برتقالية	18
برجالها	18
برحلات	18
برحلته	18
برحلتين	18
برحيله	18
برحيلها	18
برخ	18
بردان	18
برذرز	18
بررته	18
برروا	18
برزلاي	18
برزيغونسكي	18
برسائل	18
برسالتهم	18
برسولنا	18
برش	18
برشاقته	18
برشقات	18
برشقهم	18
برشهم	18
برشوة	18
برضوض	18
برعاتها	18
برعام	18
برعايتهم	18
برغبات	18
برغبة	18
برغبتنا	18
برغبتها	18
برغر	18
برغل	18
برفاقه	18
برفضهم	18
برقاوي	18
برقايل	18
برقيته	18
برقين	18
بركاب	18
بركاني	18
بركب	18
بركلة	18
بركوب	18
بركين	18
برلمانيو	18
برلنتي	18
برلوسكوني	18
برمائي	18
برمجا	18
برمزية	18
برمنغهام	18
برمي	18
برميلا	18
برميها	18
برناردو	18
برناز	18
برنامجنا	18
برنامجي	18
برنانكي	18
برند	18
برنسيس	18
برنيس	18
برنيق	18
برهاب	18
برهانو	18
برهبان	18
برهنوا	18
برهوم	18
بروابط	18
بروتكولات	18
بروحهم	18
بروحية	18
بروخورينكو	18
برودواي	18
بروديريك	18
بروزا	18
بروزات	18
بروزو	18
بروس	18
بروسبر	18
بروفسور	18
بروفسورة	18
بروفيتامين	18
بروك	18
بروكر	18
بروكلين	18
بروكوبينكو	18
بروما	18
برومانسية	18
برومسفياز	18
برومويتش	18
بروميثيوس	18
بروميناد	18
برونر	18
برونزيات	18
برونزية	18
برونيكي	18
بريئ	18
بريئتين	18
بريادة	18
برياضة	18
بريال	18
بريان	18
بريانا	18
بريانسك	18
بريةوكان	18
بريت	18
بريتا	18
بريتال	18
بريتشالوف	18
بريجا	18
بريجينسكي	18
بريحان	18
بريداتور	18
بريدج	18
بريدوكتال	18
بريدي	18
بريدية	18
برير	18
بريزي	18
بريسيجن	18
بريش	18
بريشالوف	18
بريشته	18
بريشتينا	18
بريطانيتين	18
بريطاينا	18
بريغابالين	18
بريغوجين	18
بريفير	18
بريكة	18
بريكينغ	18
بريل	18
بريمنيسيوم	18
بريميوم	18
بريندان	18
بريندل	18
برينسيز	18
بزاوية	18
بزبينا	18
بزجاجات	18
بزرالدة	18
بزعنفة	18
بزفاف	18
بزمنها	18
بزميلي	18
بزهق	18
بزواج	18
بزوارها	18
بزوجها	18
بزورق	18
بزيادات	18
بزيارته	18
بزيمبابوي	18
بزيهما	18
بزيوت	18
بسارة	18
بساعاتها	18
بساعتين	18
بساكي	18
بسالة	18
بسايح	18
بسب	18
بسباق	18
بسببي	18
بسبها	18
بسبوسه	18
بسبيكرين	18
بسجنها	18
بسحائب	18
بسحبه	18
بسحله	18
بسرس	18
بسرعات	18
بسرقتها	18
بسره	18
بسرية	18
بسطيف	18
بسعات	18
بسعرها	18
بســـبب	18
بسفينة	18
بسقوطتها	18
بسقوطها	18
بسقوف	18
بسكان	18
بسكانها	18
بسكويت	18
بسلبية	18
بسلسة	18
بسلك	18
بسمعة	18
بسمعتهم	18
بسمعتي	18
بسملة	18
بسن	18
بسواحل	18
بسواعد	18
بسوس	18
بسوهاج	18
بسيار	18
بسيارته	18
بسيارتهم	18
بسياسات	18
بسياسته	18
بسيالة	18
بسيطرتها	18
بسينما	18
بسيوني	18
بشأنهم	18
بشؤوننا	18
بشائر	18
بشاره	18
بشاطئه	18
بشاعة	18
بشاعتها	18
بشاغا	18
بشان	18
بشاي	18
بشبكات	18
بشبكتي	18
بشتائه	18
بشتم	18
بشتمها	18
بشجاعه	18
بشحن	18
بشحنات	18
بشخصية	18
بشخصين	18
بشرتك	18
بشرفهم	18
بشركات	18
بشريا	18
بشريحة	18
بشريط	18
بشريك	18
بشطب	18
بشع	18
بشعب	18
بشعبه	18
بشعبي	18
بشعبيته	18
بشعرك	18
بشـأن	18
بشـكل	18
بشفافية	18
بشقيها	18
بشكاية	18
بشكله	18
بشلالات	18
بشهادتها	18
بشهرة	18
بشوارع	18
بشواطئ	18
بشوية	18
بشيطنتها	18
بشيكل	18
بشيمشل	18
بشيمهم	18
بشيوخ	18
بصاروخي	18
بصبر	18
بصبره	18
بصبوص	18
بصحتك	18
بصحتهم	18
بصد	18
بصداقتنا	18
بصدمات	18
بصدور	18
بصديق	18
بصراع	18
بصراعات	18
بصعوبات	18
بصعود	18
بصفاقس	18
بصفحتنا	18
بصفحتها	18
بصفحك	18
بصفع	18
بصفعهم	18
بصفقات	18
بصفهم	18
بصلابة	18
بصلاحية	18
بصلالة	18
بصلح	18
بصماتها	18
بصماتهم	18
بصمام	18
بصمتك	18
بصمته	18
بصمتها	18
بصمتهم	18
بصموا	18
بصمودها	18
بصناديق	18
بصنية	18
بصوارخ	18
بصوتها	18
بصيرتهم	18
بصيغته	18
بصيغتها	18
بصيلات	18
بضاعتكم	18
بضباب	18
بضحايا	18
بضخامته	18
بضلوعها	18
بضلوعهم	18
بضمانة	18
بضياع	18
بطائراته	18
بطائرتهما	18
بطائرتين	18
بطابع	18
بطابعه	18
بطابعي	18
بطاطا	18
بطاقته	18
بطالة	18
بطبرق	18
بطبع	18
بطبيبك	18
بطبيعته	18
بطرحة	18
بطرحه	18
بطرده	18
بطردها	18
بطرقها	18
بطريقتها	18
بطريقتهم	18
بطريقتين	18
بطعنة	18
بطعنه	18
بطفل	18
بطفلتهما	18
بطلته	18
بطلقاته	18
بطليموس	18
بطمس	18
بطمع	18
بطموح	18
بطنطا	18
بطهيه	18
بطولتها	18
بطوننا	18
بظاهرة	18
بظل	18
بعاصفة	18
بعاصمة	18
بعاصمتها	18
بعاطفة	18
بعامين	18
بعبدات	18
بعبقرية	18
بعبور	18
بعتاده	18
بعتقد	18
بعجي	18
بعدالة	18
بعدرا	18
بعدسة	18
بعدواه	18
بعديد	18
بعراقتها	18
بعراقيل	18
بعربات	18
بعرضه	18
بعروبة	18
بعزائها	18
بعزف	18
بعزلة	18
بعزيز	18
بعزيزي	18
بعزيمة	18
بعسكرة	18
بعشق	18
بعشوائية	18
بعصابة	18
بعطائها	18
بعقارات	18
بعقبة	18
بعقدها	18
بعقر	18
بعقود	18
بعلاقاته	18
بعلاقاتهما	18
بعلاقتها	18
بعلامات	18
بعلامتنا	18
بعلاوة	18
بعلماء	18
بعلية	18
بعملاق	18
بعملك	18
بعملكم	18
بعملنا	18
بعملهم	18
بعملياته	18
بعمليتها	18
بعناد	18
بعنايته	18
بعنصر	18
بعوارض	18
بعواصف	18
بعيادة	18
بعيدتي	18
بعيدك	18
بعيدها	18
بعيدي	18
بعيش	18
بغارتين	18
بغالبها	18
بغالبية	18
بغالبيتها	18
بغالي	18
بغثيان	18
بغربها	18
بغرف	18
بغرفتيه	18
بغزوها	18
بغشاء	18
بغلاء	18
بغلها	18
بغمر	18
بغناء	18
بغناها	18
بغيابها	18
بغيرتها	18
بـإشراك	18
بـالتجديف	18
بـسقوط	18
بفئاته	18
بفاصل	18
بفتاة	18
بفتات	18
بفتوى	18
بفجر	18
بفحصه	18
بفدائه	18
بفراشه	18
بفرز	18
بفرعها	18
بفرعيها	18
بفروعها	18
بفريدريكسن	18
بفساده	18
بفسخها	18
بفصول	18
بفصيل	18
بفضح	18
بفضيحة	18
بفطرتها	18
بفظاعة	18
بفعلته	18
بفقدانها	18
بفك	18
بفكرته	18
بفكركم	18
بفلاديمير	18
بفلوغرفيل	18
بفلول	18
بفن	18
بفنلندا	18
بفنه	18
بفهم	18
بفهمها	18
بفوائده	18
بفواتير	18
بفوضوية	18
بفيتامين	18
بفيديو	18
بفيديوهات	18
بفيسبوك	18
بفيلم	18
بفيينا	18
بقا	18
بقائد	18
بقائهم	18
بقابلية	18
بقاذفات	18
بقارب	18
بقاش	18
بقاعات	18
بقبضة	18
بقدراتي	18
بقدماء	18
بقدمه	18
بقذيفة	18
بقرابة	18
بقراراته	18
بقراره	18
بقرارها	18
بقروض	18
بقريتى	18
بقصفها	18
بقصيدتين	18
بقضاة	18
بقضاياه	18
بقضـايا	18
بقضيب	18
بقطب	18
بقطعانهم	18
بقلوب	18
بقماش	18
بقمل	18
بقنينة	18
بقواتنا	18
بقوانين	18
بقوانينها	18
بقوتنا	18
بقوسه	18
بقيامهما	18
بقيم	18
بقيود	18
بكائه	18
بكاتبة	18
بكادر	18
بكارة	18
بكارته	18
بكازينو	18
بكاستيلو	18
بكالي	18
بكاميرات	18
بكاي	18
بكبت	18
بكبح	18
بكتابتهم	18
بكتريا	18
بكتل	18
بكتيبة	18
بكتيرويد	18
بكرامتهم	18
بكراهية	18
بكردستان	18
بكركي	18
بكرم	18
بكريم	18
بكشوف	18
بكفاحه	18
بكلاب	18
بكناريا	18
بكنس	18
بكنيسة	18
بكوب	18
بكوبا	18
بكور	18
بكوكب	18
بكولستون	18
بكوني	18
بكيفيات	18
بكيلومتر	18
بكينشاسا	18
بكينيا	18
بلاءا	18
بلائحة	18
بلائمة	18
بلاتر	18
بلاتونوف	18
بلادي	18
بلاس	18
بلاشكه	18
بلاع	18
بلاعبين	18
بلاكبيرن	18
بلانت	18
بلاند	18
بلاني	18
بلاي	18
بلايستيشن	18
بلايلية	18
بلايين	18
بلباو	18
بلبل	18
بلتشلي	18
بلجنة	18
بلجوئه	18
بلحاجي	18
بلحاف	18
بلحام	18
بلحسن	18
بلحظات	18
بلحوت	18
بلخوجة	18
بلداتهم	18
بلداننا	18
بلدتهن	18
بلدتي	18
بلدهما	18
بلدوارت	18
بلديتكم	18
بلديتها	18
بلزاك	18
بلزن	18
بلطجتها	18
بلطمة	18
بلع	18
بلعربي	18
بلعروسي	18
بلعمبري	18
بلعمري	18
بلغاري	18
بلغاريا	18
بلغوها	18
بلفوضيل	18
بلقاءات	18
بلقائه	18
بلقائها	18
بلقائهم	18
بلقائهن	18
بلقاح	18
بلقاضي	18
بلقايد	18
بلقبه	18
بلقطة	18
بلقمة	18
بلكور	18
بللغة	18
بلمسات	18
بلمهدي	18
بلند	18
بلهامل	18
بلو	18
بلواء	18
بلوتون	18
بلوحات	18
بلورتها	18
بلوش	18
بلوط	18
بلوغانسك	18
بلوغهم	18
بلوم	18
بليبيا	18
بلير	18
بليفريس	18
بلينسر	18
بليه	18
بمآثركم	18
بمأرب	18
بمأزق	18
بمأساة	18
بمأسسة	18
بمؤسس	18
بمؤسساتها	18
بمؤسسته	18
بمئتي	18
بمادة	18
بماضينا	18
بمانشستر	18
بمايدور	18
بمبادئنا	18
بمبالغ	18
بمبررات	18
بمبور	18
بمتابعته	18
بمتابعتها	18
بمتابعه	18
بمتانة	18
بمتسع	18
بمتغيرات	18
بمتلازمة	18
بمتم	18
بمثال	18
بمثالين	18
بمجازر	18
بمجسات	18
بمجلسيه	18
بمجهود	18
بمجهودها	18
بمحادثات	18
بمحاضرة	18
بمحافظات	18
بمحاليل	18
بمحاميه	18
بمحاور	18
بمحاولات	18
بمحاولتهم	18
بمحتوى	18
بمحتوياتهما	18
بمحررات	18
بمحصول	18
بمحفظة	18
بمحلي	18
بمخابر	18
بمخابرات	18
بمخازن	18
بمخاطرها	18
بمخدر	18
بمخطط	18
بمخفر	18
بمداخل	18
بمداخيل	18
بمدارس	18
بمدافئ	18
بمدافع	18
بمداهمات	18
بمدرسيه	18
بمدريد	18
بمدفوعات	18
بمديرها	18
بمديريتي	18
بمدينتي	18
بمذبحة	18
بمذكرات	18
بمذكرة	18
بمراجعات	18
بمراجعتها	18
بمراحل	18
بمراحلها	18
بمراكمة	18
بمراوح	18
بمراوغاته	18
بمربى	18
بمرتكزاتها	18
بمرتين	18
بمرسوم	18
بمرشاتهم	18
بمرضى	18
بمركزي	18
بمروحيات	18
بمرونة	18
بمريء	18
بمزاج	18
بمزارع	18
بمزاعم	18
بمزدوجي	18
بمزرعة	18
بمسؤولياته	18
بمسؤولياتها	18
بمسؤوليته	18
بمسؤوليتها	18
بمسابقة	18
بمساحته	18
بمسارات	18
بمساع	18
بمساعدات	18
بمسافر	18
بمساكن	18
بمسالة	18
بمستثمري	18
بمستخدمين	18
بمستقبلات	18
بمستهل	18
بمسحها	18
بمسدس	18
بمسقط	18
بمسكن	18
بمسلسل	18
بمسمياتها	18
بمسيرات	18
بمشاركات	18
بمشاركته	18
بمشاركتها	18
بمشاركتين	18
بمشاريعها	18
بمشاريعهم	18
بمشاعر	18
بمشاهدته	18
بمشاورات	18
بمشروعها	18
بمشفى	18
بمشورة	18
بمصادر	18
بمصادرتها	18
بمصارعتهم	18
بمصاريف	18
بمصطلح	18
بمصطلحات	18
بمصنع	18
بمصيره	18
بمصيرهم	18
بمضامين	18
بمطابقة	18
بمطالبهم	18
بمطبخ	18
بمطلب	18
بمظهر	18
بمعابير	18
بمعارضتها	18
بمعارف	18
بمعاناته	18
بمعاناتهم	18
بمعبر	18
بمعتقلي	18
بمعجون	18
بمعدن	18
بمعزقة	18
بمعظمه	18
بمعنويات	18
بمعهد	18
بمفاقمة	18
بمفتي	18
بمفردات	18
بمفردك	18
بمفلح	18
بمفهومهم	18
بمقابل	18
بمقار	18
بمقاسمة	18
بمقاضاة	18
بمقاومة	18
بمقاومتهم	18
بمقترح	18
بمقتضاها	18
بمقدساتها	18
بمقربين	18
بمقرها	18
بمقهى	18
بمقود	18
بمقولة	18
بمقوله	18
بمقوماتها	18
بمكافأة	18
بمكر	18
بمكعبات	18
بمكنة	18
بمكوثه	18
بمكوناتها	18
بملابسات	18
بملاحظات	18
بملاحم	18
بملاقاة	18
بمليار	18
بملياري	18
بممتلكات	18
بممثلين	18
بمملكة	18
بمميزات	18
بمناجم	18
بمناخ	18
بمناخه	18
بمنازلتها	18
بمناسة	18
بمناصبه	18
بمناصبهم	18
بمناظر	18
بمنافسات	18
بمنافسيها	18
بمناورة	18
بمنتخب	18
بمنتزه	18
بمنتهى	18
بمنتهية	18
بمنجل	18
بمنحه	18
بمنخفض	18
بمنشور	18
بمنشيه	18
بمنصة	18
بمنطق	18
بمنطقتي	18
بمنطقتين	18
بمنطقي	18
بمنظومات	18
بمهارة	18
بمهارته	18
بمهامه	18
بمهامهم	18
بمهل	18
بمواد	18
بموادها	18
بموارد	18
بموارده	18
بمواضيع	18
بمواطنتها	18
بموافقته	18
بموافقتهن	18
بمواقفها	18
بموجز	18
بموسيقى	18
بموضوعية	18
بموعد	18
بموقعها	18
بموقفه	18
بموقفها	18
بموكب	18
بمولاة	18
بمولده	18
بمولودية	18
بموهبته	18
بميادين	18
بميداليات	18
بميدالية	18
بميداليتين	18
بميزانية	18
بميزة	18
بميسي	18
بميله	18
بمينا	18
بميناء	18
بناتهما	18
بناجي	18
بنادق	18
بنادى	18
بناديي	18
بناهي	18
بنتائجها	18
بنجاب	18
بنجامان	18
بنجران	18
بنجشير	18
بنجله	18
بنجلها	18
بنجومها	18
بنحر	18
بندا	18
بنداء	18
بندر	18
بندرأنزالي	18
بندقيته	18
بندقيتي	18
بنزاهة	18
بنزلاء	18
بنزلات	18
بنزهة	18
بنزوح	18
بنزيف	18
بنس	18
بنساء	18
بنسج	18
بنسخها	18
بنسعيدي	18
بنسقها	18
بنسيج	18
بنشاطات	18
بنشاطها	18
بنشرقي	18
بنشوب	18
بنضال	18
بنطلون	18
بنظرائه	18
بنظرائهم	18
بنظرات	18
بنظرة	18
بنظرها	18
بنغاليا	18
بنفوذ	18
بنقطتين	18
بنقلة	18
بنقلهم	18
بنقود	18
بنكا	18
بنكر	18
بنكهة	18
بنلفقيه	18
بنماذج	18
بنموذج	18
بنهجه	18
بنهران	18
بنهو	18
بنوافذ	18
بنواياهم	18
بنوبات	18
بنوده	18
بنوري	18
بنوعيه	18
بنوعيها	18
بنيتها	18
بنيرة	18
بنيل	18
بنيناها	18
بنيوزيلاندا	18
بهاأكثر	18
بهادري	18
بهاراتيا	18
بهافانا	18
بهتافات	18
بهجرة	18
بهدر	18
بهدفي	18
بهدمه	18
بهدنة	18
بهزة	18
بهزيمة	18
بهزيمتها	18
بهشاشة	18
بهشتي	18
بهضم	18
بهكذا	18
بهلوانية	18
بهموم	18
بهواتف	18
بهوية	18
بهويتنا	18
بهويتها	18
بهياكله	18
بهيمنة	18
بوا	18
بواباته	18
بوابتها	18
بوابتي	18
بوابل	18
بواتييه	18
بواجباتهم	18
بواجبه	18
بواجه	18
بوارج	18
بواسل	18
بواشنطن	18
بوافر	18
بوافيستا	18
بواقعة	18
بوالده	18
بوالشعورحجز	18
بوان	18
بوبا	18
بوباء	18
بوبر	18
بوبكر	18
بوبليكوس	18
بوبوسنا	18
بوبوفا	18
بوبي	18
بوبيلا	18
بوبيولار	18
بوتريش	18
بوتس	18
بوتسيان	18
بوتو	18
بوتوماك	18
بوتيي	18
بوجا	18
بوجدان	18
بوجدة	18
بوجهات	18
بوجهي	18
بوحشية	18
بوحفص	18
بوحوش	18
بوخاطر	18
بوخرم	18
بوخنتاش	18
بوخوم	18
بودابست	18
بوداع	18
بوداوي	18
بودرة	18
بودشار	18
بودكاست	18
بودونغ	18
بوديان	18
بوديلسكي	18
بودينغ	18
بوذراع	18
بورا	18
بورتوفيق	18
بورتون	18
بورج	18
بوردون	18
بورشة	18
بورشه	18
بورصات	18
بورصفي	18
بورغسدورف	18
بورقلة	18
بورم	18
بورنشتين	18
بورنموث	18
بورنو	18
بوروديانكا	18
بوروينة	18
بورياليس	18
بوز	18
بوزارتي	18
بوزراء	18
بوزعكوك	18
بوزكادا	18
بوزكارن	18
بوزوك	18
بوزوية	18
بوزيان	18
بوزيدي	18
بوزيرة	18
بوس	18
بوستان	18
بوسط	18
بوسطة	18
بوسطه	18
بوسعادة	18
بوسعكم	18
بوسعها	18
بوسعهم	18
بوسعي	18
بوسكورة	18
بوسكوفيتش	18
بوسكيتس	18
بوسليماني	18
بوسي	18
بوسيف	18
بوشارب	18
بوشريط	18
بوشعيب	18
بوشنر	18
بوشنسكي	18
بوشهر	18
بوصة	18
بوصعب	18
بوصفة	18
بوصفنا	18
بوصفهم	18
بوصولهم	18
بوضياف	18
بوظيفة	18
بوعام	18
بوعريريج	18
بوعلي	18
بوعود	18
بوعودنا	18
بوعوده	18
بوعودهم	18
بوغاز	18
بوغلاف	18
بوغوتا	18
بوغورودكو	18
بوغينشوتز	18
بوف	18
بوفرة	18
بوقائع	18
بوقاعة	18
بوقريص	18
بوقرين	18
بوقفات	18
بوقفه	18
بوقنينة	18
بوكالتهم	18
بوكروني	18
بوكسينغ	18
بوكواسة	18
بوكوف	18
بوكينغ	18
بولاتوف	18
بولايتها	18
بولجاكوف	18
بولز	18
بولعيد	18
بولوارت	18
بولوك	18
بولية	18
بوليت	18
بوليتزر	18
بوليتكنيك	18
بوليدته	18
بوليس	18
بوليسيتش	18
بوليصة	18
بوليمرية	18
بوليوود	18
بومبال	18
بومرداس	18
بومصعة	18
بومعيز	18
بوملي	18
بومنجل	18
بومودورو	18
بون	18
بونا	18
بوناب	18
بونابرت	18
بوند	18
بوندسليجا	18
بوندي	18
بونسي	18
بونوا	18
بوهاني	18
بوهلس	18
بوو	18
بوياكا	18
بويتشينكو	18
بويته	18
بويش	18
بويل	18
بوينا	18
بوينج	18
بوينس	18
بويول	18
بيأس	18
بيئتنا	18
بيئي	18
بيات	18
بيادر	18
بياو	18
بيبيرين	18
بيتالوكا	18
بيترسهاجن	18
بيتروبوليس	18
بيتروفسكي	18
بيتس	18
بيتشي	18
بيتشينك	18
بيتعمل	18
بيتن	18
بيتنو	18
بيتهوفن	18
بيتوا	18
بيتونيا	18
بيتيت	18
بيثيسدا	18
بيجاسوس	18
بيجالسكي	18
بيجامة	18
بيجي	18
بيحادري	18
بيحميني	18
بيخلص	18
بيخيس	18
بيداغوجيا	18
بيداني	18
بيداوة	18
بيدروس	18
بيدري	18
بير	18
بيراي	18
بيربينيان	18
بيرتس	18
بيرتون	18
بيرجيك	18
بيرس	18
بيرسون	18
بيرسيلز	18
بيرغ	18
بيركلي	18
بيركنسون	18
بيرلا	18
بيرلين	18
بيرمان	18
بيرن	18
بيرناردو	18
بيرنامبوكو	18
بيرني	18
بيروبيدجان	18
بيروتا	18
بيروتخلال	18
بيروتي	18
بيروح	18
بيروقراطي	18
بيروقراطيون	18
بيروقراطيي	18
بيرول	18
بيريتيني	18
بيسارابوف	18
بيساري	18
بيست	18
بيسراه	18
بيسلي	18
بيشوي	18
بيشيل	18
بيصور	18
بيضات	18
بيطار	18
بيطان	18
بيطريين	18
بيطلع	18
بيعرى	18
بيغوم	18
بيقرأ	18
بيكا	18
بيكاردو	18
بيكسي	18
بيكهام	18
بيكيكس	18
بيلا	18
بيلاروسا	18
بيلاروسيين	18
بيلاف	18
بيلاي	18
بيلت	18
بيلسا	18
بيلغورود	18
بيلمار	18
بيلمان	18
بيلمر	18
بيلوبابا	18
بيلوبونيز	18
بيلينغهام	18
بيمناه	18
بيمي	18
بينالي	18
بينبوينت	18
بينتنا	18
بينخاش	18
بينس	18
بينشر	18
بينكت	18
بينهاـ	18
بينيتو	18
بينيلا	18
بيهم	18
بيهيتش	18
بيوبيلها	18
بيوتيك	18
بيورن	18
بيوفارم	18
بيولوجيا	18
بيومى	18
بيون	18
بيونتك	18
بييرو	18
تآخي	18
تآزري	18
تآكلت	18
تأبيني	18
تأتمر	18
تأثرنا	18
تأثرها	18
تأثيرهم	18
تأجل	18
تأجلت	18
تأخذك	18
تأخرها	18
تأخيرا	18
تأخيرات	18
تأديبه	18
تأديبي	18
تأديتهما	18
تأرجح	18
تأزم	18
تأزما	18
تأزمت	18
تأسر	18
تأسف	18
تأسفت	18
تأسيسي	18
تأشيرته	18
تأشيرتها	18
تأصيل	18
تأقلما	18
تأكيداته	18
تألفت	18
تألو	18
تأليفها	18
تأميم	18
تأهبها	18
تأهلها	18
تأهيله	18
تأهيلها	18
تأهيلهم	18
تأويلية	18
تأييدها	18
تؤديها	18
تؤسس	18
تؤشر	18
تؤكده	18
تؤمنهم	18
تؤهلني	18
تؤويني	18
تئن	18
تائهون	18
تاباس	18
تاباييفكا	18
تابت	18
تابعتان	18
تابعنا	18
تابل	18
تابوتها	18
تابوهات	18
تابي	18
تاتار	18
تاتشر	18
تاتليتوغ	18
تاتي	18
تاتيانا	18
تاثر	18
تاثير	18
تاجاني	18
تاجبل	18
تاجبون	18
تاجة	18
تاجس	18
تاجيس	18
تاخذ	18
تارا	18
تاراس	18
تارها	18
تارو	18
تاريخان	18
تاريخنا	18
تاريخهن	18
تازولت	18
تاسست	18
تاشومه	18
تافنكولت	18
تافيلالت	18
تاكاهاشي	18
تاكسي	18
تاكهيرو	18
تاكيده	18
تالة	18
تالمان	18
تالوين	18
تاليا	18
تاليفها	18
تاماس	18
تامانو	18
تامب	18
تامبا	18
تامبي	18
تامرلان	18
تاميديا	18
تاميل	18
تامين	18
تانغين	18
تانيا	18
تاو	18
تاي	18
تايبيه	18
تايتانيك	18
تايتل	18
تايس	18
تايسون	18
تايلاندي	18
تايلر	18
تايم	18
تايوانيا	18
تايون	18
تباحث	18
تبادلات	18
تبادلتا	18
تبادلوا	18
تباطأت	18
تباطؤا	18
تباغته	18
تبالغ	18
تباهى	18
تبتلعها	18
تبتلي	18
تبثها	18
تبجيل	18
تبحر	18
تبخيس	18
تبدت	18
تبدد	18
تبددت	18
تبدوشبيبة	18
تبديده	18
تبديدها	18
تبذبذات	18
تبذله	18
تبذلونه	18
تبرعت	18
تبرعوا	18
تبرك	18
تبرمها	18
تبريدها	18
تبزنيش	18
تبسي	18
تبعاتها	18
تبعتها	18
تبعثها	18
تبعدان	18
تبعهما	18
تبعيات	18
تبلسموا	18
تبلغنا	18
تبلغني	18
تبلغهم	18
تبلورت	18
تبلي	18
تبليسي	18
تبليغها	18
تبناها	18
تبنيه	18
تبوء	18
تبوأت	18
تبيافشيف	18
تبيانه	18
تبيد	18
تتآكل	18
تتأزم	18
تتأسس	18
تتألف	18
تتألق	18
تتأهب	18
تتابعون	18
تتالي	18
تتبادلان	18
تتبدد	18
تتبدل	18
تتبرع	18
تتبعتها	18
تتثبت	18
تتجاوزها	18
تتجرأ	18
تتجمد	18
تتجول	18
تتحد	18
تتحدد	18
تتحدنا	18
تتحركان	18
تتحسس	18
تتحضر	18
تتحطم	18
تتحملوا	18
تتحور	18
تتخبط	18
تتخصص	18
تتدحرج	18
تتدلى	18
تتدهور	18
تتذرع	18
تترأسها	18
تتراقص	18
تترجمها	18
تترقب	18
تتسارع	18
تتسامح	18
تتسببه	18
تتسرب	18
تتسلق	18
تتشدد	18
تتشدق	18
تتشممها	18
تتشهر	18
تتشوق	18
تتصالح	18
تتصرفوا	18
تتضافر	18
تتضمنها	18
تتطرق	18
تتطلعان	18
تتظافر	18
تتظامن	18
تتظاهر	18
تتعاقب	18
تتعاقد	18
تتعايش	18
تتعد	18
تتعرضن	18
تتعرضيله	18
تتعرف	18
تتعرى	18
تتعزز	18
تتعقب	18
تتغلغل	18
تتغنى	18
تتغيى	18
تتفرع	18
تتفشى	18
تتفهم	18
تتقارب	18
تتقاسمها	18
تتقاطر	18
تتقدمها	18
تتقصى	18
تتقلب	18
تتقلص	18
تتقيأ	18
تتكئ	18
تتكاتفوا	18
تتكشف	18
تتكفل	18
تتلاءم	18
تتلاعب	18
تتلاقى	18
تتلخص	18
تتلف	18
تتلمذ	18
تتلون	18
تتمأسس	18
تتماثل	18
تتمازج	18
تتمتعان	18
تتمخض	18
تتمنى	18
تتنازع	18
تتنازل	18
تتناسى	18
تتناقض	18
تتناقل	18
تتناقلها	18
تتهربوا	18
تتهمنا	18
تتهمهم	18
تتوازن	18
تتوالد	18
تتوثق	18
تتوحد	18
تتوسط	18
تتولاه	18
تتولاها	18
تتولد	18
تتويجا	18
تتويجها	18
تتيه	18
تثاقل	18
تثبته	18
تثبتها	18
تثبيته	18
تثبيتها	18
تثمينا	18
تثنيها	18
تجادل	18
تجادلت	18
تجاربها	18
تجاربهم	18
تجارتنا	18
تجارتها	18
تجارى	18
تجاريين	18
تجانس	18
تجانست	18
تجاهلا	18
تجاهنا	18
تجاههم	18
تجاههما	18
تجاوب	18
تجاوبا	18
تجاوزنا	18
تجبره	18
تجبرون	18
تجبى	18
تجتر	18
تجتز	18
تجدي	18
تجديده	18
تجرأوا	18
تجراي	18
تجرب	18
تجربتنا	18
تجربتهم	18
تجربتي	18
تجرع	18
تجرفنا	18
تجريب	18
تجريبي	18
تجريبيا	18
تجريبية	18
تجريدي	18
تجريدية	18
تجسده	18
تجسيده	18
تجسيدها	18
تجلطات	18
تجلياتها	18
تجمعت	18
تجميده	18
تجميدها	18
تجميعهم	18
تجنبت	18
تجنبتها	18
تجند	18
تجنيده	18
تجنيس	18
تجهيزها	18
تجولها	18
تجويد	18
تجويف	18
تجيد	18
تجيلك	18
تجييره	18
تحاسب	18
تحاصر	18
تحاصرنا	18
تحافظي	18
تحاك	18
تحالفها	18
تحاليل	18
تحبين	18
تحتاجها	18
تحتجزهم	18
تحتدم	18
تحترق	18
تحترمها	18
تحترمون	18
تحتفي	18
تحتمي	18
تحتوى	18
تحث	18
تحجيم	18
تحجيمه	18
تحدت	18
تحدثن	18
تحدثوا	18
تحدق	18
تحديثا	18
تحديدأولويات	18
تحديهم	18
تحذيراته	18
تحذيره	18
تحرج	18
تحرجه	18
تحررت	18
تحررنا	18
تحرره	18
تحرش	18
تحرشه	18
تحرقها	18
تحركاتها	18
تحركنا	18
تحركه	18
تحريرتجراي	18
تحريفية	18
تحسم	18
تحسيس	18
تحسيسي	18
تحسيسيا	18
تحسينات	18
تحسينها	18
تحصلهم	18
تحصنه	18
تحضيرا	18
تحضيراتهما	18
تحضيره	18
تحطمتا	18
تحظره	18
تحفظها	18
تحفظي	18
تحفل	18
تحفيزا	18
تحفيزالاستثمار	18
تحفيزية	18
تحفيظ	18
تحق	18
تحقيقان	18
تحقيقة	18
تحقيقين	18
تحكموا	18
تحلت	18
تحلله	18
تحللها	18
تحليتها	18
تحليقا	18
تحليليا	18
تحلينا	18
تحمس	18
تحمسه	18
تحملنا	18
تحميله	18
تحميه	18
تحميها	18
تحميهم	18
تحورات	18
تحوز	18
تحوزه	18
تحولنا	18
تحوله	18
تحولوا	18
تحويه	18
تحياتي	18
تحيدوا	18
تحيرنا	18
تحيق	18
تحيل	18
تخادمية	18
تخالفها	18
تخب	18
تخبأ	18
تخبرنا	18
تخبره	18
تختاره	18
تختبئ	18
تختبرها	18
تختبروا	18
تخترق	18
تختصر	18
تخدع	18
تخدمهم	18
تخرجها	18
تخرجي	18
تخزينها	18
تخصصا	18
تخصصاتهم	18
تخصصه	18
تخصنا	18
تخطوا	18
تخطوه	18
تخطيطه	18
تخفيضها	18
تخفيفات	18
تخلفا	18
تخللتها	18
تخليدا	18
تخليده	18
تخليه	18
تخليهم	18
تخمة	18
تخمينا	18
تخنق	18
تخوضان	18
تخوضه	18
تخوضها	18
تخوفنا	18
تخول	18
تخويف	18
تخويل	18
تخويلها	18
تخيلاتهم	18
تخيلها	18
تدأب	18
تدابيرها	18
تداخله	18
تداركوا	18
تداريبه	18
تداعت	18
تداولا	18
تدبيرية	18
تدخلاته	18
تدريباتها	18
تدريبنا	18
تدريبه	18
تدريبهم	18
تدريجية	18
تدشن	18
تدشينه	18
تدعمهم	18
تدعمهن	18
تدعوك	18
تدعوني	18
تدفعنا	18
تدفعهما	18
تدفعونه	18
تدقق	18
تدك	18
تدليك	18
تدم	18
تدمرت	18
تدميرية	18
تدن	18
تدنسه	18
تدنيس	18
تدهوره	18
تدويرها	18
تدويل	18
تدوينها	18
تديرون	18
تدينه	18
تذبذب	18
تذبذبات	18
تذروها	18
تذكاري	18
تذكرتم	18
تذكرنا	18
تذكري	18
تذكيرية	18
تذلل	18
تذمر	18
تذوق	18
تذويب	18
ترأستموها	18
ترؤس	18
ترابنا	18
تراتيل	18
تراثه	18
تراثها	18
تراثية	18
تراجعها	18
تراجيديا	18
تراخي	18
تراستا	18
تراسلوا	18
ترافالغار	18
ترافرز	18
ترافقت	18
ترافقه	18
ترافقها	18
ترافولتا	18
ترافيغورا	18
تراقص	18
تراقيا	18
تراكمية	18
ترامادول	18
ترانزيت	18
ترانساكشنز	18
تراود	18
ترايسي	18
تربتها	18
تربطنا	18
تربطهما	18
تربى	18
تربيون	18
ترتاح	18
ترتاد	18
ترتبت	18
ترتد	18
ترتديه	18
ترتر	18
ترتقي	18
ترتهن	18
ترتيباتك	18
ترجماته	18
ترجي	18
ترحيبه	18
ترحيله	18
ترحيلها	18
ترحيلهم	18
ترحيني	18
تردداته	18
ترزح	18
ترزق	18
ترسانته	18
ترسانتها	18
ترسخ	18
ترسي	18
ترسيخها	18
ترشحها	18
ترشيحا	18
ترشيحات	18
ترشيحه	18
ترشيحها	18
ترص	18
ترصيعات	18
ترضخ	18
ترطيب	18
ترعاها	18
ترعوي	18
ترف	18
ترفا	18
ترفد	18
ترفرف	18
ترفضها	18
ترفيه	18
ترفيهي	18
ترقق	18
ترقيتها	18
ترقيع	18
تركانت	18
تركاني	18
تركتني	18
تركتهما	18
تركر	18
تركك	18
تركمان	18
تركمانستان	18
تركماني	18
تركمنستان	18
تركناها	18
تركوها	18
تركيبه	18
تركيزا	18
تركيزات	18
تركيزك	18
تركيعه	18
تركيين	18
ترمسعيا	18
ترميها	18
ترنو	18
ترنوبسكي	18
ترها	18
ترهق	18
ترهن	18
تروبنيكوفا	18
تروث	18
تروسوفا	18
تروض	18
ترويجا	18
ترويجي	18
ترويض	18
ترويكا	18
ترويها	18
تريبل	18
تريدها	18
تريز	18
تريزيغيه	18
تريسي	18
تريض	18
تريفليان	18
تريفور	18
تريكي	18
تريم	18
ترينيداد	18
تزالا	18
تزالين	18
تزاوج	18
تزايدا	18
تزدحم	18
تزعج	18
تزعجه	18
تزعزع	18
تزعزعت	18
تزغرد	18
تزكيته	18
تزهو	18
تزو	18
تزودان	18
تزورنا	18
تزورها	18
تزويدنا	18
تزويدهما	18
تزيح	18
تزيدنا	18
تزيده	18
تزينت	18
تزييف	18
تزييفها	18
تساءلت	18
تساؤلا	18
تسابيت	18
تساعدهم	18
تساقطها	18
تسالة	18
تساند	18
تساوم	18
تسببا	18
تسببوا	18
تستأجره	18
تستبدل	18
تستبطن	18
تستبق	18
تستثار	18
تستثني	18
تستحثه	18
تستحدث	18
تستحضر	18
تستحقها	18
تستحقون	18
تستحوذ	18
تستخدموا	18
تستخلصها	18
تستذكر	18
تسترجع	18
تستطيعوا	18
تستطيعون	18
تستعجل	18
تستعدي	18
تستعيد	18
تستعيدها	18
تستعير	18
تستعيض	18
تستعين	18
تستغني	18
تستفز	18
تستقلها	18
تستمتع	18
تستنتج	18
تستنزف	18
تستنزفه	18
تستهدفه	18
تستهدفها	18
تستهين	18
تستورد	18
تستوردها	18
تستوقفنا	18
تسجله	18
تسجيلهم	18
تسجيلي	18
تسخر	18
تسديده	18
تسرد	18
تسردها	18
تسرف	18
تسرق	18
تسريبه	18
تسريحات	18
تسريرها	18
تسطيره	18
تسعيان	18
تسفايغ	18
تسفير	18
تسفيه	18
تسقيف	18
تسكتي	18
تسكنها	18
تسلكه	18
تسللوا	18
تسلمها	18
تسلموا	18
تسليحها	18
تسليطها	18
تسليمهم	18
تسليمهما	18
تسمعني	18
تسمعينهم	18
تسمه	18
تسمهم	18
تسمو	18
تسميم	18
تسندها	18
تسنغ	18
تسهيلا	18
تسوء	18
تسوده	18
تسوريف	18
تسوس	18
تسوقها	18
تسوقوا	18
تسوكوبا	18
تسول	18
تسويات	18
تسويتها	18
تسويد	18
تسيء	18
تسيخانوسكايا	18
تسيد	18
تسيديك	18
تسيرون	18
تسينغ	18
تسييء	18
تسييرهم	18
تسييسها	18
تسييل	18
تشأ	18
تشا	18
تشابانينكو	18
تشابل	18
تشابها	18
تشابههما	18
تشاحن	18
تشادية	18
تشارتر	18
تشاركوه	18
تشاركية	18
تشارنفيراكول	18
تشاكر	18
تشالز	18
تشامبرز	18
تشان	18
تشاهد	18
تشاهدوا	18
تشاوتشو	18
تشاور	18
تشاي	18
تشايس	18
تشايلد	18
تشاينا	18
تشايناليسيس	18
تشبث	18
تشبهار	18
تشبيب	18
تشتتها	18
تشترى	18
تشتغل	18
تشتهيك	18
تشتيت	18
تشجب	18
تشجيعه	18
تشحن	18
تشحنها	18
تشخيصهم	18
تشخيصي	18
تشددا	18
تشدنا	18
تشذيب	18
تشرتشل	18
تشردوا	18
تشرفت	18
تشركنا	18
تشريعي	18
تشريفية	18
تشطيب	18
تشعرك	18
تشغب	18
تشغلها	18
تشغيلات	18
تشغيلهم	18
تشغيلي	18
تشـنج	18
تشفى	18
تشفي	18
تشققات	18
تشكالوفسك	18
تشكك	18
تشكلهما	18
تشكيكا	18
تشكيله	18
تشلها	18
تشملها	18
تشنجات	18
تشهدا	18
تشهوم	18
تشهير	18
تشو	18
تشوبه	18
تشوبها	18
تشوتوكوا	18
تشوش	18
تشوكشي	18
تشوما	18
تشوماكوف	18
تشومر	18
تشون	18
تشونغجو	18
تشونمو	18
تشوه	18
تشوهات	18
تشوي	18
تشويقي	18
تشويهه	18
تشويهها	18
تشياباس	18
تشيانج	18
تشيانغ	18
تشيتشانو	18
تشيجوف	18
تشيرالسيرة	18
تشيرسكوفا	18
تشيرنوخين	18
تشيسكي	18
تشيفتشينكو	18
تشيكيا	18
تشيناكوتلا	18
تشيناليسيز	18
تشينشار	18
تشينغ	18
تشينغداو	18
تشينو	18
تشيني	18
تشييعه	18
تصابوا	18
تصاحبها	18
تصارعهم	18
تصاعدا	18
تصاعده	18
تصافح	18
تصالحها	18
تصبحا	18
تصحبها	18
تصحيحها	18
تصحيحية	18
تصدرة	18
تصديره	18
تصديقها	18
تصديه	18
تصرخ	18
تصريحاتهما	18
تصعب	18
تصعيدهم	18
تصعيدي	18
تصعيديا	18
تصفح	18
تصفها	18
تصفهم	18
تصفيتهم	18
تصفيف	18
تصفيفة	18
تصلنا	18
تصلهم	18
تصلهن	18
تصمت	18
تصمد	18
تصنعه	18
تصنفها	18
تصنفهما	18
تصنيفهم	18
تصوت	18
تصورها	18
تصون	18
تصويبة	18
تصويرية	18
تصيبنا	18
تصيح	18
تصيغ	18
تصيغها	18
تضاءل	18
تضاؤل	18
تضاعفت	18
تضامنه	18
تضامنهن	18
تضامنية	18
تضبط	18
تضبيط	18
تضحي	18
تضخمي	18
تضخيمه	18
تضربها	18
تضررهم	18
تضرروا	18
تضرعي	18
تضعان	18
تضعفك	18
تضعفه	18
تضعنا	18
تضـحيات	18
تضفى	18
تضفي	18
تضليله	18
تضماني	18
تضمنتها	18
تضمه	18
تطالبه	18
تطالعنا	18
تطالها	18
تطاولها	18
تطبع	18
تطبقها	18
تطبيعهم	18
تطبيقاتهم	18
تطحن	18
تطرأ	18
تطربه	18
تطريز	18
تطعن	18
تطعيمات	18
تطغى	18
تطفئ	18
تطلبها	18
تطلعاتهم	18
تطلعاتهما	18
تطلعه	18
تطلعوا	18
تطلقني	18
تطلقهم	18
تطنطن	18
تطوان	18
تطوره	18
تطورهم	18
تطوري	18
تطوعوا	18
تطويرا	18
تطويرهم	18
تطويع	18
تطييب	18
تظافر	18
تظاهرت	18
تظلله	18
تظلما	18
تظلمات	18
تظنون	18
تعادلت	18
تعادله	18
تعادي	18
تعارضان	18
تعارضه	18
تعارك	18
تعازي	18
تعازيكم	18
تعاضد	18
تعاطفه	18
تعاطفوا	18
تعاطوا	18
تعاطيها	18
تعافت	18
تعافى	18
تعالجهم	18
تعاملا	18
تعاملاته	18
تعانى	18
تعانيان	18
تعانيها	18
تعاهد	18
تعاود	18
تعاونهم	18
تعاونية	18
تعاويذ	18
تعبئته	18
تعبيرات	18
تعبيرية	18
تعتاش	18
تعتاض	18
تعتدي	18
تعتذر	18
تعتري	18
تعتقدها	18
تعتمدها	18
تعتنقها	18
تعجيزا	18
تعددهم	18
تعدم	18
تعدها	18
تعديات	18
تعديلا	18
تعديلاتهم	18
تعذيبهم	18
تعر	18
تعرضة	18
تعرضك	18
تعرضنا	18
تعرضهن	18
تعرفت	18
تعرفهم	18
تعرق	18
تعرقلون	18
تعريب	18
تعريفة	18
تعززه	18
تعزل	18
تعزو	18
تعسفا	18
تعسفيا	18
تعشعش	18
تعصبا	18
تعطش	18
تعطلها	18
تعطنا	18
تعطيش	18
تعطينا	18
تعـريفة	18
تعففا	18
تعفن	18
تعفي	18
تعقبت	18
تعقيمها	18
تعكسه	18
تعكسون	18
تعلمتها	18
تعلون	18
تعليقاتك	18
تعليقي	18
تعليمها	18
تعليمهم	18
تعليمي	18
تعمدوا	18
تعمقت	18
تعميقها	18
تعميما	18
تعميمها	18
تعنت	18
تعنته	18
تعنتهم	18
تعهدا	18
تعهداتها	18
تعهده	18
تعهدهما	18
تعودنا	18
تعوزها	18
تعوض	18
تعوق	18
تعويد	18
تعويضاتكم	18
تعويضاتهم	18
تعويضه	18
تعويم	18
تعويمه	18
تعوينت	18
تعي	18
تعيدنا	18
تعيدني	18
تعيسة	18
تعيشان	18
تغادرهم	18
تغامر	18
تغتفر	18
تغدية	18
تغذى	18
تغذيته	18
تغراي	18
تغرم	18
تغرنا	18
تغريب	18
تغريبة	18
تغريد	18
تغريده	18
تغريم	18
تغريمه	18
تغزل	18
تغسيلهم	18
تغشاه	18
تغص	18
تغطيات	18
تغطيته	18
تغلبت	18
تغلبه	18
تغلبهم	18
تغلف	18
تغمدها	18
تغمر	18
تغنت	18
تغنيه	18
تغنيهم	18
تغييرها	18
تغييريين	18
تفاؤله	18
تفاؤلهم	18
تفاجأت	18
تفاح	18
تفاحة	18
تفاخره	18
تفادى	18
تفاصيلها	18
تفاصيلهم	18
تفاعلها	18
تفاعلهم	18
تفانيها	18
تفانيهن	18
تفاهات	18
تفاهما	18
تفاوتت	18
تفاوضوا	18
تفاوضيا	18
تفتت	18
تفتتح	18
تفتحين	18
تفتخر	18
تفترض	18
تفتيت	18
تفتيشهما	18
تفتيشية	18
تفجرت	18
تفجيرا	18
تفجيرها	18
تفجيرية	18
تفجيرين	18
تفحص	18
تفحصهم	18
تفخيخ	18
تفردت	18
تفردها	18
تفرط	18
تفرغه	18
تفرقه	18
تفرقهم	18
تفريخ	18
تفريغه	18
تفسدها	18
تفشى	18
تفصلنا	18
تفصله	18
تفضلوا	18
تفضيلاتك	18
تفعلها	18
تفعلينه	18
تفعيلا	18
تفعيلها	18
تفقدا	18
تفقدت	18
تفقدها	18
تفقدهم	18
تفقدوا	18
تفككا	18
تفكيري	18
تفكيكي	18
تفلت	18
تفهمكم	18
تفهمه	18
تفهموه	18
تفوتك	18
تفوتنا	18
تفوح	18
تفوقها	18
تفوقوا	18
تفويج	18
تفيا	18
تفيها	18
تقابلي	18
تقاضت	18
تقاضيه	18
تقاضيهم	18
تقاطرت	18
تقاطعات	18
تقاعدت	18
تقاومان	18
تقبع	18
تقبلناها	18
تقتتل	18
تقتحم	18
تقترفه	18
تقتلع	18
تقتيش	18
تقد	18
تقدمانه	18
تقدمية	18
تقدمينه	18
تقديرتنا	18
تقديرنا	18
تقربنا	18
تقربها	18
تقريبية	18
تقزمنا	18
تقسيمة	18
تقسيمهم	18
تقشفية	18
تقصده	18
تقصدها	18
تقصدون	18
تقصم	18
تقصيرهم	18
تقطعها	18
تقطنها	18
تقطيع	18
تقعله	18
تقلان	18
تقله	18
تقليديين	18
تقليصها	18
تقليله	18
تقمص	18
تقمصها	18
تقنن	18
تقنيتنا	18
تقنين	18
تقنينها	18
تقنيي	18
تقهقر	18
تقودان	18
تقودهم	18
تقودوا	18
تقوع	18
تقولونه	18
تقوليش	18
تقولينه	18
تقوما	18
تقومان	18
تقوي	18
تقويرة	18
تقيمه	18
تقيمها	18
تقيمون	18
تقييدها	18
تقييما	18
تقييمكم	18
تقييمها	18
تكابد	18
تكافؤا	18
تكافئ	18
تكبد	18
تكبده	18
تكبيد	18
تكتسي	18
تكتشفها	18
تكتفوا	18
تكتيك	18
تكتيكيا	18
تكثفت	18
تكثيفها	18
تكديس	18
تكررا	18
تكرس	18
تكريره	18
تكريما	18
تكريمها	18
تكريميا	18
تكريمية	18
تكسبها	18
تكسره	18
تكسيره	18
تكفله	18
تكفيريا	18
تكلفتها	18
تكلفه	18
تكليفا	18
تكليفهم	18
تكليفهن	18
تكميلية	18
تكنة	18
تكنها	18
تكنهما	18
تكنولوجي	18
تكنيكالس	18
تكهنت	18
تكونت	18
تكوينات	18
تكوينها	18
تكويني	18
تكيس	18
تكيفوا	18
تلاحظه	18
تلاحقك	18
تلاشى	18
تلاعبتم	18
تلاقت	18
تلاميذها	18
تلب	18
تلبيها	18
تلتئم	18
تلتزما	18
تلتصق	18
تلتقط	18
تلتقطه	18
تلتقه	18
تلتمس	18
تلتهب	18
تلجا	18
تلخص	18
تلخيصها	18
تلدرة	18
تلزمهم	18
تلسكوبات	18
تلسكوبين	18
تلطيخ	18
تلطيفه	18
تلعبها	18
تلغ	18
تلغي	18
تلفزيونات	18
تلفزيونيا	18
تلفزيونيان	18
تلفظها	18
تلفيفها	18
تلفيق	18
تلفيقات	18
تلقوه	18
تلقيتها	18
تلقيناها	18
تلقيهما	18
تلمسها	18
تلملم	18
تلميذا	18
تلميذات	18
تلهمنا	18
تلوب	18
تلويحة	18
تلويحك	18
تلوين	18
تليجراف	18
تليفزيون	18
تليلات	18
تليلاني	18
تليهما	18
تليوبيردي	18
تليين	18
تمار	18
تمارة	18
تمارينهم	18
تمازيرت	18
تماطل	18
تمانع	18
تمبكتي	18
تمبلر	18
تمتثل	18
تمتحن	18
تمتلكان	18
تمثلان	18
تمثلتا	18
تمجد	18
تمجيد	18
تمجيده	18
تمخضت	18
تمدنا	18
تمدها	18
تمراني	18
تمردا	18
تمرر	18
تمركزات	18
تمري	18
تمريرها	18
تمسكه	18
تمسكهم	18
تمضية	18
تمعن	18
تمكننا	18
تمكني	18
تمكينهم	18
تملأه	18
تملؤها	18
تمليها	18
تمموا	18
تمنت	18
تمنحه	18
تمنحها	18
تمنحهم	18
تمنراست	18
تمنعنا	18
تمنعني	18
تمنعهم	18
تمنو	18
تمنياتنا	18
تمنياتها	18
تمنيهم	18
تمهيديا	18
تمهيدية	18
تموتي	18
تموروت	18
تموقعه	18
تمويلها	18
تمويلهم	18
تمويلي	18
تموينية	18
تمويه	18
تناثرت	18
تنازعت	18
تناسبهم	18
تناست	18
تناصر	18
تنافست	18
تنافسها	18
تنافسوا	18
تنافسي	18
تناقضا	18
تناقضهم	18
تناقل	18
تناقلت	18
تناولته	18
تناولك	18
تناولهم	18
تنبأ	18
تنبؤ	18
تنبئ	18
تنبض	18
تنبع	18
تنبهت	18
تنتصب	18
تنتصر	18
تنتظره	18
تنتظرها	18
تنتظرهم	18
تنتظرهن	18
تنتظروا	18
تنتقده	18
تنتقدها	18
تنتقص	18
تنته	18
تنتهج	18
تنتهيا	18
تنتوش	18
تنجر	18
تنجزه	18
تنجو	18
تنجيد	18
تنجينا	18
تنحاز	18
تنحسر	18
تنحو	18
تنحي	18
تنخر	18
تنخرط	18
تندر	18
تندكمة	18
تندمج	18
تندمل	18
تنديدها	18
تنزانيا	18
تنزف	18
تنزلق	18
تنسق	18
تنسقوا	18
تنسل	18
تنسيب	18
تنشب	18
تنشد	18
تنشدها	18
تنشغل	18
تنشيطية	18
تنصاع	18
تنصح	18
تنصلت	18
تنصيبه	18
تنطفئ	18
تنطلي	18
تنظيمة	18
تنظيمهم	18
تنظيمي	18
تنغسيري	18
تنغمس	18
تنغيص	18
تنف	18
تنفذه	18
تنفرد	18
تنفسي	18
تنفسية	18
تنفصل	18
تنفصم	18
تنفقه	18
تنفيذهم	18
تنفيذيون	18
تنفير	18
تنقب	18
تنقلاتهم	18
تنقلت	18
تنقله	18
تنقلهم	18
تنقلهما	18
تنقيب	18
تنقية	18
تنقيته	18
تنكره	18
تنكيس	18
تنموي	18
تنميتها	18
تنميطها	18
تنهمك	18
تنورة	18
تنوري	18
تنورين	18
تنوشاد	18
تنوعاتنا	18
تنويري	18
تنويريا	18
تني	18
تنير	18
تهاتف	18
تهاطل	18
تهافت	18
تهالكها	18
تهان	18
تهانينا	18
تهجيره	18
تهددني	18
تهددها	18
تهديداتها	18
تهديداتهم	18
تهديدها	18
تهرب	18
تهربهم	18
تهرع	18
تهريبه	18
تهريبها	18
تهز	18
تهزك	18
تهزم	18
تهطل	18
تهللو	18
تهلهل	18
تهمته	18
تهمل	18
تهنئتهم	18
تهيئتها	18
تهيب	18
تهيمن	18
توأمك	18
توابل	18
تواجدت	18
تواجهان	18
تواجهونها	18
توارد	18
تواردي	18
توازنا	18
توازنات	18
توازناته	18
توازنه	18
توازي	18
تواصلا	18
تواصله	18
تواطؤا	18
تواطؤهم	18
توافدوا	18
توافرت	18
توافره	18
توافقات	18
توافقهما	18
توافقوا	18
توافينا	18
تواقة	18
تواقيع	18
توانيتم	18
توبخ	18
توبراك	18
توبكس	18
توبكيوقلو	18
توبوليف	18
توبياس	18
توتة	18
توترا	18
توتشكا	18
توثقها	18
توجاني	18
توجتها	18
توجهاتها	18
توجهاتهم	18
توجهاتهن	18
توجههم	18
توجيذر	18
توجيها	18
توجيهاته	18
توجيههم	18
توجيهية	18
توحدنا	18
توحدوا	18
توديعه	18
تورا	18
توراتية	18
توربو	18
توربينات	18
تورسونزاده	18
تورشيتش	18
تورطها	18
تورطهما	18
توركوف	18
تورن	18
تورونتو	18
توريت	18
توريخون	18
توريرو	18
توريزم	18
توريس	18
توريط	18
تورين	18
تورينو	18
توزير	18
توزيرهم	18
توزيعه	18
توساش	18
توسعا	18
توسعية	18
توسعيين	18
توسكا	18
توسلوا	18
توسيالي	18
توسيعه	18
توسيعها	18
توشح	18
توشك	18
توشيبا	18
توصلتا	18
توصلية	18
توصياتها	18
توصيته	18
توضحي	18
توضيب	18
توضيبه	18
توضيحنا	18
توضيحي	18
توظفها	18
توظيب	18
توظيفات	18
توعوى	18
توعيتها	18
توغاي	18
توغلت	18
توغلها	18
توفا	18
توفوا	18
توفيا	18
توقعتها	18
توقعها	18
توقفنا	18
توقيعه	18
توكاريف	18
توكسين	18
توكلي	18
توكوبا	18
تولاهم	18
تولدها	18
تولستوي	18
تولو	18
تولوز	18
توليدية	18
توليكم	18
توماتين	18
توماهوك	18
تومبسون	18
تومسكايا	18
تومي	18
تومياسو	18
تون	18
تونتيث	18
تونجيجين	18
تونستال	18
تونسية	18
تونسيون	18
تونغاتابو	18
توهامي	18
توي	18
توينجي	18
تويوتا	18
تياجو	18
تياري	18
تياغو	18
تيام	18
تيانانمين	18
تيانجين	18
تيباس	18
تيبس	18
تيت	18
تيتان	18
تيتانيك	18
تيتسواكي	18
تيتوس	18
تيتي	18
تيجيرياس	18
تيدسا	18
تيدسارج	18
تيدي	18
تيرانا	18
تيرزا	18
تيرنر	18
تيريز	18
تيريزا	18
تيريك	18
تيريكا	18
تيز	18
تيسرها	18
تيسلا	18
تيسيره	18
تيش	18
تيشوما	18
تيغرسي	18
تيغوسيغالبا	18
تيفاني	18
تيفع	18
تيقا	18
تيكا	18
تيكوباوين	18
تيلابيا	18
تيلغراف	18
تيلو	18
تيلوبردي	18
تيماء	18
تيمات	18
تيمز	18
تيمقاد	18
تيمنا	18
تيمناع	18
تيمو	18
تيموثاوس	18
تيموثي	18
تيموشنت	18
تينا	18
تينرهرت	18
تينسلي	18
تيني	18
تينيريفي	18
تينيسي	18
تيواري	18
تيوت	18
تيودور	18
تيولبينا	18
ثائرة	18
ثابروا	18
ثاتشر	18
ثاروا	18
ثامر	18
ثامنا	18
ثانوس	18
ثباته	18
ثبوتية	18
ثرة	18
ثرثرة	18
ثرواتنا	18
ثرواتها	18
ثروت	18
ثروتنا	18
ثري	18
ثرية	18
ثريدنيدل	18
ثعالب	18
ثغامسا	18
ثقافةيوجد	18
ثقافيا	18
ثقبه	18
ثقبها	18
ثقتك	18
ثقلها	18
ثقيلةواعتبر	18
ثكنات	18
ثكنة	18
ثلا	18
ثلاثاء	18
ثلاثمئة	18
ثلثهم	18
ثلوج	18
ثماره	18
ثمانيني	18
ثمانينيات	18
ثمل	18
ثمنوا	18
ثمينا	18
ثنائها	18
ثنائيته	18
ثنياته	18
ثنيهم	18
ثوابت	18
ثوابتنا	18
ثوار	18
ثورته	18
ثورهوج	18
ثيتو	18
ثيرانوس	18
ثيسالونيكي	18
ثيلا	18
ثيمات	18
ثينك	18
ثيو	18
ثيوتاوميكرون	18
ثيوقراطي	18
جائت	18
جائزته	18
جابا	18
جابت	18
جابريل	18
جابن	18
جابنها	18
جابنهم	18
جادوت	18
جادون	18
جارتيها	18
جارغان	18
جارف	18
جارنر	18
جارور	18
جاروليني	18
جازان	18
جازبروم	18
جازيت	18
جاس	18
جاساما	18
جاسكيدي	18
جاسوس	18
جاسوسة	18
جاسيندا	18
جاغوي	18
جافا	18
جافلن	18
جاكسا	18
جاكنز	18
جاكويس	18
جاكيت	18
جالا	18
جالبي	18
جالت	18
جاليسيا	18
جاما	18
جامحا	18
جامحة	18
جامعية	18
جامعيين	18
جامل	18
جامي	18
جاناتا	18
جانبكم	18
جانبهما	18
جاني	18
جانيرو	18
جاهزا	18
جاهزيته	18
جاهزيتها	18
جاهزين	18
جاو	18
جاوا	18
جاورجيوس	18
جاي	18
جايسون	18
جايك	18
جايمس	18
جباتا	18
جبالها	18
جبايات	18
جباية	18
جبروت	18
جبرية	18
جبعيت	18
جبلون	18
جبلية	18
جبنون	18
جبهاتنا	18
جبهتك	18
جتنبه	18
جثتين	18
جثمانه	18
جثماني	18
جحافل	18
جحيشة	18
جدارة	18
جدارتها	18
جدارنا	18
جدرانه	18
جدلية	18
جدواه	18
جديته	18
جديدان	18
جديدك	18
جديده	18
جديدين	18
جديرون	18
جديها	18
جذاب	18
جذبت	18
جراؤه	18
جرابلس	18
جراحكم	18
جراحه	18
جراع	18
جراغ	18
جرافة	18
جرانت	18
جرانفيل	18
جرايم	18
جرجوس	18
جرجيس	18
جرذ	18
جرع	18
جرعاته	18
جرعاتها	18
جرعتهم	18
جرعتين	18
جرفته	18
جرمقاني	18
جرنا	18
جروحه	18
جروزاليم	18
جروف	18
جرونينجن	18
جريجوري	18
جريحان	18
جريصاتي	18
جريفين	18
جريك	18
جريمته	18
جريمتها	18
جرين	18
جرينتش	18
جرينر	18
جرينفيلد	18
جزءان	18
جزا	18
جزائريات	18
جزيء	18
جزيرتي	18
جسامة	18
جسدنا	18
جسمها	18
جسيمات	18
جشع	18
جعاد	18
جعبة	18
جعبته	18
جعبتهم	18
جعبتي	18
جعلتا	18
جعلتني	18
جعلتهم	18
جغبلو	18
جغميت	18
جفاساليا	18
جفال	18
جفعات	18
جلادة	18
جلاكسو	18
جلالتك	18
جلاوجي	18
جلاوك	18
جلبتها	18
جلستان	18
جلستين	18
جلسه	18
جلطة	18
جلوبو	18
جليدا	18
جليدي	18
جماجم	18
جماران	18
جمارك	18
جماعتين	18
جماعيا	18
جمالي	18
جمالياته	18
جمانة	18
جماهيرهم	18
جمجمال	18
جمده	18
جمره	18
جمشيد	18
جمعتهم	18
جمعوية	18
جمعيتا	18
جمعيتان	18
جمهورنا	18
جمهوري	18
جمهوريا	18
جمهوريتا	18
جمهوريتيهما	18
جميرا	18
جناحين	18
جناحيها	18
جنبات	18
جندت	18
جندرون	18
جندلمان	18
جنديات	18
جندينا	18
جنديهم	18
جنرالا	18
جنرالات	18
جنزور	18
جنسيتها	18
جنسيتهم	18
جنـيهات	18
جنوبه	18
جنوبها	18
جنوبين	18
جنوبيين	18
جنودنه	18
جنونيا	18
جنيفر	18
جنينالطقس	18
جهادي	18
جهاديا	18
جهادية	18
جهاديون	18
جهاديين	18
جهانغير	18
جهتنا	18
جهدك	18
جهدها	18
جهدوا	18
جهران	18
جهرمي	18
جهنمية	18
جهودهن	18
جهودي	18
جهيد	18
جوابرة	18
جوارحنا	18
جوارها	18
جوارهما	18
جواميسها	18
جواني	18
جوانينغ	18
جوتابايا	18
جوتشالك	18
جوتيريش	18
جوحي	18
جودتها	18
جودها	18
جوربا	18
جورباتشوف	18
جورجيت	18
جورجيفا	18
جورجينا	18
جورجينو	18
جورجيو	18
جوردون	18
جورينج	18
جوريون	18
جوزاف	18
جوزفالدو	18
جوزيبي	18
جوزيه	18
جوسكي	18
جوسيب	18
جوش	18
جوشكا	18
جوعان	18
جوعك	18
جوفينز	18
جوكشن	18
جوكو	18
جولاتها	18
جولاتهم	18
جولتنا	18
جولتها	18
جولدشتاين	18
جولدشميت	18
جولدن	18
جولى	18
جوليبا	18
جومانا	18
جومو	18
جوناثان	18
جوناييف	18
جوندا	18
جوندوجان	18
جونزاليس	18
جونغبينغ	18
جونكالو	18
جوهرها	18
جويرمو	18
جويس	18
جويلس	18
جياب	18
جياشة	18
جياكومو	18
جيانغجين	18
جيانفرانكو	18
جيانلوكا	18
جيبات	18
جيبتر	18
جيتراما	18
جيتكس	18
جيتيغين	18
جيثجي	18
جيجا	18
جيجليو	18
جيدين	18
جيراننا	18
جيرايس	18
جيرجيوس	18
جيرستن	18
جيرسي	18
جيرماس	18
جيرني	18
جيرى	18
جيري	18
جيرية	18
جيزيل	18
جيسن	18
جيسيكا	18
جيشهم	18
جيشين	18
جيغاإنتاج	18
جيفارا	18
جيفايا	18
جيفرسون	18
جيكا	18
جيكي	18
جيلا	18
جيلارمو	18
جيلبير	18
جيلدوسيف	18
جيلسومينا	18
جيلسون	18
جيلها	18
جيلهاوزن	18
جيلهم	18
جيلي	18
جيمز	18
جينا	18
جيناتنا	18
جينجر	18
جينر	18
جينز	18
جينسلر	18
جينك	18
جينكينز	18
جينوس	18
جينوم	18
جينومات	18
جينية	18
جينين	18
جينيوس	18
جيهون	18
جيوبنا	18
جيوبوليتكية	18
جيود	18
جيورجي	18
جيوسياسيا	18
جيوشها	18
جيولوجية	18
جيونغ	18
جييرمو	18
حائطية	18
حاباد	18
حابب	18
حابة	18
حاتمي	18
حاثة	18
حاثين	18
حاجاتها	18
حاجاتهم	18
حاجزة	18
حاجياتها	18
حاجياتهم	18
حادت	18
حادثتي	18
حادثي	18
حاذروا	18
حارات	18
حاربنا	18
حارسا	18
حازب	18
حازمة	18
حازوري	18
حاسمين	18
حاسوب	18
حاسوبها	18
حاسوت	18
حاشي	18
حاصباني	18
حاصرات	18
حاصرتها	18
حاضران	18
حاضرها	18
حاضرهم	18
حاضرون	18
حافته	18
حافز	18
حافزها	18
حافلا	18
حافلته	18
حالاتها	18
حالاتهم	18
حالتك	18
حالتنا	18
حالفته	18
حالفني	18
حالكة	18
حالن	18
حامت	18
حامي	18
حاميا	18
حاولا	18
حاييم	18
حبحاب	18
حبسهم	18
حبوبا	18
حبيبتك	18
حبيبتها	18
حبيبتي	18
حبيت	18
حبير	18
حبيسة	18
حتاتة	18
حتر	18
حترون	18
حتشبسوت	18
حتفهما	18
حتلال	18
حتمت	18
حثالاته	18
حثته	18
حثلين	18
حثيث	18
حجابها	18
حجار	18
حجازى	18
حجاوي	18
حجتهما	18
حجرات	18
حجزها	18
حجزوا	18
حجلان	18
حجمهم	18
حداثتها	18
حدان	18
حدتا	18
حدثونا	18
حددته	18
حددوها	18
حدرج	18
حدسه	18
حدودي	18
حدياب	18
حديبو	18
حديت	18
حديقته	18
حذا	18
حذائه	18
حذرتها	18
حذرنا	18
حذرهم	18
حذروه	18
حرابة	18
حراثة	18
حراراتها	18
حرارته	18
حراري	18
حراسات	18
حراساتهم	18
حراسته	18
حراستها	18
حراسها	18
حراكا	18
حراكه	18
حرامية	18
حراوي	18
حرباء	18
حربتا	18
حربنا	18
حردان	18
حردين	18
حرسه	18
حرصاء	18
حرصها	18
حرضت	18
حرفية	18
حرقة	18
حرقو	18
حركتي	18
حركنا	18
حركي	18
حرماتنا	18
حرمانه	18
حرمانها	18
حرمهم	18
حروبا	18
حروفية	18
حريا	18
حريات	18
حرياته	18
حريب	18
حريت	18
حريتنا	18
حريصان	18
حريقين	18
حريويده	18
حرييت	18
حزبون	18
حزبيين	18
حزقيال	18
حزما	18
حزمه	18
حساباتك	18
حسابي	18
حسبب	18
حسبن	18
حسبهم	18
حسبوا	18
حسما	18
حسناتكم	18
حسنى	18
حسينة	18
حسينخاجييف	18
حسيني	18
حشدا	18
حشده	18
حشدها	18
حشرات	18
حشرت	18
حشري	18
حشود	18
حشيشو	18
حصادها	18
حصارا	18
حصارييف	18
حصانتها	18
حصتهم	18
حصتي	18
حصدها	18
حصرون	18
حصصا	18
حصولهم	18
حصولهما	18
حصينا	18
حضاراتنا	18
حضارتنا	18
حضارتها	18
حضاريا	18
حضانات	18
حضري	18
حضنها	18
حضورهن	18
حضوري	18
حطت	18
حطمها	18
حطها	18
حطيط	18
حظرته	18
حظره	18
حظري	18
حظهم	18
حظوا	18
حظوظنا	18
حظوظه	18
حظيرتها	18
حفات	18
حفاوة	18
حفرآخر	18
حفرت	18
حفظكم	18
حفظهم	18
حفلها	18
حفيت	18
حفيدة	18
حفيدي	18
حقائبي	18
حقارتهم	18
حقاس	18
حقاص	18
حقاني	18
حقب	18
حقتت	18
حققا	18
حققوا	18
حققوها	18
حقلا	18
حقنه	18
حقوقا	18
حقوقهماستنطاق	18
حقوقيا	18
حقيبته	18
حقيبتها	18
حقيرة	18
حقيقيين	18
حقينة	18
حكار	18
حكرا	18
حكروش	18
حكمتهم	18
حكوماته	18
حكومتا	18
حكومتهم	18
حكوميون	18
حكوميين	18
حلاق	18
حلايقة	18
حلبا	18
حلبي	18
حلبية	18
حلحول	18
حلفاءه	18
حلفاؤنا	18
حلقاتها	18
حلقاتهم	18
حلقته	18
حلقتين	18
حلقهم	18
حلمنا	18
حلنا	18
حلواني	18
حلولهم	18
حليصي	18
حليفان	18
حليفتان	18
حليفته	18
حليفي	18
حليمي	18
حمائمية	18
حماده	18
حماسه	18
حماقة	18
حمامتين	18
حمايته	18
حمايتهم	18
حمايتهما	18
حمايلة	18
حمرين	18
حمضي	18
حملتنا	18
حملتهم	18
حملتهن	18
حملوها	18
حممه	18
حمودي	18
حموري	18
حموضة	18
حميدشي	18
حميدو	18
حميدوش	18
حميسي	18
حمينا	18
حمينة	18
حناش	18
حنامئيل	18
حنايشة	18
حنبعل	18
حنف	18
حنكة	18
حنون	18
حنينه	18
حوات	18
حواره	18
حوارها	18
حوارين	18
حواس	18
حواسب	18
حواسك	18
حوالات	18
حوامل	18
حوايج	18
حوتا	18
حوتي	18
حودة	18
حورة	18
حوزته	18
حوسبة	18
حوسفالدو	18
حوصر	18
حوكمته	18
حولهما	18
حولون	18
حوليو	18
حوميش	18
حومين	18
حويج	18
حويري	18
حويلي	18
حيادها	18
حيادية	18
حياضنا	18
حيتان	18
حيداروف	18
حيدان	18
حيدري	18
حيزها	18
حيكت	18
حيها	18
حيواناتهم	18
حيوانك	18
حيوانه	18
حيواني	18
حيوانية	18
حيويا	18
خائبة	18
خاتشاتريان	18
خاتمي	18
خاتمين	18
خاجي	18
خادشة	18
خادمات	18
خادمة	18
خادمتك	18
خارجيا	18
خارجيتهم	18
خارجيين	18
خارغون	18
خارقا	18
خاريتون	18
خاسرة	18
خاصتهم	18
خاصتين	18
خاصرة	18
خاصين	18
خاضا	18
خاضعا	18
خاضه	18
خاضوا	18
خاطئة	18
خاطبا	18
خاطرا	18
خاطرت	18
خاطرته	18
خاطفيه	18
خافض	18
خافيا	18
خالدي	18
خالطوا	18
خالفتك	18
خالين	18
خامئني	18
خاما	18
خامة	18
خامي	18
خانا	18
خانات	18
خانقا	18
خانوا	18
خانيونس	18
خباياها	18
خبثا	18
خبراتهم	18
خبرتهم	18
خبـراء	18
ختاما	18
خجلي	18
خجولة	18
خدائي	18
خداعه	18
خدما	18
خدماتنا	18
خدماتهم	18
خدماتية	18
خدمتكم	18
خدمن	18
خدني	18
خذلان	18
خذلت	18
خذير	18
خذيري	18
خرازي	18
خربشة	18
خربوشة	18
خرجتي	18
خرساني	18
خرشيش	18
خرطوش	18
خرقه	18
خرقها	18
خريج	18
خريجو	18
خريستو	18
خزانتك	18
خزانين	18
خزل	18
خزنادزور	18
خزنولين	18
خزين	18
خسائره	18
خسارات	18
خسارتنا	18
خسارتهم	18
خسروي	18
خشبيا	18
خشبية	18
خشيتها	18
خشيناه	18
خصائصة	18
خصائصها	18
خصاص	18
خصاف	18
خصروف	18
خصمت	18
خصمك	18
خصمها	18
خصوبة	18
خصوصيات	18
خصوصياته	18
خصوصيتها	18
خصوصيتهم	18
خصومهم	18
خصيصا	18
خضارا	18
خضايرية	18
خضروات	18
خضعا	18
خضعوا	18
خضوعهم	18
خضيرات	18
خضيري	18
خطابنا	18
خطابهم	18
خطار	18
خطاه	18
خطاها	18
خطاهم	18
خطبتها	18
خطرة	18
خططه	18
خطفها	18
خطنا	18
خطواته	18
خطواتها	18
خطواتهم	18
خطوبة	18
خطوتنا	18
خطوتها	18
خطوتين	18
خطوطها	18
خطيا	18
خطيرات	18
خطين	18
خــــلال	18
خفاقا	18
خفتت	18
خفضتها	18
خفضهما	18
خفوتها	18
خلائقك	18
خلاصات	18
خلاصتها	18
خلاصي	18
خلافهما	18
خلافية	18
خلاقة	18
خلالكم	18
خلالهم	18
خلالهما	18
خلايانا	18
خلاياها	18
خلبية	18
خلدا	18
خلففها	18
خلفهما	18
خلفياتها	18
خلوها	18
خلوهم	18
خليتها	18
خليجى	18
خليجيتين	18
خليفتها	18
خليلوزيتش	18
خلينا	18
خماسية	18
خمسينات	18
خمسينيات	18
خمسينية	18
خمينيستي	18
خناقنا	18
خنجر	18
خنشلةمديرية	18
خنق	18
خنكة	18
خوارزمي	18
خودائي	18
خوراسانجيان	18
خورشيد	18
خوسي	18
خوفت	18
خولصي	18
خوموتوفو	18
خي	18
خياراتنا	18
خيارك	18
خياطي	18
خيالاتهم	18
خيالي	18
خياما	18
خيامهم	18
خيانته	18
خيبات	18
خيتافي	18
خيثر	18
خيخون	18
خيريا	18
خيضت	18
خيم	18
خيمينيا	18
خيوطها	18
داؤود	18
دائرتها	18
دائرتي	18
دائرية	18
دائمين	18
داباي	18
دابليو	18
داخلهم	18
داخلين	18
دادا	18
دادلي	18
دارتا	18
دارته	18
دارداك	18
داركو	18
دارلينغ	18
دارمانان	18
دارنيتسكي	18
داروين	18
داريل	18
دازور	18
داس	18
داست	18
داسجوبتا	18
داشكسان	18
داعشنا	18
داعشي	18
داعشيا	18
داعمون	18
داغ	18
داغوريتي	18
دافئ	18
دافعنا	18
دافيدوفيتش	18
داك	18
داكلان	18
دالاتي	18
دالسان	18
دالنيك	18
دالوت	18
دالي	18
دالية	18
داليتش	18
دامعة	18
دامغة	18
دامفريس	18
دامل	18
داميا	18
داميبا	18
دانا	18
دانت	18
دانغيلو	18
دانكنر	18
دانكيرت	18
دانو	18
دانيا	18
دانيل	18
دانيلوف	18
دانييلا	18
داهم	18
داهمته	18
داهمتها	18
داهمها	18
داهي	18
داوسون	18
داون	18
داوننغ	18
داوني	18
دايان	18
دايفيز	18
دايفيس	18
دايلي	18
دباغ	18
دباغين	18
دبك	18
دبلن	18
دبلوماسييه	18
دبيبة	18
دجاج	18
دجوكوفيتش	18
دجيبو	18
دحان	18
دحره	18
دحرهم	18
دحو	18
دخانا	18
دخلك	18
دخلوله	18
دخولك	18
دخيلة	18
درابي	18
دراجاتهم	18
دراجتك	18
دراجتين	18
دراجينا	18
دراساته	18
دراساتهم	18
دراغ	18
دراغاهي	18
دراغوفسكي	18
دراغونوف	18
دراغوني	18
دراميا	18
درامية	18
درايته	18
درايتهم	18
دراير	18
درباس	18
دربال	18
دربت	18
دربهم	18
درجاتها	18
درجال	18
درجت	18
درجتي	18
دردشة	18
درزود	18
درزي	18
درسوا	18
درسي	18
درعة	18
درعها	18
درغام	18
درفوف	18
درقية	18
درو	18
دروات	18
دروب	18
دروتها	18
درور	18
دروز	18
دروسا	18
دروع	18
دروغ	18
درونز	18
دريسدن	18
دريوش	18
دزاير	18
دزخار	18
دزور	18
دسترة	18
دستوريا	18
دستوريين	18
دعائية	18
دعابة	18
دعمتها	18
دعمك	18
دعمهما	18
دعموا	18
دعنا	18
دعواته	18
دعواتها	18
دعوتنا	18
دعوية	18
دعيا	18
دغلس	18
دغيم	18
دفئا	18
دفاعاتهم	18
دفاعتنا	18
دفاعيا	18
دفتريا	18
دفشتهم	18
دفعتين	18
دفعن	18
دفعناه	18
دفعهما	18
دفعوا	18
دفقها	18
دفنوا	18
دفني	18
دفوع	18
دفيئة	18
دقات	18
دقته	18
دقتها	18
دققوا	18
دقلة	18
دقلو	18
دقو	18
دقيقين	18
دكتاتور	18
دكتور	18
دكو	18
دلال	18
دلالاته	18
دلالاتها	18
دلالتك	18
دلالتين	18
دلشاد	18
دلير	18
دماغ	18
دمبلدور	18
دمجوه	18
دمرتم	18
دمرها	18
دمعتي	18
دمهم	18
دموعهم	18
دميبة	18
دميتها	18
دنست	18
دنسوا	18
دنورة	18
دنورث	18
دنيبروبتروفسك	18
دنيبروبتروفيسك	18
دنيستر	18
دهارما	18
دهان	18
دهسته	18
دهسه	18
دهشته	18
دهقاني	18
دهليز	18
دهمت	18
دهموس	18
دوا	18
دوائرهم	18
دواجن	18
دوارة	18
دوافعها	18
دوالا	18
دوايت	18
دوبريه	18
دوبويترين	18
دودن	18
دوربان	18
دورتين	18
دورجي	18
دورك	18
دورو	18
دوروثي	18
دوروف	18
دورون	18
دورياته	18
دورياتها	18
دورين	18
دوسا	18
دوستويفسكي	18
دوسلدورف	18
دوسه	18
دوغ	18
دوف	18
دوفو	18
دوقة	18
دولاتشاهي	18
دولبي	18
دولتا	18
دولتان	18
دوللي	18
دولور	18
دولين	18
دوليون	18
دوليين	18
دوم	18
دوماديوس	18
دوماس	18
دوماكوندا	18
دوماني	18
دومراني	18
دومسكاجا	18
دومولان	18
دومينيل	18
دونا	18
دونالدسون	18
دونتيسك	18
دونجا	18
دونورماندي	18
دونية	18
دونيتسيك	18
دونيز	18
دونيو	18
دوهان	18
دويتش	18
دويتشلاند	18
دويكات	18
دويلات	18
دوين	18
دويها	18
ديارك	18
دياره	18
ديارها	18
دياغنوفارما	18
ديالو	18
ديانغ	18
ديباب	18
ديبارديو	18
ديبالا	18
ديبرا	18
ديبو	18
ديبورتيفو	18
ديبي	18
ديتمار	18
ديدان	18
ديدة	18
ديدنهم	18
ديراستيا	18
ديرغاتشي	18
ديرمر	18
ديريك	18
ديزاد	18
ديزر	18
ديزونغليه	18
ديزيرت	18
ديسارنو	18
ديستان	18
ديسكالزي	18
ديسكفري	18
ديسكوفر	18
ديسمبربدعوى	18
ديسيل	18
ديغر	18
ديف	18
ديفاينت	18
ديفد	18
ديفلمبيكس	18
ديفنس	18
ديفو	18
ديفون	18
ديفي	18
ديفيزا	18
ديكارلو	18
ديكتاتور	18
ديكل	18
ديكنسن	18
ديكوراتها	18
ديلا	18
ديلارد	18
ديلان	18
ديلسي	18
ديلمي	18
ديلو	18
ديليفرو	18
ديمبيلي	18
ديمة	18
ديمترو	18
ديمقراط	18
ديمقراطيات	18
ديموقراطي	18
ديموقراطية	18
ديموكراسي	18
ديمومة	18
ديمي	18
ديميتري	18
ديناصورات	18
دينامي	18
ديناميك	18
ديناميكيتها	18
دينزل	18
دينس	18
دينق	18
دينما	18
دينيا	18
ديوانها	18
ديوب	18
ديوتي	18
دييجو	18
دييم	18
ذئاب	18
ذائعة	18
ذاتك	18
ذاع	18
ذاكرتها	18
ذاكرتي	18
ذبيح	18
ذخيرته	18
ذخيرتها	18
ذخيرتهم	18
ذريعا	18
ذس	18
ذك	18
ذكائها	18
ذكراها	18
ذكرة	18
ذكرياتهم	18
ذنبنا	18
ذهابها	18
ذهبيتين	18
ذهنها	18
ذهني	18
ذهول	18
ذهوله	18
ذياب	18
ذيابات	18
ذيب	18
رأب	18
رأسماله	18
رأية	18
رؤاه	18
رؤاهم	18
رؤساءك	18
رؤساؤها	18
رؤوسا	18
رؤوفين	18
رؤيتهما	18
رئاستكم	18
رئاستها	18
رئاستي	18
رئاسىة	18
رئاسيا	18
رئاسيات	18
رئة	18
رئتيه	18
رئوي	18
رئيساوالحكام	18
رئيستا	18
رائجة	18
رائدا	18
رائف	18
رابطا	18
رابيدان	18
راتبا	18
راتس	18
راتشيل	18
راتكليف	18
راتن	18
راتنيك	18
راجاباكسه	18
راجستان	18
راجشاهي	18
راجكوماري	18
راجلة	18
راجي	18
راحا	18
راحتي	18
راداري	18
رادارية	18
رادعا	18
رادولوفيتس	18
رادونيتش	18
رادي	18
راديكالية	18
راديوية	18
راز	18
رازفوجاييف	18
رازيل	18
راسب	18
راسخا	18
راسيسكايا	18
راسيل	18
راشدي	18
راشنو	18
راشيا	18
راصد	18
راضة	18
راضون	18
راضي	18
راعا	18
راعني	18
راعيان	18
راعيتها	18
راعينا	18
راعيي	18
راغبين	18
رافائليانوالميقاتي	18
رافايل	18
رافدا	18
رافضين	18
رافعوا	18
رافقتها	18
رافقوا	18
رافينا	18
رافينها	18
راقب	18
راقبت	18
راقبته	18
راقصون	18
راكبة	18
راكبي	18
راكد	18
راكمت	18
راكمته	18
رامافوسا	18
رامبود	18
رامة	18
رامكين	18
رامى	18
راميريز	18
رانتشي	18
رانج	18
راند	18
راندال	18
راندة	18
رانغار	18
رانغنيك	18
رانكين	18
رانيا	18
راهن	18
راهنت	18
راهول	18
راولز	18
رايان	18
رايثيون	18
رايدر	18
رايسا	18
رايــة	18
رايـــة	18
رايل	18
رايلا	18
رايموند	18
راين	18
رايندرز	18
رايولا	18
رباب	18
رباعيات	18
ربايعة	18
ربتها	18
ربحي	18
ربحيته	18
ربطات	18
ربطة	18
ربطهم	18
ربطوا	18
ربوعه	18
ربيعا	18
ربيكا	18
رتبتها	18
رتقتها	18
رتقها	18
رتيبا	18
رجاثي	18
رجاحة	18
رجالات	18
رجام	18
رجحوا	18
رجلة	18
رجيب	18
رجيلة	18
رحالة	18
رحبانيوتواجد	18
رحلاتنا	18
رحلتين	18
رحماء	18
رحمتها	18
رحمون	18
رحمي	18
رحوي	18
رحيـل	18
رحيلة	18
رحيلها	18
رحيموف	18
رخشانه	18
رخشنه	18
رداءة	18
رداع	18
ردح	18
ردد	18
ردعه	18
ردفورد	18
ردهات	18
ردودا	18
ردوده	18
رسالتنا	18
رسالتي	18
رساما	18
رستكار	18
رسمتها	18
رسو	18
رسولوف	18
رسوما	18
رسومها	18
رشاوى	18
رشت	18
رشحنا	18
رشدكم	18
رشفة	18
رشقات	18
رشقوا	18
رشقوها	18
رصابة	18
رصاصاتهم	18
رصاصته	18
رصاصكم	18
رصاصه	18
رصدتها	18
رصدهم	18
رصدوا	18
رصفها	18
رصيدا	18
رصيدها	18
رضخوا	18
رضوم	18
رضوي	18
رضيعا	18
رضيم	18
رطيل	18
رعاها	18
رعايا	18
رعب	18
رعته	18
رعيها	18
رعيهم	18
رغباتك	18
رغباتهم	18
رغبتهما	18
رغبنا	18
رغبوا	18
رفاة	18
رفاقها	18
رفاهة	18
رفضتم	18
رفضته	18
رفضتها	18
رفضكم	18
رفضنا	18
رفعات	18
رفقائه	18
رفقتها	18
رفيدة	18
رفيعتين	18
رقاقة	18
رقام	18
رقبتي	18
رقع	18
رقمك	18
رقمه	18
رقمي	18
رقميا	18
ركائر	18
ركابي	18
ركضنا	18
ركلتي	18
ركنيات	18
ركون	18
رلى	18
رماتنا	18
رمرم	18
رمزه	18
رمزيته	18
رمضاندعم	18
رمضاني	18
رمضانية	18
رمقه	18
رمك	18
رملي	18
رميها	18
رندلى	18
رنين	18
رهانات	18
رهف	18
رهينهارت	18
رو	18
روائي	18
رواجا	18
رواده	18
رواسب	18
روافده	18
روان	18
رواياتها	18
روبرتس	18
روبرتسون	18
روبلوكس	18
روبليدو	18
روبن	18
روبوت	18
روبوتاتهم	18
روبيجنايا	18
روبيرت	18
روبيرتو	18
روبيو	18
روتا	18
روتردام	18
روتلاند	18
روته	18
روتينها	18
روتينهم	18
روثكو	18
روج	18
روجر	18
روجن	18
روجوا	18
روجيريو	18
روحانا	18
روخشانة	18
رودريجيز	18
رودريغو	18
رودريغيز	18
رودز	18
رودني	18
روديغير	18
رودينكو	18
روزا	18
روزاليند	18
روزاموند	18
روزنتال	18
روسآتوم	18
روساكوفا	18
روستام	18
روسكونغريس	18
روسنفط	18
روسوس	18
روسيتان	18
روسيتين	18
روسيسكايا	18
روسيكيي	18
روسيل	18
روسيون	18
روغ	18
روغان	18
روغوزين	18
روفائيل	18
روقا	18
روقبت	18
روكسانا	18
روكستروم	18
روكي	18
روكيت	18
رولز	18
رولي	18
روليس	18
رومانسي	18
رومانسية	18
رومانوس	18
روميلو	18
رومينيغه	18
رووداو	18
رويان	18
رويبة	18
رويتزر	18
رويز	18
رويس	18
رويسكي	18
رياحها	18
رياحي	18
ريادتها	18
رياديات	18
ريازان	18
رياش	18
رياضيي	18
ريانه	18
ريباكينا	18
ريبريف	18
ريبلي	18
ريبليز	18
ريبوبليكا	18
ريبورتر	18
ريت	18
ريتا	18
ريتز	18
ريتش	18
ريتشاردسون	18
ريتشي	18
ريجنسي	18
ريحهم	18
ريد	18
ريدج	18
ريدرز	18
ريدل	18
ريدلي	18
ريزنيشنكو	18
ريزنيكوف	18
ريزورتس	18
ريسيرتش	18
ريشار	18
ريشت	18
ريشتها	18
ريشنثالر	18
ريغ	18
ريغن	18
ريغوبر	18
ريغيف	18
ريفرز	18
ريفنوبيليا	18
ريفني	18
ريفيفيكور	18
ريفيو	18
ريك	18
ريكا	18
ريكادرو	18
ريم	18
ريمكس	18
ريمون	18
ريموند	18
ريمونيم	18
ريمي	18
رينات	18
رينارد	18
رينبو	18
رينتون	18
رينفي	18
رينو	18
رينوسا	18
رينيه	18
ريهوبوث	18
زائرين	18
زائف	18
زاحفة	18
زاخر	18
زادورينكو	18
زارا	18
زارته	18
زارتها	18
زارها	18
زاروها	18
زاعما	18
زافيزدا	18
زاك	18
زاكا	18
زاكرس	18
زاكوردايف	18
زاكي	18
زاكيروني	18
زاماتا	18
زاندبرغ	18
زاو	18
زاوجت	18
زاويتن	18
زايدا	18
زايدل	18
زبوريجيا	18
زبون	18
زبونا	18
زبيدزاده	18
زبيدزودة	18
زتر	18
زجاجات	18
زجاجها	18
زجاجية	18
زحايقة	18
زحفه	18
زحفها	18
زحلاف	18
زخرون	18
زخريا	18
زخمها	18
زدران	18
زرازير	18
زراعتنا	18
زراعتها	18
زرالدة	18
زرداري	18
زرعتها	18
زرعوا	18
زرقا	18
زركون	18
زرواطي	18
زطالب	18
زعتر	18
زعزعت	18
زعلان	18
زعلاني	18
زعلانين	18
زعنفة	18
زعيتر	18
زغذود	18
زغرب	18
زغردت	18
زغيب	18
زفافه	18
زفافها	18
زفافهما	18
زفونكوف	18
زفير	18
زفيزدا	18
زفيزف	18
زكة	18
زكيم	18
زلتم	18
زلفيا	18
زلنسكي	18
زليخة	18
زمانية	18
زمة	18
زمردة	18
زملاؤه	18
زملاؤها	18
زملائك	18
زملائي	18
زملة	18
زمنيا	18
زمنين	18
زموري	18
زميلا	18
زميلة	18
زميلتها	18
زميلي	18
زميليه	18
زناتي	18
زناد	18
زنازين	18
زنازينهم	18
زنزانات	18
زنوتا	18
زها	18
زهران	18
زهيب	18
زهيدة	18
زواتين	18
زوادته	18
زواره	18
زوالا	18
زوبا	18
زوبير	18
زوجاتهم	18
زوجو	18
زوخ	18
زود	18
زودنا	18
زودها	18
زودي	18
زوروف	18
زوكربرغ	18
زوم	18
زون	18
زووم	18
زويقسكي	18
زويليك	18
زيا	18
زياتها	18
زيارتك	18
زيارتنا	18
زيارتهما	18
زيارتين	18
زيارتيه	18
زيامة	18
زيباري	18
زيبي	18
زيتوني	18
زيتية	18
زيدوني	18
زيريان	18
زيطوط	18
زيكا	18
زيلاند	18
زيلر	18
زيلنسكي	18
زيمر	18
زينات	18
زيناتولين	18
زينل	18
زينوفييف	18
زيه	18
سأبدأ	18
سأبقى	18
سأبقي	18
سأتحدث	18
سأتحرك	18
سأتعرض	18
سأجيب	18
سأحاول	18
سأحدثك	18
سأستغلها	18
سأستمر	18
سأسلم	18
سأشارك	18
سأضرب	18
سأضع	18
سأطرد	18
سأقاوم	18
سأقضي	18
سأقول	18
سأقوم	18
سأكف	18
سألعب	18
سألوني	18
سأموت	18
سأواجه	18
سأوقد	18
سؤالان	18
سئمت	18
سا	18
سائحان	18
سائدة	18
سائرون	18
سائلين	18
سابعا	18
سابفو	18
سابقاتها	18
سابقون	18
سابل	18
سابين	18
ساترفيلد	18
ساتورب	18
ساتون	18
ساجيتاريوس	18
ساجيفان	18
ساحته	18
ساحتين	18
ساحقا	18
ساحلي	18
ساحلية	18
ساخالين	18
ساخرة	18
سادار	18
ساداناند	18
سادتها	18
ساذجين	18
ساراتوجا	18
ساراسوتا	18
سارعت	18
سارمات	18
ساروج	18
ساسكس	18
ساسيفات	18
ساسيني	18
ساشا	18
ساطعة	18
ساعاتكم	18
ساعاته	18
ساعدتك	18
ساعدته	18
ساعدتها	18
ساعدنا	18
ساعو	18
ساغوا	18
سافرا	18
سافرنا	18
سافوليوك	18
ساقتك	18
ساقك	18
ساقين	18
ساكا	18
ساكاشفيلي	18
ساكرامنتو	18
ساكنيها	18
ساكيتش	18
سالاري	18
سالب	18
سالومون	18
ساليا	18
ساليرنو	18
ساليسو	18
ساليفان	18
ساماج	18
سامان	18
سامانثا	18
سامبا	18
سامبي	18
سامرين	18
ساموي	18
سامويلنكو	18
سامينا	18
سانتا	18
سانتورو	18
سانتون	18
سانتيس	18
سانتيش	18
سانجاي	18
ساندت	18
ساندتهم	18
ساندرا	18
ساندرز	18
ساندوا	18
سانشاز	18
سانشو	18
سانشير	18
ساها	18
ساهرة	18
ساهمنا	18
ساو	18
ساوباولو	18
ساوة	18
ساوثامبتون	18
ساي	18
سايبام	18
سايحي	18
سبائك	18
سباحي	18
سبارتاك	18
سبارطا	18
سباسكي	18
سباكة	18
سباليتي	18
سباهي	18
سبايكيد	18
سببان	18
سببت	18
سبحا	18
سبحانة	18
سبرديت	18
سبرينجز	18
سبرينغ	18
سبسطية	18
سبعينات	18
سبعيني	18
سبقهم	18
سبقوه	18
سبقوهم	18
سبلا	18
سبوتة	18
سبورتينج	18
سبيدي	18
سبيطلة	18
سبيكرات	18
سبينو	18
ستأخذه	18
ستأكل	18
ستؤجج	18
ستؤذي	18
ستؤلف	18
ستؤمن	18
ستات	18
ستاتنز	18
ستاتيستا	18
ستاتين	18
ستاد	18
ستارته	18
ستارجنإن	18
ستارجنإنها	18
ستارلنيك	18
ستارمر	18
ستاروفويت	18
ستامفورد	18
ستامينا	18
ستاندرد	18
ستانلي	18
ستانيسلاف	18
ستانيك	18
ستاوي	18
ستايت	18
ستايل	18
ستباع	18
ستبت	18
ستبدو	18
ستبذل	18
ستبذلها	18
ستبلغ	18
ستتألق	18
ستتأهل	18
ستتابع	18
ستتاح	18
ستتبدل	18
ستتبع	18
ستتبعها	18
ستتجنب	18
ستتجه	18
ستتحدث	18
ستتحسن	18
ستتحمل	18
ستتحملها	18
ستتخذه	18
ستتخرج	18
ستترتب	18
ستتسبب	18
ستتضرر	18
ستتضمنهم	18
ستتعثر	18
ستتعدي	18
ستتعزز	18
ستتقدم	18
ستتقرب	18
ستتكفل	18
ستتكون	18
ستتلاقى	18
ستتلقى	18
ستتمثل	18
ستتمكنون	18
ستتنافس	18
ستتناقض	18
ستتهاوى	18
ستتواجد	18
ستتواصل	18
ستتوسع	18
ستثبت	18
ستثمر	18
ستجدهم	18
ستجرى	18
ستجريها	18
ستجعلنا	18
ستجلب	18
ستجنب	18
ستحاسب	18
ستحتضنها	18
ستحد	18
ستحددها	18
ستحرص	18
ستحرم	18
ستحصلان	18
ستحظى	18
ستحقق	18
ستخبرك	18
ستختار	18
ستختاره	18
ستختبر	18
ستختتم	18
ستخدم	18
ستخرج	18
ستخلق	18
ستخلو	18
ستخوض	18
ستدعو	18
ستدمج	18
ستدين	18
ستذاع	18
ستراذارز	18
ستراسبورغ	18
سترايب	18
سترايك	18
سترتقى	18
سترجح	18
سترفض	18
ستركها	18
ستروك	18
ستروير	18
ستريبوفكا	18
ستريدا	18
ستريكلاند	18
ستريموسوف	18
سترينجر	18
سترينر	18
ستزودهم	18
ستسارع	18
ستساعدنا	18
ستستأنفان	18
ستستثمر	18
ستستخدمها	18
ستستغرقها	18
ستستغل	18
ستستفيد	18
ستستقر	18
ستسحب	18
ستسرح	18
ستسفر	18
ستسلم	18
ستسير	18
ستشاستي	18
ستشحن	18
ستشدد	18
ستشرع	18
ستصادر	18
ستصب	18
ستصعد	18
ستصوت	18
ستضخ	18
ستضرب	18
ستضطلع	18
ستضغط	18
ستضم	18
ستضمن	18
ستضيف	18
ستطالب	18
ستطبق	18
ستطرح	18
ستطلب	18
ستطلعها	18
ستطلقها	18
ستطول	18
ستعارض	18
ستعارضه	18
ستعالجهم	18
ستعاني	18
ستعجز	18
ستعرفون	18
ستعززان	18
ستعقبها	18
ستعقده	18
ستعني	18
ستعيش	18
ستغرق	18
ستغطي	18
ستفاجئك	18
ستفرزه	18
ستفشل	18
ستفقأ	18
ستفقد	18
ستفوز	18
ستفوق	18
ستفيد	18
ستقاطع	18
ستقترن	18
ستقرر	18
ستقضي	18
ستقع	18
ستقل	18
ستقولون	18
ستكذب	18
ستكلفها	18
ستكونان	18
ستلاحظون	18
ستلاقي	18
ستلتئم	18
ستلتزم	18
ستلتقي	18
ستلغي	18
ستلقي	18
ستمتلك	18
ستمتنع	18
ستمس	18
ستمهد	18
ستناقش	18
ستنحو	18
ستنخفض	18
ستندلع	18
ستندم	18
ستنشئ	18
ستنطلقون	18
ستنطلي	18
ستنظمه	18
ستنعش	18
ستنعقد	18
ستنعكس	18
ستنفد	18
ستنهايس	18
ستهدأ	18
ستهدر	18
ستهم	18
ستواجهان	18
ستواجهها	18
ستوافق	18
ستوب	18
ستوسع	18
ستوضح	18
ستوضع	18
ستوفر	18
ستوفره	18
ستوكس	18
ستوكسنت	18
ستوني	18
ستي	18
ستيدا	18
ستيرجس	18
ستيرجن	18
ستيغتر	18
ستيفنز	18
ستيلانتيس	18
ستيمسون	18
ستينكي	18
ستينو	18
ستيني	18
ستينيات	18
ستينية	18
سثجل	18
سجاد	18
سجادات	18
سجال	18
سجلا	18
سجلاتها	18
سجلهم	18
سجنهما	18
سجونه	18
سجيته	18
سجينا	18
سحار	18
سحبا	18
سحبتهم	18
سحرها	18
سحري	18
سحطالي	18
سحليات	18
سحياني	18
سحيق	18
سحيقة	18
سخاء	18
سخرنا	18
سخطت	18
سخية	18
سددها	18
سراب	18
سراحها	18
سراحهما	18
سراحهن	18
سراديب	18
سراي	18
سراييفو	18
سربين	18
سردي	18
سردينيا	18
سررت	18
سرس	18
سرعات	18
سرفرتوق	18
سرفيس	18
سرقات	18
سرقاتهم	18
سرقتها	18
سرقوا	18
سرمات	18
سروالا	18
سروري	18
سريالية	18
سريانه	18
سريريا	18
سريعان	18
سريين	18
سطام	18
سطحية	18
سطحيته	18
سطرته	18
سطرها	18
سطروا	18
سطوري	18
سطوع	18
سطوعها	18
سطيف	18
سعاده	18
سعدت	18
سعدنا	18
سعدية	18
سعرا	18
سعرالصوص	18
سعـيد	18
سعف	18
سعفان	18
سعوان	18
سعوديتين	18
سعوديين	18
سعيت	18
سعيك	18
سـكــيـن	18
سفاراتها	18
سفارتي	18
سفارمادوفيتش	18
سفاقة	18
سفكت	18
سفلتة	18
سفنا	18
سفوح	18
سفياتلانا	18
سفيتلانا	18
سفيردلوفسك	18
سفيرنا	18
سفيره	18
سفيري	18
سفيزف	18
سفينتان	18
سفينتهم	18
سفينتي	18
سفينتين	18
سقانة	18
سقايتها	18
سقز	18
سقطتا	18
سقفه	18
سقوطنا	18
سكاربيا	18
سكالا	18
سكامب	18
سكانا	18
سكاننا	18
سكانيا	18
سكانية	18
سكبتها	18
سكتها	18
سكرتارية	18
سكرول	18
سكرون	18
سكريبال	18
سكرية	18
سكناتهم	18
سكناهم	18
سكواكا	18
سكوتر	18
سكودا	18
سكور	18
سكوري	18
سكياثلون	18
سكيستو	18
سكينه	18
سلاجقة	18
سلاحك	18
سلاحنا	18
سلاحي	18
سلاسة	18
سلاف	18
سلافا	18
سلافيانسك	18
سلافين	18
سلامتي	18
سلبني	18
سلتا	18
سلحفاة	18
سلسع	18
سلطاته	18
سلطانية	18
سلطتها	18
سلطتهم	18
سلطوية	18
سلعها	18
سلفة	18
سلفونات	18
سلفي	18
سلفيا	18
سلق	18
سلقها	18
سلكتم	18
سلندرات	18
سلوبودكا	18
سلوفينيا	18
سلوكات	18
سلوم	18
سليل	18
سليمانيوأعلنت	18
سليني	18
سمائهم	18
سمارة	18
سماعاتها	18
سماكة	18
سماوي	18
سمتر	18
سمتين	18
سمحان	18
سمحوا	18
سمرات	18
سمراوات	18
سمسار	18
سمسم	18
سمعتي	18
سمعناها	18
سمكها	18
سمودي	18
سموذي	18
سمور	18
سمول	18
سموم	18
سميثسونيان	18
سميحة	18
سميرة	18
سميرنوف	18
سميرنوفا	18
سميعة	18
سنابشات	18
سناتور	18
سنبث	18
سنبدأ	18
سنبلغ	18
سنبني	18
سنتات	18
سنتامين	18
سنتحرك	18
سنتحضر	18
سنترال	18
سنتعلم	18
سنتفوق	18
سنتمترا	18
سنتيمتر	18
سنتيمترا	18
سنتيمترات	18
سنجبر	18
سنجتاز	18
سنجري	18
سنجلس	18
سنحان	18
سنحاول	18
سنحت	18
سنحتاج	18
سنحتفظ	18
سنحدد	18
سنحصل	18
سنخبرك	18
سنخضع	18
سنخوض	18
سنخوضه	18
سندعم	18
سندمر	18
سندويشات	18
سندي	18
سنراقب	18
سنراهم	18
سنرفع	18
سنرقص	18
سنستأنف	18
سنستمر	18
سنسعى	18
سنسمح	18
سنشارك	18
سنشاهد	18
سنصدرها	18
سنصلحها	18
سنصوت	18
سنضم	18
سنضن	18
سنطعن	18
سنطلق	18
سنعجز	18
سنعرض	18
سنعرف	18
سنعقد	18
سنعيش	18
سنعيشها	18
سنغالي	18
سنفعله	18
سنفي	18
سنقدم	18
سنقف	18
سنمضي	18
سنمهله	18
سنموت	18
سننتصر	18
سننتقل	18
سننظر	18
سننفذ	18
سننهض	18
سنهم	18
سنهور	18
سنواجهها	18
سنودن	18
سنودون	18
سنوصل	18
سنوفر	18
سنوى	18
سنيا	18
سنيكر	18
سنينة	18
سهرة	18
سهرته	18
سهلاوي	18
سهند	18
سهول	18
سهولتها	18
سهى	18
سهير	18
سهيلة	18
سوا	18
سواءا	18
سوابق	18
سواتر	18
سواريس	18
سوالمية	18
سوالويل	18
سواميناثان	18
سوبرة	18
سوبرماركت	18
سوتار	18
سوتر	18
سوجا	18
سوجرويت	18
سوخرانوفكا	18
سوخون	18
سودانز	18
سوداوية	18
سوديك	18
سوذبيز	18
سوراقيون	18
سورو	18
سوروكا	18
سوريان	18
سورين	18
سورينتينو	18
سوزينيو	18
سوسان	18
سوسن	18
سوسيا	18
سوسيته	18
سوفارنابومي	18
سوفكوم	18
سوفورف	18
سوفينكو	18
سوقنا	18
سولبرغ	18
سولجنستين	18
سولومون	18
سولينغن	18
سوليهال	18
سومر	18
سومركورن	18
سومرو	18
سومي	18
سون	18
سويتو	18
سويدان	18
سويسرية	18
سويفل	18
سيأخذون	18
سيؤجل	18
سيؤديان	18
سيؤكد	18
سيؤيد	18
سياتل	18
سياج	18
سياحيا	18
سياحيين	18
سياد	18
سياديا	18
سيارا	18
سيارتان	18
سيارتين	18
سياستنا	18
سياستهم	18
سياستهما	18
سياقات	18
سيامة	18
سيباب	18
سيبث	18
سيبدو	18
سيبذل	18
سيبراني	18
سيبرانيا	18
سيبرانيين	18
سيبس	18
سيبقون	18
سيبقيه	18
سيبكمان	18
سيبها	18
سيتأتى	18
سيتأثرون	18
سيتأكد	18
سيتألف	18
سيتأهل	18
سيتاح	18
سيتجد	18
سيتجه	18
سيتحتم	18
سيتحد	18
سيتحدث	18
سيتحمل	18
سيتحملون	18
سيتخذها	18
سيتخلص	18
سيتدرب	18
سيتذكر	18
سيترأس	18
سيتراجعون	18
سيترتب	18
سيترجمون	18
سيتركز	18
سيتسم	18
سيتشوفا	18
سيتصرفون	18
سيتضمن	18
سيتطرقون	18
سيتطلبان	18
سيتطور	18
سيتعاظم	18
سيتعافى	18
سيتعاملون	18
سيتعاونان	18
سيتعبك	18
سيتغيبون	18
سيتغير	18
سيتفاقم	18
سيتفرق	18
سيتفضل	18
سيتقلص	18
سيتكبدها	18
سيتكرر	18
سيتمكنون	18
سيتميز	18
سيتنافس	18
سيتواجد	18
سيتواجه	18
سيتوج	18
سيتوجب	18
سيتوجهان	18
سيتوجهون	18
سيتوفر	18
سيتيزن	18
سيثبت	18
سيثير	18
سيجارة	18
سيجتمع	18
سيجتمعان	18
سيجتهد	18
سيجريان	18
سيجعلك	18
سيجعله	18
سيجمد	18
سيجيب	18
سيحال	18
سيحتضنها	18
سيحتفظون	18
سيحتفل	18
سيحتك	18
سيحتله	18
سيحدثه	18
سيحددان	18
سيحرم	18
سيحسم	18
سيحسن	18
سيحول	18
سيحولهم	18
سيحيي	18
سيحييها	18
سيخ	18
سيختار	18
سيختاره	18
سيختلف	18
سيخدم	18
سيخسر	18
سيخسرون	18
سيخشون	18
سيخضعون	18
سيخفض	18
سيخفق	18
سيخلق	18
سيخوض	18
سيدافع	18
سيدتي	18
سيدعم	18
سيدعمونه	18
سيدعو	18
سيدكان	18
سيدمان	18
سيدمج	18
سيدمره	18
سيدنر	18
سيدور	18
سيديف	18
سيدينو	18
سيذهب	18
سيراجان	18
سيرافقه	18
سيرافقها	18
سيراقب	18
سيراليون	18
سيرام	18
سيراميكا	18
سيرتكز	18
سيرتها	18
سيرث	18
سيرج	18
سيرحل	18
سيرزقان	18
سيرسم	18
سيرشح	18
سيرشدونك	18
سيرك	18
سيركزعلى	18
سيرن	18
سيرهي	18
سيرورة	18
سيروف	18
سيروم	18
سيرومولوتوف	18
سيريك	18
سيزار	18
سيزان	18
سيزداد	18
سيزرز	18
سيزورها	18
سيزورون	18
سيسألوننا	18
سيساعدان	18
سيساعدك	18
سيساعدها	18
سيسافران	18
سيسافرون	18
سيسببها	18
سيستأنف	18
سيستأنفون	18
سيستجوب	18
سيستعيد	18
سيستفيدون	18
سيستكشف	18
سيستمرون	18
سيسجلون	18
سيسحب	18
سيسطره	18
سيسقط	18
سيسك	18
سيسنا	18
سيسوكو	18
سيسيء	18
سيسيطر	18
سيشجع	18
سيشعر	18
سيشعرون	18
سيشغل	18
سيشق	18
سيشكف	18
سيشكلون	18
سيشن	18
سيصادف	18
سيصعب	18
سيصلي	18
سيصنعون	18
سيضاعف	18
سيضاهي	18
سيضبط	18
سيضخه	18
سيضربون	18
سيضرنا	18
سيضرهم	18
سيضطر	18
سيضطرون	18
سيضعف	18
سيضغط	18
سيضيف	18
سيطان	18
سيطبع	18
سيطبق	18
سيطرتهم	18
سيطروا	18
سيطلب	18
سيطلق	18
سيطول	18
سيطير	18
سيظلون	18
سيعاد	18
سيعاقب	18
سيعانون	18
سيعتبر	18
سيعتبرها	18
سيعتمدون	18
سيعجل	18
سيعدل	18
سيعزف	18
سيعطل	18
سيعطي	18
سيعلنه	18
سيعني	18
سيعودان	18
سيعول	18
سيعيدهم	18
سيعيشها	18
سيعيشون	18
سيغال	18
سيغلق	18
سيغمار	18
سيغيب	18
سيغير	18
سيفالينغام	18
سيفان	18
سيفتح	18
سيفتقر	18
سيفحصون	18
سيفرج	18
سيفرض	18
سيفضل	18
سيفعل	18
سيفقد	18
سيفقده	18
سيفلينج	18
سيفن	18
سيفهمون	18
سيفيتال	18
سيفيدك	18
سيفيدها	18
سيفيرستال	18
سيفيرودونيتسك	18
سيفيلا	18
سيقابل	18
سيقابله	18
سيقاطعون	18
سيقاوم	18
سيقاومهم	18
سيقتصر	18
سيقدر	18
سيقررون	18
سيقضون	18
سيقف	18
سيقلل	18
سيقودان	18
سيقوله	18
سيقيمونه	18
سيكا	18
سيكال	18
سيكتسب	18
سيكثفون	18
سيكررها	18
سيكرسي	18
سيكرم	18
سيكريت	18
سيكشف	18
سيكيلا	18
سيلاحظه	18
سيلاند	18
سيلة	18
سيلتا	18
سيلتحق	18
سيلتزم	18
سيلتقون	18
سيلجأ	18
سيلعبون	18
سيلفادور	18
سيلفان	18
سيلفي	18
سيلقي	18
سيلقيه	18
سيلو	18
سيليبي	18
سيليسين	18
سيليفانوف	18
سيليم	18
سيماتهم	18
سيمارس	18
سيمتنعون	18
سيمثل	18
سيمثلون	18
سيمس	18
سيمسون	18
سيمفونيته	18
سيمكنه	18
سيمكنها	18
سيمنح	18
سيمنحنا	18
سيمنحون	18
سيمنز	18
سيمنس	18
سيمنع	18
سيمهد	18
سيمو	18
سيموت	18
سيمونيان	18
سيميتيدين	18
سيميرا	18
سيميرو	18
سيميل	18
سيناتور	18
سيناجور	18
سيناريوهين	18
سيناقشان	18
سيناك	18
سينال	18
سينالوا	18
سيناي	18
سينتج	18
سينتقل	18
سينتيا	18
سينجحان	18
سينجر	18
سينر	18
سينريا	18
سينزلون	18
سينسق	18
سينشرها	18
سينشق	18
سينضط	18
سينضم	18
سينطلق	18
سينظر	18
سينعش	18
سينعكسان	18
سينغلتون	18
سينفجر	18
سينفض	18
سينفق	18
سينقذ	18
سينقل	18
سينقلنا	18
سينكوتا	18
سينمائى	18
سينمائيا	18
سينماتك	18
سينمو	18
سينهجه	18
سينهض	18
سينوب	18
سيه	18
سيهدد	18
سيهزم	18
سيواجههم	18
سيواصلن	18
سيوب	18
سيوجه	18
سيوداد	18
سيوروا	18
سيوضع	18
سيوقف	18
سيوك	18
سيويل	18
سييرا	18
شؤونا	18
شاؤول	18
شائف	18
شائك	18
شائكا	18
شائم	18
شائمة	18
شائنة	18
شابتها	18
شابها	18
شابهها	18
شاتا	18
شاتو	18
شاحبة	18
شاحنته	18
شاختار	18
شادراك	18
شادلي	18
شارالامبيدو	18
شاربونييه	18
شارد	18
شاركتهم	18
شاركن	18
شاركنا	18
شاركها	18
شارلي	18
شارما	18
شارون	18
شاري	18
شاشاته	18
شاشاتها	18
شاشته	18
شاطئي	18
شاطر	18
شاغرة	18
شافر	18
شافي	18
شافية	18
شاقا	18
شاقة	18
شاكرة	18
شاكري	18
شاكرين	18
شاكلة	18
شاكيرا	18
شاكيري	18
شالوا	18
شالوم	18
شاليهات	18
شامبو	18
شامخة	18
شامداساني	18
شامشاد	18
شامورادوف	18
شاند	18
شاندر	18
شاندونغ	18
شانشي	18
شانغهاي	18
شانك	18
شانلي	18
شانو	18
شانون	18
شانيل	18
شاهجراغ	18
شاهدتم	18
شاهدناه	18
شاهيناز	18
شاوي	18
شايبي	18
شاير	18
شايلين	18
شبابها	18
شبابية	18
شباطـ	18
شباكه	18
شبانا	18
شبتا	18
شبكتا	18
شبكتنا	18
شبنم	18
شتائمكم	18
شتاينر	18
شتراوس	18
شتشيزني	18
شتلات	18
شتوتغارت	18
شتوي	18
شتيفان	18
شجاعتهم	18
شجبه	18
شجريان	18
شجعت	18
شجعتهم	18
شجعه	18
شجعوا	18
شجيرة	18
شحات	18
شحمك	18
شحنتين	18
شحوبها	18
شحيحة	18
شخابيط	18
شخبط	18
شخصانية	18
شخصى	18
شخصياته	18
شخصيتك	18
شخصيتي	18
شخوصها	18
شخيدم	18
شدتها	18
شددوا	18
شراؤها	18
شرادة	18
شرارتها	18
شراسته	18
شراكاتنا	18
شراكتها	18
شرايين	18
شرحتها	18
شرخ	18
شردان	18
شردتهم	18
شرطيا	18
شرفتها	18
شرفية	18
شركاءها	18
شركاؤه	18
شركاتها	18
شركتا	18
شركتان	18
شركتك	18
شركيسيا	18
شرنين	18
شرهان	18
شروحات	18
شروطي	18
شروقها	18
شروين	18
شري	18
شريان	18
شريدر	18
شرير	18
شريفوف	18
شريكاتهم	18
شريكتان	18
شريكته	18
شريكر	18
شطارتنا	18
شطاينر	18
شطرنجها	18
شطريت	18
شطفها	18
شطيرة	18
شعارنا	18
شعاره	18
شعارها	18
شعال	18
شعباني	18
شعبنـــا	18
شعبهم	18
شعبى	18
شعبيتها	18
شعبينا	18
شعرائها	18
شعراوي	18
شعرن	18
شعريا	18
شعورا	18
شعورها	18
شعوري	18
شغف	18
شغلته	18
شغلي	18
شفاه	18
شفاهة	18
شفايف	18
شفايفك	18
شفتشي	18
شفهي	18
شفوية	18
شفيت	18
شقته	18
شقتهما	18
شقيقات	18
شقيقتان	18
شقيقته	18
شقيقتها	18
شقيقتين	18
شقيقها	18
شقين	18
شكاواهم	18
شكاية	18
شكرهم	18
شكفال	18
شكلتنا	18
شكلته	18
شكلتها	18
شكواهم	18
شكوكا	18
شلاش	18
شلافطي	18
شللها	18
شمالة	18
شمالنا	18
شمالها	18
شمبات	18
شمبانزي	18
شمدين	18
شمسنا	18
شمص	18
شملتهن	18
شمولها	18
شمولهم	18
شميدت	18
شميطلي	18
شميغال	18
شناير	18
شنب	18
شنجن	18
شنداد	18
شنغاهاي	18
شنهم	18
شنوة	18
شنودة	18
شنير	18
شنيوي	18
شهادتي	18
شهدائنا	18
شهدائها	18
شهدتهم	18
شهرها	18
شهقات	18
شهيرين	18
شواتي	18
شوارتزمان	18
شوارزنيغر	18
شوارعها	18
شواقل	18
شواي	18
شوبان	18
شوتا	18
شوحط	18
شوداني	18
شور	18
شوربة	18
شورزا	18
شوشة	18
شوف	18
شوفوا	18
شوكت	18
شوكرولا	18
شوكو	18
شوكولاته	18
شولز	18
شومان	18
شومر	18
شون	18
شونا	18
شونغ	18
شوهتهم	18
شويخ	18
شويطر	18
شويعل	18
شويها	18
شيامن	18
شيبك	18
شيبيكينو	18
شيجو	18
شيحة	18
شيحين	18
شيخة	18
شيخوخة	18
شيدت	18
شيربا	18
شيرباكوفا	18
شيربيك	18
شيرت	18
شيرر	18
شيرعلزاده	18
شيرعليزاده	18
شيركليف	18
شيريتوكو	18
شيرير	18
شيز	18
شيسيل	18
شيش	18
شيشانية	18
شيعان	18
شيعية	18
شيف	18
شيفتشينكو	18
شيفيلد	18
شيق	18
شيقة	18
شيكر	18
شيكلا	18
شيكلي	18
شيلا	18
شيلادزي	18
شيلبي	18
شيلر	18
شيلو	18
شيلوك	18
شيما	18
شيمون	18
شيمين	18
شينا	18
شينجيانغ	18
شينريكيو	18
شينكانسن	18
شينكر	18
شينوي	18
شيهو	18
شيوخهم	18
شيوع	18
صائدو	18
صائغي	18
صابرينة	18
صاحبات	18
صاخبة	18
صاخبوبحسب	18
صادراتنا	18
صادرتموه	18
صادرتها	18
صادفنا	18
صادقون	18
صادما	18
صارحت	18
صارحته	18
صارخة	18
صارد	18
صاردات	18
صاعق	18
صاعين	18
صاغته	18
صاغتها	18
صافرته	18
صالونات	18
صامتون	18
صامتين	18
صامد	18
صامدا	18
صاند	18
صانعه	18
صانعو	18
صانها	18
صباحات	18
صباحامنها	18
صبار	18
صبجي	18
صبحان	18
صبحة	18
صبرها	18
صبرهم	18
صبرى	18
صبغتها	18
صحارى	18
صحافيا	18
صحافيين	18
صححة	18
صحرائه	18
صحراوية	18
صحفهم	18
صحفيين	18
صحفييها	18
صحوة	18
صحيون	18
صخبهم	18
صداقتهما	18
صداها	18
صدت	18
صدحوا	18
صدروا	18
صدرية	18
صدف	18
صدقتنيش	18
صدقوني	18
صدقي	18
صدم	18
صدما	18
صدمته	18
صدموا	18
صدوقي	18
صديقاتي	18
صديقته	18
صديقتها	18
صديقنا	18
صديقيان	18
صراحه	18
صراخ	18
صراخك	18
صراعاتها	18
صراعه	18
صرافون	18
صرخته	18
صرخنا	18
صعوبتها	18
صعوده	18
صعودها	18
صغبين	18
صغرية	18
صغيرات	18
صفايات	18
صفحاتها	18
صفحتي	18
صفحتيهما	18
صفخته	18
صفقتا	18
صفوفه	18
صفوفها	18
صفوفهما	18
صفيح	18
صقور	18
صقيع	18
صكها	18
صلاحياتها	18
صلاحيته	18
صلبها	18
صلخد	18
صلف	18
صليبية	18
صليح	18
صماد	18
صمامات	18
صمترئيس	18
صمتك	18
صمته	18
صمتها	18
صمتهم	18
صممت	18
صممه	18
صموئيل	18
صمودا	18
صناعاته	18
صناعتنا	18
صناعتها	18
صناعها	18
صناعيا	18
صنبور	18
صنداى	18
صندوقه	18
صندوقين	18
صنعتا	18
صنعن	18
صنفي	18
صنوه	18
صهريج	18
صهوات	18
صهوة	18
صهيون	18
صواريخها	18
صواعق	18
صوامع	18
صوان	18
صوايا	18
صوبه	18
صودا	18
صودف	18
صورخان	18
صورهن	18
صوغ	18
صوفا	18
صولوحو	18
صوماليان	18
صومالية	18
صويلح	18
صويلو	18
صيادة	18
صيادي	18
صيادين	18
صياغات	18
صياغتها	18
صيدليا	18
صيدليات	18
صيدليانية	18
صيدم	18
صيغته	18
صيغتها	18
صين	18
صينيا	18
صينيين	18
ضآلة	18
ضئيلا	18
ضائقة	18
ضابطات	18
ضابطان	18
ضاربا	18
ضاربة	18
ضاربه	18
ضارة	18
ضارية	18
ضاغطة	18
ضافية	18
ضاقوا	18
ضامرة	18
ضامنة	18
ضامني	18
ضايقوا	18
ضبابي	18
ضبطته	18
ضبطهم	18
ضبطوا	18
ضبيط	18
ضجيج	18
ضحاك	18
ضحالة	18
ضحاياه	18
ضحاياها	18
ضحاياهما	18
ضحكته	18
ضحيتين	18
ضخموا	18
ضخها	18
ضدا	18
ضدكم	18
ضرائبنا	18
ضرائبهم	18
ضربتي	18
ضربهم	18
ضرورات	18
ضروريين	18
ضعفنا	18
ضغطت	18
ضغوطات	18
ضغوطه	18
ضـد	18
ضفافه	18
ضفافهما	18
ضفاير	18
ضفتي	18
ضفدع	18
ضلاله	18
ضللوا	18
ضلوعك	18
ضمادت	18
ضماير	18
ضمنته	18
ضمني	18
ضمنيا	18
ضمهم	18
ضوئي	18
ضيافتها	18
ضيفته	18
طائراته	18
طائراتهم	18
طائشا	18
طائفيا	18
طابقا	18
طاجسكستان	18
طاجكستان	18
طاجيكية	18
طاجيكيين	18
طارد	18
طاردت	18
طارده	18
طارىء	18
طاسة	18
طافيا	18
طاقاتنا	18
طاقاتها	18
طاقاتهم	18
طاقتهم	18
طاقمنا	18
طاقمه	18
طالبوه	18
طالبين	18
طالتها	18
طاهي	18
طاهيا	18
طاول	18
طاولت	18
طاولتها	18
طبارة	18
طباعتهما	18
طبال	18
طبختها	18
طبر	18
طبرقة	18
طبقتي	18
طبقتين	18
طبلة	18
طبلية	18
طبول	18
طبيبان	18
طبيبك	18
طبيبه	18
طبيعتهم	18
طبيعيتين	18
طبيين	18
طحن	18
طحنها	18
طرابيش	18
طرازاتها	18
طرحا	18
طرحنا	18
طردت	18
طردهم	18
طردهما	18
طردية	18
طرطار	18
طرفين	18
طروادة	18
طرود	18
طرودا	18
طريح	18
طريقتان	18
طريقتها	18
طريقكما	18
طريقنا	18
طعنات	18
طعنهم	18
طعون	18
طعونا	18
طغيان	18
طـعـنـات	18
طفايات	18
طفح	18
طفرات	18
طفلان	18
طفلها	18
طفلي	18
طفليهما	18
طفولتها	18
طفولتهم	18
طفولتي	18
طفيلي	18
طفيلية	18
طقسها	18
طقوسا	18
طكو	18
طلابنا	18
طلابي	18
طلاسم	18
طلاقهما	18
طلحي	18
طليعتها	18
طمأنه	18
طملية	18
طموحاته	18
طموحاتهم	18
طموحنا	18
طمون	18
طموه	18
طناجر	18
طنتنظيم	18
طنجرة	18
طنوس	18
طهروا	18
طهيها	18
طوائفهم	18
طواحين	18
طواقمنا	18
طواقمه	18
طواقمها	18
طواهرية	18
طوبال	18
طوباوية	18
طوجي	18
طوربيد	18
طورتهما	18
طورنا	18
طوروا	18
طوروس	18
طوقا	18
طولهن	18
طويري	18
طويلات	18
طويلين	18
طوينا	18
طيارو	18
طيارين	18
طيبي	18
ظاهرتين	18
ظاهرهم	18
ظاهريا	18
ظاهرية	18
ظرفنا	18
ظروفهم	18
ظريفة	18
ظفرها	18
ظلالها	18
ظنون	18
ظهرهم	18
ظهوركم	18
ظهورنا	18
عائداتها	18
عائلاتنا	18
عائلاتها	18
عائلاتهن	18
عائلتك	18
عائلتنا	18
عائلتهم	18
عائلتهيما	18
عائلي	18
عائم	18
عابرا	18
عابسا	18
عابود	18
عاتقنا	18
عاتقها	18
عاتقهم	18
عاثت	18
عاجبو	18
عاجزين	18
عاجية	18
عاداتك	18
عادلخاه	18
عادله	18
عادلون	18
عاديون	18
عاديين	18
عارضات	18
عارفة	18
عارما	18
عاريتي	18
عاريين	18
عازف	18
عازفة	18
عازم	18
عازمة	18
عاشرتني	18
عاشقة	18
عاشها	18
عاشوري	18
عاصرت	18
عاصرهم	18
عاصمتنا	18
عاطرة	18
عاطفتهم	18
عاطفى	18
عاطفيا	18
عاطلون	18
عاظم	18
عاقبت	18
عاقبتها	18
عاقدان	18
عالأرض	18
عالجت	18
عالق	18
عالمادة	18
عالمنا	18
عالمه	18
عالمهم	18
عالوجة	18
عاليتي	18
عاميحاي	18
عايد	18
عايز	18
عايش	18
عايشناه	18
عايشه	18
عاينا	18
عاينوها	18
عبئا	18
عباب	18
عبادلية	18
عباراته	18
عباسي	18
عبان	18
عبثها	18
عبثية	18
عبدالأمير	18
عبدالالة	18
عبدالاله	18
عبدالجبار	18
عبدالحفيظ	18
عبدالحليم	18
عبدالرازق	18
عبدالرقيب	18
عبدالعال	18
عبدالمالكي	18
عبدالمغني	18
عبدالمنعم	18
عبدالهيان	18
عبدربة	18
عبدربه	18
عبدلي	18
عبدلينيو	18
عبوته	18
عبوتين	18
عبورهم	18
عبورهما	18
عت	18
عتاد	18
عتادا	18
عتاليف	18
عتلة	18
عتمد	18
عته	18
عتو	18
عجاقة	18
عجال	18
عجزنا	18
عجزها	18
عجزهما	18
عجلات	18
عجول	18
عجيلة	18
عحساب	18
عداءا	18
عدائه	18
عدائهم	18
عدائين	18
عدادات	18
عدادي	18
عداس	18
عداوات	18
عداوتهم	18
عدشيت	18
عدلته	18
عدلتهما	18
عدلن	18
عدلون	18
عدلية	18
عدوانهم	18
عدوانيته	18
عدوتين	18
عديده	18
عديلي	18
عذبت	18
عذبتها	18
عراجي	18
عراقة	18
عراقنا	18
عراقيون	18
عراقيين	18
عربتين	18
عربه	18
عربون	18
عربيان	18
عرسال	18
عرضهما	18
عرضين	18
عرفانا	18
عرفناها	18
عرفوها	18
عرقجي	18
عرقيا	18
عروبته	18
عروشهم	18
عروضه	18
عريج	18
عريضتين	18
عريق	18
عريقا	18
عريقات	18
عريك	18
عزام	18
عزب	18
عزبة	18
عزتهم	18
عززنا	18
عزلت	18
عزلتها	18
عزلهم	18
عزمنا	18
عزموط	18
عزمي	18
عزوار	18
عزوفي	18
عزيزنا	18
عزيمته	18
عساف	18
عسكريتان	18
عسكريتين	18
عسكرييها	18
عسول	18
عسيرة	18
عشان	18
عشبة	18
عشتها	18
عشريني	18
عشنا	18
عشناه	18
عصائب	18
عصائر	18
عصبـية	18
عصبها	18
عصبي	18
عصورا	18
عصيبة	18
عضة	18
عضوه	18
عضويتهما	18
عطائها	18
عطرية	18
عطشهم	18
عطلات	18
عطلتها	18
عطلهما	18
عطوان	18
عطوة	18
عطيه	18
عظيمات	18
عظيمها	18
عظيمي	18
عــــرضه	18
عـن	18
عفار	18
عفاف	18
عفش	18
عفلق	18
عفوية	18
عقائديا	18
عقائدية	18
عقاريا	18
عقبان	18
عقباه	18
عقدان	18
عقدته	18
عقلانية	18
عقلة	18
عقليات	18
عقمها	18
عكسته	18
عكف	18
عكفت	18
عكوبة	18
علاجاتهم	18
علاجها	18
علاف	18
علاقاتكم	18
علال	18
علامتها	18
علاوات	18
علتي	18
علـى	18
علقا	18
علقان	18
عللت	18
علماني	18
علمانية	18
علمنة	18
علنيا	18
علواش	18
علوى	18
علىتاشيرات	18
علىجدا	18
عليان	18
عليزا	18
عليزاده	18
عليــه	18
عليمة	18
عليوة	18
عليوي	18
عليي	18
عمارات	18
عمالات	18
عمالقة	18
عمالي	18
عماليون	18
عمانوئيل	18
عماني	18
عمانيا	18
عماها	18
عمدتها	18
عمراوي	18
عمرية	18
عمريهما	18
عمشكي	18
عمقه	18
عمقي	18
عملاءه	18
عملاءها	18
عملاؤها	18
عملائه	18
عملائهم	18
عملاتها	18
عملتا	18
عملتهم	18
عملى	18
عملياتي	18
عملياتية	18
عمليتنا	18
عمليته	18
عمو	18
عموده	18
عمور	18
عمولات	18
عمولتها	18
عمومتها	18
عمومتهمتطورات	18
عمومي	18
عموميا	18
عميدة	18
عميرات	18
عميروش	18
عميقين	18
عميلا	18
عميلات	18
عميلة	18
عميلين	18
عميور	18
عنات	18
عناش	18
عناصرها	18
عناوينه	18
عنبتا	18
عنجر	18
عنجهيته	18
عندالمدخل	18
عنديش	18
عنس	18
عنصران	18
عنصرى	18
عنصريا	18
عنفهم	18
عنم	18
عنوانا	18
عنونت	18
عنيدة	18
عهدتموني	18
عهدتني	18
عهدتها	18
عوائل	18
عوادم	18
عوار	18
عواصف	18
عواطفهم	18
عواقبها	18
عوديد	18
عورتا	18
عورتاني	18
عوريف	18
عوزيئيل	18
عوطف	18
عولج	18
عولمة	18
عولوا	18
عومارو	18
عومران	18
عومير	18
عيادتين	18
عيارات	18
عياط	18
عيترون	18
عيدروس	18
عيدك	18
عيدن	18
عيدنا	18
عيديت	18
عيزر	18
عيشنا	18
عيشهم	18
عيشهما	18
عيفة	18
عيل	18
عيلبون	18
عيليت	18
عيناها	18
عينته	18
عينهم	18
عيوطي	18
عيونه	18
عيونهن	18
غا	18
غائر	18
غابتي	18
غابر	18
غابرييليوس	18
غابي	18
غات	18
غادال	18
غادرا	18
غادرنا	18
غادرها	18
غادروها	18
غارانجي	18
غارتون	18
غارد	18
غارق	18
غارقتين	18
غارلاند	18
غارنر	18
غاروس	18
غاروي	18
غاريسون	18
غاريوس	18
غازبرومبانك	18
غازه	18
غازها	18
غازية	18
غازيت	18
غازيتا	18
غاسبر	18
غاشمة	18
غاشي	18
غاص	18
غاضبا	18
غاضبو	18
غاطس	18
غاطسة	18
غاغا	18
غالاباغوس	18
غالاراتي	18
غالاند	18
غالبه	18
غالوب	18
غاليا	18
غاليمار	18
غام	18
غامروا	18
غانتشنغ	18
غانغنام	18
غاني	18
غاو	18
غاياتها	18
غباء	18
غباي	18
غبي	18
غبية	18
غدادة	18
غدي	18
غذاؤنا	18
غذت	18
غذتها	18
غذى	18
غرائزه	18
غراتين	18
غراسا	18
غرامشي	18
غرانت	18
غراند	18
غرانيت	18
غرايم	18
غرايمي	18
غربال	18
غربتهم	18
غربيين	18
غردت	18
غرز	18
غرضهما	18
غرفته	18
غرفتها	18
غرفه	18
غرقة	18
غرناطا	18
غروفر	18
غروند	18
غرونوبل	18
غروه	18
غريان	18
غريبين	18
غريت	18
غريزية	18
غريسلي	18
غريفيث	18
غريفيل	18
غريمة	18
غريندايزر	18
غرينفيلد	18
غزارتها	18
غزالة	18
غزةوقال	18
غزلان	18
غزواتها	18
غسول	18
غشيم	18
غضبتهم	18
غضروف	18
غطاسين	18
غطرسة	18
غطرسته	18
غطرستهم	18
غفاروفا	18
غفعاتي	18
غلاسكو	18
غلبنا	18
غلتهم	18
غلطان	18
غلطة	18
غلغدود	18
غلقها	18
غلوبس	18
غلوريا	18
غلي	18
غليانا	18
غليزان	18
غليل	18
غمة	18
غمرتني	18
غمرتها	18
غمره	18
غميض	18
غنائيا	18
غنايم	18
غنتر	18
غندور	18
غنطوس	18
غنيمي	18
غوا	18
غواتيمالا	18
غوادالاخارا	18
غواردادو	18
غواص	18
غواصتين	18
غواصين	18
غوانزهو	18
غوانغتشو	18
غوبرين	18
غوبير	18
غوتابايا	18
غوتلاند	18
غوتليب	18
غوتماشر	18
غوته	18
غوتيرش	18
غوتيريس	18
غوجارات	18
غوخ	18
غود	18
غودار	18
غودوين	18
غورا	18
غوردين	18
غورشكوف	18
غورغييفا	18
غوركي	18
غورموخ	18
غوروشوفسكي	18
غوريشانكار	18
غورين	18
غوزمان	18
غوستاف	18
غوستافو	18
غوسن	18
غوشة	18
غوطة	18
غوفرين	18
غوفكفا	18
غولاغ	18
غولدبيرغ	18
غولدمان	18
غولدين	18
غوميز	18
غونتر	18
غوندوغان	18
غونشاروف	18
غونكور	18
غووول	18
غوياش	18
غوين	18
غيابيا	18
غياهب	18
غيبت	18
غيبرييسوس	18
غيتو	18
غيدان	18
غيراسيموف	18
غيرانة	18
غيرجيلي	18
غيرغن	18
غيرلنغ	18
غيرهارد	18
غيرو	18
غيزوندهايتس	18
غيزي	18
غيغا	18
غيغاركونيك	18
غيغز	18
غيفارا	18
غيفري	18
غيلاف	18
غيلبي	18
غيلدوسيف	18
غيلين	18
غيميه	18
غينس	18
غينغريتش	18
غيني	18
غينيس	18
غيها	18
غيورغي	18
غيوم	18
ـبينما	18
فأبدعت	18
فأثمر	18
فأجابني	18
فأحرز	18
فأحرزها	18
فأحيانا	18
فأرادها	18
فأراها	18
فأسأل	18
فأستجيب	18
فأسرعت	18
فأسس	18
فأصبت	18
فأصلاهم	18
فأصوات	18
فأطاحت	18
فأطراف	18
فأطلت	18
فأغلب	18
فأغنت	18
فأفكاره	18
فأقترح	18
فأكد	18
فألزم	18
فأمريكا	18
فأهدم	18
فأهلا	18
فأوكرانيا	18
فأولا	18
فإعلان	18
فئتي	18
فئران	18
فائدتها	18
فائقا	18
فاب	18
فابدأ	18
فابريغاس	18
فابيان	18
فابيو	18
فاتسع	18
فاتن	18
فاجأت	18
فاجأنا	18
فاجأوني	18
فاجتاحت	18
فاجن	18
فاختبارات	18
فاخراباد	18
فاد	18
فادحا	18
فادوليان	18
فارادة	18
فارجا	18
فارحلوا	18
فارغاس	18
فارغتين	18
فارك	18
فارما	18
فارمالين	18
فارمسيتيكال	18
فاروس	18
فارير	18
فارين	18
فازا	18
فازيل	18
فاسالو	18
فاستخدم	18
فاستطاعت	18
فاستعان	18
فاستعنا	18
فاستغلوا	18
فاستهلاله	18
فاسدون	18
فاسمح	18
فاسيانو	18
فاسيانوس	18
فاسيلكوف	18
فاسيلي	18
فاشلةفي	18
فاشلين	18
فاشيته	18
فاصطحبته	18
فاضحا	18
فاضطربت	18
فاعتبرناها	18
فاعتلى	18
فاعتماد	18
فاعتنق	18
فاعلياته	18
فاعليته	18
فاعليتها	18
فاقتصاديات	18
فاقتصرت	18
فاقدين	18
فاقع	18
فاقعة	18
فاقمها	18
فاكتفوا	18
فاكتي	18
فاكست	18
فاكلاف	18
فالأحزاب	18
فالأرجح	18
فالأساتذة	18
فالأعاصير	18
فالأفكار	18
فالأهداف	18
فالأوراق	18
فالإسلام	18
فالإصلاح	18
فالإنترنت	18
فالإنجيل	18
فالاتحاد	18
فالاحتجاج	18
فالاختلافات	18
فالاستبداد	18
فالاعتدال	18
فالانتماءات	18
فالبطالة	18
فالبطل	18
فالبن	18
فالبنسبة	18
فالبيانات	18
فالتجارة	18
فالتخطيط	18
فالتراجع	18
فالتزوير	18
فالتطوير	18
فالتعب	18
فالتعليم	18
فالتفاوض	18
فالتكييف	18
فالتهم	18
فالتوصية	18
فالتونسيون	18
فالثلاثية	18
فالجمهورية	18
فالجميع	18
فالحرب	18
فالحكومة	18
فالحل	18
فالحلم	18
فالحوارات	18
فالخطابات	18
فالدافع	18
فالداي	18
فالدروس	18
فالدول	18
فالديمقراطية	18
فالرحلات	18
فالرد	18
فالرقابة	18
فالرقمنة	18
فالسباق	18
فالسن	18
فالسوسن	18
فالسيادة	18
فالسياســة	18
فالشركات	18
فالشعب	18
فالصراع	18
فالصراعات	18
فالصفات	18
فالصورة	18
فالضحك	18
فالطغاة	18
فالطفل	18
فالظاهرة	18
فالعاصي	18
فالعدو	18
فالعشرات	18
فالعضوية	18
فالعملية	18
فالغالبية	18
فالغباء	18
فالفايز	18
فالفرنسيون	18
فالفضائح	18
فالفكر	18
فالفيردي	18
فالقارة	18
فالقراءات	18
فالقرار	18
فالقضاء	18
فالقطيف	18
فالقلوب	18
فالقوات	18
فالكتلة	18
فالكنيسة	18
فالكول	18
فالكون	18
فالكويت	18
فالمتعة	18
فالمثير	18
فالمجلس	18
فالمراهق	18
فالمرجح	18
فالمسرح	18
فالمسلسل	18
فالمصانع	18
فالمطلوب	18
فالمعطيات	18
فالمفاوض	18
فالمفاوضات	18
فالمقاطعة	18
فالمقاومة	18
فالملعب	18
فالملكي	18
فالممارسات	18
فالمنشآت	18
فالمواد	18
فالمواطنة	18
فالموسيقا	18
فالموسيقى	18
فالموظفون	18
فالموقف	18
فالمياه	18
فالنتيش	18
فالنتين	18
فالنسبة	18
فالنظام	18
فالنفط	18
فالنفع	18
فالهجوم	18
فالهوية	18
فالواضح	18
فالواقع	18
فالوحدة	18
فالوز	18
فالوطن	18
فالى	18
فاليس	18
فاليه	18
فالييفا	18
فاماغوستا	18
فاميلي	18
فانت	18
فانتقد	18
فانتوم	18
فاندربيلت	18
فاندفووردت	18
فانسان	18
فانشغل	18
فاو	18
فاوضه	18
فاوكرانيا	18
فاولر	18
فايت	18
فايتسمان	18
فايد	18
فايشنو	18
فاينانشال	18
فاينانشيال	18
فايولنس	18
فبإمكانهم	18
فبائع	18
فباسيل	18
فباعتقاد	18
فبالتالي	18
فبالرغم	18
فبجانب	18
فبحث	18
فبحروف	18
فبحلول	18
فبدأت	18
فبدل	18
فبدلت	18
فبركات	18
فبركت	18
فبرنامج	18
فبسبب	18
فبشكل	18
فبعده	18
فبعيدا	18
فبغياب	18
فبفضل	18
فبوتين	18
فة	18
فتاكة	18
فتال	18
فتبلغ	18
فتتدفق	18
فتتكون	18
فتتوزع	18
فتتولد	18
فتحات	18
فتحتها	18
فتحدوا	18
فتحفر	18
فتحقق	18
فتحهما	18
فتحوشارك	18
فتختفي	18
فتخص	18
فتداعت	18
فتداعيات	18
فتراجعت	18
فترته	18
فترتها	18
فترتين	18
فتردد	18
فترشح	18
فتزايد	18
فتزداد	18
فتستهدف	18
فتسلمت	18
فتشوا	18
فتشوني	18
فتضاهي	18
فتضعها	18
فتعتقدها	18
فتعجلت	18
فتعذر	18
فتعميمها	18
فتغفو	18
فتغيرات	18
فتفاجأت	18
فتقل	18
فتكلف	18
فتلاقت	18
فتلاقي	18
فتلجأ	18
فتنتها	18
فتنتهي	18
فتوصلت	18
فتوصلوا	18
فتوفر	18
فتياتنا	18
فتيلها	18
فتيين	18
فجائية	18
فجروا	18
فجعت	18
فجمالية	18
فجنوده	18
فحذار	18
فحرب	18
فحرصت	18
فحسبه	18
فحسم	18
فحصلت	18
فحصه	18
فحصين	18
فحضروا	18
فحقل	18
فحم	18
فحينما	18
فخاريات	18
فخارية	18
فخامتها	18
فخرها	18
فخطوط	18
فخفضت	18
فخلافا	18
فخلال	18
فخلعت	18
فخلفيته	18
فخما	18
فخمة	18
فخيخر	18
فد	18
فداحة	18
فداحته	18
فداست	18
فدرال	18
فدراليات	18
فدفعة	18
فدولته	18
فدينونتي	18
فذنبكم	18
فرئاسة	18
فرئيس	18
فرارجة	18
فراره	18
فرارهم	18
فراشهم	18
فراغا	18
فراغهم	18
فراغية	18
فرامل	18
فرانزيسكا	18
فرانسوا	18
فرايد	18
فربط	18
فربطها	18
فرتوغرافية	18
فرجيوة	18
فرحتنا	18
فرحته	18
فرحنا	18
فرحه	18
فرحي	18
فرديناند	18
فرزات	18
فرزها	18
فرساي	18
فرسبوا	18
فرشة	18
فرشها	18
فرصته	18
فرصتها	18
فرصتهم	18
فرصه	18
فرصها	18
فرضناه	18
فرطوا	18
فرعونية	18
فرعين	18
فرفعها	18
فرقاني	18
فرقتنا	18
فركاش	18
فركان	18
فرمانا	18
فرناندو	18
فرنسيسكو	18
فرنسيون	18
فرهاد	18
فرهود	18
فروت	18
فروعا	18
فرونتسكا	18
فريتاس	18
فريج	18
فريدريشهافن	18
فريديريك	18
فريسة	18
فريسته	18
فريش	18
فريقك	18
فريوي	18
فزت	18
فزعتكم	18
فزنا	18
فزيادة	18
فساتين	18
فستانا	18
فستتوقف	18
فستجد	18
فستدمر	18
فستشهد	18
فستعرف	18
فستفقد	18
فستلمس	18
فستنتهي	18
فستواجه	18
فستواصل	18
فسعوا	18
فسلامة	18
فسنبتهج	18
فسنحمي	18
فسندعم	18
فسنضطر	18
فسنكافأ	18
فسنمنحهم	18
فسنوقع	18
فسيادة	18
فسيبدأ	18
فسيتعين	18
فسيحة	18
فسيحصل	18
فسيحضر	18
فسيزول	18
فسيساعدنا	18
فسيطول	18
فسيعرف	18
فسيعمل	18
فسيعينه	18
فسيكونون	18
فشارك	18
فشرحت	18
فشكرا	18
فشلتا	18
فشلنا	18
فشلوا	18
فشملت	18
فشهر	18
فشير	18
فصبغت	18
فصرخ	18
فصلهم	18
فصلوه	18
فصلين	18
فصمدت	18
فصممت	18
فصناديق	18
فصندوق	18
فصنعوها	18
فصوب	18
فصور	18
فصيلا	18
فصيلين	18
فضحت	18
فضفاضة	18
فضوله	18
فطائر	18
فطافطة	18
فطالب	18
فطالما	18
فطرت	18
فطرية	18
فطريق	18
فطريقة	18
فطول	18
فطوم	18
فطير	18
فطين	18
فظائع	18
فظائعها	18
فظاعات	18
فظيعة	18
فعالياتهم	18
فعاليتها	18
فعدا	18
فعدد	18
فعززت	18
فعقدت	18
فعلاوة	18
فعلينا	18
فعمرت	18
فعملا	18
فعموده	18
فـأنت	18
ففرضت	18
ففروا	18
ففشلهم	18
ففضلهم	18
فقاد	18
فقاعات	18
فقبول	18
فقتلانا	18
فقدانها	18
فقدانهم	18
فقداني	18
فقدموه	18
فقدنا	18
فقدوها	18
فقدين	18
فقرتها	18
فقصة	18
فقفز	18
فقواته	18
فقوبل	18
فقوعة	18
فكاهة	18
فكاهية	18
فكبرت	18
فكتوريا	18
فكثفوا	18
فكرتي	18
فكرها	18
فككت	18
فكلفة	18
فكلنا	18
فلاتري	18
فلاحة	18
فلاحظت	18
فلاحون	18
فلاديميروفيتش	18
فلازلنا	18
فلاسفة	18
فلاشوس	18
فلانهم	18
فلايت	18
فلتأخذها	18
فلحوط	18
فلدى	18
فلديهم	18
فلسا	18
فلسطينالحكومة	18
فلسطينترحيب	18
فلسطينيي	18
فلسفته	18
فلسفتها	18
فلسفتهما	18
فلسفية	18
فلكها	18
فللأسف	18
فلنتأكد	18
فلنتحمل	18
فلنجدد	18
فلنحذر	18
فلنر	18
فلنضع	18
فلنفترض	18
فلهذه	18
فلهن	18
فلودومير	18
فلورنس	18
فلوري	18
فلوريان	18
فلوريث	18
فلوسنا	18
فلويد	18
فليتة	18
فليتشر	18
فليتقدموا	18
فليجهز	18
فليذهبوا	18
فليستعد	18
فليقدمها	18
فليقف	18
فليكس	18
فلينتخب	18
فمؤسسة	18
فمازالت	18
فمازح	18
فمجموعة	18
فمرحب	18
فمشروعات	18
فمشروعنا	18
فمصر	18
فمصير	18
فمعدل	18
فمقابل	18
فملأتها	18
فممارسة	18
فمنتخب	18
فموقفنا	18
فمولود	18
فنار	18
فنانان	18
فنانة	18
فناني	18
فنانيه	18
فنبوس	18
فنتج	18
فنجان	18
فنحيي	18
فندقا	18
فنزويلايعد	18
فنظريتي	18
فنعيد	18
فنقصد	18
فنلندي	18
فنم	18
فنها	18
فنهما	18
فنونة	18
فنونهم	18
فنيدكتوس	18
فنيش	18
فهاتان	18
فهاجم	18
فهايبرلوب	18
فهجوم	18
فهمنا	18
فهيم	18
فوائض	18
فواخرجي	18
فواكه	18
فوالده	18
فوبك	18
فوبوس	18
فوتت	18
فوتيبال	18
فوجئنا	18
فوجئوا	18
فوحدها	18
فود	18
فودن	18
فودولاتسكي	18
فودين	18
فورس	18
فورموز	18
فورنتسوف	18
فوروكاوا	18
فوريست	18
فوزهم	18
فوزى	18
فوزينيا	18
فوس	18
فوسائل	18
فوستر	18
فوستوك	18
فوستين	18
فوسط	18
فوضهم	18
فوضوي	18
فوغ	18
فوغيل	18
فوفرت	18
فوفق	18
فوفقا	18
فوقي	18
فوكة	18
فوكزال	18
فوكوياما	18
فولتير	18
فولدومور	18
فولدومير	18
فولر	18
فولفغانغ	18
فولنو	18
فولهام	18
فوماكام	18
فونتين	18
فونك	18
فويتشيخ	18
فويتشيك	18
فويتن	18
فوينتيس	18
فيؤثر	18
فيات	18
فياريال	18
فياسكونارو	18
فيبر	18
فيبولا	18
فيتأهل	18
فيتبنوا	18
فيتراجع	18
فيتش	18
فيتشتاين	18
فيتشكل	18
فيتصدر	18
فيتعامل	18
فيتور	18
فيتورينو	18
فيتوسي	18
فيتوقع	18
فيتون	18
فيتيازي	18
فيجليوتي	18
فيحق	18
فيحيون	18
فيختار	18
فيخر	18
فيدا	18
فيدانت	18
فيدرال	18
فيدرالي	18
فيدراليات	18
فيدعم	18
فيدعى	18
فيدلي	18
فيدوروف	18
فيدوروفا	18
فيدوروك	18
فيدي	18
فيديا	18
فيديريكو	18
فيديكس	18
فيديل	18
فيدين	18
فيديوكليبات	18
فيرانو	18
فيراها	18
فيربا	18
فيرجسون	18
فيرديي	18
فيرغي	18
فيرغيز	18
فيرلاند	18
فيرلي	18
فيرمينو	18
فيرميولين	18
فيرناندو	18
فيرني	18
فيروزة	18
فيروسا	18
فيروسي	18
فيرونا	18
فيري	18
فيريتسكا	18
فيرير	18
فيريشتشوك	18
فيريشتوك	18
فيريشوك	18
فيزا	18
فيزاد	18
فيزيائية	18
فيزيت	18
فيسان	18
فيستا	18
فيستدوربه	18
فيستعجل	18
فيستلم	18
فيستن	18
فيش	18
فيشنيفسكي	18
فيضان	18
فيضانا	18
فيضو	18
فيطهر	18
فيطيل	18
فيعافيه	18
فيعي	18
فيغا	18
فيغو	18
فيـــــلم	18
فيف	18
فيفر	18
فيفضل	18
فيفوز	18
فيقولوا	18
فيكافح	18
فيكتفي	18
فيكتورسن	18
فيكيت	18
فيلاريكا	18
فيلب	18
فيلة	18
فيلت	18
فيلتقط	18
فيلد	18
فيلساك	18
فيلسوف	18
فيلسوفا	18
فيلكس	18
فيلمز	18
فيلمها	18
فيلموتس	18
فيلهلم	18
فيلوربان	18
فيلولانس	18
فيليبونينكو	18
فيليج	18
فيليكا	18
فيليكي	18
فيليوتشينسك	18
فيليوس	18
فيمثل	18
فيمضي	18
فيمكننا	18
فيمكنه	18
فين	18
فينتج	18
فينتهي	18
فينجر	18
فينخفض	18
فينسان	18
فينعكس	18
فينغلق	18
فينقسم	18
فيني	18
فينيتسا	18
فينيتسيا	18
فينيسا	18
فينيسيا	18
فيو	18
فيوتشرز	18
فيوزا	18
فيوصى	18
فيوفر	18
فيي	18
قائدي	18
قائض	18
قائظة	18
قائمته	18
قائمتها	18
قائمتهم	18
قائمتي	18
قائها	18
قابعة	18
قابلته	18
قابلتها	18
قابلتهم	18
قابلنا	18
قابلهم	18
قابلوه	18
قابليتها	18
قاتلنا	18
قادرتين	18
قادمون	18
قادني	18
قاذفتين	18
قاذفين	18
قارئه	18
قارات	18
قارتنا	18
قاردين	18
قارزون	18
قارسا	18
قارسة	18
قارنت	18
قاره	18
قاريونس	18
قازان	18
قاسا	18
قاسوا	18
قاسيمي	18
قاصدي	18
قاصرين	18
قاصف	18
قاطعنا	18
قاطعوا	18
قاطني	18
قاعاتاأبيندا	18
قاعاته	18
قاعتين	18
قاعدتها	18
قاعدية	18
قاعه	18
قاليباف	18
قامعا	18
قاو	18
قاوم	18
قاومتا	18
قاومته	18
قاومناها	18
قب	18
قبارصة	18
قبرصلي	18
قبضتين	18
قبع	18
قتالة	18
قتالترددت	18
قتالها	18
قتامة	18
قتره	18
قتلتهم	18
قتيلان	18
قتيلين	18
قدت	18
قدراتك	18
قدراتهن	18
قدراتي	18
قدرتنا	18
قدرهم	18
قدموها	18
قدميك	18
قدوته	18
قديح	18
قديروة	18
قذائفهم	18
قذيلة	18
قرأناه	18
قرأوا	18
قرائته	18
قرائنا	18
قراراللجنة	18
قرارة	18
قرارل	18
قرارين	18
قراشاي	18
قراقيرة	18
قرانا	18
قرانهما	18
قراوة	18
قراوي	18
قرايشي	18
قررا	18
قررات	18
قررتها	18
قرعيش	18
قرغيزستان	18
قرغيزيا	18
قرقاب	18
قرميش	18
قرنية	18
قرنين	18
قرود	18
قروضا	18
قرويا	18
قري	18
قريباالدولة	18
قريتنا	18
قريتها	18
قريتهم	18
قرير	18
قريقش	18
قزاز	18
قزمان	18
قزمة	18
قزوط	18
قزي	18
قسوم	18
قسيمة	18
قشابية	18
قشرة	18
قشم	18
قصاصات	18
قصت	18
قصتي	18
قصدية	18
قصدير	18
قصصهم	18
قصصي	18
قصفتها	18
قصها	18
قصوري	18
قصيدتي	18
قصيدتين	18
قصيرتين	18
قضائك	18
قضبان	18
قضيتان	18
قضيتنا	18
قضيتها	18
قضيتي	18
قضيناها	18
قضيه	18
قطاراتها	18
قطاعا	18
قطاعاتها	18
قطاعها	18
قطاف	18
قطاوي	18
قطبين	18
قطة	18
قطرها	18
قططهم	18
قطعاتها	18
قطعتها	18
قطف	18
قطفهم	18
قطفوا	18
قطنيا	18
قطينة	18
قعوار	18
قفيشة	18
قلاعه	18
قلالي	18
قلبنا	18
قلبهم	18
قلصت	18
قلصوا	18
قلقنا	18
قلقهما	18
قلقين	18
قللا	18
قللنا	18
قللوا	18
قلمي	18
قلناها	18
قله	18
قماش	18
قمته	18
قمتين	18
قمحة	18
قمرات	18
قمرنا	18
قمرها	18
قمريا	18
قمعا	18
قمعت	18
قمعها	18
قمعون	18
قمعية	18
قمم	18
قمن	18
قمودي	18
قميصتشاكان	18
قميصهم	18
قنابلها	18
قنات	18
قناص	18
قناصتها	18
قناعتها	18
قناه	18
قنتيس	18
قنديل	18
قنص	18
قنصلية	18
قننت	18
قنواتها	18
قنوعة	18
قها	18
قواريق	18
قواعدك	18
قواعدهم	18
قوال	18
قواميس	18
قوانينا	18
قوانينها	18
قواهم	18
قوايدية	18
قورارة	18
قورصو	18
قوسان	18
قوض	18
قوضان	18
قوقاز	18
قولتها	18
قوميز	18
قوميون	18
قوننة	18
قويسنا	18
قياداتها	18
قياداتهم	18
قيادتا	18
قيادتنا	18
قيادتيهما	18
قياديي	18
قيادييه	18
قياسها	18
قياسيين	18
قيامته	18
قيامنا	18
قيدوا	18
قيصري	18
قيصرية	18
قيلت	18
قيمتكم	18
قيمنا	18
قيمها	18
قيمي	18
قيومجيان	18
كآبة	18
كآخر	18
كأب	18
كأبطال	18
كأحدث	18
كأدوات	18
كأرباع	18
كأستجابة	18
كأسلوب	18
كأفضل	18
كأقسام	18
كأكبر	18
كأكثر	18
كأماكن	18
كأهداف	18
كأوبلاست	18
كأوكرانيا	18
كأيقونة	18
كإجابة	18
كإسرائيليين	18
كإسناد	18
كإظهار	18
كإعصار	18
كإنذار	18
كإنسان	18
كئيب	18
كاب	18
كابتن	18
كابراري	18
كابرانات	18
كابريكورن	18
كابريو	18
كابسات	18
كابلات	18
كات	18
كاتارينا	18
كاتالونيا	18
كاتبها	18
كاتغورا	18
كاتم	18
كاتو	18
كاتوليس	18
كاتي	18
كاتيك	18
كاتيوشينكو	18
كاثلين	18
كاثوليك	18
كاثي	18
كاجراء	18
كاحل	18
كاحول	18
كاخصائيين	18
كاخوفسكايا	18
كاخوفكا	18
كادره	18
كادري	18
كاديش	18
كاديناس	18
كاذبون	18
كارا	18
كارابانوفو	18
كاراتي	18
كاراتيه	18
كاراغول	18
كاراكاس	18
كاران	18
كارتولانو	18
كارتي	18
كاردان	18
كارديف	18
كارزة	18
كارغو	18
كارغيل	18
كارفاليو	18
كارلا	18
كارلتون	18
كارلسكيند	18
كارلي	18
كارليس	18
كارن	18
كارناتاكا	18
كارنيغي	18
كارهة	18
كارهين	18
كاروتين	18
كاروتينويد	18
كارول	18
كارولاين	18
كارولين	18
كارونجو	18
كارويزاوا	18
كاريكاتورية	18
كازادي	18
كازان	18
كاس	18
كاساليتو	18
كاسبر	18
كاستجابة	18
كاستدراك	18
كاستراتيجية	18
كاستعراض	18
كاستكس	18
كاستلنوداري	18
كاستيل	18
كاسح	18
كاسحات	18
كاسيتسارت	18
كاسينجو	18
كاشفات	18
كاظمي	18
كافأهم	18
كافاتوني	18
كافجي	18
كافحت	18
كافحكت	18
كافكا	18
كافيه	18
كاقتصاد	18
كاكال	18
كاكيغوغلي	18
كال	18
كالآتي	18
كالأراضي	18
كالأطعمة	18
كالإيجاب	18
كالا	18
كالاس	18
كالانهيار	18
كالاهان	18
كالباجار	18
كالباسي	18
كالبيتس	18
كالتشيو	18
كالتعذيب	18
كالتفاح	18
كالتين	18
كالجاري	18
كالحرائق	18
كالحرباء	18
كالحوار	18
كالذرة	18
كالرئة	18
كالربط	18
كالرقبة	18
كالزرافة	18
كالسعودي	18
كالسعودية	18
كالسنة	18
كالسياحة	18
كالشرق	18
كالشوكة	18
كالصاعقة	18
كالطاقة	18
كالغاري	18
كالغيتار	18
كالـ	18
كالفين	18
كالقدرة	18
كالقدس	18
كالقطاع	18
كالماترز	18
كالمخلس	18
كالمسح	18
كالمشاورات	18
كالمعدات	18
كالمكسيك	18
كالمياه	18
كالن	18
كالنقش	18
كالوقود	18
كالياري	18
كاليبر	18
كاليدو	18
كالينينجراد	18
كالينينغراد	18
كاماز	18
كامانو	18
كامبرباتش	18
كامبل	18
كامبيون	18
كامتداد	18
كامغدينغ	18
كامن	18
كاميرون	18
كاميروني	18
كاميكازي	18
كاميل	18
كاميلرايس	18
كامينادو	18
كانانغا	18
كانبيرا	18
كانتاس	18
كاندريه	18
كانو	18
كانولو	18
كانيل	18
كانيم	18
كاهلنا	18
كاهلهم	18
كاوتي	18
كاوثورن	18
كاونتداون	18
كايت	18
كايتلن	18
كايرو	18
كاين	18
كايين	18
كباب	18
كبة	18
كبتاغون	18
كبدت	18
كبرئيل	18
كبري	18
كبريتات	18
كبرين	18
كبسول	18
كبطاقة	18
كبقية	18
كبلد	18
كبنك	18
كتائبنا	18
كتابات	18
كتاباته	18
كتابتهم	18
كتاف	18
كتانه	18
كتايون	18
كتباتها	18
كتبة	18
كتبك	18
كتجربة	18
كتحية	18
كتداعيات	18
كتدريب	18
كترانزيت	18
كتربية	18
كتسهيل	18
كتشاوة	18
كتعبير	18
كتفعيل	18
كتفيها	18
كتقنية	18
كتلتين	18
كتلميحات	18
كتله	18
كتمارين	18
كتمانها	18
كتمرين	18
كتيب	18
كتيبات	18
كتيبتها	18
كثافتها	18
كثالث	18
كثاني	18
كثروة	18
كثف	18
كثمار	18
كجدارية	18
كجرائم	18
كجرعة	18
كجريمة	18
كجسر	18
كجلي	18
كجماعة	18
كجندي	18
كجهاز	18
كحرب	18
كحرية	18
كحزب	18
كحق	18
كحقيقة	18
كحلوشة	18
كخبير	18
كخدمات	18
كخدمة	18
كخطوات	18
كخيال	18
كداد	18
كداري	18
كداعم	18
كدبلوماسي	18
كدروع	18
كدعاية	18
كدمات	18
كدول	18
كدولتين	18
كدية	18
كديم	18
كذبتهم	18
كراتين	18
كراجة	18
كرادع	18
كرار	18
كراس	18
كراسة	18
كراسنوأرميسك	18
كراش	18
كراكاس	18
كراكن	18
كراكوز	18
كرامتنا	18
كرامي	18
كراهيتها	18
كراوتش	18
كراون	18
كربونات	18
كربوناتيت	18
كرتون	18
كرج	18
كردفان	18
كرزاي	18
كرسالة	18
كرستيانو	18
كرسه	18
كرسيف	18
كرشة	18
كرعايا	18
كرفان	18
كرمالي	18
كرمز	18
كرمى	18
كرنفال	18
كروب	18
كروسيبل	18
كروفت	18
كروكيت	18
كرول	18
كرونا	18
كرونة	18
كرونز	18
كرونوس	18
كرونيتش	18
كروي	18
كرويين	18
كريزي	18
كريسبر	18
كريستيا	18
كريستياتو	18
كريستيانز	18
كريستيز	18
كريستين	18
كريسماس	18
كريسوستوم	18
كريسي	18
كريشاتي	18
كريك	18
كريكر	18
كريكري	18
كريمزاده	18
كريمي	18
كرين	18
كرينك	18
كرينيك	18
كزيادة	18
كسابقاتها	18
كسابقة	18
كساد	18
كسارات	18
كسبار	18
كسبها	18
كسل	18
كسلا	18
كسماد	18
كسمير	18
كسناتور	18
كسور	18
كسياسة	18
كسيدة	18
كسيف	18
كسيناريو	18
كسينيا	18
كشاف	18
كشاهد	18
كشبه	18
كشتو	18
كشخص	18
كشخصية	18
كشفا	18
كشفتها	18
كشفي	18
كشقيق	18
كشوفات	18
كشيء	18
كصديقه	18
كضحية	18
كضريح	18
كضيفة	18
كطاقة	18
كطرف	18
كطريق	18
كطيار	18
كظاهرة	18
كظلم	18
كعاصمة	18
كعالم	18
كعامل	18
كعانبة	18
كعض	18
كعقوبة	18
كعكع	18
كعلامة	18
كعمل	18
كعميل	18
كعنصر	18
كعوائد	18
كعون	18
كغرامات	18
كغطاء	18
كغم	18
كغيرهم	18
كـإسرائيل	18
كفؤ	18
كفاح	18
كفاحه	18
كفتي	18
كفرض	18
كفرعنان	18
كفضيحة	18
كفله	18
كفنان	18
كفنانين	18
كقاعدة	18
كقصة	18
كقضايا	18
كقوميين	18
ككسر	18
ككنيسة	18
كلاتنبرغ	18
كلاجئين	18
كلاروس	18
كلاريسا	18
كلاسيكا	18
كلاسيكو	18
كلاسيكي	18
كلاشنكوف	18
كلاشينكوف	18
كلاع	18
كلاعبين	18
كلافييه	18
كلامية	18
كلاوديو	18
كلاوسر	18
كلاي	18
كلايف	18
كلتاهما	18
كلغة	18
كلفته	18
كلفتين	18
كلفها	18
كلفهم	18
كلفوا	18
كلماتها	18
كلوتي	18
كلوفيكس	18
كلوني	18
كلوي	18
كلويفر	18
كليبتوقراطي	18
كليتها	18
كليتيه	18
كلير	18
كليرمونت	18
كليشيهات	18
كليفرلي	18
كليم	18
كليمة	18
كليمنتي	18
كليمو	18
كليمي	18
كلينك	18
كلينوفوي	18
كليو	18
كليوباترا	18
كمأساة	18
كمؤسسة	18
كمارا	18
كماعرض	18
كمالوندي	18
كمان	18
كمبدأ	18
كمبرد	18
كمتجر	18
كمتحدثة	18
كمترجم	18
كمتغيرات	18
كمثال	18
كمجرم	18
كمحرك	18
كمحطة	18
كمحمية	18
كمحورين	18
كمخصبات	18
كمدخل	18
كمدير	18
كمرادف	18
كمراسلة	18
كمراقب	18
كمران	18
كمرساة	18
كمرشح	18
كمرشحين	18
كمركز	18
كمروني	18
كمزيج	18
كمسؤول	18
كمسؤولية	18
كمستفيد	18
كمسعف	18
كمسلمين	18
كمشاكل	18
كمشتري	18
كمشغل	18
كمصادر	18
كمصر	18
كمصرفي	18
كمصمم	18
كمفكر	18
كمفهوم	18
كمقترح	18
كملابس	18
كملايين	18
كمليشيا	18
كممثل	18
كممرضة	18
كممونين	18
كمناضل	18
كمنتزه	18
كمنتهك	18
كمنسق	18
كمنصب	18
كمنظم	18
كمنقذ	18
كمنوا	18
كمهاجم	18
كمواد	18
كمواطنين	18
كمواقع	18
كموزمبيق	18
كموضوع	18
كموظف	18
كموقع	18
كمومية	18
كمون	18
كنائب	18
كنائسهم	18
كنادلة	18
كناري	18
كناكرية	18
كنبي	18
كنجم	18
كنديون	18
كنس	18
كنظم	18
كنفاني	18
كنقاط	18
كنقطة	18
كنكارو	18
كنكبة	18
كنمط	18
كنهر	18
كنواب	18
كنوع	18
كنيستها	18
كهدية	18
كهربا	18
كهربيا	18
كهروشمسية	18
كهروكيميائي	18
كهويته	18
كواحدة	18
كواد	18
كوادرها	18
كواسي	18
كواقع	18
كوالا	18
كوباكابانا	18
كوبراكوف	18
كوبرنيكوس	18
كوبري	18
كوبلو	18
كوبنهاغن	18
كوبورغ	18
كوبيا	18
كوبيانسك	18
كوبيانسكي	18
كوبيكا	18
كوبيلاش	18
كوبين	18
كوبيو	18
كوتا	18
كوتري	18
كوتس	18
كوتشيتيني	18
كوتشيمارزوف	18
كوتور	18
كوتي	18
كوثري	18
كوجاكي	18
كوخاف	18
كودانكولام	18
كودريتسكي	18
كوربن	18
كورتز	18
كورتشونوف	18
كورتي	18
كوردان	18
كوردستان	18
كورسك	18
كورسي	18
كورسيكا	18
كورك	18
كورمان	18
كورنيش	18
كورودا	18
كوريغيدورا	18
كوريل	18
كوريلا	18
كورينث	18
كوزاشا	18
كوزنيتسوف	18
كوزو	18
كوزيتسكي	18
كوسا	18
كوستين	18
كوسموس	18
كوسيدار	18
كوشر	18
كوعد	18
كوفاتش	18
كوفاسيتش	18
كوفالتشوك	18
كوفني	18
كوفينيتش	18
كوك	18
كوكايين	18
كوكتو	18
كوكوريلا	18
كوكي	18
كولز	18
كولكاتا	18
كولمان	18
كولن	18
كولو	18
كولوسيفسكي	18
كولوفرات	18
كولومبوس	18
كولونيا	18
كولونيالية	18
كولونيل	18
كولويل	18
كوليبالي	18
كوليسترول	18
كوليسون	18
كوماموتو	18
كوماندوس	18
كومانو	18
كومبس	18
كومبيتيشن	18
كومر	18
كومغانغ	18
كومفرت	18
كومندو	18
كوموتش	18
كوموديتي	18
كوموش	18
كوميدي	18
كوميديا	18
كوميكس	18
كونا	18
كوناك	18
كونت	18
كونتي	18
كونج	18
كوندومينا	18
كونرادو	18
كونري	18
كونستانتينوس	18
كونسيومر	18
كونشاينكوف	18
كونك	18
كونكورد	18
كونميبول	18
كونمينغ	18
كوننا	18
كونوف	18
كويتي	18
كويز	18
كويل	18
كويليام	18
كويمبرا	18
كوينزلاند	18
كوينس	18
كيالي	18
كيانا	18
كياناتها	18
كياننا	18
كيانه	18
كيانها	18
كياني	18
كيبل	18
كيتو	18
كيث	18
كيثيرا	18
كيراري	18
كيرتش	18
كيرشنر	18
كيركيغارد	18
كيرن	18
كيروز	18
كيروف	18
كيرياكوس	18
كيريتارو	18
كيريلنكو	18
كيريلو	18
كيريلوف	18
كيرينغ	18
كيريوس	18
كيسلر	18
كيسلوفكا	18
كيسه	18
كيشا	18
كيشانت	18
كيغالي	18
كيفانش	18
كيفت	18
كيقظة	18
كيلان	18
كيلاني	18
كيلبيرج	18
كيلجو	18
كيلمر	18
كيلوا	18
كيلوباترا	18
كيلوجراما	18
كيلوغراما	18
كيلوغرامات	18
كيلومترين	18
كيلوواط	18
كيليتشدار	18
كيليكا	18
كيماوي	18
كيميالكوف	18
كيناهان	18
كينجال	18
كيندر	18
كينغ	18
كينغسميدو	18
لآتون	18
لآخرين	18
لآدام	18
لآسيا	18
لآفاق	18
لآلياتها	18
لآمل	18
لأؤكد	18
لأبرشيتهما	18
لأبنائهم	18
لأبوظبي	18
لأتأكد	18
لأتمام	18
لأجانب	18
لأجنحة	18
لأجندات	18
لأجواء	18
لأحياء	18
لأخرى	18
لأداة	18
لأدواتها	18
لأدواتهم	18
لأذية	18
لأراض	18
لأرباح	18
لأرزيو	18
لأرضه	18
لأرقام	18
لأرواح	18
لأرييه	18
لأزماتها	18
لأزمتي	18
لأستغفر	18
لأسرار	18
لأسرتك	18
لأسرته	18
لأسس	18
لأسلافنا	18
لأسنانها	18
لأسوأ	18
لأسوشيتد	18
لأشبال	18
لأشرف	18
لأشغال	18
لأشكال	18
لأشكر	18
لأشكو	18
لأصحابها	18
لأصدقائه	18
لأصدقائهم	18
لأصناف	18
لأصواتكم	18
لأصول	18
لأطعمة	18
لأطفالنا	18
لأطفالهما	18
لأطفالي	18
لأطلسي	18
لأطنان	18
لأطول	18
لأظرف	18
لأعمالها	18
لأعوام	18
لأعود	18
لأعيش	18
لأغذية	18
لأغراضهم	18
لأغلى	18
لأغلي	18
لأغنيتها	18
لأفعالها	18
لأفعالهم	18
لأفغانستان	18
لأفكار	18
لأقسامها	18
لأقسى	18
لأقصى	18
لأكواب	18
لأكون	18
لألبانيا	18
لألتقط	18
لألف	18
لأماد	18
لأمتنا	18
لأمثل	18
لأمريكاأدى	18
لأمطار	18
لأمننا	18
لأمهات	18
لأمهم	18
لأموال	18
لأنتاج	18
لأنتاركتيكا	18
لأنثى	18
لأنجلينا	18
لأندية	18
لأنصار	18
لأنصاره	18
لأنغولا	18
لأنههو	18
لأنوشكا	18
لأنيابها	18
لأهميته	18
لأهنئه	18
لأهوائه	18
لأواخر	18
لأوباما	18
لأوبرا	18
لأوزة	18
لأولائك	18
لأولمبي	18
لأوهامها	18
لأى	18
لأيصاله	18
لإبادة	18
لإبداء	18
لإبراز	18
لإبعاده	18
لإبقائه	18
لإبلاغهم	18
لإبلاغهن	18
لإتجاره	18
لإتخاذ	18
لإتفاقيات	18
لإتلاف	18
لإثنين	18
لإجازة	18
لإحاطة	18
لإحالتها	18
لإحداثه	18
لإحصاءات	18
لإحيائه	18
لإختياره	18
لإخراجهم	18
لإخماد	18
لإخواننا	18
لإداء	18
لإدارتها	18
لإداريي	18
لإدانته	18
لإدراجه	18
لإدراجها	18
لإدراجهم	18
لإدراكها	18
لإدلائه	18
لإذاعته	18
لإراحة	18
لإراقة	18
لإرتباطه	18
لإرث	18
لإرساء	18
لإرشادات	18
لإرضاخ	18
لإرغام	18
لإرنا	18
لإزاحة	18
لإزالته	18
لإزهاق	18
لإستخراج	18
لإستضافة	18
لإستعادة	18
لإستقبال	18
لإستقطاب	18
لإستقلالية	18
لإستنزاف	18
لإستيراد	18
لإسطنبول	18
لإسعاد	18
لإسعاف	18
لإسعافها	18
لإسكات	18
لإسكاته	18
لإشارة	18
لإشراف	18
لإشراقة	18
لإشعار	18
لإشعال	18
لإشكالية	18
لإصابته	18
لإصابتها	18
لإصابتهما	18
لإضعاف	18
لإطارات	18
لإطعام	18
لإطعامها	18
لإطفاء	18
لإطلاقه	18
لإطلاقهم	18
لإعاقات	18
لإعاقة	18
لإعدادهم	18
لإعصار	18
لإعلام	18
لإغاثة	18
لإغتياله	18
لإغضابه	18
لإغلاقها	18
لإفراغ	18
لإفريقيا	18
لإفلات	18
لإفنائها	18
لإفهام	18
لإقالة	18
لإقصاء	18
لإكثار	18
لإكساب	18
لإلحاقهما	18
لإلزام	18
لإلغائها	18
لإلهام	18
لإمارة	18
لإمتاع	18
لإمتنــاعها	18
لإمدادات	18
لإمدادها	18
لإنتخاب	18
لإنجاب	18
لإنجازاته	18
لإنجازاتها	18
لإنجازاتهم	18
لإندونيسيا	18
لإندونيسية	18
لإنستغرام	18
لإنصافها	18
لإنعاش	18
لإنفلونزا	18
لإنقاذه	18
لإنقاص	18
لإنما	18
لإنهائه	18
لإهانات	18
لإهانة	18
لإيطاليا	18
لإيلاء	18
لإيمانها	18
لإيهام	18
لإيواء	18
لاءات	18
لاإرادية	18
لائحتنا	18
لائقه	18
لابارا	18
لابتعاد	18
لابطال	18
لابعاد	18
لابل	18
لابناء	18
لابنته	18
لابنتها	18
لابيتسكي	18
لابيير	18
لاتحادي	18
لاتحادية	18
لاتحاذ	18
لاتحتقر	18
لاتحرمنا	18
لاتر	18
لاترد	18
لاترسلوا	18
لاتزال	18
لاتساع	18
لاتسود	18
لاتصالات	18
لاتفاقات	18
لاتلتزم	18
لاتهام	18
لاتهامات	18
لاتهامه	18
لاتهامها	18
لاتيسيا	18
لاتيمور	18
لاتينية	18
لاجئي	18
لاجتماعها	18
لاجراء	18
لاجرافوف	18
لاجون	18
لاحتجازها	18
لاحتضانها	18
لاحتفال	18
لاحتلالها	18
لاحتياجاتهن	18
لاحدود	18
لاحزاب	18
لاحظة	18
لاحظناه	18
لاحقته	18
لاحكام	18
لاحياني	18
لاختباره	18
لاختراع	18
لاختراقات	18
لاختراقها	18
لاختصار	18
لاخماده	18
لاخماذ	18
لادخار	18
لادعائها	18
لادي	18
لاذ	18
لاذعا	18
لارتباطات	18
لارتداء	18
لارتدائها	18
لارتكابه	18
لارتكابهم	18
لارضهم	18
لارمو	18
لازار	18
لازارو	18
لازالت	18
لازدهار	18
لازمهم	18
لازموا	18
لازنبي	18
لاسابيينسا	18
لاستئصال	18
لاستباحة	18
لاستبداده	18
لاستبعاد	18
لاستثمارات	18
لاستجوابهم	18
لاستخدامه	18
لاستدراك	18
لاستدعاء	18
لاستراتيجية	18
لاسترجاع	18
لاستشارته	18
لاستشهاده	18
لاستطلاع	18
لاستطلاعات	18
لاستعارة	18
لاستعمال	18
لاستغلاله	18
لاستفزازات	18
لاستقدام	18
لاستلهام	18
لاستمارة	18
لاستنباط	18
لاستنزاف	18
لاستنفار	18
لاستهلاك	18
لاستيراده	18
لاستيرادها	18
لاستيطان	18
لاستيعابهن	18
لاسرائيل	18
لاسكتلندا	18
لاسوأ	18
لاشك	18
لاشين	18
لاصداره	18
لاصطدام	18
لاضطرابات	18
لاطلاع	18
لاعبات	18
لاعبهم	18
لاعبونا	18
لاعبوه	18
لاعبينا	18
لاعبيهم	18
لاعتبارات	18
لاعتراف	18
لاعتقاد	18
لاعتقالات	18
لاعتقالهم	18
لاعتلائهم	18
لاعلاقة	18
لاغتيال	18
لاغركفيست	18
لاغو	18
لاغونا	18
لافاج	18
لافاييت	18
لافرينتييف	18
لافونت	18
لافي	18
لاقامة	18
لاقاه	18
لاقتراح	18
لاقتراحات	18
لاقتراحه	18
لاقتراع	18
لاقتصاد	18
لاقتصادنا	18
لاقتلاع	18
لاقتناء	18
لاقناع	18
لاقي	18
لاكاتوس	18
لاكاف	18
لاكبا	18
لاكتساب	18
لالتقاطها	18
لامبور	18
لامبورغيني	18
لامبيدوزا	18
لامة	18
لامتلاكنا	18
لامركزية	18
لامعة	18
لامكاناتها	18
لامل	18
لانا	18
لانابال	18
لاناقة	18
لانبعاثات	18
لانتاج	18
لانتشال	18
لانتشالنا	18
لانتشو	18
لانتصار	18
لانتظار	18
لانتظام	18
لانتقاد	18
لانتكاسات	18
لانتماء	18
لانتمائه	18
لانتهاء	18
لانتهاكات	18
لانتهاكها	18
لانجاح	18
لانحدار	18
لاند	18
لانداو	18
لاندز	18
لانزلاق	18
لانست	18
لانسحاب	18
لانشاء	18
لانشغال	18
لانشغالاتكم	18
لانصراف	18
لانضمامي	18
لانطلاقته	18
لانطلاقها	18
لانغدوك	18
لانغون	18
لانفصال	18
لانقلاب	18
لاننسى	18
لانهاء	18
لانهائي	18
لانهيار	18
لاني	18
لاهاف	18
لاهتمامي	18
لاوانه	18
لاوتوستراد	18
لاوكرانيا	18
لاول	18
لاون	18
لايا	18
لايام	18
لايبزيج	18
لايبزيغ	18
لايحق	18
لايذاء	18
لايران	18
لايريد	18
لايزالون	18
لايسكا	18
لايشق	18
لايعرف	18
لايعيش	18
لايفات	18
لايفقه	18
لايقاف	18
لايم	18
لايهدف	18
لايين	18
لبؤر	18
لبائع	18
لبات	18
لباحات	18
لباحثين	18
لباريس	18
لباسكون	18
لباعة	18
لبحرية	18
لبحيرة	18
لبدي	18
لبذل	18
لبر	18
لبرامجه	18
لبرامجها	18
لبرلمان	18
لبرلين	18
لبرمانا	18
لبرمجة	18
لبرنامجه	18
لبروتوكول	18
لبروتين	18
لبروز	18
لبروكسل	18
لبرون	18
لبسط	18
لبشير	18
لبطاقات	18
لبطريركية	18
لبطولات	18
لبعا	18
لبعث	18
لبعضهما	18
لبلادنا	18
لبلادهم	18
لبلادي	18
لبلدان	18
لبلداننا	18
لبلده	18
لبلدها	18
لبلدهما	18
لبلوغها	18
لبناءلبنان	18
لبنائها	18
لبناننا	18
لبناية	18
لبننة	18
لبنية	18
لبوتيتشيلي	18
لبورزو	18
لبورصة	18
لبولسونارو	18
لبولندا	18
لبيرك	18
لبيعة	18
لبيعها	18
لبيل	18
لبيلاروس	18
لبيلينغهام	18
لتآكل	18
لتأبين	18
لتأثيث	18
لتأثيراته	18
لتأجيل	18
لتأخذ	18
لتأخير	18
لتأدية	18
لتأسيسه	18
لتأشيرة	18
لتأكيده	18
لتأكيدها	18
لتأليف	18
لتأهلهم	18
لتأهيل	18
لتأهيلهم	18
لتأييد	18
لتؤسس	18
لتؤكد	18
لتئهية	18
لتاريخنا	18
لتايبيه	18
لتباع	18
لتبت	18
لتبديد	18
لتبرد	18
لتبريد	18
لتبيان	18
لتبييض	18
لتتبارك	18
لتتبدى	18
لتتجاوز	18
لتتجلى	18
لتتحسن	18
لتتحمل	18
لتتحول	18
لتتخلل	18
لتتخلى	18
لتتساءل	18
لتتقلص	18
لتتكلم	18
لتتلاءم	18
لتتمسك	18
لتتمكن	18
لتتوج	18
لتتولى	18
لتتيح	18
لتجار	18
لتجارة	18
لتجاهل	18
لتجتمع	18
لتجراي	18
لتجريف	18
لتجسيده	18
لتجسيم	18
لتجعلي	18
لتجفيفها	18
لتجمع	18
لتجميد	18
لتجنيب	18
لتجنيسها	18
لتجهيزات	18
لتجولها	18
لتحافظ	18
لتحت	18
لتحد	18
لتحدد	18
لتحذير	18
لتحركاته	18
لتحركك	18
لتحرياتنا	18
لتحريره	18
لتحريك	18
لتحسن	18
لتحسيس	18
لتحصد	18
لتحصل	18
لتحصلى	18
لتحصينهم	18
لتحطيم	18
لتحظى	18
لتحقيقات	18
لتحكم	18
لتحكي	18
لتحول	18
لتحولات	18
لتحويلك	18
لتحويله	18
لتحيي	18
لتحيين	18
لتخرج	18
لتخريب	18
لتخريج	18
لتخطيط	18
لتخلو	18
لتخليد	18
لتخليص	18
لتخمد	18
لتداخل	18
لتداعياته	18
لتداول	18
لتداولات	18
لتدب	18
لتدبير	18
لتدريس	18
لتدعمه	18
لتدفئة	18
لتدفع	18
لتدفق	18
لتدميره	18
لتدهس	18
لتدهور	18
لتدويل	18
لتدوين	18
لتدوينها	18
لتذكرة	18
لتذكير	18
لتذوق	18
لترؤسه	18
لتراتبية	18
لتراجع	18
لترتفع	18
لترد	18
لتردي	18
لترسل	18
لترسم	18
لترسيخها	18
لترشيحات	18
لترشيحك	18
لترصد	18
لتركيب	18
لتركيع	18
لترويج	18
لترويض	18
لترى	18
لتزامنها	18
لتزايد	18
لتزداد	18
لتزكية	18
لتزويدنا	18
لتزويده	18
لتزويدي	18
لتزيد	18
لتزيل	18
لتزييفها	18
لتساعد	18
لتساعده	18
لتساهم	18
لتسببها	18
لتستضيفه	18
لتستعيد	18
لتستفيد	18
لتسحبها	18
لتسديدها	18
لتسرع	18
لتسريب	18
لتسريح	18
لتسطير	18
لتسعة	18
لتسعين	18
لتسكن	18
لتسليمهم	18
لتسهل	18
لتسويقها	18
لتسيون	18
لتشابه	18
لتشاور	18
لتشتد	18
لتشريع	18
لتشرين	18
لتشكل	18
لتشكيلة	18
لتشنجات	18
لتشويه	18
لتشيلسي	18
لتشييد	18
لتشييعه	18
لتشييعهم	18
لتصارع	18
لتصاريح	18
لتصديق	18
لتصريف	18
لتصوير	18
لتصويره	18
لتضاؤل	18
لتضامن	18
لتضحيات	18
لتضخم	18
لتضرر	18
لتضم	18
لتضمن	18
لتطابق	18
لتطلب	18
لتطلعوا	18
لتطمئن	18
لتطورات	18
لتطويعه	18
لتظافر	18
لتظاهرات	18
لتظل	18
لتعادل	18
لتعارض	18
لتعافي	18
لتعامل	18
لتعاوننا	18
لتعاونية	18
لتعبيد	18
لتعبير	18
لتعبيره	18
لتعدين	18
لتعرب	18
لتعرض	18
لتعريفه	18
لتعزز	18
لتعزيزها	18
لتعق	18
لتعكير	18
لتعليق	18
لتعمدها	18
لتعمل	18
لتعيد	18
لتعيش	18
لتعيين	18
لتغادر	18
لتغريدة	18
لتغطي	18
لتغمر	18
لتفاجئه	18
لتفاديه	18
لتفاقم	18
لتفاوض	18
لتفتيشها	18
لتفعل	18
لتفعيلها	18
لتفقد	18
لتفكيك	18
لتقدمه	18
لتقدير	18
لتقديمها	18
لتقرر	18
لتقريب	18
لتقع	18
لتقلبات	18
لتقلص	18
لتقنين	18
لتقويم	18
لتكاثر	18
لتكاليف	18
لتكبيراتكم	18
لتكتب	18
لتكديس	18
لتكرار	18
لتكليف	18
لتكليفها	18
لتكن	18
لتكنولوجيا	18
لتكوينهم	18
لتل	18
لتلاحقهم	18
لتلاقي	18
لتلامس	18
لتلاميذ	18
لتلاوة	18
لتلبي	18
لتلعب	18
لتلقى	18
لتلمسان	18
لتلمسوا	18
لتمارين	18
لتمثال	18
لتمجيد	18
لتمديدها	18
لتمزيق	18
لتمشي	18
لتمكن	18
لتمكينهم	18
لتمكينهن	18
لتمهد	18
لتمويه	18
لتميمة	18
لتمييز	18
لتمييع	18
لتناوب	18
لتناولها	18
لتنتشر	18
لتنخفض	18
لتندفع	18
لتندوف	18
لتنزيل	18
لتنسيق	18
لتنشر	18
لتنشيط	18
لتنشيطها	18
لتنصفوا	18
لتنقله	18
لتنهال	18
لتنهي	18
لتنوع	18
لتهاجم	18
لتهدأ	18
لتهرب	18
لتهويد	18
لتواجه	18
لتواصلهم	18
لتوافق	18
لتوتر	18
لتوتنهام	18
لتوجه	18
لتوجيهاته	18
لتوجيهه	18
لتوحيد	18
لتودع	18
لتورطها	18
لتوسعة	18
لتوصيله	18
لتوضيب	18
لتوظيفها	18
لتوفر	18
لتوقيفهم	18
لتوك	18
لتوليه	18
لتوه	18
لتوها	18
لتويتر	18
لتيار	18
لتياره	18
لتيزي	18
لتيسير	18
لتيك	18
لتيموثي	18
لثاني	18
لثروات	18
لثقافتنا	18
لثقة	18
لثلة	18
لثمار	18
لثنيه	18
لثوان	18
لثوران	18
لجأوا	18
لجؤ	18
لجئوا	18
لجائحة	18
لجبل	18
لجثة	18
لجثث	18
لجد	18
لجدري	18
لجدول	18
لجرأتها	18
لجرائمها	18
لجرعات	18
لجريح	18
لجريدة	18
لجريدتكم	18
لجزء	18
لجزائرنا	18
لجعجع	18
لجلالة	18
لجلالتكم	18
لجلبها	18
لجلد	18
لجلطة	18
لجماعتي	18
لجماهير	18
لجنتنا	18
لجنته	18
لجنتي	18
لجنسية	18
لجننتي	18
لجنوب	18
لجنودنا	18
لجني	18
لجهودها	18
لجهودهم	18
لجو	18
لجوانا	18
لجورج	18
لجوزمان	18
لجوزيف	18
لجولة	18
لجولدمان	18
لجونسون	18
لجيب	18
لحائط	18
لحاجتهم	18
لحاجيات	18
لحادثين	18
لحاسة	18
لحاضرنا	18
لحافة	18
لحاكم	18
لحالنا	18
لحاله	18
لحام	18
لحامل	18
لحامليها	18
لحبة	18
لحث	18
لحثها	18
لحجاج	18
لحجب	18
لحجز	18
لحجمه	18
لحدودها	18
لحذف	18
لحرارة	18
لحراس	18
لحراك	18
لحركات	18
لحركتي	18
لحرمان	18
لحرمانه	18
لحروب	18
لحزبه	18
لحساء	18
لحسابات	18
لحساسية	18
لحصار	18
لحصارها	18
لحصارهم	18
لحصر	18
لحصص	18
لحض	18
لحضارة	18
لحضرتك	18
لحضهم	18
لحضوره	18
لحضورها	18
لحطام	18
لحظتك	18
لحظنا	18
لحظية	18
لحفاوة	18
لحفر	18
لحفرة	18
لحفز	18
لحقبة	18
لحقتها	18
لحقها	18
لحكام	18
لحكايات	18
لحكومتي	18
لحلحلة	18
لحلفاء	18
لحله	18
لحلوى	18
لحليفه	18
لحمايتنا	18
لحمايته	18
لحمايتهما	18
لحملات	18
لحمله	18
لحمولة	18
لحميدة	18
لحوت	18
لحياتهم	18
لحيادية	18
لحيتنا	18
لحيثيات	18
لحيز	18
لحيوان	18
لخاشقجي	18
لخامنئي	18
لخبرته	18
لختم	18
لخدمتها	18
لخدمتهم	18
لخرق	18
لخرقها	18
لخروف	18
لخريجي	18
لخص	18
لخصائص	18
لخصائصة	18
لخصمته	18
لخصها	18
لخصوصيات	18
لخصوصية	18
لخصومهم	18
لخضر	18
لخطأ	18
لخطابات	18
لخطط	18
لخططها	18
لخطوات	18
لخطوة	18
لخطورة	18
لخف	18
لخفة	18
لخفر	18
لخلاص	18
لخلافات	18
لخلافة	18
لخلطات	18
لخلعها	18
لخلفيتها	18
لخمة	18
لداء	18
لدائن	18
لدادوة	18
لداعش	18
لدافيد	18
لدانييل	18
لدبلوماسية	18
لدبلوماسيينا	18
لدخولنا	18
لدراسات	18
لدرسه	18
لدرع	18
لدرك	18
لدرويش	18
لدستور	18
لدعواهم	18
لدعوتنا	18
لدغة	18
لدفعه	18
لدفعهم	18
لدفن	18
لدفنها	18
لدقيق	18
لدماء	18
لدماغ	18
لدمشق	18
لدمه	18
لدمي	18
لدواع	18
لدوافع	18
لدوج	18
لدورات	18
لدورهم	18
لدوريات	18
لدوشنبه	18
لدوغين	18
لدوق	18
لدويلة	18
لديبي	18
لديناصور	18
لديناميكيات	18
لديهن	18
لديوان	18
لديون	18
لذاتيهما	18
لذاكرة	18
لذاكرتنا	18
لذخائر	18
لذخيرة	18
لذر	18
لذوبانها	18
لرأيه	18
لرئاستها	18
لرئاسيات	18
لرائدها	18
لراتنج	18
لراجح	18
لراحة	18
لراشد	18
لرام	18
لراهب	18
لراية	18
لرايتم	18
لربحها	18
لربيع	18
لرتوشاتها	18
لرجالة	18
لرحلة	18
لرحمة	18
لرحيله	18
لرخص	18
لرخصة	18
لردايو	18
لردم	18
لردود	18
لرسكلة	18
لرسولنا	18
لرسوم	18
لرضوض	18
لرعاياها	18
لرعايتها	18
لرغبات	18
لرغبة	18
لرغبتها	18
لرفاقه	18
لرفقاء	18
لرفيق	18
لرقابنا	18
لركابها	18
لركلات	18
لركلتين	18
لركوب	18
لرنيم	18
لرواسب	18
لروايات	18
لرودانة	18
لروزنفيع	18
لري	18
لرياض	18
لرياضة	18
لريم	18
لزاح	18
لزحف	18
لزرع	18
لزعامة	18
لزفيزف	18
لزملاء	18
لزملائه	18
لزمن	18
لزميلنا	18
لزميله	18
لزميلها	18
لزواره	18
لزوارها	18
لزواله	18
لزيارتها	18
لسؤالين	18
لساحات	18
لسارقي	18
لساعد	18
لساموثريس	18
لسباقات	18
لسبر	18
لسبعة	18
لستيفن	18
لستينيات	18
لستينية	18
لستيوارت	18
لسجل	18
لسجنه	18
لسجون	18
لسخونة	18
لسر	18
لسرطان	18
لسطح	18
لسعادتك	18
لسعي	18
لسفارة	18
لسفراء	18
لسقف	18
لسكانها	18
لسكتوا	18
لسلاسل	18
لسلامة	18
لسلامتهم	18
لسلة	18
لسلسة	18
لسلسلتهم	18
لسلطات	18
لسلطان	18
لسلطتهم	18
لسلمية	18
لسلوكيات	18
لسليمانيفي	18
لسم	18
لسمعة	18
لسنتين	18
لسنجاب	18
لسه	18
لسهل	18
لسيادتها	18
لسياساته	18
لسياساتها	18
لسيدة	18
لسيطرتها	18
لسينما	18
لشأن	18
لشئون	18
لشابة	18
لشابتين	18
لشارة	18
لشاشات	18
لشبان	18
لشجاعتها	18
لشجب	18
لشحنات	18
لشحنها	18
لشرائها	18
لشرايين	18
لشرب	18
لشركتهما	18
لشركتي	18
لشركتين	18
لشريحة	18
لشريكة	18
لشعار	18
لشعبكم	18
لشعبه	18
لشعبها	18
لشعبيهما	18
لشعور	18
لشعوره	18
لشعوري	18
لشفيونتيك	18
لشقيقه	18
لشكر	18
لشكل	18
لشلل	18
لشمال	18
لشهادته	18
لشهدائنا	18
لشهرين	18
لشهود	18
لشيعة	18
لشيكات	18
لشيكلي	18
لصادراتها	18
لصاروخين	18
لصالحك	18
لصالحهم	18
لصانعي	18
لصب	18
لصباحي	18
لصحتنا	18
لصحف	18
لصحفيتها	18
لصحفيي	18
لصخرة	18
لصدام	18
لصدمة	18
لصدور	18
لصراع	18
لصربيا	18
لصعوبة	18
لصفحة	18
لصفر	18
لصفقات	18
لصقل	18
لصلوات	18
لصناعات	18
لصنعاء	18
لصوص	18
لصوصا	18
لصوصيته	18
لصيدال	18
لصيقة	18
لضخه	18
لضغوطات	18
لضلوعه	18
لضمها	18
لضوابط	18
لضوضاء	18
لضيوف	18
لطارق	18
لطاقاتنا	18
لطاقة	18
لطاقتها	18
لطالبات	18
لطالبي	18
لطانيوس	18
لطاولة	18
لطبق	18
لطبيب	18
لطبيعتها	18
لطرابزون	18
لطرابلس	18
لطرفي	18
لطرق	18
لطريقة	18
لطريقين	18
لطفل	18
لطفلك	18
لطفلين	18
لطفليها	18
لطلبات	18
لطلبهم	18
لطلق	18
لطي	18
لظروف	18
لظل	18
لعائلاتهم	18
لعائلته	18
لعائلتين	18
لعادات	18
لعادل	18
لعاصفة	18
لعامي	18
لعبارة	18
لعباس	18
لعبه	18
لعبوا	18
لعبوة	18
لعبور	18
لعجالي	18
لعرج	18
لعرضهم	18
لعرقلتنا	18
لعزله	18
لعشاق	18
لعشرة	18
لعصابات	18
لعصر	18
لعصرين	18
لعضويته	18
لعطلة	18
لعقار	18
لعقارين	18
لعقده	18
لعلاجات	18
لعلاقات	18
لعلاقاتها	18
لعلاقتها	18
لعلاقتهم	18
لعلوم	18
لعمارة	18
لعمال	18
لعمق	18
لعملاء	18
لعملائنا	18
لعملك	18
لعملها	18
لعملي	18
لعملياتها	18
لعملياتهم	18
لعنصرية	18
لعنوان	18
لعهد	18
لعوائه	18
لعوالمنا	18
لعوامل	18
لعوج	18
لعودتهم	18
لعون	18
لعيب	18
لعينة	18
لعيون	18
لغابة	18
لغاتهم	18
لغارة	18
لغالبية	18
لغايات	18
لغاياتها	18
لغتين	18
لغرقه	18
لغزا	18
لغزة	18
لغضون	18
لغفلة	18
لغلاف	18
لغلق	18
لغليزان	18
لغمين	18
لغناشفيلي	18
لغواصة	18
لغودار	18
لغورباتشوف	18
لغينيا	18
لـتأمين	18
لـستينغر	18
لـلوكالة	18
لـموقع	18
لـه	18
لـوكالة	18
لفائدتي	18
لفائف	18
لفافات	18
لفافة	18
لفالفيردي	18
لفاليري	18
لفتة	18
لفتوا	18
لفحوصات	18
لفخامة	18
لفداوي	18
لفرصة	18
لفريضة	18
لفريقنا	18
لفريقها	18
لفريقي	18
لفصائل	18
لفعاليته	18
لفقاعة	18
لفقيد	18
لفك	18
لفلاديمير	18
لفلسطينيين	18
لفلفة	18
لفلوريدا	18
لفنون	18
لفهمه	18
لفواتير	18
لفوف	18
لفيتامين	18
لفيراري	18
لفيروسات	18
لقاءا	18
لقاءاتي	18
لقاءنا	18
لقاؤنا	18
لقائدي	18
لقائي	18
لقاحان	18
لقاحنا	18
لقاحه	18
لقاحهم	18
لقاذفات	18
لقاضى	18
لقافلة	18
لقبرص	18
لقبل	18
لقت	18
لقتلى	18
لقجع	18
لقداسة	18
لقدامى	18
لقدرات	18
لقدم	18
لقدميك	18
لقرابة	18
لقرارها	18
لقربها	18
لقرش	18
لقرصنة	18
لقرينة	18
لقسنطينةمنتخب	18
لقصة	18
لقضيتنا	18
لقطارات	18
لقطاعات	18
لقلبك	18
لقمعها	18
لقميص	18
لقناعة	18
لقنبلة	18
لقهوة	18
لقواتنا	18
لقوتها	18
لقيادات	18
لقيادتنا	18
لقيادي	18
لقيامها	18
لقيمة	18
لقيمته	18
لقيمه	18
لكأنه	18
لكارلوس	18
لكارين	18
لكاميرات	18
لكبحه	18
لكتلة	18
لكثافة	18
لكثيرين	18
لكرامتهم	18
لكراهية	18
لكسرها	18
لكسور	18
لكصيبين	18
لكطيطيرة	18
لكفة	18
لكلامي	18
لكلية	18
لكلير	18
لكميات	18
لكندا	18
لكنهن	18
لكوادر	18
لكوبلي	18
لكوشنر	18
لكوني	18
لكوهين	18
لكيفيات	18
للآباء	18
للآبار	18
للآداب	18
للآراء	18
للآليات	18
للآن	18
للأبطال	18
للأبقار	18
للأبواب	18
للأثار	18
للأثرياء	18
للأثمان	18
للأجر	18
للأجيال	18
للأحياء	18
للأخضر	18
للأخوين	18
للأدوار	18
للأديان	18
للأديبة	18
للأديرة	18
للأذى	18
للأرجنتيني	18
للأردنيين	18
للأساليب	18
للأسبوع	18
للأسفل	18
للأسمدة	18
للأسنان	18
للأشعة	18
للأشقاء	18
للأصابة	18
للأضحية	18
للأضرار	18
للأعراض	18
للأعلى	18
للأعواد	18
للأعوام	18
للأعيان	18
للأغلبية	18
للأغنام	18
للأفغان	18
للأفلام	18
للأقاليم	18
للأقساط	18
للأقصى	18
للأقلية	18
للأقنعة	18
للأكاديمية	18
للأكاديميين	18
للأكثرية	18
للأكراد	18
للألبسة	18
للألف	18
للألم	18
للألمان	18
للأماكن	18
للأمان	18
للأمريكي	18
للأمعاء	18
للأملاك	18
للأمواج	18
للأمونيا	18
للأنبا	18
للأنترنت	18
للأنشطة	18
للأنف	18
للأنماط	18
للأهالي	18
للأهل	18
للأهلي	18
للأوبئة	18
للأوبرا	18
للأوتوبيس	18
للأوجاع	18
للأورام	18
للأوركسترا	18
للأوزان	18
للأوزون	18
للأوطان	18
للأولاد	18
للأولويات	18
للأونروا	18
للإبتزاز	18
للإبحار	18
للإبلاغ	18
للإتحاد	18
للإثراء	18
للإجتماع	18
للإجرام	18
للإحتضان	18
للإحتلال	18
للإحسان	18
للإختبار	18
للإخوان	18
للإخوانيات	18
للإدارات	18
للإذلال	18
للإستقلال	18
للإستهلاك	18
للإسرائيليين	18
للإسطوانات	18
للإسكان	18
للإسكواش	18
للإسهام	18
للإشادة	18
للإشارات	18
للإشاعات	18
للإصدارات	18
للإصلاحية	18
للإضاءة	18
للإضرار	18
للإطاحة	18
للإطارات	18
للإطلاع	18
للإطلاق	18
للإعتراف	18
للإعجاب	18
للإعفاء	18
للإعلامي	18
للإعلاميين	18
للإغتيال	18
للإغلاق	18
للإقتراع	18
للإقتصاد	18
للإقتصادات	18
للإقراض	18
للإقناع	18
للإلقاء	18
للإلكترونيات	18
للإلهام	18
للإماراتيين	18
للإمارة	18
للإمتحانات	18
للإمساك	18
للإمضاء	18
للإنجاب	18
للإنذار	18
للإنزلاق	18
للإهتمام	18
للإيحاء	18
للإيداع	18
للإيقاف	18
للإيكولوجيا	18
للائتلاف	18
للابتعاد	18
للابتكارات	18
للابحار	18
للاتساع	18
للاتفاقات	18
للاتهامات	18
للاجابة	18
للاجراء	18
للاحتفالات	18
للاحتيال	18
للاحمر	18
للاخبار	18
للاخراج	18
للاخوة	18
للادوية	18
للاديب	18
للارتزاق	18
للارتقاء	18
للازدهار	18
للاستبعاد	18
للاستثماري	18
للاستجابات	18
للاستجواب	18
للاستحمام	18
للاستدامة	18
للاستدعاءات	18
للاسترجاع	18
للاسترخاء	18
للاسترشاد	18
للاستزادة	18
للاستشارة	18
للاستعباد	18
للاستعدادات	18
للاستعلام	18
للاستعلامات	18
للاستغناء	18
للاستقالة	18
للاستكشاف	18
للاسرة	18
للاسفل	18
للاسكواش	18
للاشئ	18
للاشارة	18
للاشتراطات	18
للاشتراكيين	18
للاشتغال	18
للاشقاء	18
للاشكالات	18
للاشمئزاز	18
للاضطرار	18
للاضطهاد	18
للاعتبارات	18
للاعتراض	18
للاعتصام	18
للاعتقالات	18
للاعتكاف	18
للافروف	18
للافي	18
للاقتحام	18
للاقتداء	18
للاقتصادات	18
للاكتتاب	18
للاكتفاء	18
للالتصاق	18
للالتهابات	18
للامة	18
للامتثال	18
للامتحانات	18
للامكانيات	18
للاموال	18
للانتبهاء	18
للانتحار	18
للانتصار	18
للانتصارات	18
للانتهاء	18
للانجرار	18
للانحراف	18
للاندفاع	18
للانزلاق	18
للانسانية	18
للانسحاب	18
للانسداد	18
للانفتاح	18
للانفجار	18
للانقاذ	18
للانقضاض	18
للاوضاع	18
للبئر	18
للباحث	18
للبارسا	18
للبازار	18
للباعة	18
للبايرن	18
للبتروكيماويات	18
للبث	18
للبحارة	18
للبحرين	18
للبحيرة	18
للبديل	18
للبذر	18
للبراءة	18
للبرج	18
للبرلمانات	18
للبرمجة	18
للبرمجيات	18
للبروتوكولات	18
للبريد	18
للبريطانية	18
للبريميرليج	18
للبضائع	18
للبطارية	18
للبطاقات	18
للبطالة	18
للبطريرك	18
للبكالوريا	18
للبلاستيك	18
للبن	18
للبندقية	18
للبنزين	18
للبنى	18
للبنين	18
للبوابة	18
للبوتاسيوم	18
للبولندي	18
للبياض	18
للبيتكوين	18
للبيطرية	18
للتأشيرة	18
للتأهيل	18
للتأويل	18
للتابلت	18
للتاجر	18
للتاكيد	18
للتايكواندو	18
للتايكوندو	18
للتبادل	18
للتبضع	18
للتبعات	18
للتبليغ	18
للتتبع	18
للتجاوزات	18
للتجربة	18
للتجزئات	18
للتحايل	18
للتحدي	18
للتحديات	18
للتحذيرات	18
للتحرر	18
للتحرش	18
للتحركات	18
للتحلية	18
للتحليقعاليا	18
للتحوط	18
للتحويلات	18
للتحيز	18
للتخريب	18
للتخزين	18
للتخوفات	18
للتداعي	18
للتدليك	18
للتدليل	18
للتذاكر	18
للتربة	18
للترتيبات	18
للتردد	18
للترسبات	18
للترفيه	18
للترقي	18
للترقية	18
للتركزات	18
للترميم	18
للترند	18
للترهيب	18
للتروى	18
للتريض	18
للتزود	18
للتسبب	18
للتسعيرة	18
للتسلل	18
للتسمم	18
للتسميم	18
للتسوق	18
للتسوية	18
للتشابه	18
للتشجيع	18
للتشرد	18
للتشظي	18
للتشكيل	18
للتصحيح	18
للتصدعات	18
للتصديق	18
للتصريح	18
للتصفيفة	18
للتصميم	18
للتصنيف	18
للتصور	18
للتطبيق	18
للتطرق	18
للتطريز	18
للتطلع	18
للتطلعات	18
للتظاهر	18
للتعادل	18
للتعارف	18
للتعاقدات	18
للتعاميم	18
للتعدين	18
للتعطيل	18
للتعقيم	18
للتعلم	18
للتعليقات	18
للتعليمات	18
للتعميم	18
للتعهيد	18
للتفاهم	18
للتفريق	18
للتفشيات	18
للتقارير	18
للتقديم	18
للتقنيين	18
للتكاثر	18
للتكالب	18
للتكتل	18
للتلاحم	18
للتلف	18
للتلقيح	18
للتلميح	18
للتلويح	18
للتمارين	18
للتماسك	18
للتمثيل	18
للتمديد	18
للتمرين	18
للتمكن	18
للتمكين	18
للتموقع	18
للتنازل	18
للتنبؤ	18
للتنبه	18
للتنظيمات	18
للتهاون	18
للتهذيب	18
للتهكم	18
للتوأمين	18
للتوازن	18
للتوحد	18
للتوحيد	18
للتوربين	18
للتوربينات	18
للتوصيات	18
للتوضيح	18
للتوعية	18
للتوقعات	18
للتونسي	18
للثأر	18
للثانوية	18
للثقافات	18
للثقبين	18
للثقة	18
للثلاثي	18
للثوار	18
للجان	18
للجبهات	18
للجدار	18
للجدري	18
للجدول	18
للجراح	18
للجرعات	18
للجرمق	18
للجريدة	18
للجزاءات	18
للجزائرشراكة	18
للجزائري	18
للجزائريين	18
للجزر	18
للجمال	18
للجمباز	18
للجمهوريين	18
للجنتي	18
للجندي	18
للجنرال	18
للجنيد	18
للجنيه	18
للجهاز	18
للجهة	18
للجودو	18
للجوع	18
للجولة	18
للجيدو	18
للحاصلين	18
للحاضرين	18
للحاويات	18
للحبر	18
للحجاب	18
للحجار	18
للحجز	18
للحداثة	18
للحذو	18
للحراس	18
للحراك	18
للحرامي	18
للحرص	18
للحرف	18
للحرفية	18
للحرفيين	18
للحروب	18
للحريري	18
للحريرية	18
للحزبين	18
للحشرات	18
للحشود	18
للحشيش	18
للحصاد	18
للحضارة	18
للحظيرة	18
للحفاط	18
للحفل	18
للحقائق	18
للحقول	18
للحقينة	18
للحكة	18
للحلقات	18
للحلم	18
للحلول	18
للحمرة	18
للحمص	18
للحملات	18
للحمولات	18
للحنق	18
للحوامل	18
للحوكمة	18
للحياء	18
للحيرة	18
للخاطفين	18
للخبازين	18
للخداع	18
للخريجين	18
للخزينة	18
للخسائر	18
للخصم	18
للخصوبة	18
للخصوصيات	18
للخصوم	18
للخضار	18
للخطط	18
للخطورة	18
للخوادم	18
للدبلوماسي	18
للدخل	18
للدراجات	18
للدرجة	18
للدروس	18
للدعابة	18
للدفاعات	18
للدفن	18
للدقيق	18
للدكتورة	18
للدلافين	18
للدماء	18
للدمار	18
للدمغ	18
للدنمارك	18
للدهس	18
للدهشة	18
للدواجن	18
للدوافع	18
للدوران	18
للدويلتين	18
للديار	18
للديانات	18
للديانة	18
للديبلوماسية	18
للديكتاتور	18
للديلي	18
للدينار	18
للديوك	18
للديون	18
للذاكرة	18
للذخيرة	18
للذكور	18
للرأسمالية	18
للرئتين	18
للرائد	18
للرائي	18
للراحة	18
للراحلة	18
للراعي	18
للراوي	18
للراي	18
للرباع	18
للربط	18
للربطة	18
للربعين	18
للرجاء	18
للرحيل	18
للردع	18
للرسائل	18
للرسالة	18
للرسم	18
للرسوم	18
للرعاية	18
للرفع	18
للرماية	18
للرمز	18
للرهبان	18
للرهبنة	18
للرواتب	18
للري	18
للرياح	18
للرياض	18
للرياضية	18
للرياضيين	18
للريبة	18
للريح	18
للريدز	18
للريسوني	18
للريغبي	18
للزائر	18
للزامل	18
للزبائن	18
للزراعات	18
للزعماء	18
للزوايا	18
للزي	18
للزيارات	18
للزيت	18
للسائح	18
للسائقين	18
للساحات	18
للساسة	18
للسباحين	18
للسجالات	18
للسجل	18
للسجلات	18
للسجون	18
للسجين	18
للسحب	18
للسحوبات	18
للسد	18
للسرد	18
للسرقات	18
للسرقة	18
للسرية	18
للسعات	18
للسعادة	18
للسعر	18
للسفارة	18
للسفراء	18
للسفير	18
للسقوط	18
للسقي	18
للسلامة	18
للسلك	18
للسلوك	18
للسمسرة	18
للسن	18
للسندات	18
للسنغالي	18
للسنوكر	18
للسهم	18
للسود	18
للسودان	18
للسوداني	18
للسوري	18
للسورية	18
للسولار	18
للسويد	18
للسياستين	18
للسياسيين	18
للسير	18
للسيرة	18
للسيناريو	18
للسينماتوغرافيا	18
للشئون	18
للشائعات	18
للشابات	18
للشابة	18
للشاطئ	18
للشبكات	18
للشبل	18
للشتاء	18
للشتائم	18
للشحن	18
للشراب	18
للشراكة	18
للشركس	18
للشروع	18
للشطرنج	18
للشطور	18
للشعبين	18
للشعراء	18
للشمال	18
للشمعدانات	18
للشهادات	18
للشهيدة	18
للشهيدين	18
للشو	18
للشواغل	18
للشيخة	18
للشيخوخة	18
للصاروخ	18
للصالح	18
للصالون	18
للصحف	18
للصحفي	18
للصخور	18
للصدفة	18
للصدمة	18
للصرافة	18
للصرخة	18
للصرف	18
للصعوبات	18
للصغار	18
للصفقة	18
للصقيع	18
للصم	18
للصناعيين	18
للصنوبر	18
للصواريخأصرت	18
للصومال	18
للصويرة	18
للصيانة	18
للصيدلة	18
للصيدليات	18
للصيرفة	18
للضابط	18
للضابطة	18
للضباب	18
للضباط	18
للضجيج	18
للضحايا	18
للضحية	18
للضخ	18
للضربات	18
للضعف	18
للضغوطات	18
للضوابط	18
للطائف	18
للطائفة	18
للطائفية	18
للطابع	18
للطابو	18
للطاعة	18
للطالبات	18
للطالبين	18
للطبع	18
للطبق	18
للطبقة	18
للطراد	18
للطرد	18
للطردين	18
للطروحات	18
للطريق	18
للطفح	18
للطفلتين	18
للطمس	18
للطن	18
للطهي	18
للطواحين	18
للطيار	18
للظلال	18
للظهور	18
للعائدات	18
للعاطلين	18
للعاهل	18
للعبارة	18
للعباسية	18
للعبث	18
للعتاد	18
للعدد	18
للعدس	18
للعدوى	18
للعراقية	18
للعراقيين	18
للعرش	18
للعرقلة	18
للعرقية	18
للعروبة	18
للعروس	18
للعشرة	18
للعشوائية	18
للعصبية	18
للعصيان	18
للعضو	18
للعطاء	18
للعطلة	18
للعـدوان	18
للعقارات	18
للعقوبة	18
للعلاجات	18
للعلن	18
للعمانية	18
للعمق	18
للعمى	18
للعناوين	18
للعوائل	18
للعولمة	18
للعون	18
للعيادات	18
للعيون	18
للغات	18
للغازات	18
للغاطسين	18
للغالبية	18
للغالون	18
للغايات	18
للغدد	18
للغذاء	18
للغربيين	18
للغرف	18
للغزوات	18
للغسيل	18
للغش	18
للغناء	18
للغواصات	18
للغواصة	18
للغياب	18
للفئة	18
للفائدة	18
للفارس	18
للفاسدين	18
للفت	18
للفتنة	18
للفحم	18
للفخذ	18
للفرار	18
للفراغ	18
للفراغات	18
للفرسان	18
للفرقاء	18
للفرقة	18
للفرنكوفونية	18
للفريقين	18
للفستان	18
للفضيلة	18
للفعاليات	18
للفعالية	18
للفكرة	18
للفلاحة	18
للفم	18
للفنادق	18
للفنانين	18
للفنزويليين	18
للفوائد	18
للفوج	18
للفورمولا	18
للفيديوهات	18
للفيفا	18
للقاءات	18
للقائل	18
للقادم	18
للقادمين	18
للقارات	18
للقارب	18
للقاصرين	18
للقاهرة	18
للقب	18
للقبض	18
للقبول	18
للقتلى	18
للقدرة	18
للقدم	18
للقدمين	18
للقربان	18
للقرضاوي	18
للقرم	18
للقرون	18
للقصة	18
للقطار	18
للقطارات	18
للقمامة	18
للقمع	18
للقنابل	18
للقناع	18
للقوائم	18
للقواقع	18
للقوس	18
للقوميين	18
للقيادي	18
للقيمة	18
للكأس	18
للكابتن	18
للكابيتال	18
للكاتبة	18
للكامبو	18
للكاميرون	18
للكاهانيين	18
للكبريتيدات	18
للكتابة	18
للكتل	18
للكتلة	18
للكثيرات	18
للكثيرين	18
للكراهية	18
للكرة	18
للكرملين	18
للكسل	18
للكلاب	18
للكلب	18
للكلغ	18
للكلى	18
للكليات	18
للكمامات	18
للكميات	18
للكوارث	18
للكواكب	18
للكوفية	18
للكوكايين	18
للكوليرا	18
للكومنولث	18
للكونغ	18
للكويت	18
للكويتية	18
للكيك	18
للكيوكوشنكاي	18
للمؤرخين	18
للمؤسسين	18
للمؤشرات	18
للمؤطرين	18
للماريوانا	18
للماسترز	18
للماشية	18
للمالوف	18
للمالية	18
للمبادئ	18
للمباراتين	18
للمباريات	18
للمباني	18
للمباهلة	18
للمبايعة	18
للمبتكرين	18
للمبدعين	18
للمبعدين	18
للمبيت	18
للمبيدات	18
للمتأهل	18
للمتابعين	18
للمتاجرين	18
للمتبرع	18
للمتحف	18
للمتحور	18
للمترجلين	18
للمترددين	18
للمترشحين	18
للمتسللين	18
للمتصدر	18
للمتعاملين	18
للمتغير	18
للمتغيرات	18
للمتقاعدين	18
للمتلازمة	18
للمتلقي	18
للمتواضعين	18
للمتورطين	18
للمثول	18
للمجاهدين	18
للمجتمعين	18
للمجر	18
للمجرمين	18
للمجلي	18
للمحادثات	18
للمحارق	18
للمحاسبة	18
للمحاصصة	18
للمحاكم	18
للمحاكمة	18
للمحامين	18
للمحتجزين	18
للمحتجين	18
للمحترفين	18
للمحتلين	18
للمحتوى	18
للمحرر	18
للمحرضين	18
للمحرقة	18
للمحلفين	18
للمحلل	18
للمحيط	18
للمخابر	18
للمخازن	18
للمخاطرة	18
للمخالطين	18
للمخدرات	18
للمخصصات	18
للمدة	18
للمدخنين	18
للمدرجات	18
للمدعين	18
للمديرة	18
للمديريات	18
للمراة	18
للمراسلة	18
للمرافق	18
للمراكمة	18
للمراهقين	18
للمرتلين	18
للمرح	18
للمرشحين	18
للمرشدين	18
للمرضين	18
للمركبة	18
للمره	18
للمرور	18
للمريضتين	18
للمزادات	18
للمزارات	18
للمسؤوليات	18
للمسؤولية	18
للمساجد	18
للمساحات	18
للمسار	18
للمسافات	18
للمساكن	18
للمسالخ	18
للمساهمين	18
للمستثمر	18
للمستحقات	18
للمستحيل	18
للمستشار	18
للمستضعفين	18
للمستفيد	18
للمستهدفين	18
للمستوطنات	18
للمستوطنة	18
للمستوى	18
للمسح	18
للمسعفين	18
للمسلسل	18
للمسيرة	18
للمشاة	18
للمشاركات	18
للمشاعر	18
للمشاورات	18
للمشتبه	18
للمشردين	18
للمشرعين	18
للمشروبات	18
للمشروعات	18
للمشفى	18
للمشكلات	18
للمشكلة	18
للمشورة	18
للمصادرة	18
للمصانع	18
للمصدرية	18
للمصدرين	18
للمصطفى	18
للمصلحين	18
للمصلين	18
للمصنع	18
للمصورة	18
للمضاربة	18
للمضايقات	18
للمضايقة	18
للمضمار	18
للمضيف	18
للمطاحن	18
للمطارد	18
للمطاعم	18
للمطالب	18
للمطالبات	18
للمطالعة	18
للمطبوعات	18
للمطهرة	18
للمطور	18
للمطورين	18
للمظاهرات	18
للمظاهرة	18
للمظلوميـــن	18
للمعادلات	18
للمعادلة	18
للمعاقين	18
للمعالجة	18
للمعاملات	18
للمعاناة	18
للمعايير	18
للمعبد	18
للمعتمرين	18
للمعرفة	18
للمعركة	18
للمعسكر	18
للمعلمة	18
للمعماريين	18
للمعنفات	18
للمعهد	18
للمعيشة	18
للمغاربة	18
للمغربية	18
للمغناطيس	18
للمفاوضين	18
للمفتي	18
للمفوض	18
للمفوضية	18
للمقابلات	18
للمقاتلة	18
للمقارنة	18
للمقاضاة	18
للمقاطعة	18
للمقاييس	18
للمقبولين	18
للمقترح	18
للمقتول	18
للمقدار	18
للمقعد	18
للمقيمين	18
للمكالمة	18
للمكونات	18
للملاحظة	18
للملاكمة	18
للملعب	18
للملف	18
للملقحين	18
للملكية	18
للملوثات	18
للمليارات	18
للمليشيات	18
للممتلكات	18
للممثل	18
للممرضات	18
للممرضة	18
للمناجم	18
للمناسبة	18
للمناصب	18
للمناظر	18
للمناعة	18
للمناقشات	18
للمناهج	18
للمناورات	18
للمناورة	18
للمنتدى	18
للمنتفعين	18
للمنجم	18
للمنح	18
للمندوبية	18
للمنشأة	18
للمنشد	18
للمنطق	18
للمنظمين	18
للمنظور	18
للمنفذ	18
للمنمنمات	18
للمنهاج	18
للمهادنة	18
للمهربين	18
للمهرجانات	18
للمواثيق	18
للموازنة	18
للمواصلة	18
للمواعيد	18
للمواقع	18
للمواي	18
للموجات	18
للمودعين	18
للموسيقا	18
للموضوع	18
للمونديال	18
للمونولوغ	18
للميثان	18
للميثيسيلين	18
للميل	18
للميناء	18
للناخب	18
للناشئات	18
للناشئين	18
للناشين	18
للناقلة	18
للنبات	18
للنبيذ	18
للنتيجة	18
للنجاح	18
للنجدة	18
للنجومية	18
للنحل	18
للنسخة	18
للنسور	18
للنسيج	18
للنشاطات	18
للنشرة	18
للنشيد	18
للنصر	18
للنطاق	18
للنفق	18
للنقاط	18
للنقش	18
للنقطة	18
للنكبة	18
للنهائي	18
للنهب	18
للنوروز	18
للنيران	18
للهابكيدو	18
للهاتف	18
للهدايا	18
للهدم	18
للهرم	18
للهفوات	18
للهلال	18
للهندسة	18
للهندوس	18
للهنود	18
للهواء	18
للهواتف	18
للهورناتشيين	18
للهوكي	18
للهولوكوست	18
للهوية	18
للهيئتين	18
للواردات	18
للواقعة	18
للوباء	18
للوبان	18
للوبن	18
للوثوق	18
للوثيقة	18
للوجبات	18
للوجبة	18
للوحات	18
للوحة	18
للودائع	18
للوداد	18
للورقة	18
للوزن	18
للوساطة	18
للوسطين	18
للوطني	18
للوفد	18
للوقتين	18
للوقوع	18
للوكاشينكو	18
للولاء	18
للولاة	18
للون	18
للووشو	18
لليبيين	18
لليخوت	18
لليد	18
لليدي	18
لليفربول	18
لليموديم	18
لليونسكو	18
لليونيسكو	18
لمأسسة	18
لمأموري	18
لمؤتمركم	18
لمؤسس	18
لمؤسستنا	18
لمؤسسته	18
لمؤسسي	18
لمؤشرات	18
لمؤيديه	18
لماء	18
لماتيو	18
لمارك	18
لمالكي	18
لماندي	18
لمباريات	18
لمبيدات	18
لمتابعته	18
لمتابعتهم	18
لمتابعي	18
لمتابعيه	18
لمتحف	18
لمتطلباته	18
لمتعاملي	18
لمتوسط	18
لمثقف	18
لمثلجات	18
لمثير	18
لمجابهة	18
لمجريات	18
لمجمل	18
لمجموعات	18
لمجهود	18
لمح	18
لمحادثة	18
لمحاربتها	18
لمحاسبة	18
لمحاصرة	18
لمحافظ	18
لمحاكاة	18
لمحال	18
لمحامية	18
لمحاميته	18
لمحاولات	18
لمحبي	18
لمحتويات	18
لمحركات	18
لمحصول	18
لمحفظة	18
لمحلات	18
لمحلل	18
لمحمية	18
لمخاطبتهم	18
لمخالفات	18
لمخالفتها	18
لمختصي	18
لمخدرات	18
لمخرجين	18
لمخيمات	18
لمدارس	18
لمدافع	18
لمدد	18
لمدراء	18
لمدربه	18
لمدرسة	18
لمدرعات	18
لمدنيين	18
لمدونة	18
لمديريات	18
لمدينتهم	18
لمذاقها	18
لمرات	18
لمراسيم	18
لمراعاة	18
لمراقبي	18
لمرتزقة	18
لمرجعياتكم	18
لمرجعية	18
لمرسي	18
لمرشح	18
لمرشحي	18
لمرشحين	18
لمركبات	18
لمركبة	18
لمركزية	18
لمروجين	18
لمرونتهم	18
لمريض	18
لمزارعين	18
لمزاعمهما	18
لمزرعته	18
لمسئولين	18
لمساعدته	18
لمساعدتهما	18
لمساعدتي	18
لمساعي	18
لمسافات	18
لمساهمين	18
لمستحضرات	18
لمستحقي	18
لمستحقيه	18
لمستخدميه	18
لمستشار	18
لمستشارة	18
لمستشفى	18
لمستشفي	18
لمستضد	18
لمستعمر	18
لمستعمراتها	18
لمستوطن	18
لمستوطنة	18
لمستوطنين	18
لمسح	18
لمسدسان	18
لمسرحية	18
لمسقط	18
لمسلسل	18
لمسودة	18
لمسوه	18
لمشاركته	18
لمشاركتها	18
لمشاكل	18
لمشاكلهم	18
لمشاهدته	18
لمشاهدتها	18
لمشجعة	18
لمشرعات	18
لمشروعنا	18
لمشيئتك	18
لمصابي	18
لمصادرة	18
لمصادقة	18
لمصادم	18
لمصافحتهم	18
لمصالحة	18
لمصايد	18
لمصطلح	18
لمصلحتنا	18
لمصلحته	18
لمصير	18
لمصيره	18
لمصيرها	18
لمضاعفة	18
لمضايقة	18
لمضخات	18
لمضمونه	18
لمطالبات	18
لمطالبته	18
لمطالبتها	18
لمطالبنا	18
لمطالبها	18
لمطالبهن	18
لمطرفة	18
لمطلب	18
لمطلبهما	18
لمظاهرات	18
لمعا	18
لمعادن	18
لمعارض	18
لمعارضتها	18
لمعالي	18
لمعاناة	18
لمعاناتهم	18
لمعاني	18
لمعانيها	18
لمعاهدة	18
لمعرض	18
لمعرفته	18
لمعزوفات	18
لمعسكرات	18
لمعطيات	18
لمعلم	18
لمعلومات	18
لمعلوماتنا	18
لمعيار	18
لمعيشة	18
لمغادرتها	18
لمغرور	18
لمغفرة	18
لمفاعل	18
لمفاوضتهم	18
لمفتشي	18
لمفعول	18
لمفوضية	18
لمقابلة	18
لمقاتلة	18
لمقاتلي	18
لمقاتليه	18
لمقادير	18
لمقاعدهم	18
لمقر	18
لمقرهم	18
لمقطع	18
لمكاتب	18
لمكاري	18
لمكافآتهم	18
لمكافأة	18
لمكانته	18
لمكانتها	18
لمكونات	18
لمكيفات	18
لملاقاة	18
لملاك	18
لملاكه	18
لملامح	18
لملتقى	18
لملفات	18
لملفاتهم	18
لملكة	18
لملمة	18
لمليشيا	18
لممارسى	18
لممتلكات	18
لممثل	18
لممرضات	18
لممرضة	18
لمناشدة	18
لمناصرة	18
لمناصري	18
لمناضلات	18
لمناطق	18
لمنافسات	18
لمنافسة	18
لمنافسته	18
لمنافعهم	18
لمناقشتها	18
لمنتجع	18
لمنتجنا	18
لمنتجي	18
لمنتخبه	18
لمنتخبي	18
لمنتسبيها	18
لمنحة	18
لمنحهم	18
لمنخفض	18
لمنشأة	18
لمنشئي	18
لمنطقتنا	18
لمنظمته	18
لمنعهم	18
لمنفذي	18
لمهاتير	18
لمهاجرين	18
لمهامها	18
لمهربي	18
لمهرجانه	18
لمهسا	18
لمهمة	18
لمواجهات	18
لمواجهتها	18
لمواجهتي	18
لمواردها	18
لمواساة	18
لمواطنينا	18
لمواقف	18
لموالاة	18
لمواليد	18
لموانئ	18
لموجات	18
لموجهات	18
لموجهة	18
لموردي	18
لموريتانيا	18
لموسمي	18
لموسمين	18
لموطن	18
لموقعنا	18
لموقعه	18
لموقعها	18
لموقفها	18
لموهوبي	18
لمياء	18
لميتشام	18
لميثاق	18
لميزة	18
لميكانزمات	18
لميلاد	18
لميلان	18
لميليشيات	18
لناد	18
لناظره	18
لنانسي	18
لنانيك	18
لنبرهن	18
لنبقى	18
لنتذكر	18
لنتفليكس	18
لنتيجة	18
لنتيجته	18
لنثبت	18
لنجاتك	18
لنجاحه	18
لنجتمع	18
لنجلها	18
لنجليه	18
لنحتفل	18
لنحصل	18
لنحياها	18
لنخبة	18
لنختار	18
لنداء	18
لنداءات	18
لندف	18
لنذكر	18
لنر	18
لنركز	18
لنرى	18
لنزيف	18
لنسب	18
لنسبة	18
لنستطيع	18
لنستمر	18
لنسف	18
لنسير	18
لنشاط	18
لنشاطهم	18
لنشرهم	18
لنشعرهم	18
لنشهد	18
لنشوب	18
لنصب	18
لنصل	18
لنصنع	18
لنصوص	18
لنضع	18
لنطاق	18
لنطبقه	18
لنطح	18
لنطلق	18
لنظامي	18
لنظم	18
لنظيرته	18
لنعاين	18
لنعمل	18
لنفحات	18
لنفوز	18
لنقابات	18
لنقابة	18
لنقاد	18
لنقاط	18
لنقدمها	18
لنقض	18
لنقطة	18
لنقطتين	18
لنقيضيهما	18
لنلتفت	18
لنلعب	18
لنمط	18
لنموها	18
لنهب	18
لنهج	18
لنواة	18
لنوجه	18
لنوجهها	18
لنوصف	18
لنوضح	18
لنيجيريا	18
لنيسلأول	18
لهاتف	18
لهاتين	18
لهافا	18
لهانتر	18
لهبوط	18
لهجماتهم	18
لهدايا	18
لهدر	18
لهدفي	18
لهدفين	18
لهدم	18
لهدمه	18
لهدمها	18
لهدنة	18
لهرتسوغ	18
لهزيمته	18
لهطل	18
لهطول	18
لهمة	18
لهموم	18
لهواة	18
لهول	18
لهونغ	18
لهوهم	18
لهوية	18
لهويتنا	18
لهيئات	18
لهيب	18
لهيكل	18
لوائحنا	18
لواثق	18
لواجبنا	18
لواجبهما	18
لواجهة	18
لواجهته	18
لواد	18
لواردات	18
لواطن	18
لوالدي	18
لوالديها	18
لوالي	18
لوباء	18
لوبارزيان	18
لوباريزيان	18
لوباني	18
لوبلان	18
لوبيات	18
لوترباخ	18
لوتشانو	18
لوتشيا	18
لوتوكسي	18
لوثائق	18
لوثر	18
لوجان	18
لوجبة	18
لوجستي	18
لوجستيا	18
لوجستيات	18
لوجهاء	18
لوجهتين	18
لوجودي	18
لوجوس	18
لوجون	18
لوجيستية	18
لوجيك	18
لوحا	18
لوحاتي	18
لوحايدية	18
لوحته	18
لوحتين	18
لوحدتنا	18
لوحدتي	18
لوحظت	18
لوداع	18
لودرديل	18
لورا	18
لوران	18
لورانس	18
لورد	18
لورش	18
لورنتسو	18
لوريال	18
لوريان	18
لورينزو	18
لورينزي	18
لورينسو	18
لوريير	18
لوز	18
لوزانو	18
لوزة	18
لوزرائه	18
لوزن	18
لوزيرة	18
لوسي	18
لوسيان	18
لوسيانو	18
لوسيد	18
لوسيط	18
لوصول	18
لوضعهما	18
لوضعية	18
لوطنه	18
لوطنها	18
لوظائف	18
لوعد	18
لوعودنا	18
لوغار	18
لوغونوف	18
لوفاته	18
لوفاق	18
لوفتهانزا	18
لوفد	18
لوفود	18
لوفيفر	18
لوقفها	18
لوكال	18
لوكسمبورج	18
لوكلير	18
لوكيميا	18
لولادة	18
لولايات	18
لولديه	18
لولو	18
لوليمة	18
لومبيز	18
لوميار	18
لومينارياس	18
لونغ	18
لونهما	18
لونينيتس	18
لوه	18
لوهافر	18
لوهران	18
لوو	18
لويحات	18
لويزفيل	18
لويسون	18
لويلز	18
لوينستون	18
ليأخذه	18
ليؤديه	18
ليؤمن	18
ليات	18
لياليه	18
ليان	18
ليانا	18
ليبافسكي	18
ليبتسي	18
ليبدو	18
ليبرتي	18
ليبرز	18
ليبعث	18
ليبلت	18
ليبهر	18
ليبية	18
ليتبعوه	18
ليتبقى	18
ليتجرأ	18
ليتحسن	18
ليتحول	18
ليتخطوا	18
ليتطلب	18
ليتغير	18
ليتفوق	18
ليتفينيكوف	18
ليتقاسما	18
ليتناسب	18
ليتنمى	18
ليتوفر	18
ليتيح	18
ليجبر	18
ليجتمع	18
ليجف	18
ليجيب	18
ليحترق	18
ليحتفى	18
ليحتفي	18
ليحرز	18
ليحسم	18
ليحفظ	18
ليحققوا	18
ليحل	18
ليحولها	18
ليخاتشوف	18
ليخافوا	18
ليخت	18
ليختار	18
ليختبئوا	18
ليختفي	18
ليخدم	18
ليخطئ	18
ليخطره	18
ليخطف	18
ليخلوا	18
ليدافع	18
ليدفعها	18
ليديعوت	18
ليذكر	18
ليرحمهما	18
ليردد	18
ليرفعوا	18
ليروا	18
ليريكا	18
ليزري	18
ليسألوا	18
ليساهم	18
ليستشف	18
ليستطيع	18
ليستعد	18
ليستعيد	18
ليستفتيه	18
ليستقطب	18
ليستمتع	18
ليستمر	18
ليستوليا	18
ليسجلا	18
ليسطروا	18
ليسقط	18
ليسكنوا	18
ليسمور	18
ليشاهدا	18
ليشربوا	18
ليصار	18
ليصبحا	18
ليصف	18
ليصفعه	18
ليصله	18
ليصلوا	18
ليصنع	18
ليصيب	18
ليضرب	18
ليضربوا	18
ليضطر	18
ليضفي	18
ليظل	18
ليعاد	18
ليعبرن	18
ليعتدوا	18
ليعطه	18
ليعلنه	18
ليعم	18
ليعني	18
ليعودوا	18
ليغاسي	18
ليغال	18
ليفا	18
ليفاكوفيتش	18
ليفاندوفسكى	18
ليفت	18
ليفدانفوسكي	18
ليفعل	18
ليفوز	18
ليفية	18
ليفيتس	18
ليفيف	18
ليفيلسيو	18
ليقارنها	18
ليقتل	18
ليقدموا	18
ليقف	18
ليقفز	18
ليقلص	18
ليقوله	18
ليقولوا	18
ليك	18
ليكسي	18
ليلأ	18
ليلائم	18
ليلاند	18
ليلتمس	18
ليلجأ	18
ليلعب	18
ليليان	18
ليليز	18
ليم	18
ليمار	18
ليماي	18
ليمبابهي	18
ليمور	18
ليمون	18
لينالوا	18
لينتج	18
لينتزع	18
لينتصر	18
ليندساي	18
ليندنر	18
لينسا	18
لينشوبينغ	18
لينصاع	18
لينطلق	18
لينظموا	18
لينعكس	18
لينعم	18
لينغارد	18
لينفي	18
لينقل	18
لينقلها	18
لينكد	18
لينكس	18
لينكون	18
ليني	18
ليه	18
ليها	18
ليهاجم	18
ليهدد	18
ليهود	18
ليواجه	18
ليوبوف	18
ليوت	18
ليودميلا	18
ليور	18
ليوضح	18
ليوغوسلافيا	18
ليوقظه	18
ليوقع	18
ليومي	18
ليونارد	18
ليونال	18
ليونكوف	18
ليونورا	18
مآربه	18
مآزق	18
مآلا	18
مآلات	18
مأزقا	18
مأزوما	18
مأسوف	18
مأسوية	18
مألوفة	18
مأمن	18
مأموري	18
مأهولتان	18
مؤاتية	18
مؤامراته	18
مؤتمنة	18
مؤثرون	18
مؤثرين	18
مؤدى	18
مؤدية	18
مؤرخي	18
مؤرخين	18
مؤسسا	18
مؤسساته	18
مؤسساتهم	18
مؤسساتي	18
مؤسسين	18
مؤطرة	18
مؤلفو	18
مؤمرات	18
مؤهلتين	18
مؤهلين	18
مؤيدو	18
مؤيدون	18
مؤيدوه	18
مائنا	18
مائي	18
مابوتو	18
ماتاريلا	18
ماتريلا	18
ماتش	18
ماتشيارولي	18
ماتعلق	18
ماتفيتشيف	18
ماتفييف	18
ماتفيينكو	18
ماتم	18
ماتوصلت	18
ماتياس	18
ماتيراتزي	18
ماتيس	18
ماثلا	18
ماثورا	18
ماثياس	18
ماجالهايس	18
ماجدة	18
ماجستيك	18
ماجيدوف	18
ماحدث	18
ماخ	18
مادامت	18
مادتان	18
مادراس	18
مادي	18
ماديا	18
ماديرا	18
ماديسون	18
ماراب	18
ماراتون	18
ماراثونية	18
ماراس	18
ماربلهيد	18
مارتشيس	18
مارتين	18
مارتينيه	18
مارجريت	18
ماردير	18
مارسته	18
مارسه	18
مارسها	18
مارسوا	18
مارسيلا	18
مارشميلو	18
مارشينكو	18
مارغولين	18
مارفيل	18
ماركات	18
ماركر	18
ماركسيته	18
ماركي	18
ماركيجياني	18
ماركيز	18
ماركينيوس	18
مارلاغو	18
مارليس	18
مارمرقس	18
ماروك	18
ماروني	18
مارياس	18
ماريانا	18
ماريك	18
ماريلاندا	18
مارينسكي	18
ماريوبل	18
ماريون	18
مازال	18
مازحا	18
مازحه	18
مازوت	18
ماسالينا	18
ماستركارد	18
ماسح	18
ماسكروسوفت	18
ماسكي	18
ماشهدته	18
ماعدت	18
ماغاوا	18
ماغدان	18
ماغوا	18
ماغوميد	18
ماغوينداناو	18
ماغي	18
مافلودا	18
مافيا	18
ماكاريف	18
ماكدونالد	18
ماكسوت	18
ماكسويل	18
ماكسيم	18
ماكسيميليانو	18
ماكموردو	18
ماكنات	18
ماكنزي	18
ماكنين	18
ماكور	18
ماكورد	18
ماكولم	18
ماكيرا	18
ماكينا	18
مالاوي	18
مالديف	18
مالديني	18
مالكنا	18
مالكو	18
ماليات	18
ماليتها	18
ماليك	18
ماليمباكا	18
ماما	18
مامادبيكوفيتش	18
مامادو	18
ماموث	18
ماناكوفا	18
مانت	18
مانحين	18
ماندبليت	18
ماندريا	18
ماندي	18
مانشتر	18
مانغنساران	18
مانغيشكار	18
مانوهار	18
مانيتوبا	18
مانيلا	18
مانيه	18
ماونا	18
ماونت	18
مايحدث	18
مايدوغوري	18
ماير	18
مايكروسوفت	18
مايكليدس	18
مايور	18
مايي	18
مباحثاتهما	18
مبادئه	18
مبادئها	18
مبادئي	18
مبادرتنا	18
مبادرته	18
مبادرتها	18
مبادلات	18
مباراتان	18
مباراتهما	18
مبارايات	18
مبارة	18
مبارزات	18
مباركته	18
مباركتها	18
مبارياتنا	18
مبارياتها	18
مبارياتهم	18
مباشرأو	18
مباشرتين	18
مباغت	18
مباغتة	18
مبالاته	18
مبالغات	18
مبالية	18
مبام	18
مبانيها	18
مبانيهم	18
مبتدئ	18
مبتذلة	18
مبتز	18
مبتعدين	18
مبتغاهم	18
مبتكر	18
مبتهجين	18
مبتور	18
مبتورة	18
مبحوث	18
مبددة	18
مبدعي	18
مبديا	18
مبرمة	18
مبرمجة	18
مبرمجون	18
مبسط	18
مبطول	18
مبعدي	18
مبعوثة	18
مبعوثها	18
مبعوثو	18
مبعوثيها	18
مبغضة	18
مبقاش	18
مبقية	18
مبناها	18
مبنيين	18
مبهرة	18
مبيعاتها	18
مبيعاتهم	18
مبيلا	18
متآمرة	18
متأخرين	18
متأكدا	18
متأكدة	18
متأملا	18
متأملين	18
متأنية	18
متأهبة	18
متابعتها	18
متابعتهم	18
متابعها	18
متابعوه	18
متابعينه	18
متابعيهم	18
متاح	18
متاحفهم	18
متاحين	18
متاخمة	18
متافاري	18
متان	18
متاهة	18
متبق	18
متبنيا	18
متبوعا	18
متبوعة	18
متبوعين	18
متتبع	18
متجانسة	18
متجانسون	18
متجاوب	18
متجاوزا	18
متجاوزة	18
متجذر	18
متجمدة	18
متجولين	18
متحدا	18
متحدان	18
متحدتين	18
متحدثون	18
متحدثين	18
متحدثيها	18
متحدرة	18
متحدين	18
متحرر	18
متحررة	18
متحصلات	18
متحضر	18
متحضرون	18
متحفا	18
متحفزون	18
متحفية	18
متحمسا	18
متحمسة	18
متحورا	18
متحيز	18
متحيزة	18
متخذي	18
متخصصه	18
متخصصون	18
متخطيا	18
متخوف	18
متداخلة	18
متداولو	18
متدثر	18
متدرب	18
متدربا	18
متدربة	18
متدينا	18
متدينون	18
متذيل	18
مترابط	18
مترابطة	18
متراجعة	18
متراحمين	18
متراصة	18
مترافق	18
مترامي	18
متربعة	18
مترجمة	18
مترددين	18
مترشح	18
متروبوليتانو	18
متروكة	18
متزامنة	18
متزلجين	18
متسامح	18
متسامية	18
متساهل	18
متساو	18
متساوي	18
متساويا	18
متساوين	18
متسببا	18
متسببين	18
متسقة	18
متسلسل	18
متسلق	18
متسلقي	18
متسلقين	18
متشائمة	18
متشابهان	18
متشابهة	18
متشبثة	18
متشبعة	18
متشوقا	18
متصادمة	18
متصارعين	18
متصاعدا	18
متصفح	18
متضامنين	18
متضرعا	18
متضعين	18
متطابق	18
متطرفا	18
متطلب	18
متطلباتها	18
متطلباتهم	18
متطوعان	18
متطوعة	18
متطوعون	18
متطوعي	18
متطوعين	18
متظاهرة	18
متعاطو	18
متعاقبة	18
متعاقدي	18
متعال	18
متعاملي	18
متعاونين	18
متعب	18
متعبة	18
متعثرة	18
متعددي	18
متعدل	18
متعطشين	18
متعكزين	18
متعلقاته	18
متعمق	18
متعمقة	18
متعنتة	18
متعهد	18
متعود	18
متعودين	18
متفائل	18
متفائلة	18
متفانية	18
متفجر	18
متفجرا	18
متفجرات	18
متفجرتين	18
متفحمة	18
متفرجين	18
متفرد	18
متفوقا	18
متفوقة	18
متفوقين	18
متقابلة	18
متقاتلين	18
متقاعس	18
متقلبة	18
متقوقعة	18
متكا	18
متكافئة	18
متكاملا	18
متكررا	18
متل	18
متلاحم	18
متلازمات	18
متلازمان	18
متلاطم	18
متلعثما	18
متلفزة	18
متلكئة	18
متماثل	18
متماثلين	18
متماسكة	18
متماسكين	18
متمانعين	18
متمثلا	18
متمركزين	18
متمسك	18
متمسكان	18
متمسكين	18
متميزين	18
متناسبا	18
متناسين	18
متنافستين	18
متناقضتين	18
متناقضون	18
متنام	18
متنامية	18
متناهي	18
متنة	18
متنزه	18
متنفسا	18
متنقلا	18
متنقلين	18
متنكرة	18
متنميا	18
متنوعا	18
متهمون	18
متواجدا	18
متواجدة	18
متوارية	18
متوازية	18
متوازيين	18
متواصلين	18
متواطئة	18
متوافق	18
متوافقين	18
متوتر	18
متوترات	18
متوترة	18
متوجهين	18
متوحدين	18
متورطان	18
متورطة	18
متوسطية	18
متوطنة	18
متوفاة	18
متوفر	18
متوفران	18
متوفي	18
متوقعاعتبر	18
متوقفا	18
مثار	18
مثاليا	18
مثقفا	18
مثقفي	18
مثلجات	18
مثلوا	18
مثمرا	18
مثمنة	18
مثول	18
مثولهم	18
مثيلا	18
مثيلتها	18
مجادلات	18
مجاراة	18
مجالاتها	18
مجالسها	18
مجاله	18
مجاملة	18
مجاميع	18
مجاميعهم	18
مجانة	18
مجاهدي	18
مجبر	18
مجبرا	18
مجبرون	18
مجتبى	18
مجتزأة	18
مجتمعاتها	18
مجتمعه	18
مجتمعيا	18
مجحف	18
مجحفة	18
مجدد	18
مجددين	18
مجدها	18
مجدهم	18
مجدو	18
مجدوليم	18
مجرتنا	18
مجرمي	18
مجسم	18
مجسمة	18
مجلات	18
مجلتك	18
مجمد	18
مجموعتان	18
مجموعته	18
مجموعتي	18
مجنحة	18
مجندين	18
مجهزه	18
مجهشة	18
مجهولتان	18
مجوبي	18
مجوهرات	18
مجوهراتها	18
مجيئهم	18
مجيئي	18
مجيدة	18
مجيدو	18
محادثاتنا	18
محادثاته	18
محاذير	18
محاربته	18
محازبيه	18
محاسب	18
محاصر	18
محاصرون	18
محاصيل	18
محاصيلها	18
محاضرا	18
محاضرين	18
محاط	18
محافظهم	18
محافـظ	18
محاكمتها	18
محاكمتهما	18
محالهم	18
محامونا	18
محاميا	18
محاميته	18
محاميد	18
محاميهم	18
محاورة	18
محايد	18
محايدون	18
محبرة	18
محبطون	18
محبو	18
محبوبة	18
محبوبتان	18
محتاجون	18
محتال	18
محتالة	18
محتالون	18
محتجزتين	18
محترفا	18
محترفات	18
محترفة	18
محترقة	18
محتشدون	18
محتضر	18
محتضنا	18
محتملين	18
محتواه	18
محتومة	18
محتوياتها	18
محتوية	18
محددا	18
محددلكن	18
محددي	18
محرج	18
محرجة	18
محردة	18
محررات	18
محررها	18
محرضة	18
محرضين	18
محرقة	18
محركا	18
محركاتها	18
محروقات	18
محروقة	18
محرومات	18
محرومة	18
محرومين	18
محزنة	18
محسنة	18
محسومة	18
محصلة	18
محصورين	18
محصولهم	18
محطاته	18
محطتها	18
محطتي	18
محطتين	18
محطمة	18
محطمون	18
محظوظون	18
محظوظين	18
محفزات	18
محفزة	18
محفظتين	18
محفوض	18
محفوف	18
محفوفة	18
محققتين	18
محققين	18
محكوميته	18
محكوميتهم	18
محلج	18
محللة	18
محلهم	18
محليات	18
محليون	18
محمبل	18
محمومة	18
محمي	18
محميات	18
محنتها	18
محنتهم	18
محوره	18
محوري	18
محورية	18
محورين	18
محوريين	18
محياها	18
محيد	18
محيرة	18
محيطات	18
محيطنا	18
محيطهم	18
محيى	18
مخابئ	18
مخابر	18
مخابراتية	18
مخادعة	18
مخاضات	18
مخاطبتها	18
مخاطرات	18
مخاطره	18
مخاطرها	18
مخاطها	18
مخالطتهم	18
مخالفين	18
مخبئ	18
مخباط	18
مخبرية	18
مخبزه	18
مخبوزة	18
مختاري	18
مختبئة	18
مختبري	18
مختتما	18
مختتممة	18
مخترق	18
مختزلة	18
مختصرتين	18
مختصون	18
مختل	18
مختلفتين	18
مختلقة	18
مختومة	18
مخذرات	18
مخرجاته	18
مخرجاتها	18
مخروطية	18
مخزوناتنا	18
مخزونه	18
مخصب	18
مخصصان	18
مخضرمين	18
مخططاتهم	18
مخططة	18
مخفض	18
مخفيا	18
مخفية	18
مخلصون	18
مخلفا	18
مخلوط	18
مخماس	18
مخمور	18
مخيب	18
مخيتاريان	18
مخيفة	18
مخيلة	18
مخيلتي	18
مخيميات	18
مداخلته	18
مدادها	18
مدارسنا	18
مدارسهم	18
مداركه	18
مداره	18
مدارها	18
مدارية	18
مداعبة	18
مدافعا	18
مداه	18
مداهمتها	18
مدبري	18
مدبولى	18
مدجج	18
مدحورين	18
مدخراتنا	18
مدخراتهم	18
مدخلات	18
مدخلي	18
مدخنونالشخرة	18
مدربة	18
مدرة	18
مدرجاته	18
مدرستها	18
مدرستهم	18
مدرعتين	18
مدركات	18
مدروس	18
مدروسا	18
مدعو	18
مدعوم	18
مدعوون	18
مدغشقر	18
مدفوعا	18
مدفوعون	18
مدفوعين	18
مدققو	18
مدكور	18
مدكيف	18
مدللة	18
مدمرا	18
مدمنا	18
مدمنين	18
مدنس	18
مدننا	18
مدنها	18
مدنهم	18
مدهشة	18
مديات	18
مديح	18
مديد	18
مديرتي	18
مديره	18
مديرها	18
مديرو	18
مديروها	18
مديرى	18
مدينتهم	18
مدينين	18
مذاب	18
مذابح	18
مذاقا	18
مذاقه	18
مذبحة	18
مذعل	18
مذعورين	18
مذكرتهم	18
مذكرين	18
مذنبون	18
مذهبية	18
مذهولا	18
مذيع	18
مرآب	18
مرؤوسو	18
مرؤوسيه	18
مرئيا	18
مرئيات	18
مرئية	18
مرئيين	18
مرابطون	18
مراجع	18
مراجعتها	18
مراجعتين	18
مراسلا	18
مراسلات	18
مراسلتنا	18
مراسلنا	18
مراسلها	18
مراسلو	18
مراسلي	18
مراسلين	18
مراسلينا	18
مراع	18
مراعاتها	18
مراعيهم	18
مرافئها	18
مرافقي	18
مراقبا	18
مراقبتها	18
مراكمتها	18
مرام	18
مراهقة	18
مراهقون	18
مراهقين	18
مراوغات	18
مرباح	18
مربحة	18
مربط	18
مربعات	18
مربوط	18
مربوطا	18
مربوطة	18
مربية	18
مرتاحا	18
مرتاحة	18
مرتاحين	18
مرتادي	18
مرتباتهم	18
مرتبتها	18
مرتبطين	18
مرتجي	18
مرتديا	18
مرتديات	18
مرتدين	18
مرتزقته	18
مرتعشة	18
مرتكبا	18
مرتكزة	18
مرتيني	18
مرجاني	18
مرجعياتها	18
مرحبة	18
مرحبين	18
مرحلته	18
مرحلتي	18
مرحليا	18
مردة	18
مرددين	18
مردفة	18
مردم	18
مرده	18
مردودات	18
مردودها	18
مرسمه	18
مرسومين	18
مرسيلينو	18
مرشحات	18
مرشحيه	18
مرشحيهم	18
مرشدين	18
مرصع	18
مرعب	18
مرعبا	18
مرعبة	18
مرعوب	18
مرغليوت	18
مرغما	18
مرغوبة	18
مرفوقة	18
مرفوقين	18
مرقده	18
مركباته	18
مركباتهم	18
مركبتان	18
مركبتها	18
مركبتين	18
مركبهم	18
مركزاته	18
مركزان	18
مركزيته	18
مركزين	18
مركزيين	18
مرمرة	18
مرمرية	18
مرموش	18
مرمية	18
مرهقة	18
مروجي	18
مرورهم	18
مرونتها	18
مريبة	18
مريح	18
مريحا	18
مريخي	18
مريس	18
مريضاتهم	18
مريع	18
مزاجك	18
مزادا	18
مزادة	18
مزارع	18
مزارعهم	18
مزارعي	18
مزاعمهم	18
مزاولة	18
مزاولته	18
مزاياها	18
مزاياهم	18
مزايدة	18
مزخرف	18
مزدحم	18
مزدهر	18
مزدهرة	18
مزدوجا	18
مزدوجي	18
مزروع	18
مزري	18
مزرية	18
مزعزع	18
مزعزعة	18
مزعوم	18
مزعومين	18
مزقوا	18
مزمن	18
مزوان	18
مزودات	18
مزودتين	18
مزودها	18
مزودو	18
مزيف	18
مسؤولان	18
مسؤولياتكم	18
مسؤولياتنا	18
مسؤولياته	18
مسؤوليتي	18
مسؤوليه	18
مسؤوليها	18
مسئولو	18
مسئولون	18
مسئولياته	18
مسئوليتها	18
مساءا	18
مساحيق	18
مساراتك	18
مسارعة	18
مسارهن	18
مساس	18
مساسا	18
مساعدا	18
مساعداتها	18
مساعدتهن	18
مساعدتي	18
مساعدين	18
مساعديه	18
مساعفة	18
مساعينا	18
مساغ	18
مساقط	18
مسالكه	18
مسالم	18
مسامرة	18
مساندات	18
مساهمات	18
مساهماتهم	18
مساهمتكم	18
مساهمو	18
مساهموها	18
مساهمين	18
مساوئ	18
مساوىء	18
مسبار	18
مسبباته	18
مستاءة	18
مستبد	18
مستبعد	18
مستترة	18
مستثمرو	18
مستثمرى	18
مستحقاتها	18
مستحقيه	18
مستحقيها	18
مستخدما	18
مستخدمات	18
مستخدمو	18
مستخدمون	18
مستخدموه	18
مستخدمين	18
مستخرج	18
مستخلص	18
مستدامين	18
مستدركا	18
مستذكرة	18
مستر	18
مسترسل	18
مسترسلا	18
مسترشدين	18
مستشارا	18
مستشارية	18
مستشارين	18
مستشفيي	18
مستعادة	18
مستعارة	18
مستعدا	18
مستعدان	18
مستعرضات	18
مستعصية	18
مستعمر	18
مستعمرا	18
مستعمراتها	18
مستعملين	18
مستغربا	18
مستفزين	18
مستفيدتين	18
مستفيدي	18
مستقاة	18
مستقبلات	18
مستقبليه	18
مستقلتين	18
مستقلين	18
مستقيلا	18
مستقيلة	18
مستكملا	18
مستلقون	18
مستلم	18
مستمدة	18
مستمرةمراقبة	18
مستمعيه	18
مستمعيها	18
مستندية	18
مستنفرة	18
مستنفره	18
مستنكرين	18
مستنيرة	18
مستها	18
مستهان	18
مستهلك	18
مستهلكون	18
مستهلكين	18
مستواها	18
مستواهم	18
مستوحى	18
مستوردات	18
مستوردة	18
مستوصفات	18
مستوطنيه	18
مستوفاة	18
مستوفية	18
مستوياتهم	18
مستوياتهما	18
مستيقظة	18
مسجل	18
مسجلا	18
مسجونا	18
مسددا	18
مسدودة	18
مسديا	18
مسربة	18
مسرحه	18
مسرحيات	18
مسرحيتين	18
مسرع	18
مسرعة	18
مسروقات	18
مسرولياتهم	18
مسرى	18
مسشتفى	18
مسطرة	18
مسعد	18
مسعفا	18
مسعفون	18
مسكنات	18
مسكنة	18
مسكنها	18
مسكوب	18
مسلتي	18
مسلحتان	18
مسلخ	18
مسلسلاته	18
مسلمتين	18
مسماريا	18
مسمم	18
مسموما	18
مسوح	18
مسودات	18
مسيئة	18
مسيتيكا	18
مسيجة	18
مسيحية	18
مسيراته	18
مسيرتك	18
مسيرتنا	18
مسيرتهم	18
مسيسة	18
مسيطرا	18
مشاجرات	18
مشاحنات	18
مشاربه	18
مشارح	18
مشاركاته	18
مشاركاتهما	18
مشاركون	18
مشاريعهن	18
مشاعب	18
مشاعرك	18
مشاعره	18
مشاعرها	18
مشاعل	18
مشاكلك	18
مشاكلنا	18
مشاكله	18
مشان	18
مشاهدات	18
مشاهده	18
مشاهدينا	18
مشبع	18
مشبوه	18
مشتتة	18
مشتركينا	18
مشترون	18
مشترياته	18
مشترياتها	18
مشترين	18
مشتعلة	18
مشجعوا	18
مشددين	18
مشردين	18
مشرعه	18
مشرعي	18
مشرعين	18
مشرفين	18
مشروب	18
مشروبا	18
مشروباتهم	18
مشروبك	18
مشروعك	18
مشروعهما	18
مشروعين	18
مشغلا	18
مشغلو	18
مشغلي	18
مشغولات	18
مشغولاتها	18
مشكلته	18
مشكلتي	18
مشكيني	18
مشلكة	18
مشنوقا	18
مشهر	18
مشهراوي	18
مشهورون	18
مشوسة	18
مشوه	18
مشير	18
مشيرب	18
مشيعي	18
مشينة	18
مصائرهم	18
مصابي	18
مصادف	18
مصادفات	18
مصادفة	18
مصادق	18
مصادقته	18
مصارعا	18
مصارعة	18
مصارعو	18
مصارعين	18
مصارفها	18
مصارفهم	18
مصاريفك	18
مصاعبه	18
مصاعد	18
مصاف	18
مصالي	18
مصانعهم	18
مصبن	18
مصحوبا	18
مصداقه	18
مصدقة	18
مصراعيها	18
مصرة	18
مصرعهما	18
مصرفيين	18
مصرنا	18
مصرى	18
مصريا	18
مصريفي	18
مصطلحا	18
مصطلحات	18
مصطنع	18
مصعد	18
مصعدا	18
مصعوقا	18
مصـــر	18
مصفحتين	18
مصففة	18
مصفوفة	18
مصلة	18
مصلحتكم	18
مصلحتهم	18
مصلحيا	18
مصليات	18
مصممو	18
مصنعين	18
مصورين	18
مصياف	18
مصيدة	18
مصيرة	18
مصيريا	18
مصيفا	18
مضاء	18
مضاجع	18
مضاعفاتهما	18
مضامينه	18
مضاهاة	18
مضبطة	18
مضبوطات	18
مضجع	18
مضخة	18
مضخم	18
مضربون	18
مضطربا	18
مضطرد	18
مضطهد	18
مضمار	18
مضيف	18
مضيفتها	18
مضيفها	18
مضيفين	18
مضيقا	18
مطابخ	18
مطاحن	18
مطاردات	18
مطاردته	18
مطاردتها	18
مطاردتهم	18
مطاري	18
مطاعمها	18
مطالبتها	18
مطالبتهم	18
مطالبه	18
مطالعتها	18
مطامع	18
مطبا	18
مطبات	18
مطبق	18
مطبقا	18
مطرانية	18
مطربين	18
مطرقة	18
مطروحا	18
مطعمين	18
مطلبا	18
مطلبان	18
مطلبنا	18
مطلبها	18
مطلبين	18
مطلة	18
مطلعان	18
مطلوبان	18
مطلوبتين	18
مطلية	18
مطمر	18
مطوبس	18
مطور	18
مطورا	18
مطورة	18
مطورون	18
مطوري	18
مطوقة	18
مظالمه	18
مظاهرها	18
مظهران	18
مظهرة	18
معابرها	18
معاجين	18
معادا	18
معادلا	18
معاديا	18
معارضات	18
معارضوه	18
معارضيه	18
معارفهم	18
معاشاتهم	18
معاشرتها	18
معاصرة	18
معاصريه	18
معاصريها	18
معاقب	18
معاقلهم	18
معاكس	18
معاكستها	18
معالمها	18
معاملاتها	18
معاملاتي	18
معاناه	18
معاودة	18
معاونو	18
معايدة	18
معاين	18
معاييرها	18
معبدا	18
معبرا	18
معبرين	18
معتبره	18
معترضات	18
معترفا	18
معتصمين	18
معتقدات	18
معتقداتنا	18
معتقده	18
معتقدين	18
معتقلا	18
معتقلينا	18
معتمدية	18
معتوق	18
معجباته	18
معجل	18
معدلا	18
معدلة	18
معدله	18
معدني	18
معدية	18
معذب	18
معراب	18
معرضها	18
معرفتهن	18
معرفتي	18
معركتها	18
معركتي	18
معروض	18
معزب	18
معززا	18
معززين	18
معزول	18
معزولة	18
معزولين	18
معسكراتهم	18
معسكره	18
معسكرين	18
معشوشب	18
معشوقتهم	18
معصرة	18
معصوب	18
معطان	18
معطف	18
معطوبي	18
معطى	18
معطياتها	18
معفيا	18
معفيون	18
معقدا	18
معقولية	18
معلقون	18
معلمنا	18
معلمي	18
معلولي	18
معلوماتها	18
معلوماتهم	18
معلوماتي	18
معلومه	18
معماريين	18
معملا	18
معمودية	18
معمولة	18
معناة	18
معنوياته	18
معوقات	18
معون	18
معياري	18
معياريا	18
معيتيقة	18
معيل	18
مغاربيا	18
مغالاتهم	18
مغامرات	18
مغامرته	18
مغاوير	18
مغذي	18
مغذيات	18
مغربل	18
مغربنا	18
مغردين	18
مغريا	18
مغطاة	18
مغلبين	18
مغلفات	18
مغلوط	18
مغلوطة	18
مغمورة	18
مغناطيسي	18
مغيبة	18
مفاتنها	18
مفاجآته	18
مفاجأته	18
مفاصل	18
مفاصلهم	18
مفاعيلها	18
مفاهيمي	18
مفاوضا	18
مفاوضاته	18
مفاوضة	18
مفاوضينا	18
مفت	18
مفتتحا	18
مفترضا	18
مفتش	18
مفتشي	18
مفتشية	18
مفتين	18
مفجر	18
مفجريها	18
مفخختين	18
مفدي	18
مفرح	18
مفرداتها	18
مفرزة	18
مفرغة	18
مفروغ	18
مفزعة	18
مفصحة	18
مفصلاته	18
مفضلا	18
مفضلة	18
مفضلين	18
مفعم	18
مفعمين	18
مفقودا	18
مفقودي	18
مفقودين	18
مفككة	18
مفندا	18
مفهومة	18
مفهيم	18
مفوضة	18
مقاتلاتها	18
مقاتلتان	18
مقاتلو	18
مقاربته	18
مقارنات	18
مقارناتها	18
مقارنته	18
مقاطعته	18
مقاطعتها	18
مقاطقة	18
مقاعدها	18
مقاعدهم	18
مقالاته	18
مقالاتهم	18
مقالتها	18
مقامة	18
مقامرة	18
مقاولاتية	18
مقاولي	18
مقاومتكم	18
مقاومتها	18
مقاومين	18
مقبر	18
مقبلون	18
مقبنة	18
مقبور	18
مقبولي	18
مقتبسا	18
مقتدي	18
مقترحنا	18
مقترحه	18
مقترعا	18
مقتصدا	18
مقتطفا	18
مقتلنيش	18
مقتلها	18
مقتنعون	18
مقتنعين	18
مقتولتين	18
مقتينات	18
مقدرته	18
مقدرين	18
مقدساته	18
مقدساتها	18
مقدسة	18
مقدسيا	18
مقدسية	18
مقدمتهما	18
مقدمها	18
مقدمو	18
مقدوره	18
مقذوفا	18
مقرراتها	18
مقررين	18
مقرفة	18
مقروءة	18
مقري	18
مقزز	18
مقصات	18
مقصدها	18
مقصرية	18
مقطعي	18
مقطعين	18
مقطورات	18
مقطورته	18
مقطوعات	18
مقفلة	18
مقلع	18
مقمرة	18
مقناص	18
مقنة	18
مقوس	18
مقوسة	18
مقوماتها	18
مقيبل	18
مقيدتان	18
مقيدتين	18
مقيدون	18
مقيدين	18
مكابي	18
مكاتبها	18
مكاتبهم	18
مكارتني	18
مكاريوس	18
مكاسبها	18
مكافآت	18
مكافأتهم	18
مكافحتها	18
مكامن	18
مكانين	18
مكبر	18
مكبرات	18
مكبرة	18
مكبوحة	18
مكتبته	18
مكتبتي	18
مكتسبات	18
مكتسباتنا	18
مكتسبة	18
مكتشف	18
مكتشفي	18
مكتف	18
مكتوبين	18
مكتوفة	18
مكسب	18
مكسيم	18
مكفوفى	18
مكللين	18
مكلور	18
مكملين	18
مكمم	18
مكمن	18
مكموريس	18
مكنات	18
مكنتا	18
مكنسة	18
مكننة	18
مكنها	18
مكنهم	18
مكوث	18
مكور	18
مكوناته	18
مكوناتهم	18
مكيف	18
مكيه	18
ملؤها	18
ملائكية	18
ملابسها	18
ملاحة	18
ملاحظا	18
ملاحظاتنا	18
ملاحظاته	18
ملاحظاتهم	18
ملاحظاتي	18
ملاحظون	18
ملاحق	18
ملاحقات	18
ملاحقته	18
ملاحقتهم	18
ملاحقه	18
ملاذات	18
ملاصقة	18
ملاعق	18
ملاقاته	18
ملاكات	18
ملاكو	18
ملام	18
ملامحه	18
ملاهي	18
ملايير	18
ملبس	18
ملبوسين	18
ملبوقا	18
ملتحقا	18
ملتحمة	18
ملتحيا	18
ملتوية	18
ملتيميديا	18
ملثم	18
ملحةويعتقد	18
ملحس	18
ملحمة	18
ملحمي	18
ملحمية	18
ملحن	18
ملزما	18
ملصق	18
ملطخه	18
ملعاء	18
ملعبه	18
ملعبي	18
ملعبين	18
ملعقة	18
ملغاة	18
ملفاتها	18
ملفان	18
ملفت	18
ملفتة	18
ملفق	18
ملفه	18
ملفى	18
ملقة	18
ملكات	18
ملكش	18
ملككم	18
ملكيات	18
ملليمتر	18
ملمس	18
ملميترا	18
ملهاق	18
ملهما	18
ملهمة	18
ملهمين	18
ملهى	18
ملون	18
ملونتين	18
ملىء	18
مليئين	18
مليات	18
مليارا	18
مليارديرات	18
مليتا	18
مليشيات	18
مليغراما	18
مليكتها	18
مليكش	18
مليلية	18
مليونية	18
مليونيرا	18
مليونين	18
مماثلا	18
ممارتسنياك	18
ممارس	18
ممارساتك	18
ممارساته	18
ممارستنا	18
ممارسو	18
ممارسوها	18
ممازحا	18
ممانعة	18
ممتاز	18
ممتازا	18
ممتصات	18
ممتع	18
ممتعضة	18
ممتلئة	18
ممتلكاته	18
ممتلكاتها	18
ممتن	18
ممتنا	18
ممتنون	18
ممثلته	18
ممثلكم	18
ممثلوها	18
ممثليه	18
ممثليهم	18
ممدد	18
ممددة	18
ممرا	18
ممرضة	18
ممزوجا	18
ممزوجة	18
ممسكا	18
ممشى	18
ممضي	18
مملوس	18
ممنع	18
ممنوحة	18
ممنوعون	18
ممهور	18
ممول	18
ممولة	18
مموهة	18
مميتا	18
مميزان	18
منابعه	18
مناجم	18
مناجيرا	18
مناحيم	18
مناخها	18
مناداة	18
مناديل	18
منازلة	18
مناشدته	18
مناصرون	18
مناصريه	18
مناضلون	18
مناضلي	18
مناطقة	18
مناظر	18
مناظرها	18
مناظير	18
مناعة	18
منافذها	18
منافساته	18
منافساتها	18
منافسنا	18
منافسو	18
منافسي	18
منافسين	18
منافسيهم	18
مناقصات	18
منانجاجوا	18
مناهض	18
مناهضين	18
مناهل	18
مناوب	18
مناوراتهما	18
مناولة	18
منبهة	18
منبوذين	18
منتجعا	18
منتجها	18
منتجو	18
منتجين	18
منتخبها	18
منتخبون	18
منتداه	18
منتدب	18
منتديين	18
منتسبة	18
منتسبيها	18
منتشرين	18
منتصرة	18
منتظرة	18
منتظرين	18
منتفضة	18
منتقاة	18
منتقدون	18
منتقدوه	18
منتقدين	18
منتقديه	18
منتقلا	18
منتمية	18
منتمين	18
منتهكي	18
منتهي	18
منتوج	18
منتوجاتهم	18
منتوري	18
منجذب	18
منجذبين	18
منجزا	18
منجمنت	18
منجهة	18
منحا	18
منحته	18
منحتها	18
منحتهم	18
منحدر	18
منحدرا	18
منحدرات	18
منحدران	18
منحرف	18
منحرفة	18
منحصرا	18
منحنيات	18
منحنية	18
منددة	18
منددين	18
مندلبليت	18
مندهشين	18
مندوبها	18
مندوبي	18
مندوبية	18
مندي	18
منذرا	18
منزلنا	18
منزلية	18
منزهين	18
منزوع	18
منسجم	18
منسدلا	18
منسقة	18
منسقى	18
منسقي	18
منسوبه	18
منسوجات	18
منسية	18
منشآته	18
منشأته	18
منشأتي	18
منشئ	18
منشاة	18
منشارا	18
منشد	18
منشغلة	18
منشغلين	18
منشورا	18
منصبا	18
منصبين	18
منصتها	18
منصر	18
منصورية	18
منضوية	18
منطقتا	18
منطلقات	18
منطلقاتها	18
منظار	18
منظمتان	18
منظمته	18
منظوماتها	18
منظومته	18
منظومتها	18
منعتهم	18
منعزل	18
منعزلة	18
منعطف	18
منعقدة	18
منعهما	18
منعهن	18
منغ	18
منغلقة	18
منفجرة	18
منفذة	18
منفذو	18
منفرة	18
منفرده	18
منفصلان	18
منفصلتان	18
منفصلتين	18
منفطرة	18
منقاوم	18
منقذيه	18
منقسم	18
منقسما	18
منقسمة	18
منقسمين	18
منقوب	18
منقوشة	18
منقوصة	18
منكري	18
منكوب	18
منكوبة	18
منلتزم	18
منمنمات	18
منهجي	18
منهجيا	18
منهجيته	18
منهجيتها	18
منهمكين	18
منوبة	18
منور	18
منوعة	18
منيز	18
منيف	18
مهاباد	18
مهاجمته	18
مهاجمين	18
مهاراتك	18
مهاراتهن	18
مهاراشترا	18
مهارة	18
مهالك	18
مهامكم	18
مهامي	18
مهبط	18
مهجور	18
مهجورا	18
مهدئ	18
مهدئة	18
مهددا	18
مهددين	18
مهدرا	18
مهدها	18
مهربي	18
مهربين	18
مهرجانا	18
مهرجانها	18
مهري	18
مهرين	18
مهزلة	18
مهضوم	18
مهماته	18
مهمتهم	18
مهمتي	18
مهمتين	18
مهناجي	18
مهنتهم	18
مهندسا	18
مهندسون	18
مهني	18
مهنيو	18
مهنيين	18
مهووس	18
مهووسة	18
مهيئة	18
مهيب	18
مهيد	18
مهيدي	18
مهيرة	18
مهيمنة	18
مهينة	18
مهيوب	18
مو	18
موؤسسة	18
مواءمات	18
موائدهم	18
مواجهاته	18
مواجهاتهم	18
مواده	18
موادها	18
مواربة	18
مواردا	18
مواردهم	18
مواردهما	18
موازناتها	18
موازية	18
مواساته	18
مواصفاته	18
مواصلتهم	18
مواضيعا	18
مواطنتين	18
مواطنه	18
مواطنو	18
مواطنوه	18
مواطنيهم	18
مواطي	18
موافاة	18
موافقات	18
موافقتكم	18
موافقتهم	18
موافقين	18
مواقد	18
مواقعه	18
مواقعهن	18
مواقفنا	18
مواكبتها	18
موال	18
موالون	18
مواندا	18
مواهبه	18
مواهبهم	18
مواويل	18
موبايل	18
موبوءة	18
موبيل	18
موتة	18
موتواني	18
موتورولا	18
موتيلينسكي	18
موتينغ	18
موتيني	18
موثوفا	18
موثوقين	18
موجدات	18
موجز	18
موجع	18
موجــــة	18
موجهات	18
موجية	18
مودرنا	18
مودعين	18
موديرنا	18
موديري	18
موديل	18
موديندا	18
مورا	18
موراجر	18
موراليدهاران	18
موراليس	18
موراي	18
مورتر	18
مورتن	18
موردوك	18
موردونت	18
موردي	18
موردين	18
موردينا	18
مورزادا	18
مورس	18
مورفيلدز	18
مورقا	18
موركوفسكي	18
مورمانسك	18
موروثة	18
موروزوف	18
موري	18
موريشوس	18
موريشيغي	18
موريلوس	18
مورينا	18
مورينو	18
مورينيو	18
موريه	18
موزا	18
موزارة	18
موزعا	18
موزعي	18
موس	18
موسار	18
موسطة	18
موسك	18
موسكيرا	18
موسكيف	18
موسما	18
موسمك	18
موسمها	18
موسمين	18
موسوي	18
موسي	18
موسيالا	18
موسيقاها	18
موسين	18
موسينغو	18
موشح	18
موشنغلادباخعطال	18
موشي	18
موصلات	18
موصولتان	18
موضبة	18
موضح	18
موضحين	18
موضوعاتها	18
موضوعاتية	18
موضوعان	18
موضوعي	18
موطنهم	18
موظفيهما	18
موعدكم	18
موعدنا	18
موفدا	18
موفدين	18
موقت	18
موقتة	18
موقد	18
موقعهون	18
موقعي	18
موقعين	18
موقفك	18
موقفهن	18
موقفين	18
موقوفين	18
موكت	18
موكرينا	18
موكليه	18
مولا	18
مولتنوماه	18
مولتها	18
مولدوفاغا	18
مولدين	18
مولوا	18
مولوان	18
مولودة	18
مولوده	18
مولودين	18
مولور	18
مولينغ	18
موليه	18
مومي	18
مومياوات	18
مونت	18
مونتاجو	18
مونتانا	18
مونتانو	18
مونتروز	18
مونتريال	18
مونتغومري	18
مونتيرو	18
مونتيس	18
مونخ	18
موندويز	18
مونديالات	18
مونرو	18
مونزا	18
مونسي	18
مونشنغلادباخ	18
مونقومو	18
موهبتى	18
مووديز	18
مويل	18
ميؤوس	18
ميا	18
ميات	18
مياس	18
ميالة	18
ميان	18
مياهنا	18
مياهها	18
ميتافيزيقا	18
ميتروفيتش	18
ميتسوتاكيس	18
ميتكا	18
ميث	18
ميثيكال	18
ميج	18
ميجا	18
ميجي	18
ميجيل	18
ميخائيلو	18
ميخال	18
ميختاريان	18
ميخييف	18
ميداليتين	18
ميدانها	18
ميدفيدشوك	18
ميدكات	18
ميدلاندز	18
ميدوز	18
ميدوزا	18
ميديتشي	18
ميديسين	18
ميديك	18
ميديكا	18
ميديكيد	18
ميديكير	18
ميدين	18
ميرال	18
ميرامار	18
ميرتي	18
ميرز	18
ميركاتو	18
ميرلين	18
ميرور	18
ميروفينجيان	18
ميروماتريكس	18
ميرونوف	18
ميري	18
ميريت	18
ميريليس	18
ميزانياتنا	18
ميزانيته	18
ميزانيتها	18
ميزانيتهم	18
ميزتنا	18
ميزر	18
ميزوري	18
ميس	18
ميساج	18
ميسخون	18
ميسفين	18
ميسلير	18
ميسون	18
ميشغيان	18
ميشكوف	18
ميشوستين	18
ميشيغان	18
ميغابايت	18
ميغان	18
ميغن	18
ميفعة	18
ميك	18
ميكاراما	18
ميكاليس	18
ميكانيزما	18
ميكانيكية	18
ميكر	18
ميكروسكوبية	18
ميكروفونا	18
ميكروفونات	18
ميكو	18
ميكول	18
ميكونوس	18
ميكيل	18
ميكيلي	18
ميلاخ	18
ميلادها	18
ميلادي	18
ميلانشون	18
ميلانوفيتش	18
ميلتون	18
ميلكي	18
ميلنر	18
ميلنيك	18
ميلودي	18
ميلونشون	18
ميلووكي	18
ميلي	18
ميليار	18
ميليشتين	18
ميليشياته	18
ميليلتر	18
ميليمتر	18
ميلينغ	18
ميماديم	18
ميموريال	18
ميناس	18
مينة	18
ميندوزا	18
ميندولا	18
ميندي	18
مينديز	18
مينفعش	18
مينكاييف	18
مينه	18
مينورسو	18
ميني	18
مينيابوليس	18
مينيرال	18
مينيكيبنيكاو	18
مينين	18
مينينديز	18
ميهوب	18
ميوزيك	18
ميوله	18
نأسف	18
نألو	18
نؤثر	18
نؤسس	18
نؤيده	18
نائبين	18
نائيه	18
ناار	18
نابش	18
نابلسالاحتلال	18
نابو	18
نابير	18
نات	18
ناتاسا	18
ناتجا	18
ناتونيساروكيرتا	18
ناتي	18
ناث	18
ناثانيل	18
ناجحا	18
ناجحتين	18
ناجعا	18
ناجم	18
ناجون	18
ناحال	18
ناحوم	18
ناحيتها	18
ناحيتين	18
ناخبو	18
ناخبون	18
ناخبي	18
ناخبيه	18
ناخبيهم	18
نادال	18
نادري	18
نادلة	18
نادو	18
ناديا	18
ناديت	18
نادينا	18
نارزولو	18
نارسيس	18
نارنج	18
ناروزانسكي	18
ناريا	18
ناريتين	18
ناز	18
نازحا	18
نازحة	18
نازحي	18
نازي	18
ناسختين	18
ناسداك	18
ناسفتين	18
ناسنا	18
ناسون	18
ناسي	18
ناشدنا	18
ناشر	18
ناشرا	18
ناشرة	18
ناشطي	18
ناشونال	18
ناصحا	18
ناصرز	18
ناصيف	18
ناضجا	18
ناغو	18
نافارو	18
نافالني	18
نافدة	18
نافذون	18
نافعين	18
نافق	18
نافقت	18
نافل	18
نافيا	18
نافين	18
ناقدة	18
ناقضا	18
ناقلتا	18
ناقلتي	18
ناقلتين	18
ناقلين	18
ناكاجين	18
ناكازاوا	18
نالغا	18
نالغي	18
نالها	18
ناليدي	18
نامبولا	18
ناموا	18
ناميبيا	18
نامية	18
نانتير	18
ناندان	18
نانسى	18
نانوية	18
ناهبة	18
ناهد	18
ناهض	18
ناهي	18
ناو	18
ناوشيرا	18
ناي	18
نايت	18
نايلور	18
نايمولي	18
نباتات	18
نباشره	18
نبتاع	18
نبتعد	18
نبحت	18
نبذها	18
نبرة	18
نبرتها	18
نبرهن	18
نبضات	18
نبضه	18
نبعي	18
نبلغ	18
نبني	18
نبوخذ	18
نبوية	18
نبيع	18
نبيعهم	18
نبيلة	18
نبيهة	18
نت	18
نتأسف	18
نتأمل	18
نتابعها	18
نتاجه	18
نتبعه	18
نتبلوكس	18
نتتبع	18
نتجسس	18
نتحاور	18
نتحسن	18
نتحضر	18
نتحلى	18
نتحملها	18
نتخذها	18
نترات	18
نترجى	18
نتسامح	18
نتشارك	18
نتشاطر	18
نتصد	18
نتصرف	18
نتضرع	18
نتطرق	18
نتطور	18
نتعرض	18
نتعلمها	18
نتغذى	18
نتغلب	18
نتفاهم	18
نتفرج	18
نتفلكس	18
نتفهم	18
نتقاضاها	18
نتقبل	18
نتلق	18
نتلقاها	18
نتلقى	18
نتمتع	18
نتمسك	18
نتمني	18
نتوءات	18
نتورك	18
نتوصل	18
نتيجتهم	18
نثرية	18
نجاتها	18
نجاحك	18
نجاحهم	18
نجدها	18
نجدهم	18
نجعلهم	18
نجلا	18
نجلاه	18
نجلب	18
نجلد	18
نجمها	18
نجمهم	18
نجمي	18
نجمية	18
نجها	18
نجوميته	18
نجونا	18
نجين	18
نحاسب	18
نحافة	18
نحالا	18
نحالين	18
نحام	18
نحبك	18
نحبهم	18
نحت	18
نحتضنها	18
نحتفي	18
نحتكم	18
نحتل	18
نحتية	18
نحث	18
نحدس	18
نحذركم	18
نحرتها	18
نحرك	18
نحزن	18
نحسبهم	18
نحشد	18
نحصد	18
نحضر	18
نحطم	18
نحظى	18
نحفظه	18
نحلل	18
نحمان	18
نحمد	18
نحنا	18
نحيا	18
نحيطكم	18
نحيلة	18
نحيي	18
نحييه	18
نخاع	18
نخالا	18
نخبهم	18
نختارها	18
نختبره	18
نختصمكم	18
نختلف	18
نخذله	18
نخر	18
نخش	18
نخفف	18
نخفي	18
نخلق	18
نخو	18
ندابيهاوينيمانا	18
نداف	18
نداي	18
ندايبهاويتماتا	18
نددوا	18
ندرس	18
ندرسها	18
ندركه	18
ندرومة	18
ندعوك	18
ندعيه	18
ندفن	18
ندما	18
ندوبا	18
ندوته	18
ندوتين	18
ندور	18
ندي	18
ندياي	18
ندير	18
نذكرك	18
نذيع	18
نراجع	18
نرافق	18
نراكم	18
نراوح	18
نربط	18
نرتدع	18
نرتقب	18
نرتقي	18
نرجعو	18
نرجوه	18
نرحل	18
نرغب	18
نرفضه	18
نركن	18
نرمش	18
نرهم	18
نرويجية	18
نزاعهما	18
نزاهة	18
نزرع	18
نزلاها	18
نزود	18
نزوى	18
نزيلا	18
نزيلات	18
نزيه	18
نزيها	18
نسائيا	18
نسائية	18
نساعدهم	18
نساهم	18
نساوم	18
نست	18
نستبعد	18
نستذكر	18
نستشير	18
نستضيف	18
نستضيفكم	18
نستعرضها	18
نستعمر	18
نستقبله	18
نستكين	18
نستلهم	18
نستمد	18
نستنتج	18
نستهدف	18
نستهل	18
نستوردها	18
نستوعب	18
نسجل	18
نسمعه	18
نسمي	18
نسميه	18
نسيبة	18
نسيجنا	18
نسيجية	18
نسيطر	18
نشأتها	18
نشار	18
نشاطك	18
نشاطنا	18
نشامى	18
نشاهده	18
نشجعه	18
نشطان	18
نشطت	18
نشطتها	18
نشطها	18
نشفعه	18
نشقى	18
نشكر	18
نشلره	18
نشمت	18
نشن	18
نشهده	18
نشوة	18
نشوى	18
نصبته	18
نصبح	18
نصحها	18
نصحهم	18
نصحي	18
نصرنا	18
نصري	18
نصوت	18
نصوح	18
نصيحتنا	18
نصيحته	18
نصيف	18
نضاله	18
نضالية	18
نضجه	18
نضحت	18
نضحك	18
نضعه	18
نضعها	18
نضغط	18
نضيف	18
نطبق	18
نطحة	18
نطرا	18
نطلع	18
نطمح	18
نطنطة	18
نظارة	18
نظامك	18
نظامهم	18
نظامين	18
نظرائهم	18
نظرتك	18
نظرتم	18
نظرتنا	18
نظرته	18
نظرتها	18
نظرك	18
نظركم	18
نظريتي	18
نظمي	18
نظهر	18
نظيرته	18
نظيرهما	18
نظيريهما	18
نظيفي	18
نظيفين	18
نعارض	18
نعالج	18
نعاني	18
نعاود	18
نعاين	18
نعتبركم	18
نعتبره	18
نعتبرها	18
نعتبرهم	18
نعتصم	18
نعتمد	18
نعدكم	18
نعرض	18
نعسان	18
نعشق	18
نعشه	18
نعشها	18
نعطيها	18
نعمد	18
نعمله	18
نعومي	18
نغادرها	18
نغامالو	18
نغض	18
نغم	18
نغودوب	18
نغونغ	18
نغير	18
نفاجأ	18
نفاده	18
نفاها	18
نفاياتها	18
نفترض	18
نفتقدك	18
نفديك	18
نفذا	18
نفذهما	18
نفرضه	18
نفسانيون	18
نفسد	18
نفسر	18
نفسكم	18
نفسهم	18
نفسهما	18
نفسيين	18
نفشل	18
نفضت	18
نفطا	18
نفطال	18
نفطها	18
نفعله	18
نفقا	18
نفقاتك	18
نفقاته	18
نفقاتهم	18
نفقد	18
نفقه	18
نفهمها	18
نفوت	18
نفور	18
نفيهم	18
نقاء	18
نقابتك	18
نقابي	18
نقارة	18
نقاشاتها	18
نقاشية	18
نقترحه	18
نقدادولة	18
نقدمه	18
نقرأها	18
نقرر	18
نقشها	18
نقضتم	18
نقطتها	18
نقلتهم	18
نقلق	18
نقود	18
نقوش	18
نقوشا	18
نقولا	18
نقولها	18
نقوي	18
نقيضين	18
نكأ	18
نكاع	18
نكافأ	18
نكثه	18
نكسب	18
نكمل	18
نكونكو	18
نلاقي	18
نلتزم	18
نلجأ	18
نلس	18
نلقته	18
نلقي	18
نلمس	18
نلمسها	18
نلنا	18
نماذجنا	18
نماذجه	18
نمارس	18
نمحي	18
نمد	18
نمساويون	18
نملأ	18
نملكه	18
نموذجه	18
نموذجها	18
نموذجي	18
ننا	18
نناقشه	18
ننام	18
ننبطح	18
ننتبه	18
ننتقد	18
ننتمي	18
ننته	18
ننتهز	18
ننحدر	18
ننخرط	18
نندرج	18
ننسب	18
ننشر	18
ننصح	18
ننظم	18
ننعم	18
ننفصل	18
ننكب	18
ننهي	18
نها	18
نهائى	18
نهاري	18
نهاريا	18
نهارية	18
نهال	18
نهايتها	18
نهبها	18
نهبوها	18
نهتم	18
نهدأ	18
نهرب	18
نهرته	18
نهضوا	18
نهلة	18
نهلوا	18
نهنئ	18
نو	18
نوابا	18
نوابغ	18
نوابنا	18
نوابه	18
نوابها	18
نواتها	18
نواجهه	18
نوار	18
نوارس	18
نواز	18
نوازن	18
نواشف	18
نوافذهما	18
نوافق	18
نواقص	18
نواكب	18
نواكشوط	18
نواياهم	18
نوبات	18
نوبور	18
نوتكا	18
نوتنغهام	18
نوتينجهام	18
نوجه	18
نوران	18
نورتومبرلاند	18
نوردستريم	18
نورديك	18
نورزاي	18
نورعلي	18
نورفولك	18
نورمان	18
نورماندي	18
نورمبرغ	18
نورو	18
نورية	18
نوريتش	18
نوريه	18
نوزع	18
نوسا	18
نوسف	18
نوعم	18
نوعيات	18
نوفاتك	18
نوفبمر	18
نوفر	18
نوفرها	18
نوفغورود	18
نوفمبرالماضي	18
نوفوتافريتشيسكي	18
نوفوديفيتشي	18
نوفوروسيسك	18
نوفيتش	18
نوفيكوم	18
نوفيلا	18
نوقف	18
نوكيا	18
نولدين	18
نولي	18
نولين	18
نومك	18
نومنا	18
نومهم	18
نوناي	18
نوهت	18
نوويتين	18
نويبع	18
نوير	18
نويصر	18
نويفا	18
نويفو	18
نويل	18
نوينز	18
نيئة	18
نيا	18
نيافا	18
نيافته	18
نيافو	18
نيالونق	18
نيبلز	18
نيتا	18
نيترات	18
نيتساح	18
نيتوورك	18
نيتيشا	18
نيدز	18
نيرانية	18
نيرعم	18
نيزك	18
نيشيدا	18
نيفسكي	18
نيفي	18
نيفيل	18
نيفيلسكوي	18
نيفيو	18
نيك	18
نيكاي	18
نيكس	18
نيكستا	18
نيكوبول	18
نيكولار	18
نيكولايف	18
نيكولاييف	18
نيكولسكوي	18
نيكولينكو	18
نيلز	18
نيله	18
نيلهم	18
نيلو	18
نيمانيا	18
نيه	18
نيوت	18
نيوترونات	18
نيوتسن	18
نيوجرزي	18
نيوجرسي	18
نيوديك	18
نيوروك	18
نيوشاف	18
نيومان	18
هأورانيم	18
هؤولاء	18
هائلا	18
هاب	18
هاباي	18
هابرماس	18
هابطة	18
هابل	18
هابيك	18
هاترك	18
هاجسا	18
هاجسه	18
هاجسي	18
هاجمه	18
هاجمها	18
هاجمهم	18
هاجي	18
هادرفيلد	18
هادسون	18
هادون	18
هادىء	18
هاديان	18
هاربون	18
هارتفيلدت	18
هاردلك	18
هارمر	18
هارنس	18
هارولد	18
هاريكان	18
هاريكانه	18
هاسبل	18
هاسلبلاد	18
هاشمية	18
هاشناه	18
هاشيك	18
هاعين	18
هافرتز	18
هافلونغ	18
هافنجتون	18
هافيلانغ	18
هافينغتون	18
هاكثون	18
هاكم	18
هالاخاه	18
هالبرين	18
هالدواني	18
هالرايت	18
هالقد	18
هاله	18
هالي	18
هاليفي	18
هاما	18
هامادا	18
هامبشر	18
هامر	18
هامستر	18
هامشها	18
هامشي	18
هامشيك	18
هامغيونغ	18
هامفي	18
هانا	18
هانتا	18
هانزر	18
هانغ	18
هانيبال	18
هانيكرا	18
هاهي	18
هاواي	18
هاوزر	18
هاولز	18
هاوية	18
هاياشي	18
هايبريون	18
هايتي	18
هايدغر	18
هايدن	18
هايدي	18
هايغومغانغ	18
هايكو	18
هايم	18
هاينز	18
هايوم	18
هتسلاه	18
هتف	18
هتلاقي	18
هتوارة	18
هتوراه	18
هجاري	18
هجماتنا	18
هجماته	18
هجماتهم	18
هدافه	18
هدافي	18
هدايتهم	18
هددته	18
هددوا	18
هدرت	18
هدرسفيلد	18
هدفهم	18
هدمته	18
هدمزوفازارهلي	18
هدن	18
هدهود	18
هدوءا	18
هدوراس	18
هديان	18
هذاالانتشار	18
هذايعكس	18
هذة	18
هراري	18
هراوات	18
هربرت	18
هرتزوج	18
هرتسانو	18
هرتسل	18
هرتسي	18
هرمها	18
هرموناتك	18
هرنانديس	18
هروبهم	18
هروموف	18
هزات	18
هزام	18
هزته	18
هزتها	18
هزمت	18
هزمته	18
هزمه	18
هزمهم	18
هزيمتنا	18
هزيمتها	18
هستيريا	18
هستيرية	18
هسيبك	18
هسيس	18
هسين	18
هشول	18
هشيمة	18
هطاي	18
هطولات	18
هطولها	18
هـ	18
هفوة	18
هقطع	18
هكتارات	18
هلاله	18
هلسنكي	18
هلع	18
هليل	18
هليوبوليس	18
همدت	18
همنغواي	18
همومنا	18
هميون	18
هنأته	18
هنادي	18
هندري	18
هندسات	18
هندسية	18
هندوراس	18
هنريك	18
هنريكي	18
هنغجا	18
هنود	18
هنوم	18
هههههههه	18
هواتفها	18
هواجسهم	18
هواريز	18
هوامش	18
هوانغ	18
هواوى	18
هواياتهم	18
هوايته	18
هوبارد	18
هوبر	18
هوبرت	18
هوبكينز	18
هوجيان	18
هور	18
هورايزون	18
هورفويتس	18
هورندال	18
هورنيمان	18
هوروفيتز	18
هوروفيتس	18
هوسرل	18
هوسكورد	18
هوسونغ	18
هوسيكي	18
هوشتاين	18
هوشستين	18
هوشي	18
هوغان	18
هوغن	18
هوفاور	18
هوفر	18
هوفمان	18
هوكانسون	18
هوكستين	18
هوكشتين	18
هوكينغ	18
هولاند	18
هولت	18
هولدر	18
هولسيم	18
هولمز	18
هولنداعن	18
هولندي	18
هولها	18
هوم	18
هونجبو	18
هوندا	18
هونغلا	18
هوهوت	18
هويتفلدت	18
هويتهن	18
هويتيهما	18
هويل	18
هيئتهم	18
هياج	18
هياكلها	18
هيام	18
هيبرنيا	18
هيبس	18
هيبورن	18
هيبي	18
هيث	18
هيجيلك	18
هيد	18
هيدي	18
هيذرويك	18
هيرات	18
هيرتا	18
هيرتزبرونغ	18
هيرستروم	18
هيرشابيل	18
هيروز	18
هيريرا	18
هيعوضك	18
هيغ	18
هيغو	18
هيفا	18
هيك	18
هيكله	18
هيكيكوموري	18
هيلا	18
هيلاري	18
هيلة	18
هيلتون	18
هيلثي	18
هيلجا	18
هيلز	18
هيلل	18
هيلير	18
هيليروب	18
هيلين	18
هيليير	18
هيمارز	18
هيمنتها	18
هيمنوتا	18
هينايز	18
هيندز	18
هينسلي	18
هينغ	18
هينكلي	18
هينلي	18
هيو	18
هيوافق	18
هيوستن	18
هيوك	18
هيومز	18
هيون	18
هيونداي	18
هيونغ	18
وآباؤنا	18
وآبار	18
وآسفي	18
وآفاقه	18
وآلامهم	18
وآلهما	18
وآمالهما	18
وآمر	18
وآمنا	18
وآن	18
وآنية	18
وآي	18
وأبانت	18
وأبحاثها	18
وأبدع	18
وأبدلوه	18
وأبريل	18
وأبعاده	18
وأبعادها	18
وأبعث	18
وأبعدهم	18
وأبكت	18
وأبلغا	18
وأبلغت	18
وأبناءهم	18
وأبنائها	18
وأبنائهم	18
وأبوابها	18
وأبيب	18
وأتأمل	18
وأتاح	18
وأتباع	18
وأتذكر	18
وأتلف	18
وأتلفت	18
وأتمتة	18
وأتناول	18
وأتوقع	18
وأثاره	18
وأثخن	18
وأثرا	18
وأثمرت	18
وأثنت	18
وأثنوا	18
وأثينا	18
وأجبرته	18
وأجد	18
وأجدادنا	18
وأجدى	18
وأجراء	18
وأجرته	18
وأجروا	18
وأجري	18
وأجزائها	18
وأجلى	18
وأجنبي	18
وأجنبية	18
وأجنداتها	18
وأجندة	18
وأجهز	18
وأجهضت	18
وأجواء	18
وأحاطه	18
وأحالت	18
وأحاول	18
وأحبت	18
وأحجموا	18
وأحداثه	18
وأحذية	18
وأحرج	18
وأحرقت	18
وأحرقوا	18
وأحرقوها	18
وأحزابنا	18
وأحزابهم	18
وأحزانهتريكي	18
وأحضره	18
وأحفاد	18
وأحفادهم	18
وأحقيته	18
وأحيطت	18
وأحيل	18
وأحييكم	18
وأخبرتني	18
وأخبرتهم	18
وأخبرهما	18
وأخبروني	18
وأخذتهما	18
وأخذوه	18
وأخرجتها	18
وأخشى	18
وأخضعت	18
وأخضعه	18
وأخطاء	18
وأخطر	18
وأخلاق	18
وأخلاقية	18
وأخوة	18
وأخير	18
وأخيرة	18
وأد	18
وأداؤها	18
وأداة	18
وأدار	18
وأدباء	18
وأدبيا	18
وأدبية	18
وأدركت	18
وأدفع	18
وأدلته	18
وأدما	18
وأدواته	18
وأدواتهم	18
وأدواره	18
وأدويسا	18
وأديب	18
وأديس	18
وأذرعها	18
وأراضيهم	18
وأراقت	18
وأرامل	18
وأراها	18
وأربي	18
وأرخص	18
وأرزاقها	18
وأرسى	18
وأرشفتها	18
وأرشيف	18
وأرصدة	18
وأرصفة	18
وأرضيات	18
وأرضيته	18
وأرغما	18
وأرغمت	18
وأرفق	18
وأرواح	18
وأريئل	18
وأريحا	18
وأزكى	18
وأزمور	18
وأزياء	18
وأسئلة	18
وأساء	18
وأسابيع	18
وأساتذة	18
وأساس	18
وأساسية	18
وأساسيون	18
وأساليب	18
وأساليبه	18
وأساه	18
وأستاذة	18
وأستانا	18
وأستعرض	18
وأستمع	18
وأسدود	18
وأسراها	18
وأسرة	18
وأسرت	18
وأسرته	18
وأسرتي	18
وأسعار	18
وأسعارها	18
وأسعد	18
وأسعى	18
وأسف	18
وأسكتت	18
وأسكنها	18
وأسكنهم	18
وأسلحتهم	18
وأسمائها	18
وأسماك	18
وأسمنت	18
وأسمى	18
وأسهم	18
وأسيادها	18
وأسير	18
وأسيراتنا	18
وأشادا	18
وأشارا	18
وأشجار	18
وأشخاص	18
وأشرارها	18
وأشرس	18
وأشعة	18
وأشعل	18
وأشعلوا	18
وأشغال	18
وأشكال	18
وأشلاء	18
وأصابت	18
وأصابعه	18
وأصدروا	18
وأصدق	18
وأصدقاءنا	18
وأصدقاءه	18
وأصدقائه	18
وأصغر	18
وأصفهان	18
وأصلحها	18
وأصم	18
وأصيبوا	18
وأضحت	18
وأضخم	18
وأضر	18
وأضرت	18
وأضرحة	18
وأضف	18
وأضفت	18
وأضلاع	18
وأطر	18
وأطربت	18
وأطعمت	18
وأطفالهن	18
وأطماع	18
وأطنان	18
وأعادته	18
وأعارته	18
وأعاقت	18
وأعاقوا	18
وأعتبر	18
وأعجبت	18
وأعددنا	18
وأعدم	18
وأعربا	18
وأعربنا	18
وأعربوا	18
وأعرضت	18
وأعشاب	18
وأعطتها	18
وأعطوا	18
وأعقبت	18
وأعقبتها	18
وأعلنته	18
وأعلنها	18
وأعمالنا	18
وأعمق	18
وأعوان	18
وأعوانها	18
وأعود	18
وأغاريدي	18
وأغاني	18
وأغدام	18
وأغطيتهم	18
وأغلى	18
وأغنى	18
وأفاء	18
وأفرادها	18
وأفردت	18
وأفريقية	18
وأفصحت	18
وأفعالها	18
وأفكاره	18
وأفلام	18
وأفلامها	18
وأفيغايل	18
وأقاتل	18
وأقارب	18
وأقاربنا	18
وأقاربها	18
وأقاربهم	18
وأقاليم	18
وأقتل	18
وأقتلها	18
وأقراص	18
وأقرانهم	18
وأقراني	18
وأقربها	18
وأقساط	18
وأقسامها	18
وأقصاها	18
وأقلعت	18
وأقمارها	18
وأقنعة	18
وأقنعه	18
وأكاد	18
وأكاديميا	18
وأكاديميين	18
وأكاذيب	18
وأكتوبر	18
وأكملت	18
وأكوام	18
وأل	18
وألبان	18
وألبانيز	18
وألتزم	18
وألحت	18
وألزهايمر	18
وألفي	18
وألفين	18
وألقوها	18
وألهم	18
وألواح	18
وألياف	18
وأليس	18
وأليشر	18
وأليماني	18
وأمازولو	18
وأمامكم	18
وأمامه	18
وأمبر	18
وأمتنا	18
وأمرابط	18
وأمريكية	18
وأمستردام	18
وأمسكت	18
وأملاك	18
وأملهم	18
وأممية	18
وأمنحها	18
وأمنيا	18
وأمنياته	18
وأمواج	18
وأموالا	18
وأميلي	18
وأمينها	18
وأناتول	18
وأناسا	18
وأناشيد	18
وأنال	18
وأنتج	18
وأنتجها	18
وأنتهي	18
وأنجب	18
وأنجبت	18
وأنجز	18
وأنجولا	18
وأنحني	18
وأنخيل	18
وأندية	18
وأنشأت	18
وأنشأنا	18
وأنشطته	18
وأنشودة	18
وأنصار	18
وأنصاره	18
وأنصارها	18
وأنصارهم	18
وأنطونيو	18
وأنظمتها	18
وأنفاق	18
وأنفاقهم	18
وأنفقت	18
وأنقذت	18
وأنقذته	18
وأنقياء	18
وأنني	18
وأنهر	18
وأنوريه	18
وأنوشه	18
وأنين	18
وأهابت	18
وأهدافه	18
وأهدافهم	18
وأهدرت	18
وأهــداف	18
وأهمهم	18
وأهوائه	18
وأوتيل	18
وأودعا	18
وأوديسا	18
وأوراق	18
وأورام	18
وأوردته	18
وأوروغواي	18
وأورى	18
وأوريخوف	18
وأوزباكستان	18
وأوسيتيا	18
وأوشحته	18
وأوعز	18
وأوفد	18
وأوقفوا	18
وأوقفونا	18
وأوقفوني	18
وأوقفوها	18
وأوكرانيون	18
وأوكل	18
وأوكلاهوما	18
وأولهم	18
وأولوياتنا	18
وأولوياتها	18
وأولوياتهم	18
وأوليغارش	18
وأوليغاش	18
وأوليفييه	18
وأوهمت	18
وأيتام	18
وأيدنا	18
وأيدوا	18
وأيدينا	18
وأيرلندا	18
وأيسلندا	18
وأيمن	18
وأييليت	18
وإب	18
وإبادة	18
وإبداء	18
وإبداع	18
وإبراهيما	18
وإبطاء	18
وإبقاءه	18
وإتاحتها	18
وإتباع	18
وإتخاذ	18
وإتلاف	18
وإتمامها	18
وإثباتها	18
وإجبار	18
وإجبارهن	18
وإجباري	18
وإجتماعية	18
وإجراءاتها	18
وإحالاته	18
وإحالتهم	18
وإحباط	18
وإحراز	18
وإحساسهم	18
وإحضاره	18
وإحضارهم	18
وإحنا	18
وإخراجها	18
وإخراجهم	18
وإخراجهما	18
وإخضاعه	18
وإخفائها	18
وإخفاق	18
وإخلاء	18
وإخلاصهم	18
وإخماد	18
وإخوانه	18
وإدارتها	18
وإداري	18
وإداريين	18
وإدانتها	18
وإدخاله	18
وإدخالها	18
وإدفينا	18
وإدكار	18
وإدماج	18
وإدماجهم	18
وإدمونتون	18
وإدوارد	18
وإرتكاب	18
وإرثا	18
وإرجائها	18
وإرسالهم	18
وإرهابيين	18
وإرهاق	18
وإريتريا	18
وإزعاج	18
وإساءات	18
وإسبانية	18
وإستأنفت	18
وإستطاعة	18
وإستغاثة	18
وإستغلت	18
وإسرائيليان	18
وإسرائيلية	18
وإسرائيليون	18
وإسرائيليين	18
وإسفره	18
وإسقاطها	18
وإسلاميا	18
وإسم	18
وإسهال	18
وإسهام	18
وإسهاماته	18
وإسهاماتها	18
وإسوة	18
وإشارات	18
وإشبيلية	18
وإشعال	18
وإشكالات	18
وإصابات	18
وإصابته	18
وإصابتها	18
وإصراره	18
وإصلاحه	18
وإصلاحها	18
وإصلاحية	18
وإضاءة	18
وإضافتها	18
وإضراب	18
وإضرابها	18
وإضفاء	18
وإطلاع	18
وإعادتهم	18
وإعانات	18
وإعتباره	18
وإعتقلت	18
وإعجاب	18
وإعدادهم	18
وإعلاميا	18
وإعمال	18
وإفراغ	18
وإفراغه	18
وإفريقي	18
وإفريقيا	18
وإفريقية	18
وإقالته	18
وإقامته	18
وإقتصادية	18
وإقرارها	18
وإقلاع	18
وإقلاق	18
وإقناع	18
وإقناعهم	18
وإكراههم	18
وإكسابهم	18
وإكسسوارات	18
وإكمال	18
وإلزامها	18
وإلزامهم	18
وإلفريدة	18
وإلكترونية	18
وإلهامي	18
وإلينوي	18
وإمساك	18
وإمعانا	18
وإمعانها	18
وإمكانات	18
وإمكانياتنا	18
وإنتاجنا	18
وإنتاجها	18
وإنتاجية	18
وإنتر	18
وإنترنت	18
وإنتشون	18
وإنتهت	18
وإنجازاتهما	18
وإنجي	18
وإنديانابوليس	18
وإنذار	18
وإنسان	18
وإنساني	18
وإنسيلادوس	18
وإنشائه	18
وإنشادا	18
وإنعدام	18
وإنعدمت	18
وإنعكاساته	18
وإنفاذا	18
وإنقاذه	18
وإنقاذهم	18
وإنقاص	18
وإنكليزية	18
وإنهائه	18
وإنهائها	18
وإهانتهم	18
وإيابا	18
وإيتام	18
وإيداعه	18
وإيرما	18
وإيرهاردت	18
وإيسكو	18
وإيعاز	18
وإيفاد	18
وإيفانكا	18
وإيقاع	18
وإيقافه	18
وإيماننا	18
وإيميل	18
وئام	18
واب	18
وابتذالها	18
وابتزازهم	18
وابتسامة	18
وابتعدت	18
وابتكر	18
وابتلاع	18
وابتلاعهم	18
وابتهاجا	18
وابحث	18
وابرام	18
وابطال	18
وابلاغ	18
وابلغت	18
وابناء	18
وابيتا	18
وابيرات	18
واتارو	18
واتتها	18
واتجاهات	18
واتجهت	18
واتحادها	18
واتخاد	18
واتخذت	18
واتخذنا	18
واتسعت	18
واتسونفيل	18
واتصالها	18
واتصالية	18
واتفاقات	18
واتهامات	18
واتهاماتها	18
واتهامنا	18
واتهامها	18
واتهامهم	18
واتهمه	18
واتهمها	18
واثراء	18
واثقون	18
واثقين	18
واثناء	18
واجبنا	18
واجبي	18
واجتاحت	18
واجتماعه	18
واجها	18
واجهاته	18
واجهزة	18
واجهنا	18
واجهه	18
واجهي	18
واحات	18
واحالتهم	18
واحبائنا	18
واحتاجوا	18
واحتجزتهم	18
واحتجزوا	18
واحترابات	18
واحترافية	18
واحتراق	18
واحترامه	18
واحتسابها	18
واحتسب	18
واحتشد	18
واحتضار	18
واحتضان	18
واحتضانه	18
واحتضانها	18
واحتضنها	18
واحتفال	18
واحتفظ	18
واحتفي	18
واحتكمت	18
واحتلالها	18
واحتلها	18
واحتمالات	18
واحتواء	18
واحتياج	18
واحتياجاتنا	18
واحتياجاته	18
واحتياطياتنا	18
واحتيال	18
واحدةأحجام	18
واحدد	18
واحرار	18
واحلال	18
واحمين	18
واحيانا	18
واختارت	18
واختاروا	18
واختبارات	18
واختبر	18
واختتامه	18
واختر	18
واختراق	18
واختصاصية	18
واختصروا	18
واختفاء	18
واختفت	18
واختلاس	18
واختلافا	18
واختلعت	18
واختياراتنا	18
واختيارية	18
واختيرت	18
واخذها	18
واخر	18
واخضاعهم	18
واخيرا	18
وادارات	18
وادارة	18
وادامة	18
وادان	18
وادراجه	18
وادراجها	18
وادرج	18
وادلى	18
وادندن	18
واذ	18
واذار	18
واراداتها	18
واربح	18
واربعين	18
وارتباطا	18
وارتباطها	18
وارتداداتها	18
وارتدت	18
وارتفاعا	18
وارتفاعها	18
وارتقب	18
وارتكابه	18
وارتكبت	18
وارجيو	18
واردت	18
واردتهم	18
واردف	18
وارز	18
وارسالها	18
وارسلو	18
وارسنال	18
وارغامهم	18
وارن	18
وارنر	18
وارنوك	18
وارى	18
وارين	18
وازالوا	18
وازداد	18
وازدانت	18
وازدهار	18
وازدهر	18
وازدواج	18
وازع	18
واساسيات	18
واسباب	18
واسبانيا	18
واستأنفت	18
واستؤنفت	18
واستئنافها	18
واستباحاته	18
واستباحة	18
واستبداد	18
واستبدادها	18
واستبدالها	18
واستبعدت	18
واستبق	18
واستثقال	18
واستثمار	18
واستثماره	18
واستثمر	18
واستثنائي	18
واستجابته	18
واستجابتهما	18
واستجلاب	18
واستحضر	18
واستحقاقا	18
واستحوذت	18
واستخبارات	18
واستخدامات	18
واستخدامه	18
واستخدمته	18
واستخدموا	18
واستخراجها	18
واستخفاف	18
واستخلاص	18
واستدامة	18
واستدامته	18
واستدعاءات	18
واستدعوا	18
واستراتيجيات	18
واستراتيجيته	18
واستراتيجيتها	18
واسترخي	18
واسترسل	18
واسترضاء	18
واستسلم	18
واستسلمت	18
واستسلموا	18
واستشارية	18
واستشراف	18
واستصدار	18
واستضيفوه	18
واستطردت	18
واستعاد	18
واستعادوا	18
واستعار	18
واستعان	18
واستعداد	18
واستعداده	18
واستعراض	18
واستعنت	18
واستغرقت	18
واستغلاله	18
واستغلت	18
واستفادت	18
واستفادتها	18
واستفادتهم	18
واستقاء	18
واستقالت	18
واستقبالها	18
واستقبله	18
واستقبلهم	18
واستقدامه	18
واستقطاب	18
واستقلالنا	18
واستقلالها	18
واستقلالية	18
واستقوت	18
واستكمالها	18
واستكملت	18
واستلمت	18
واستمارة	18
واستمالة	18
واستمراء	18
واستمرارا	18
واستمراره	18
واستمرارها	18
واستمرارهم	18
واستمعا	18
واستنباط	18
واستنتاج	18
واستنتاجات	18
واستنتجت	18
واستنزاف	18
واستنفاذ	18
واستنكار	18
واستنكاره	18
واستنكرت	18
واستنكروا	18
واستهتار	18
واستهجانه	18
واستهجنت	18
واستهدافها	18
واستهلاكه	18
واستهلت	18
واستهلك	18
واستوعبت	18
واستوفيت	18
واستياء	18
واستيعاب	18
واسر	18
واسرائيل	18
واسطنبول	18
واسقطها	18
واسكتش	18
واسلحة	18
واسواق	18
واسواقها	18
واسيني	18
واشارت	18
واشتباكاته	18
واشتبك	18
واشتداد	18
واشتعال	18
واشتكى	18
واشتملت	18
واشجار	18
واشجع	18
واشطن	18
واشعال	18
واشعر	18
واشمئزازه	18
واص	18
واصابته	18
واصدار	18
واصدر	18
واصدق	18
واصطحابها	18
واصطحبها	18
واصطدم	18
واصطدمت	18
واصطفاف	18
واصطياد	18
واصلاحها	18
واصلنا	18
واصله	18
واضافة	18
واضحه	18
واضحون	18
واضطرابات	18
واضطراره	18
واضطرت	18
واضطررنا	18
واضطهاد	18
واضعها	18
واضعي	18
واضعين	18
واضفنا	18
واضمحلال	18
واطباء	18
واطفال	18
واطفيح	18
واطقما	18
واطلاقها	18
واطلعت	18
واطلعوا	18
واعادته	18
واعان	18
واعتبارا	18
واعتبارات	18
واعتبارهم	18
واعتبرا	18
واعتبراه	18
واعتبرته	18
واعتبرنا	18
واعتبروه	18
واعتداءاته	18
واعتداءاتها	18
واعتداءاتهم	18
واعتدي	18
واعتذاره	18
واعتذرت	18
واعترفت	18
واعتزازها	18
واعتقاده	18
واعتقالهم	18
واعتقدنا	18
واعتقله	18
واعتقلوا	18
واعتمادنا	18
واعتمدنا	18
واعتياد	18
واعدوا	18
واعدين	18
واعربت	18
واعضاء	18
واعلام	18
واعلان	18
واعلانه	18
واعماله	18
واعيا	18
واغترابية	18
واغتصاب	18
واغتنام	18
واغتنمت	18
واغتيال	18
واغتياله	18
وافادت	18
وافاه	18
وافتراءات	18
وافترض	18
وافتعلت	18
وافتقادي	18
وافتقار	18
وافدة	18
وافراد	18
وافشال	18
وافيد	18
واقامتهم	18
واقتادتهم	18
واقتباس	18
واقتحامه	18
واقتدار	18
واقتراحاتهم	18
واقتربت	18
واقترض	18
واقتصادات	18
واقتصاده	18
واقتصار	18
واقتصاره	18
واقتصرت	18
واقتناعا	18
واقتياده	18
واقتيادهن	18
واقتيد	18
واقعه	18
واقعهم	18
واقعيين	18
واقفين	18
واقليميا	18
واكب	18
واكبر	18
واكبها	18
واكتسب	18
واكتسبوا	18
واكتست	18
واكدوا	18
واكر	18
واكفهر	18
واكل	18
واكلهن	18
والآباء	18
والآبار	18
والآجر	18
والآخذ	18
والآزوتية	18
والآسيوية	18
والآفات	18
والآمرين	18
والآمن	18
والآيديولوجية	18
والأبرز	18
والأبعاد	18
والأبقار	18
والأبوة	18
والأجسام	18
والأجمل	18
والأجناس	18
والأحساء	18
والأحشاء	18
والأحمال	18
والأحياء	18
والأخر	18
والأخلاقي	18
والأخوة	18
والأدميرالات	18
والأدهى	18
والأذنين	18
والأذونات	18
والأراجوزات	18
والأربطة	18
والأرثوذكس	18
والأرجل	18
والأرجوانية	18
والأردنيون	18
والأردنيين	18
والأرز	18
والأرصدة	18
والأرصفة	18
والأرقام	18
والأرمينية	18
والأزهر	18
والأزواج	18
والأزوريت	18
والأزياء	18
والأساسية	18
والأسبوعين	18
والأستاذة	18
والأسراب	18
والأسفار	18
والأسلاف	18
والأسلاك	18
والأسلم	18
والأسماك	18
والأسمى	18
والأسهل	18
والأسهم	18
والأسوأ	18
والأشد	18
والأشرعة	18
والأصابع	18
والأضاليل	18
والأعاصير	18
والأعداء	18
والأعصاب	18
والأعلاف	18
والأعياد	18
والأغاني	18
والأغرب	18
والأغلبية	18
والأغلفة	18
والأغنية	18
والأفران	18
والأفريقي	18
والأفضلية	18
والأفواه	18
والأقذر	18
والأقراص	18
والأقسام	18
والأقصر	18
والأقصى	18
والأقطار	18
والأقل	18
والأقليات	18
والأكاديميات	18
والأكمام	18
والألبان	18
والألباني	18
والألعاب	18
والألفة	18
والألفية	18
والألمانية	18
والألوفين	18
والأمريكية	18
والأمريكيين	18
والأمعاء	18
والأملاح	18
والأمنيات	18
والأمنيين	18
والأمومة	18
والأميرة	18
والأميركي	18
والأميركيين	18
والأناني	18
والأندلس	18
والأنسب	18
والأنظار	18
والأهلية	18
والأواصر	18
والأوامر	18
والأوبئة	18
والأوروبي	18
والأوروبيون	18
والأوروبيين	18
والأورينتالي	18
والأوسع	18
والأوضح	18
والأوكار	18
والأوكرانيون	18
والأولويات	18
والأولوية	18
والإباء	18
والإبتعاد	18
والإبحار	18
والإبداع	18
والإبداعات	18
والإبهار	18
والإتجار	18
والإتحاد	18
والإتصالات	18
والإثارة	18
والإثراء	18
والإجازات	18
والإجرام	18
والإجرامي	18
والإجرامية	18
والإجهاد	18
والإحباط	18
والإحراق	18
والإحساس	18
والإحصاء	18
والإخراج	18
والإخفاء	18
والإخلاء	18
والإخلال	18
والإداريين	18
والإدانات	18
والإذاعة	18
والإذاعية	18
والإذعان	18
والإذلال	18
والإرتحال	18
والإرتيرية	18
والإرشادات	18
والإرشادية	18
والإرهابية	18
والإزدهار	18
والإستجابة	18
والإستراتيجية	18
والإستراتيجيين	18
والإسترليني	18
والإستشعار	18
والإستفادة	18
والإستقلال	18
والإستماع	18
والإستمرارية	18
والإسكندرية	18
والإشرافية	18
والإشعاعية	18
والإشغالات	18
والإصابات	18
والإصغاء	18
والإصلاحات	18
والإضراب	18
والإطارات	18
والإطراء	18
والإطعام	18
والإطفاء	18
والإطلاع	18
والإعدادية	18
والإعصار	18
والإعلامي	18
والإعلاميات	18
والإعلاميون	18
والإعلانات	18
والإعلانية	18
والإغاثة	18
والإغلاق	18
والإفريقي	18
والإفلاس	18
والإقتدار	18
والإقتصاد	18
والإقتصادية	18
والإقليم	18
والإكراه	18
والإكوادرو	18
والإلكتروني	18
والإلكترونية	18
والإماراتية	18
والإمبراطورية	18
والإمداد	18
والإمساك	18
والإمعان	18
والإنارة	18
والإنتاجي	18
والإنتخابات	18
والإنترنت	18
والإنجليزية	18
والإنشائية	18
والإنشاد	18
والإنشادية	18
والإنضباط	18
والإنفتاح	18
والإنفلونزا	18
والإنكليزية	18
والإنهاء	18
والإهتمام	18
والإياب	18
والإيجار	18
والإيديولوجيا	18
والإيديولوجيات	18
والإيرانيون	18
والإيسيسكو	18
والإيطاليين	18
والإيغاد	18
والإيقاع	18
والائتلاف	18
والاباء	18
والابتسامات	18
والابتهاج	18
والابرياء	18
والاتهامات	18
والاثار	18
والاجتماعيين	18
والاجهزة	18
والاحتجاز	18
والاحترار	18
والاحترافي	18
والاحتفالات	18
والاحتلالات	18
والاحتياطات	18
والاحتياطية	18
والاحصائيات	18
والاحماض	18
والاختباء	18
والاختبارات	18
والاختراعات	18
والاختفاء	18
والاختلافات	18
والاختناقات	18
والاخطاء	18
والاخفاق	18
والاخوة	18
والادارات	18
والادعاء	18
والاراضي	18
والارتباط	18
والارتداء	18
والارتهان	18
والارتهانات	18
والاساسي	18
والاستئناف	18
والاستثماري	18
والاستجابات	18
والاستجمام	18
والاستجواب	18
والاستحقاقات	18
والاستدعاء	18
والاستراتيجيات	18
والاستشارات	18
والاستشارة	18
والاستشارية	18
والاستشراف	18
والاستشفاء	18
والاستشفائي	18
والاستعباد	18
والاستعدادات	18
والاستعراضات	18
والاستعراضية	18
والاستعمار	18
والاستغراب	18
والاستغناء	18
والاستفتاء	18
والاستفزازات	18
والاستقاء	18
والاستقالة	18
والاستقلالية	18
والاستكشافات	18
والاستمتاع	18
والاستمرارية	18
والاستناد	18
والاستنكار	18
والاستهجان	18
والاسرائيلي	18
والاسرة	18
والاسرى	18
والاسكان	18
والاسى	18
والاشاعات	18
والاشتباه	18
والاشتراكات	18
والاشتراكية	18
والاشمئزاز	18
والاصطفاف	18
والاصغر	18
والاصلاح	18
والاعتبارية	18
والاعتراض	18
والاعتصام	18
والاعتناء	18
والاعضاء	18
والاعلاميين	18
والاعيان	18
والاغتيال	18
والاغتيالات	18
والاغراءات	18
والافتراءات	18
والافراد	18
والافريقية	18
والافساد	18
والاقارب	18
والاقتحامات	18
والاقتراح	18
والاقتصادات	18
والاقتصادس	18
والاقتصاص	18
والاقليم	18
والاقليمي	18
والاكاديمي	18
والاكتظاظ	18
والالتحاق	18
والالتزامات	18
والالتقاء	18
والالتهابات	18
والالكترونية	18
والاماكن	18
والامبريالية	18
والامتداد	18
والامتلاء	18
والامتيازات	18
والامساك	18
والامعان	18
والامنية	18
والان	18
والانتباه	18
والانتخابي	18
والانتصارات	18
والانتظار	18
والانتقائية	18
والانتقاد	18
والانتقادات	18
والانجازات	18
والانحياز	18
والانخفاض	18
والاندماج	18
والانساني	18
والانسانية	18
والانشاء	18
والانشطة	18
والانشقاقات	18
والانصاف	18
والانضباط	18
والانطلاق	18
والانطلاقة	18
والانعاش	18
والانفجار	18
والانفس	18
والانفصالية	18
والانقاذ	18
والانقسام	18
والانكفاء	18
والانكليزية	18
والاهلية	18
والاهم	18
والاوضاع	18
والايثار	18
والايجابية	18
والايرادية	18
والايكولوجي	18
والايوائية	18
والبؤر	18
والباحثة	18
والبادي	18
والبادية	18
والباذنجان	18
والبارالمبية	18
والباربو	18
والباردة	18
والبارزة	18
والباروكية	18
والباريت	18
والباسل	18
والباص	18
والبتر	18
والبتروكيميائيات	18
والبحثي	18
والبديل	18
والبذار	18
والبرتغالي	18
والبرتقال	18
والبرقوق	18
والبرلمانات	18
والبرنامج	18
والبروتستانت	18
والبروكية	18
والبريطانيون	18
والبستان	18
والبستاني	18
والبسمة	18
والبصمة	18
والبصيرة	18
والبطاريات	18
والبطاطس	18
والبطالة	18
والبطولات	18
والبطولية	18
والبعثات	18
والبعثيين	18
والبعيدة	18
والبقول	18
والبقوليات	18
والبكالوريا	18
والبكم	18
والبلاتين	18
والبلاجيوكليس	18
والبلاديوم	18
والبلدي	18
والبنيات	18
والبوابات	18
والبوتاسيوم	18
والبوتان	18
والبوست	18
والبولند	18
والبولنديين	18
والبوليوودية	18
والبيداغوجية	18
والبيضاء	18
والبيطري	18
والبيلاروسية	18
والبيولوجي	18
والتأزم	18
والتأكد	18
والتأمين	18
والتأهب	18
والتأهيلية	18
والتأييد	18
والتابع	18
والتباين	18
والتبذير	18
والتبرؤ	18
والتبرير	18
والتبريرات	18
والتبشير	18
والتبغ	18
والتبليغ	18
والتبني	18
والتجاوز	18
والتجسس	18
والتجمع	18
والتجمعات	18
والتجمهر	18
والتجميع	18
والتجميلية	18
والتجنب	18
والتجنيد	18
والتحاصص	18
والتحالفات	18
والتحاليل	18
والتحدث	18
والتحدي	18
والتحديث	18
والتحذيرات	18
والتحرش	18
والتحركات	18
والتحريضات	18
والتحريضي	18
والتحسن	18
والتحسيس	18
والتحشيد	18
والتحضر	18
والتحضيري	18
والتحف	18
والتحفظ	18
والتحفيزية	18
والتحليلات	18
والتحيتة	18
والتحيزات	18
والتخاذل	18
والتخريب	18
والتخزين	18
والتخلف	18
والتخلي	18
والتخويف	18
والتداعيات	18
والتدريجي	18
والتدفقات	18
والتدمير	18
والتدميرية	18
والتذاكر	18
والتذاكي	18
والتذمر	18
والترابطات	18
والترابية	18
والتراجمة	18
والترانزيت	18
والتربة	18
والتربصات	18
والتربيت	18
والترتيبات	18
والترفيهية	18
والترقيات	18
والترقية	18
والتركي	18
والتركيبة	18
والتركية	18
والترميم	18
والتزامات	18
والتزاماتها	18
والتزامن	18
والتزامها	18
والتزكية	18
والتزمت	18
والتزموا	18
والتزوير	18
والتسديد	18
والتسري	18
والتسلسل	18
والتسلسلات	18
والتسلية	18
والتسهيل	18
والتسويق	18
والتشابة	18
والتشابهات	18
والتشارك	18
والتشاركية	18
والتشاطر	18
والتشافي	18
والتشبيك	18
والتشخيصات	18
والتشدد	18
والتشريد	18
والتشرينيين	18
والتشطيبات	18
والتشويه	18
والتصالح	18
والتصحر	18
والتصريحات	18
والتصفيق	18
والتصنيع	18
والتضليل	18
والتطابق	18
والتطرق	18
والتطعيمات	18
والتطلعات	18
والتطوعية	18
والتعاطي	18
والتعافي	18
والتعالي	18
والتعبوية	18
والتعتيم	18
والتعثرات	18
والتعجيل	18
والتعدد	18
والتعدين	18
والتعريب	18
والتعسف	18
والتعصب	18
والتعفن	18
والتعليــم	18
والتعليمي	18
والتعنت	18
والتعويض	18
والتعويضات	18
والتغاضي	18
والتغطية	18
والتغيرات	18
والتـخصص	18
والتفاعلات	18
والتفافه	18
والتفانى	18
والتفاهمات	18
والتفجيرات	18
والتفصيلية	18
والتفكك	18
والتفهم	18
والتفوق	18
والتفويت	18
والتقاسم	18
والتقاضي	18
والتقاعدية	18
والتقاعس	18
والتقانات	18
والتقانة	18
والتقت	18
والتقدميون	18
والتقديرات	18
والتقرير	18
والتقسيم	18
والتقط	18
والتقطتها	18
والتقطوا	18
والتقلب	18
والتقليدية	18
والتقوا	18
والتقييمات	18
والتكاتف	18
والتكافؤ	18
والتكتل	18
والتكتيكي	18
والتكدس	18
والتكريس	18
والتكريم	18
والتكفير	18
والتكفيرية	18
والتكفيريين	18
والتكنولوجي	18
والتكهن	18
والتكهنات	18
والتكيف	18
والتلاقي	18
والتلاميذ	18
والتلف	18
والتلقين	18
والتلميحات	18
والتلويح	18
والتليفزيون	18
والتمادي	18
والتمارين	18
والتمريض	18
والتمزق	18
والتمس	18
والتمهيد	18
والتمويل	18
والتميز	18
والتمييزي	18
والتنازل	18
والتنازلاتمن	18
والتنافسي	18
والتنبؤ	18
والتنبؤات	18
والتنبه	18
والتنسيقية	18
والتنظيمات	18
والتنظيمي	18
والتنفس	18
والتنفسية	18
والتنفيذ	18
والتنفيس	18
والتنكس	18
والتنكسية	18
والتهاني	18
والتهجم	18
والتهجير	18
والتهدئة	18
والتهرب	18
والتوافقات	18
والتوانة	18
والتوترات	18
والتوحد	18
والتوسيع	18
والتوظيف	18
والتوظيفات	18
والتوعوي	18
والتوقعات	18
والتوقيت	18
والتولي	18
والتونسية	18
والتيارات	18
والتيسير	18
والثابتة	18
والثامنة	18
والثانوية	18
والثروات	18
والثقافات	18
والثلاثمئة	18
والثنائي	18
والثور	18
والثورية	18
والثوم	18
والجابون	18
والجاد	18
والجاشعية	18
والجاف	18
والجافة	18
والجاليات	18
والجانب	18
والجبارة	18
والجبانة	18
والجدار	18
والجداول	18
والجدد	18
والجدية	18
والجرأة	18
والجراحية	18
والجرعات	18
والجزائريين	18
والجزائية	18
والجزار	18
والجزر	18
والجسدي	18
والجغرافيا	18
والجلسة	18
والجلطات	18
والجلفة	18
والجليد	18
والجليلة	18
والجماعية	18
والجمالات	18
والجمالية	18
والجمعي	18
والجميزة	18
والجميل	18
والجنائي	18
والجناة	18
والجناح	18
والجنرال	18
والجنسي	18
والجنسيات	18
والجنوبيون	18
والجنيه	18
والجهادي	18
والجهازية	18
والجهوية	18
والجوازات	18
والجوامع	18
والجوايا	18
والجوزاء	18
والجوفية	18
والجولان	18
والجوي	18
والجيران	18
والجينات	18
والجيو	18
والجيوسياسي	18
والجيوفيزيقية	18
والحؤول	18
والحابس	18
والحادث	18
والحار	18
والحارة	18
والحارس	18
والحازم	18
والحاسبات	18
والحاسم	18
والحافل	18
والحافلات	18
والحاقدون	18
والحالي	18
والحاملة	18
والحبتور	18
والحداثة	18
والحراجية	18
والحرارة	18
والحراس	18
والحربين	18
والحرق	18
والحركية	18
والحرمان	18
والحريصة	18
والحريق	18
والحزبي	18
والحزبية	18
والحزمة	18
والحساء	18
والحساسة	18
والحساسية	18
والحسنات	18
والحسومات	18
والحصى	18
والحظر	18
والحفاوة	18
والحفلات	18
والحقد	18
والحقل	18
والحقوقي	18
والحقيقي	18
والحكايات	18
والحكة	18
والحكومي	18
والحلفاء	18
والحمادة	18
والحماس	18
والحماسة	18
والحمامات	18
والحملات	18
والحمم	18
والحموضة	18
والحوافز	18
والحوامل	18
والحوثيون	18
والحياتي	18
والحياتية	18
والحياد	18
والحيلولة	18
والحيمة	18
والحيوانية	18
والحيوية	18
والخائفات	18
والخارجين	18
والخاصـة	18
والخاضعة	18
والخاطئة	18
والخالدة	18
والخبث	18
والختان	18
والخجل	18
والخداع	18
والخرائط	18
والخرسانة	18
والخرطوم	18
والخروقات	18
والخزانات	18
والخزن	18
والخسائر	18
والخسارة	18
والخصوم	18
والخصومات	18
والخضار	18
والخضراء	18
والخضراوات	18
والخضرة	18
والخطباء	18
والخطة	18
والخطرة	18
والخطف	18
والخطم	18
والخطوات	18
والخطوب	18
والخطوط	18
والخفيف	18
والخفيفة	18
والخلجان	18
والخلقي	18
والخلود	18
والخناجر	18
والخوبة	18
والخوذ	18
والخوض	18
والخونة	18
والخيارات	18
والخيبات	18
والخيبة	18
والخيرين	18
والدائرة	18
والدائن	18
والداعم	18
والداعمة	18
والداني	18
والداها	18
والدببة	18
والدبكة	18
والدبلوماسيون	18
والدتهما	18
والدخل	18
والدراسة	18
والدراما	18
والدرباسية	18
والدرع	18
والدروز	18
والدستورية	18
والدعائي	18
والدعاية	18
والدعو	18
والدفاعية	18
والدفعة	18
والدفن	18
والدقيقة	18
والدكتاتورية	18
والدكتوراه	18
والدماغ	18
والدموع	18
والدهم	18
والدهون	18
والدوادمي	18
والدوار	18
والدوحة	18
والدوريات	18
والدوقة	18
والدوقية	18
والدولارات	18
والدولتان	18
والدونات	18
والديكورات	18
والديماغوجية	18
والديمقراطي	18
والديموقراطي	18
والديمومة	18
والذخائر	18
والذرائع	18
والذعائر	18
والذمة	18
والذهن	18
والذود	18
والرأسمالية	18
والرأفة	18
والرئاسات	18
والرئة	18
والرئيسية	18
والرائد	18
والرائدة	18
والراتب	18
والراحل	18
والراهبات	18
والرباعات	18
والربحية	18
والربط	18
والربو	18
والرتب	18
والرجلان	18
والرحماء	18
والردود	18
والرسمي	18
والرش	18
والرشوة	18
والرصد	18
والرصف	18
والرضاعة	18
والرضوخ	18
والرطبة	18
والرعايا	18
والرعب	18
والرفش	18
والرفعة	18
والرقابي	18
والرقابية	18
والرقم	18
والرقمنة	18
والرقمية	18
والرمادة	18
والرماية	18
والرملة	18
والرموز	18
والرميل	18
والرهبة	18
والروائي	18
والرواسب	18
والروبية	18
والروتين	18
والروحية	18
والرومانسي	18
والرومانسية	18
والرويمه	18
والرى	18
والريادة	18
والرياضات	18
والرياضي	18
والريف	18
والريماوي	18
والزائر	18
والزائرين	18
والزائف	18
والزاعية	18
والزبائن	18
والزبون	18
والزبيدي	18
والزرنة	18
والزمالة	18
والزمنية	18
والزنجبيل	18
والزنك	18
والزهرات	18
والزهور	18
والزواج	18
والزواحف	18
والزوال	18
والزوايا	18
والزوجي	18
والزويرات	18
والسائقون	18
والساحلي	18
والساسة	18
والساكوت	18
والسب	18
والسباب	18
والسبخة	18
والسجاد	18
والسجلات	18
والسحب	18
والسخرة	18
والسخرية	18
والسخط	18
والسخيف	18
والسدود	18
والسرطان	18
والسطو	18
والسطوة	18
والسعودي	18
والسفاحين	18
والسفراء	18
والسفلية	18
والسفينة	18
والسقوط	18
والسقي	18
والسكتات	18
والسكرتير	18
والسلفي	18
والسلوكيات	18
والسمسم	18
والسمنة	18
والسموم	18
والسمية	18
والسندات	18
والسنديان	18
والسنوات	18
والسهر	18
والسوائل	18
والسواحل	18
والسورية	18
والسوريون	18
والسوريين	18
والسوشي	18
والسوقية	18
والسويدي	18
والسويدية	18
والسويهرة	18
والسيادات	18
والسياساتية	18
والسياسيه	18
والسياسييين	18
والسياق	18
والسيجار	18
والسيراميك	18
والسيلاج	18
والسيناريوهات	18
والسينغال	18
والسينما	18
والش	18
والشئون	18
والشائعات	18
والشارعالمواقف	18
والشاطئ	18
والشاعر	18
والشاهل	18
والشاي	18
والشبابية	18
والشبان	18
والشبع	18
والشتاء	18
والشتات	18
والشتوية	18
والشجاع	18
والشجب	18
والشحنات	18
والشخصنة	18
والشرائح	18
والشراسة	18
والشرايين	18
والشرج	18
والشرطية	18
والشرعية	18
والشرفاء	18
والشرقي	18
والشظايا	18
والشعاب	18
والشعارات	18
والشعبية	18
والشفاء	18
والشفافة	18
والشق	18
والشكل	18
والشماسة	18
والشماع	18
والشمالي	18
والشهية	18
والشهيدين	18
والشهير	18
والشواطئ	18
والشواهد	18
والشوذاني	18
والشيخوخة	18
والشيولات	18
والصابون	18
والصادقة	18
والصارمة	18
والصالات	18
والصامد	18
والصايغ	18
والصبيانية	18
والصحافية	18
والصحافيين	18
والصحراوية	18
والصحفية	18
والصحي	18
والصحيحة	18
والصخب	18
والصخيرات	18
والصدقية	18
والصدمات	18
والصديقة	18
والصرفي	18
والصعاب	18
والصعبة	18
والصفصفة	18
والصفيح	18
والصقار	18
والصقيع	18
والصلصات	18
والصلصة	18
والصليب	18
والصناعيين	18
والصندوق	18
والصوتيات	18
والصوجا	18
والصوديوم	18
والصوفيين	18
والصومال	18
والصومالية	18
والصيادلة	18
والصيادين	18
والضالة	18
والضباط	18
والضبة	18
والضحايا	18
والضربة	18
والضوابط	18
والضواحي	18
والضيوف	18
والطائفي	18
والطائي	18
والطابع	18
والطاجيكية	18
والطارف	18
والطاقي	18
والطاقية	18
والطبخ	18
والطبقات	18
والطبقية	18
والطبل	18
والطبيعي	18
والطرد	18
والطقوس	18
والطلائعي	18
والطلبات	18
والطماطم	18
والطموح	18
والطمي	18
والطوابير	18
والطواقم	18
والطوبا	18
والطوفان	18
والطويلة	18
والطيار	18
والطينية	18
والطيونة	18
والظواهر	18
والعائدين	18
والعائلات	18
والعائلة	18
والعاجل	18
والعاجلة	18
والعار	18
والعاشق	18
والعاطفة	18
والعالمية	18
والعالي	18
والعالية	18
والعاهل	18
والعبارات	18
والعباسيين	18
والعبث	18
والعبثية	18
والعبرية	18
والعبوا	18
والعبور	18
والعثمانيين	18
والعجوزة	18
والعدس	18
والعدسات	18
والعدلية	18
والعدواني	18
والعدوى	18
والعربة	18
والعربدة	18
والعرقلة	18
والعرقية	18
والعروبة	18
والعريشة	18
والعزاء	18
والعزائم	18
والعشائر	18
والعشائرية	18
والعشوائية	18
والعصائر	18
والعصبيات	18
والعضلات	18
والعضوية	18
والعطوفة	18
والعظيمة	18
والعقائدي	18
والعقابية	18
والعقيم	18
والعكد	18
والعلامات	18
والعلبة	18
والعلمانيين	18
والعلمي	18
والعمارات	18
والعمارة	18
والعمالقة	18
والعمر	18
والعمرانية	18
والعملاء	18
والعملة	18
والعملي	18
والعمود	18
والعميقة	18
والعنفوان	18
والعنكبوت	18
والعهدة	18
والعوائل	18
والعواصم	18
والعوز	18
والعون	18
والعينية	18
والعينين	18
والغائم	18
والغابية	18
والغارات	18
والغباء	18
والغثيان	18
والغرابة	18
والغرامات	18
والغرانيت	18
والغرف	18
والغزال	18
والغزو	18
والغطرسة	18
والغلاء	18
والغلايات	18
والغلوتين	18
والغموض	18
والغنائية	18
والغوطة	18
والغياب	18
والفئوية	18
والفائزين	18
والفاتورة	18
والفارهة	18
والفاشية	18
والفاظ	18
والفاعلة	18
والفاعليات	18
والفاعلية	18
والفاعلين	18
والفاكهة	18
والفايسبوكية	18
والفتحات	18
والفترة	18
والفتية	18
والفحش	18
والفحص	18
والفحوص	18
والفخار	18
والفدائيين	18
والفراشة	18
والفرحة	18
والفرصة	18
والفرينة	18
والفزع	18
والفضا	18
والفضاءات	18
والفضاضة	18
والفظائع	18
والفعلية	18
والفقيدة	18
والفقيرة	18
والفكرة	18
والفلاحية	18
والفلاحين	18
والفلترة	18
والفلسفية	18
والفلكلور	18
والفلين	18
والفنادق	18
والفنان	18
والفندقية	18
والفنلنديين	18
والفنيون	18
والفواتير	18
والفوارس	18
والفوسفور	18
والفيروسات	18
والفيزياء	18
والفيفا	18
والفيل	18
والفيلة	18
والفيلسوف	18
والفيلمان	18
والفيليبين	18
والفيول	18
والقاء	18
والقادرة	18
والقارة	18
والقاسر	18
والقاضية	18
والقاطنين	18
والقاعات	18
والقافية	18
والقبة	18
والقبرصيون	18
والقبعات	18
والقبلتين	18
والقتلة	18
والقتيلان	18
والقديسة	18
والقذافي	18
والقرآنية	18
والقرارات	18
والقرصنة	18
والقرضابية	18
والقرقابو	18
والقروض	18
والقرون	18
والقريبة	18
والقساوة	18
والقسوة	18
والقشعريرة	18
والقصيدة	18
والقصير	18
والقصيرة	18
والقطاف	18
والقطريون	18
والقماش	18
والقمة	18
والقمصان	18
والقناصة	18
والقناصل	18
والقناعات	18
والقنديل	18
والقنصليات	18
والقوارب	18
والقواسم	18
والقوافل	18
والقوقاز	18
والقيادات	18
والقياديين	18
والقيروان	18
والكآبة	18
والكئيبة	18
والكائنات	18
والكابتن	18
والكاتبة	18
والكاثوليك	18
والكاثوليكية	18
والكادر	18
والكاراتي	18
والكاز	18
والكافيين	18
والكاميرات	18
والكبرى	18
والكبيرة	18
والكتائب	18
والكتل	18
والكثافة	18
والكحول	18
والكر	18
والكرة	18
والكره	18
والكروي	18
والكريوت	18
والكسروانية	18
والكشافة	18
والكشفية	18
والكـفاءة	18
والكفاح	18
والكلمات	18
والكلي	18
والكليب	18
والكمية	18
والكهانة	18
والكهربائية	18
والكهرومنزلية	18
والكوادر	18
والكوبري	18
والكورة	18
والكورية	18
والكوش	18
والكوكتيلات	18
والكوميدي	18
والكيدية	18
والكيفيات	18
والكيماوي	18
والكيماويات	18
والكيماوية	18
والكيميائية	18
واللاجئ	18
واللاجئون	18
واللاحرب	18
واللاعب	18
واللاعبات	18
واللافتات	18
واللامادي	18
واللامبالاة	18
واللامركزية	18
واللاهوتي	18
واللبناني	18
واللبنانيون	18
واللتين	18
واللثة	18
واللجوء	18
واللحظات	18
واللحظي	18
واللحن	18
واللحوم	18
واللذان	18
واللذين	18
واللسع	18
واللطم	18
واللغوية	18
واللف	18
واللفظة	18
واللقاءات	18
واللقاحات	18
واللهاث	18
واللوازم	18
واللوبيا	18
واللوجستيكية	18
واللوجيستيكية	18
والمأمول	18
والمأوى	18
والمؤامرات	18
والمؤجلة	18
والمؤسساتي	18
والمؤلف	18
والمؤمرات	18
والمؤهلين	18
والمؤيد	18
والمائي	18
والمائية	18
والمادة	18
والماراثونات	18
والمارة	18
والماس	18
والمافيات	18
والمانحين	18
والمباركة	18
والمباريات	18
والمبتكرة	18
والمبررات	18
والمبرزين	18
والمبيعات	18
والمتاجر	18
والمتاحف	18
والمتباعدة	18
والمتحجر	18
والمتحدث	18
والمتحف	18
والمتحورات	18
والمتحولات	18
والمتخلفين	18
والمتدثرة	18
والمتدينين	18
والمترجم	18
والمترشحين	18
والمتسارع	18
والمتشكلة	18
والمتصرف	18
والمتصلة	18
والمتضامنين	18
والمتضررة	18
والمتضمن	18
والمتضمنة	18
والمتطرفين	18
والمتطوعين	18
والمتظاهرين	18
والمتعارف	18
والمتعاملين	18
والمتعاون	18
والمتعاونة	18
والمتعدد	18
والمتعددة	18
والمتعطشة	18
والمتعلمة	18
والمتغيرات	18
والمتفجرات	18
والمتفق	18
والمتفهم	18
والمتقاعدين	18
والمتقدمة	18
والمتقطعة	18
والمتقلب	18
والمتكافئ	18
والمتكامل	18
والمتكونة	18
والمتمردون	18
والمتمردين	18
والمتمم	18
والمتميز	18
والمتميزة	18
والمتنازع	18
والمتناهية	18
والمتنزهات	18
والمتنوعين	18
والمتوترة	18
والمتوج	18
والمتوحشين	18
والمتوقع	18
والمتوقعة	18
والمتينة	18
والمثاقفة	18
والمثال	18
والمثمر	18
والمثول	18
والمثير	18
والمجاري	18
والمجازفة	18
والمجاعة	18
والمجالية	18
والمجاملات	18
والمجتمعات	18
والمجتهد	18
والمجردين	18
والمحاباة	18
والمحادثات	18
والمحاسبية	18
والمحاضرة	18
والمحافظين	18
والمحافل	18
والمحاكم	18
والمحاميات	18
والمحامين	18
والمحبس	18
والمحبين	18
والمحتجزين	18
والمحتوى	18
والمحددة	18
والمحررة	18
والمحسنين	18
والمحسوبيات	18
والمحسوبية	18
والمحصلة	18
والمحطات	18
والمحطة	18
والمحفظة	18
والمحفوظات	18
والمحكمة	18
والمحلي	18
والمحمودية	18
والمحوري	18
والمحويت	18
والمحيطات	18
والمخابرات	18
والمخادر	18
والمخبوزات	18
والمختصة	18
والمختصين	18
والمختلفة	18
والمخدوعين	18
والمخربين	18
والمخرجات	18
والمخرم	18
والمخزون	18
والمخصصات	18
والمخصصة	18
والمخطوط	18
والمخطوطات	18
والمخفية	18
والمخيال	18
والمخيم	18
والمدافعن	18
والمدان	18
والمدانين	18
والمدخنين	18
والمدراء	18
والمدرب	18
والمدربة	18
والمدرجة	18
والمدرسية	18
والمدعمة	18
والمدعو	18
والمدعوم	18
والمدعومة	18
والمدعي	18
والمدفوعات	18
والمدنس	18
والمدون	18
والمديح	18
والمذابح	18
والمذكرة	18
والمذنب	18
والمذهبي	18
والمرابطات	18
والمرابطة	18
والمرابطين	18
والمراجعة	18
والمراجل	18
والمرافئ	18
والمرافقون	18
والمراقب	18
والمراقبة	18
والمربكة	18
والمرتبة	18
والمرتكز	18
والمرجعية	18
والمرحوم	18
والمرسلة	18
والمرسى	18
والمركز	18
والمركزية	18
والمرور	18
والمريخ	18
والمريع	18
والمزارعون	18
والمزايدات	18
والمزدوجة	18
والمزعزع	18
والمزمنة	18
والمس	18
والمسؤولان	18
والمسؤولون	18
والمسؤولية	18
والمسئولين	18
والمساحات	18
والمسارات	18
والمساس	18
والمساعد	18
والمساعي	18
والمسافات	18
والمساندة	18
والمساهم	18
والمساوىء	18
والمسبار	18
والمستبعدين	18
والمستجدات	18
والمستدام	18
والمستضعفين	18
والمستطلع	18
والمستقبلي	18
والمستكبرين	18
والمستمرة	18
والمستند	18
والمستندات	18
والمستهدفة	18
والمستور	18
والمستوطنات	18
والمستوعبات	18
والمسجدي	18
والمسجلة	18
والمسجلين	18
والمسرى	18
والمسلسل	18
والمسموع	18
والمسموعة	18
والمسمى	18
والمسودة	18
والمسيحيين	18
والمسيرة	18
والمسيلة	18
والمشآت	18
والمشاتل	18
والمشاجرة	18
والمشردين	18
والمشروع	18
والمشروعات	18
والمشروعة	18
والمشعوذين	18
والمشفى	18
والمشمش	18
والمشورة	18
والمشوق	18
والمشيعين	18
والمصابة	18
والمصادقة	18
والمصارحة	18
والمصاعب	18
والمصايد	18
والمصب	18
والمصحات	18
والمصداق	18
والمصري	18
والمصريون	18
والمصريين	18
والمصليات	18
والمصلين	18
والمصنعة	18
والمضامين	18
والمضايقة	18
والمضبوطات	18
والمضللة	18
والمطاحن	18
والمطاطي	18
والمطالبين	18
والمطلبية	18
والمطلوبة	18
والمطلية	18
والمظالم	18
والمعادلة	18
والمعادي	18
والمعادية	18
والمعارضة	18
والمعالي	18
والمعامل	18
والمعاملة	18
والمعاهد	18
والمعتدي	18
والمعتدين	18
والمعتقليـــن	18
والمعتقلين	18
والمعتكفين	18
والمعتمدين	18
والمعدة	18
والمعذبين	18
والمعذر	18
والمعرفية	18
والمعروفين	18
والمعززة	18
والمعسكر	18
والمعقمات	18
والمعوزين	18
والمعوزينغيث	18
والمعوقات	18
والمعيار	18
والمعيشي	18
والمغامرين	18
والمغفلين	18
والمغيبة	18
والمفارقة	18
والمفاصل	18
والمفاهيم	18
والمفاوضات	18
والمفتاح	18
والمفترض	18
والمفتشين	18
والمفتوح	18
والمفرد	18
والمفرطة	18
والمفسدين	18
والمفكرون	18
والمفوضين	18
والمقابر	18
والمقاتلات	18
والمقارعة	18
والمقاطع	18
والمقاطعة	18
والمقالة	18
والمقامة	18
والمقاولة	18
والمقاولين	18
والمقاومين	18
والمقبل	18
والمقبلة	18
والمقبلين	18
والمقترحات	18
والمقتنيات	18
والمقدم	18
والمقرضون	18
والمقرف	18
والمقرمش	18
والمقصودة	18
والمقلي	18
والمقومات	18
والمقيم	18
والمكائن	18
والمكانة	18
والمكتبة	18
والمكتظ	18
والمكتظة	18
والمكتوبة	18
والمكرمين	18
والمكلفة	18
والمكون	18
والمكونة	18
والملائم	18
والملابس	18
والملاح	18
والملاحظات	18
والملاحظة	18
والملاحم	18
والملازم	18
والملاليم	18
والملتقيات	18
والملتمسات	18
والملجيء	18
والملحق	18
والملحقين	18
والملحن	18
والملحنين	18
والملفات	18
والملكية	18
والمليشيات	18
والممارسة	18
والممارسين	18
والممانعة	18
والممتازة	18
والممتدة	18
والممكن	18
والممنوعات	18
والمميز	18
والمنار	18
والمنارات	18
والمناسبة	18
والمناضل	18
والمناضلين	18
والمناطقي	18
والمناعة	18
والمنافذ	18
والمنافسات	18
والمنافقة	18
والمناقشة	18
والمناورة	18
والمنتجة	18
والمنتجين	18
والمنتخبين	18
والمنتدى	18
والمنتشرين	18
والمنتصر	18
والمنتظمة	18
والمنتهك	18
والمنحرفة	18
والمنحنيات	18
والمنزل	18
والمنسوجات	18
والمنشود	18
والمنشورات	18
والمنصات	18
والمنطقــة	18
والمنظمة	18
والمنظمين	18
والمنعة	18
والمنقسم	18
والمنمنمات	18
والمنهار	18
والمنهجي	18
والمنهك	18
والمنية	18
والمنيعة	18
والمهارات	18
والمهانة	18
والمهجر	18
والمهجرين	18
والمهربين	18
والمهرة	18
والمهرجانات	18
والمهل	18
والمهم	18
والمهمشة	18
والمهن	18
والمهندسين	18
والمهنيات	18
والمهنيين	18
والمواريث	18
والمواسم	18
والمواطنية	18
والمواكبة	18
والموالين	18
والمواهب	18
والموثقين	18
والموردين	18
والموز	18
والموسيقا	18
والموسيقي	18
والموسيقيون	18
والموضوعية	18
والموظفات	18
والموظفون	18
والموقف	18
والميادين	18
والميثان	18
والميثانوجينات	18
والميدان	18
والميزات	18
والميزانية	18
والميكاترونكس	18
والميكانيكية	18
والميكروفونات	18
والميكنة	18
والميليشيات	18
والميمونة	18
والميناء	18
والناجحين	18
والنادرة	18
والنازية	18
والناشط	18
والناطق	18
والناقلات	18
والنامية	18
والنباتات	18
والنتر	18
والنثرية	18
والنجاعة	18
والنحات	18
والنخب	18
والنخبة	18
والنخبوي	18
والنخوة	18
والندرة	18
والنرويجي	18
والنزاعات	18
والنزف	18
والنزيه	18
والنسر	18
والنسيج	18
والنشء	18
والنشطاء	18
والنشل	18
والنضالي	18
والنضالية	18
والنظامية	18
والنظرة	18
والنعناع	18
والنفايات	18
والنفسي	18
والنفسية	18
والنفق	18
والنفوذ	18
والنفير	18
والنقاء	18
والنقاد	18
والنقاط	18
والنقدي	18
والنقرص	18
والنقطة	18
والنقمة	18
والنمط	18
والنهضة	18
والنوايا	18
والنوتات	18
والنووية	18
والنيترات	18
والنيجر	18
والنيران	18
والنيزك	18
والهامات	18
والهدايا	18
والهدر	18
والهراوات	18
والهربس	18
والهزيمة	18
والهلال	18
والهمم	18
والهناء	18
والهندباء	18
والهنغاريين	18
والهيصة	18
والهيكل	18
والواجهة	18
والواضح	18
والوثيقة	18
والوجاهات	18
والوجبات	18
والوجهاء	18
والوجهات	18
والوجيه	18
والوحشية	18
والوحيد	18
والوحيدون	18
والودائع	18
والودعاء	18
والوراثة	18
والورش	18
والورود	18
والوزيرين	18
والوسطية	18
والوشائح	18
والوصفات	18
والوضوح	18
والوطنيةبرامج	18
والوظائف	18
والوعود	18
والوكالات	18
والولائي	18
والولادة	18
والولجة	18
والوهابية	18
والياباني	18
واليافعين	18
واليدوية	18
واليسارية	18
واليماز	18
واليمنيين	18
واليوان	18
واليوغا	18
واليونانية	18
وامتداد	18
وامتدادا	18
وامتدادها	18
وامتدح	18
وامتلاء	18
وامتلكوا	18
وامتنا	18
وامتنانها	18
وامتنعت	18
وامتيازات	18
وامريكا	18
وامريكية	18
وامضتها	18
وامطار	18
واممية	18
واموسي	18
واناث	18
وانبعاث	18
وانتحاره	18
وانتحال	18
وانتخاب	18
وانتخابه	18
وانتخابية	18
وانتخب	18
وانتشال	18
وانتشرنا	18
وانتصارا	18
وانتصارات	18
وانتصارين	18
وانتصرت	18
وانتصروا	18
وانتعش	18
وانتعشت	18
وانتعلت	18
وانتفاضات	18
وانتقاء	18
وانتقالها	18
وانتقام	18
وانتكس	18
وانتم	18
وانتمائه	18
وانتهاكاته	18
وانتهاكاتهم	18
وانج	18
وانجازات	18
وانجازاته	18
وانجبت	18
وانجزنا	18
وانحراف	18
وانحسار	18
وانحلال	18
وانحيازها	18
وانخراط	18
وانخرطت	18
واندا	18
واندرارز	18
واندفاعه	18
واندفع	18
واندلع	18
واندمجت	18
واندهاشه	18
وانز	18
وانزهو	18
وانسجام	18
وانسجموا	18
وانسحب	18
وانشد	18
وانطلاقة	18
وانعاش	18
وانعاشها	18
وانعكاساته	18
وانفجارات	18
وانفجاره	18
وانفجرت	18
وانفخ	18
وانفراجات	18
وانفصالهما	18
وانقاذ	18
وانقسامات	18
وانقشاع	18
وانكاره	18
واننا	18
وانهاء	18
وانهالت	18
وانهزموا	18
وانهيار	18
وانيس	18
واهتراء	18
واهتمامه	18
واهتمامهم	18
واهتمامهما	18
واهداف	18
واهدافه	18
واهدافها	18
واهرب	18
واهله	18
واهمون	18
واهمية	18
واوجدتها	18
واوكرانيا	18
واولى	18
واولياء	18
واويزغت	18
وايجاد	18
وايداع	18
وايدن	18
وايديولوجية	18
واير	18
وايرلنديين	18
وايسنبرغ	18
وايطاليا	18
وايقاف	18
وايلز	18
وايلي	18
وايمانيا	18
وايمانية	18
وايومنغ	18
وبأثر	18
وبأدوات	18
وبأرق	18
وبأزمة	18
وبأساليب	18
وبأسرى	18
وبأسلاك	18
وبأمر	18
وبأننا	18
وبأنها	18
وبأنهن	18
وبأياديهم	18
وبؤر	18
وبإحضاره	18
وبإرادة	18
وبإسرائيل	18
وبإسناد	18
وبإشراك	18
وبإصرار	18
وبإعداد	18
وبإقبال	18
وبإقرار	18
وبإمكان	18
وبابل	18
وبابلو	18
وبابوا	18
وباتنة	18
وباحاته	18
وباحث	18
وباحثا	18
وباحثين	18
وباختر	18
وباراك	18
وبارتلومي	18
وبارليف	18
وبارين	18
وبازار	18
وباستثناء	18
وباستعداد	18
وباستعمال	18
وباستمرار	18
وباعتماد	18
وبافلودار	18
وبالإمكان	18
وبالإنجليز	18
وبالاحترام	18
وبالاحرف	18
وبالارادة	18
وبالاستحصال	18
وبالاضافة	18
وبالاعتماد	18
وبالتساوي	18
وبالتسريع	18
وبالتقرب	18
وبالتقريب	18
وبالتوازي	18
وبالجماعة	18
وبالجهد	18
وبالحكومة	18
وبالحياة	18
وبالخصوص	18
وبالدعم	18
وبالرجوع	18
وبالرصاص	18
وبالسياحة	18
وبالشراكة	18
وبالشفافية	18
وبالضرورة	18
وبالطبع	18
وبالعداء	18
وبالعرض	18
وبالعقل	18
وبالعلم	18
وبالعمل	18
وبالفئات	18
وبالفحص	18
وبالفساد	18
وبالقدر	18
وبالقطع	18
وباللحم	18
وباللهجة	18
وبالمثل	18
وبالمستعمرين	18
وبالمعلومات	18
وبالمناسبة	18
وبالموازاة	18
وبالمواعيد	18
وبالوحدة	18
وبامبا	18
وبانتقال	18
وبانجكنت	18
وبانضمام	18
وباهرة	18
وبايرن	18
وببراءة	18
وببساطة	18
وببطن	18
وبتحسين	18
وبتدريكما	18
وبترويج	18
وبتشجيع	18
وبتطاول	18
وبتعاطي	18
وبتعرض	18
وبتعيين	18
وبتفتيشه	18
وبتقاليد	18
وبتقديم	18
وبتقصير	18
وبتقنية	18
وبتكاليف	18
وبتكون	18
وبتنامي	18
وبتنسيق	18
وبتواريخ	18
وبتوجيهات	18
وبتوقع	18
وبتوقيت	18
وبثت	18
وبثقة	18
وبثلاثة	18
وبجانب	18
وبجاية	18
وبجميع	18
وبحالة	18
وبحثا	18
وبحثت	18
وبحثي	18
وبحدودها	18
وبحذر	18
وبحرا	18
وبحري	18
وبحرية	18
وبحسبها	18
وبحطو	18
وبحقوقنا	18
وبحماية	18
وبحوث	18
وبحوزتهم	18
وبحياته	18
وبحيث	18
وبخطوات	18
وبخلافه	18
وبدأنا	18
وبدأوا	18
وبدات	18
وبداخلها	18
وبدلالة	18
وبدورها	18
وبدونها	18
وبذا	18
وبذات	18
وبذور	18
وبرأيه	18
وبرانكوزي	18
وبرج	18
وبرزت	18
وبرسم	18
وبرشلونة	18
وبرشيد	18
وبرعاية	18
وبرفع	18
وبرفقته	18
وبرقوق	18
وبرك	18
وبرلين	18
وبرمج	18
وبرمجته	18
وبرنامجها	18
وبرها	18
وبروتوكولات	18
وبرودة	18
وبروز	18
وبروكسل	18
وبرية	18
وبريستول	18
وبريشتينا	18
وبريطانيون	18
وبريق	18
وبزيارة	18
وبس	18
وبسؤاله	18
وبسطات	18
وبسعر	18
وبسلاح	18
وبسماع	18
وبسيطة	18
وبشاعة	18
وبشراء	18
وبشراكة	18
وبشرية	18
وبشعورهم	18
وبشهادة	18
وبصرف	18
وبصرها	18
وبصفة	18
وبصفته	18
وبصفتها	18
وبصق	18
وبصيفه	18
وبضمنها	18
وبطارية	18
وبطاقة	18
وبطريرك	18
وبطريقة	18
وبطلا	18
وبطلة	18
وبطمة	18
وبطموحات	18
وبطولتكم	18
وبعبارات	18
وبعبدات	18
وبعجز	18
وبعدد	18
وبعدهما	18
وبعصبيات	18
وبعون	18
وبعين	18
وبعيون	18
وبغطاء	18
وبغمر	18
وبفعل	18
وبفعلها	18
وبقاءهم	18
وبقانون	18
وبقت	18
وبقدرة	18
وبقذائف	18
وبقصف	18
وبكأس	18
وبكافة	18
وبكثافة	18
وبكرا	18
وبكميات	18
وبلاتر	18
وبلاروسيا	18
وبلاغات	18
وبلداتها	18
وبلداتهم	18
وبلدتها	18
وبلدي	18
وبلديات	18
وبلدية	18
وبلغات	18
وبلوجستان	18
وبلوشستان	18
وبلوغها	18
وبليموث	18
وبمبالغ	18
وبمتابعة	18
وبمثابة	18
وبمدة	18
وبمدربه	18
وبمستوى	18
وبمشاركته	18
وبمشاركتها	18
وبمطالب	18
وبمعدل	18
وبمعزل	18
وبمفهوم	18
وبمقتل	18
وبمقدار	18
وبمنأى	18
وبمناطق	18
وبمنطقة	18
وبموافقة	18
وبمواكبة	18
وبموته	18
وبناءا	18
وبناءة	18
وبناتنا	18
وبناها	18
وبناهي	18
وبنتيجتي	18
وبنزيما	18
وبنس	18
وبنسيان	18
وبنصوصها	18
وبنظرة	18
وبنغلاديش	18
وبنفسها	18
وبنقلها	18
وبنود	18
وبنيت	18
وبنيته	18
وبنيتها	18
وبنيوي	18
وبوابة	18
وبوتين	18
وبوجه	18
وبودابست	18
وبوذيين	18
وبورتوريكو	18
وبورزانغا	18
وبورما	18
وبوزينة	18
وبوسائل	18
وبوسعادة	18
وبوسعك	18
وبوسي	18
وبوعلام	18
وبوقت	18
وبوكان	18
وبوكايو	18
وبولايات	18
وبوليفيا	18
وبيئية	18
وبياناته	18
وبيد	18
وبيروت	18
وبيلغورود	18
وبينيت	18
وبيوتها	18
وتآزر	18
وتآلف	18
وتآمر	18
وتأثرت	18
وتأثره	18
وتأديبا	18
وتأزيم	18
وتأسست	18
وتأصل	18
وتأطير	18
وتأطيرها	18
وتأكدنا	18
وتألفت	18
وتأميمها	18
وتأهل	18
وتأهلهم	18
وتأهيلا	18
وتأوي	18
وتأويلاته	18
وتأييد	18
وتؤسس	18
وتؤهل	18
وتؤوي	18
وتاباييفكا	18
وتابعها	18
وتابعوا	18
وتاتي	18
وتاجر	18
وتارا	18
وتارودانت	18
وتاريخا	18
وتاريخه	18
وتاريخي	18
وتازوتي	18
وتاسيسها	18
وتالخمت	18
وتالع	18
وتاليا	18
وتامين	18
وتايع	18
وتايلور	18
وتبادلا	18
وتبادلوا	18
وتباطؤ	18
وتباينات	18
وتبة	18
وتبدأ	18
وتبدل	18
وتبذل	18
وتبذيره	18
وتبرر	18
وتبرز	18
وتبرعت	18
وتبريد	18
وتبريكات	18
وتبسيطها	18
وتبصر	18
وتبعات	18
وتبعده	18
وتبكي	18
وتبنى	18
وتبنيها	18
وتبوأت	18
وتبيع	18
وتبيعه	18
وتبييض	18
وتتأرجح	18
وتتأهل	18
وتتبادل	18
وتتبعت	18
وتتبعه	18
وتتبعوا	18
وتتجاهل	18
وتتجاوز	18
وتتجه	18
وتتجول	18
وتتحرك	18
وتتحطم	18
وتتحملون	18
وتتحول	18
وتتخلل	18
وتتخلله	18
وتتخلى	18
وتتخيل	18
وتتذرع	18
وتتراخى	18
وتتربص	18
وتتربع	18
وتتساءل	18
وتتساقط	18
وتتسرب	18
وتتسع	18
وتتصدى	18
وتتصل	18
وتتصلب	18
وتتصور	18
وتتضارب	18
وتتضافر	18
وتتضرر	18
وتتطلع	18
وتتعامل	18
وتتعاون	18
وتتعاونوا	18
وتتعدد	18
وتتعلق	18
وتتعمد	18
وتتعهد	18
وتتفادى	18
وتتفاعل	18
وتتفاوض	18
وتتفق	18
وتتفكك	18
وتتقاطع	18
وتتقلد	18
وتتكافلوا	18
وتتكيف	18
وتتلخص	18
وتتلوث	18
وتتم	18
وتتماشى	18
وتتماهى	18
وتتمتع	18
وتتمسك	18
وتتواجد	18
وتتوسع	18
وتتوفر	18
وتتوقع	18
وتتوقف	18
وتتولى	18
وتتيح	18
وتثبيت	18
وتثبيته	18
وتثبيتها	18
وتثبيط	18
وتثقل	18
وتثقيف	18
وتثقيفية	18
وتثمين	18
وتثوير	18
وتجارب	18
وتجاربها	18
وتجاه	18
وتجاهلها	18
وتجاوبهم	18
وتجاوزات	18
وتجاوزتها	18
وتجبر	18
وتجد	18
وتجربتها	18
وتجرى	18
وتجريده	18
وتجريفها	18
وتجزئة	18
وتجزيره	18
وتجسد	18
وتجسدت	18
وتجعله	18
وتجعلها	18
وتجفيف	18
وتجفيفها	18
وتجلي	18
وتجمعات	18
وتجمهرت	18
وتجميع	18
وتجنبت	18
وتجندوا	18
وتجنيب	18
وتجنيبها	18
وتجنيبهم	18
وتجويد	18
وتجويع	18
وتجيد	18
وتحادث	18
وتحاصر	18
وتحالفنا	18
وتحالفهن	18
وتحاولون	18
وتحتسب	18
وتحتضن	18
وتحتفظ	18
وتحتمي	18
وتحجم	18
وتحدثنا	18
وتحدد	18
وتحددت	18
وتحديثات	18
وتحذر	18
وتحررا	18
وتحررهم	18
وتحرش	18
وتحرضهم	18
وتحركاته	18
وتحركت	18
وتحركه	18
وتحري	18
وتحريره	18
وتحريض	18
وتحريضا	18
وتحسم	18
وتحسنهم	18
وتحضيراتها	18
وتحطمت	18
وتحف	18
وتحقيقها	18
وتحكمنا	18
وتحلل	18
وتحلم	18
وتحليتها	18
وتحليلات	18
وتحملت	18
وتحميله	18
وتحوز	18
وتحوله	18
وتحية	18
وتخترق	18
وتختص	18
وتختم	18
وتخدم	18
وتخرجت	18
وتخرجه	18
وتخزن	18
وتخزينه	18
وتخصه	18
وتخصيصها	18
وتخضع	18
وتخطف	18
وتخطيط	18
وتخفض	18
وتخفيضات	18
وتخلت	18
وتخللت	18
وتخلى	18
وتخليصه	18
وتخنق	18
وتخوفات	18
وتخوينه	18
وتخيلاتهم	18
وتدارك	18
وتداركا	18
وتداعيات	18
وتداوله	18
وتداولها	18
وتدخلت	18
وتدر	18
وتدرس	18
وتدرك	18
وتدريسها	18
وتدعمهم	18
وتدعيم	18
وتدقيق	18
وتدميره	18
وتدن	18
وتدنو	18
وتدني	18
وتدنيا	18
وتدنيس	18
وتدنيسها	18
وتدهور	18
وتدوير	18
وتدويرها	18
وتدير	18
وتديره	18
وتديرها	18
وتذاع	18
وتذبذب	18
وتذكار	18
وتذكروا	18
وتذلل	18
وتذود	18
وتذوق	18
وتذيل	18
وترأس	18
وتراب	18
وترابط	18
وترابها	18
وتراث	18
وتراثا	18
وتراجعها	18
وتراس	18
وتراشقا	18
وترافق	18
وترافقت	18
وتراقب	18
وتراكم	18
وترانسنيستريا	18
وتراوده	18
وتربت	18
وتربح	18
وتربصت	18
وتربطو	18
وتربويين	18
وترتيبات	18
وترجح	18
وترجمتها	18
وترحابها	18
وترحب	18
وترحم	18
وترحمت	18
وترحيبا	18
وترخص	18
وترخية	18
وترددت	18
وترددوا	18
وتردم	18
وتردى	18
وترديد	18
وترديها	18
وترسانة	18
وترسانتها	18
وترسلها	18
وترشحات	18
وترشحه	18
وترشيدها	18
وترطيب	18
وترعرع	18
وتركمنستان	18
وتركوه	18
وتركي	18
وتركية	18
وتركيزا	18
وتركيزهم	18
وترمب	18
وترمز	18
وترملت	18
وترنوبسكي	18
وترهقه	18
وتروج	18
وتروجيها	18
وتروي	18
وترويجها	18
وتريتياكوفكا	18
وتزاحم	18
وتزامنا	18
وتزايد	18
وتزخر	18
وتزدهر	18
وتزهق	18
وتزوجا	18
وتزور	18
وتزويده	18
وتزويدهم	18
وتزويرها	18
وتزيدها	18
وتزيدهم	18
وتزيف	18
وتزيل	18
وتزينت	18
وتزييف	18
وتزيينها	18
وتسارع	18
وتساعدها	18
وتساليها	18
وتسامحا	18
وتساندها	18
وتساهم	18
وتسببا	18
وتسبر	18
وتستثمر	18
وتستذكر	18
وتستضيف	18
وتستعمل	18
وتستعين	18
وتستقطب	18
وتستكشف	18
وتستلهم	18
وتستنكر	18
وتستوجب	18
وتستوعب	18
وتسحب	18
وتسخيره	18
وتسخيرها	18
وتسريب	18
وتسريبات	18
وتسريبها	18
وتسريح	18
وتسعد	18
وتسعيرها	18
وتسلطه	18
وتسلق	18
وتسللت	18
وتسليحا	18
وتسليحها	18
وتسليط	18
وتسليمهم	18
وتسمح	18
وتسميم	18
وتسنت	18
وتسنى	18
وتسهر	18
وتسهل	18
وتسهيلها	18
وتسوير	18
وتسويقها	18
وتسويقيا	18
وتسير	18
وتشابكات	18
وتشاركه	18
وتشاركوا	18
وتشاهدوا	18
وتشاوريا	18
وتشبثت	18
وتشبع	18
وتشتته	18
وتشتتهم	18
وتشتهر	18
وتشجع	18
وتشجعيه	18
وتشجيعها	18
وتشخيص	18
وتشديدها	18
وتشرد	18
وتشرذم	18
وتشرع	18
وتشريع	18
وتشريعاته	18
وتشعر	18
وتشغيلها	18
وتشكو	18
وتشكيك	18
وتشميع	18
وتشنغدو	18
وتشوه	18
وتشيد	18
وتشيرفونوبوفكا	18
وتشيع	18
وتشينغداو	18
وتشييع	18
وتصادق	18
وتصاريح	18
وتصالح	18
وتصدى	18
وتصدي	18
وتصديره	18
وتصديرها	18
وتصديقه	18
وتصرفات	18
وتصريح	18
وتصطاد	18
وتصعد	18
وتصعيدا	18
وتصفق	18
وتصفها	18
وتصفيف	18
وتصفيق	18
وتصلح	18
وتصميمهم	18
وتصنعها	18
وتصنف	18
وتصنيعها	18
وتصنيفه	18
وتصون	18
وتصويب	18
وتصوير	18
وتصويره	18
وتصيب	18
وتصيغ	18
وتضاعف	18
وتضامنا	18
وتضامننا	18
وتضامنه	18
وتضامنها	18
وتضحياته	18
وتضحياتهم	18
وتضررها	18
وتضعان	18
وتضليله	18
وتضوعت	18
وتطال	18
وتطاير	18
وتطبق	18
وتطبيقا	18
وتطبيقه	18
وتطبيقها	18
وتطرح	18
وتطرفه	18
وتطل	18
وتطلعا	18
وتطلعاتهم	18
وتطمح	18
وتطهيره	18
وتطوره	18
وتطوى	18
وتطويرالتعاون	18
وتطويره	18
وتطويعها	18
وتطيح	18
وتطير	18
وتظاهرت	18
وتظاهروا	18
وتظهران	18
وتعاطفا	18
وتعاطفهم	18
وتعاطفي	18
وتعاف	18
وتعافى	18
وتعافي	18
وتعاقب	18
وتعانق	18
وتعاونه	18
وتعاونهم	18
وتعاونيات	18
وتعبئه	18
وتعبر	18
وتعبوية	18
وتعبيد	18
وتعبيرا	18
وتعترض	18
وتعترف	18
وتعتقل	18
وتعتني	18
وتعتيم	18
وتعثرث	18
وتعددية	18
وتعدينها	18
وتعذيب	18
وتعرب	18
وتعرضهم	18
وتعرضوا	18
وتعرفها	18
وتعرفوا	18
وتعرفون	18
وتعريتهم	18
وتعريض	18
وتعريضهم	18
وتعريفها	18
وتعززت	18
وتعزيـزا	18
وتعسفية	18
وتعطيلها	18
وتعقبها	18
وتعقلهم	18
وتعقيدات	18
وتعقيداته	18
وتعكف	18
وتعكير	18
وتعلمت	18
وتعلمنا	18
وتعليقه	18
وتعليما	18
وتعليمات	18
وتعمر	18
وتعمقت	18
وتعميمه	18
وتعنت	18
وتعنتها	18
وتعني	18
وتعنيف	18
وتعنيفها	18
وتعهدات	18
وتعهدهما	18
وتعويضاتهم	18
وتعويضها	18
وتعويم	18
وتعيد	18
وتعيدنا	18
وتغرق	18
وتغريمه	18
وتغطي	18
وتغطياتها	18
وتغطيتي	18
وتغلبت	18
وتغليفه	18
وتغمر	18
وتغنى	18
وتغييرا	18
وتفاؤل	18
وتفادي	18
وتفاصيلها	18
وتفاعلت	18
وتفاعله	18
وتفاعلها	18
وتفاقمت	18
وتفاقمه	18
وتفانيه	18
وتفانيها	18
وتفاهمات	18
وتفتت	18
وتفتحت	18
وتفترض	18
وتفتقر	18
وتفتيت	18
وتفتيشه	18
وتفتيشهما	18
وتفجرها	18
وتفجير	18
وتفحصت	18
وتفردت	18
وتفرده	18
وتفسيرها	18
وتفصل	18
وتفضلها	18
وتفضيلهم	18
وتفقدت	18
وتفقدته	18
وتفكر	18
وتفكك	18
وتفهم	18
وتفهمهم	18
وتفوق	18
وتفوقا	18
وتفوقت	18
وتفوقه	18
وتفوقها	18
وتقاتل	18
وتقادمها	18
وتقاسم	18
وتقاضيهم	18
وتقاعد	18
وتقاعس	18
وتقاليد	18
وتقاليده	18
وتقاليدها	18
وتقاوم	18
وتقبض	18
وتقبله	18
وتقترح	18
وتقتل	18
وتقتيل	18
وتقدمية	18
وتقديري	18
وتقر	18
وتقروا	18
وتقري	18
وتقريبها	18
وتقسمها	18
وتقصي	18
وتقصير	18
وتقصيره	18
وتقطف	18
وتقطيع	18
وتقف	18
وتقلب	18
وتقلص	18
وتقليد	18
وتقليم	18
وتقنيا	18
وتقنين	18
وتقوموا	18
وتقويتها	18
وتقويمها	18
وتقي	18
وتقييمها	18
وتكاثر	18
وتكافح	18
وتكاملا	18
وتكبدت	18
وتكبر	18
وتكبيد	18
وتكبير	18
وتكتمل	18
وتكرس	18
وتكريره	18
وتكريمكم	18
وتكسير	18
وتكفل	18
وتكفينهم	18
وتكلفته	18
وتكليف	18
وتكليلا	18
وتكملة	18
وتكنولوجي	18
وتكهنات	18
وتكهنت	18
وتكوت	18
وتلاحق	18
وتلاحقهم	18
وتلاسن	18
وتلاعب	18
وتلاقي	18
وتلامذة	18
وتلاميذ	18
وتلاها	18
وتلبي	18
وتلبيه	18
وتلتزم	18
وتلتهم	18
وتلخص	18
وتلعثم	18
وتلفت	18
وتلفزيون	18
وتلفيقها	18
وتلقي	18
وتلكلخ	18
وتلمس	18
وتلميذ	18
وتلوم	18
وتلون	18
وتلي	18
وتماثل	18
وتماديه	18
وتمارة	18
وتمازجت	18
وتماسكه	18
وتماسكها	18
وتماطل	18
وتماما	18
وتمتد	18
وتمتص	18
وتمثيل	18
وتمثيلها	18
وتمحو	18
وتمخضت	18
وتمددت	18
وتمردها	18
وتمردهم	18
وتمرس	18
وتمركزت	18
وتمريره	18
وتمريضي	18
وتمس	18
وتمسكهم	18
وتمسي	18
وتمكنا	18
وتمكنوا	18
وتمكينها	18
وتمكينهم	18
وتمكينهن	18
وتملحها	18
وتمنحني	18
وتمنحه	18
وتمنعهم	18
وتمنيا	18
وتمنياتها	18
وتمهد	18
وتمهيدا	18
وتموله	18
وتموين	18
وتميزها	18
وتمييزه	18
وتناثر	18
وتناسيهم	18
وتناقلها	18
وتنام	18
وتنامت	18
وتنانت	18
وتنبؤات	18
وتنبح	18
وتنبيههم	18
وتنتخب	18
وتنتقل	18
وتنثر	18
وتنجب	18
وتنجح	18
وتنحاز	18
وتنحدر	18
وتنحي	18
وتنحية	18
وتندرج	18
وتندمج	18
وتنديدا	18
وتنذر	18
وتنسحب	18
وتنسكب	18
وتنسيه	18
وتنشطه	18
وتنشيط	18
وتنصحه	18
وتنصيب	18
وتنطلق	18
وتنطوي	18
وتنظم	18
وتنظيف	18
وتنفذه	18
وتنفسيه	18
وتنفق	18
وتنفيذا	18
وتنفيذه	18
وتنقذ	18
وتنقص	18
وتنقله	18
وتنقية	18
وتنقيته	18
وتنقيتها	18
وتنكيس	18
وتنكيل	18
وتنكيلية	18
وتنهار	18
وتنهك	18
وتنهي	18
وتنورة	18
وتنوعت	18
وتنوعه	18
وتنوي	18
وتنويعه	18
وتهتم	18
وتهديده	18
وتهديم	18
وتهريب	18
وتهريبها	18
وتهطل	18
وتهميش	18
وتهميشا	18
وتهميشهم	18
وتهويد	18
وتوأمة	18
وتوائم	18
وتواترت	18
وتوارى	18
وتوازن	18
وتوازنات	18
وتوازيا	18
وتواعدوا	18
وتوافد	18
وتوافق	18
وتوافقات	18
وتواقون	18
وتوالت	18
وتوباغو	18
وتوبع	18
وتوتر	18
وتوتنهام	18
وتوثيق	18
وتوثيقها	18
وتوجهوا	18
وتوجيهات	18
وتوجيهه	18
وتوجيهها	18
وتوجيههم	18
وتوحيدها	18
وتوخي	18
وتوخيل	18
وتوربينات	18
وتورطه	18
وتورمات	18
وتوريده	18
وتوريط	18
وتوزيعات	18
وتوسط	18
وتوسعاتها	18
وتوسعه	18
وتوسيعه	18
وتوشكى	18
وتوصلت	18
وتوصلوا	18
وتوصي	18
وتوصياته	18
وتوصيفها	18
وتوصيل	18
وتوطيد	18
وتوطين	18
وتوظفت	18
وتوظيف	18
وتوظيفها	18
وتوعية	18
وتوغلت	18
وتوقيتات	18
وتوقيته	18
وتوقيره	18
وتوقيفهما	18
وتوكيد	18
وتولي	18
وتوليف	18
وتيار	18
وتيارات	18
وتياره	18
وتيانجين	18
وتيزي	18
وتيسمسيلت	18
وتيسير	18
وتيفلت	18
وتيمقاد	18
وتيموليلت	18
وتينيسي	18
وتيه	18
وتيو	18
وثامنة	18
وثباته	18
وثبة	18
وثبتوا	18
وثدييات	18
وثروات	18
وثرواتنا	18
وثرواته	18
وثريات	18
وثقافات	18
وثقافتنا	18
وثقافتها	18
وثقافي	18
وثقافيا	18
وثقب	18
وثقتنا	18
وثقته	18
وثقلهم	18
وثلوج	18
وثماني	18
وثمانينات	18
وثمنت	18
وثنائية	18
وثوابته	18
وثوار	18
وثورات	18
وثورة	18
وثورته	18
وثيقا	18
وثيقتها	18
وثيقتين	18
وجائحة	18
وجاب	18
وجابت	18
وجادة	18
وجادو	18
وجارهما	18
وجارى	18
وجافة	18
وجاك	18
وجالت	18
وجالس	18
وجانجيبور	18
وجاهزون	18
وجاهيا	18
وجاي	18
وجباتها	18
وجباليا	18
وجبروتها	18
وجبيل	18
وجبينهن	18
وجثث	18
وجداننا	18
وجدتا	18
وجددوا	18
وجدران	18
وجدعون	18
وجدل	18
وجدو	18
وجدوائيتها	18
وجدول	18
وجدولا	18
وجدوها	18
وجديدة	18
وجدير	18
وجذري	18
وجذرية	18
وجذوره	18
وجراء	18
وجرائمها	18
وجرابلس	18
وجراح	18
وجراحة	18
وجرافات	18
وجرحاها	18
وجرفت	18
وجرمناهم	18
وجريحا	18
وجرين	18
وجزئي	18
وجزرها	18
وجسدته	18
وجسرا	18
وجعلتهم	18
وجعها	18
وجغرافي	18
وجغرافية	18
وجفاف	18
وجلستين	18
وجلوسه	18
وجلية	18
وجمالها	18
وجماهيرية	18
وجمد	18
وجمعة	18
وجمعوا	18
وجمهوره	18
وجمهوريتي	18
وجمهوريين	18
وجميلة	18
وجناتهم	18
وجندت	18
وجنديان	18
وجنرالات	18
وجنسيهما	18
وجنوبي	18
وجنودا	18
وجنيفر	18
وجهاتها	18
وجهتهم	18
وجهدا	18
وجهدنا	18
وجهنا	18
وجهوا	18
وجهودا	18
وجهودك	18
وجو	18
وجوائز	18
وجوابي	18
وجواربه	18
وجوارها	18
وجوانب	18
وجودنا	18
وجورج	18
وجورجيو	18
وجوردي	18
وجورنال	18
وجوفري	18
وجوفنتوس	18
وجول	18
وجوليان	18
وجوناتان	18
وجونز	18
وجوني	18
وجوهره	18
وجوهرية	18
وجوههن	18
وجويا	18
وجوية	18
وجيد	18
وجيران	18
وجيسون	18
وجيشهم	18
وجيل	18
وجين	18
وجينيفر	18
وجيهة	18
وجيو	18
وجيوش	18
وح	18
وحائز	18
وحائط	18
وحاجتها	18
وحاجي	18
وحاخاماتهم	18
وحاد	18
وحادا	18
وحادة	18
وحارات	18
وحارب	18
وحاربنا	18
وحارةالصحة	18
وحارةساومهم	18
وحارس	18
وحارسه	18
وحازم	18
وحازمين	18
وحاسبت	18
وحاسم	18
وحاسي	18
وحاصبيا	18
وحافز	18
وحافظت	18
وحالتان	18
وحالتي	18
وحالف	18
وحاليا	18
وحاليين	18
وحامل	18
وحاملي	18
وحاورها	18
وحاولنا	18
وحبائله	18
وحبات	18
وحبها	18
وحبهم	18
وحبوب	18
وحتما	18
وحتمية	18
وحثه	18
وحثهم	18
وحجج	18
وحداته	18
وحداتهم	18
وحداثة	18
وحدت	18
وحدتنا	18
وحدتها	18
وحدتي	18
وحددت	18
وحدنا	18
وحدهما	18
وحدوا	18
وحدود	18
وحديثنا	18
وحديد	18
وحذروا	18
وحذفه	18
وحراس	18
وحراسه	18
وحراكا	18
وحرجة	18
وحرر	18
وحررت	18
وحرصنا	18
وحرضهم	18
وحرفية	18
وحرقت	18
وحرقه	18
وحرمان	18
وحرمانه	18
وحرمهم	18
وحريات	18
وحريتنا	18
وحريص	18
وحريصون	18
وحزبها	18
وحزبية	18
وحزت	18
وحزمة	18
وحزينة	18
وحس	18
وحساء	18
وحساب	18
وحساباته	18
وحساباتهم	18
وحساسة	18
وحسام	18
وحسبما	18
وحسد	18
وحسرتهم	18
وحسـن	18
وحسما	18
وحصارا	18
وحصاره	18
وحصدت	18
وحصرا	18
وحصلا	18
وحصوله	18
وحصولها	18
وحصولهما	18
وحصيد	18
وحضارات	18
وحضارته	18
وحضارتها	18
وحضاريا	18
وحضارية	18
وحضانات	18
وحضانة	18
وحضت	18
وحضرها	18
وحضورا	18
وحضورها	18
وحطمت	18
وحطوا	18
وحظروا	18
وحظك	18
وحـدة	18
وحفاظ	18
وحفاظا	18
وحفروا	18
وحفزني	18
وحفظت	18
وحقائق	18
وحقاني	18
وحقدا	18
وحققوا	18
وحقك	18
وحقها	18
وحقهم	18
وحقوقية	18
وحقيقي	18
وحكوماتها	18
وحلحول	18
وحلل	18
وحللت	18
وحلول	18
وحلوله	18
وحلويات	18
وحليب	18
وحليفتها	18
وحماس	18
وحماسهم	18
وحمام	18
وحمايتهم	18
وحمدي	18
وحمض	18
وحملته	18
وحملتها	18
وحملنا	18
وحملهم	18
وحملوه	18
وحناجري	18
وحنون	18
وحواجزها	18
وحوارات	18
وحوافز	18
وحوالى	18
وحوزة	18
وحوكمة	18
وحوكمت	18
وحولاتا	18
وحولوها	18
وحياتها	18
وحياتي	18
وحياد	18
وحيادنا	18
وحياده	18
وحيادية	18
وحيازتها	18
وحيان	18
وحيدات	18
وحيداوجدت	18
وحيدي	18
وحيس	18
وحيفا	18
وحينما	18
وحينها	18
وحيواتهم	18
وحيوانات	18
وخابت	18
وخابية	18
وخادعت	18
وخارجهاوالعاملين	18
وخارجي	18
وخارجيا	18
وخارجية	18
وخارطة	18
وخاركوف	18
وخاش	18
وخاضت	18
وخاضعة	18
وخاطف	18
وخاطفة	18
وخافت	18
وخال	18
وخامنئي	18
وخبراءنا	18
وخبراته	18
وخبراتها	18
وخبرتهم	18
وخبز	18
وختمها	18
وخداعهم	18
وخدع	18
وخدمتها	18
وخرف	18
وخرقا	18
وخرقها	18
وخرقين	18
وخروغ	18
وخروقات	18
وخروقاته	18
وخريجي	18
وخزان	18
وخزانات	18
وخسائره	18
وخسرو	18
وخشن	18
وخشيته	18
وخشينا	18
وخصام	18
وخصلة	18
وخصم	18
وخصوصيات	18
وخصوصياتها	18
وخصوصية	18
وخصوم	18
وخصومات	18
وخضار	18
وخضعت	18
وخضوعه	18
وخطرا	18
وخططت	18
وخططه	18
وخططية	18
وخطية	18
وخطير	18
وخفيف	18
وخلاصه	18
وخلاله	18
وخلالها	18
وخلايا	18
وخلاياه	18
وخلفية	18
وخلقوا	18
وخلل	18
وخلود	18
وخنشلة	18
وخنق	18
وخنقها	18
وخواطر	18
وخواطري	18
وخوجند	18
وخوذة	18
وخوفي	18
وخولة	18
وخياراتنا	18
وخيارنا	18
وخيول	18
ودأب	18
ودأبت	18
ودائرة	18
ودائرته	18
ودائعه	18
وداخلا	18
وداخليا	18
وداره	18
وداعا	18
وداعش	18
وداعمي	18
وداعميه	18
وداعه	18
وداعهم	18
وداعي	18
ودافعيتهم	18
وداكارالخط	18
ودالة	18
ودالي	18
وداليان	18
ودانته	18
ودانيال	18
ودباباتك	18
ودباباتها	18
ودبابة	18
ودبلوماسي	18
ودبلوماسيين	18
ودبي	18
ودجبريل	18
ودجنبر	18
ودخولها	18
ودخولهم	18
ودراجات	18
ودراستهم	18
ودراية	18
ودرب	18
ودرجاتها	18
ودرنة	18
ودروبا	18
ودروسهم	18
ودساتير	18
ودستور	18
ودستورية	18
ودعتهم	18
ودعما	18
ودعمت	18
ودعمكم	18
ودعها	18
ودعى	18
ودفاترك	18
ودفاعا	18
ودفاعنا	18
ودفعهم	18
ودفعوا	18
ودفوريتشنايا	18
ودقق	18
ودققت	18
ودققوا	18
ودقيق	18
ودقيقة	18
ودكاترة	18
ودكتورة	18
ودلال	18
ودلالاته	18
ودليلا	18
ودماء	18
ودمان	18
ودمر	18
ودمقرطة	18
ودمنة	18
ودهاليز	18
ودهان	18
ودهس	18
ودوائر	18
ودوائرها	18
ودوار	18
ودوافعه	18
ودوافعها	18
ودوبرتيفو	18
ودوخة	18
ودودة	18
ودورات	18
ودورة	18
ودورنا	18
ودورهم	18
ودوري	18
ودوغوت	18
ودوقة	18
ودولا	18
ودولتي	18
ودوله	18
ودولي	18
ودوليةاكتمال	18
ودوليةالأردن	18
ودوليةالسعودية	18
ودومبروفسكيس	18
ودونالد	18
وديبرا	18
وديتان	18
وديد	18
وديع	18
وديفيد	18
وديمقراطي	18
وديمقراطية	18
وديموغرافيا	18
وديموقراطية	18
ودينامية	18
ودينيس	18
ودينيين	18
وديوانه	18
وديول	18
وذاتي	18
وذاق	18
وذاكرتك	18
وذبحوهم	18
وذخائر	18
وذراع	18
وذراعه	18
وذريعته	18
وذعر	18
وذك	18
وذكؤت	18
وذكاء	18
وذكراها	18
وذكرتهما	18
وذكرناه	18
وذمية	18
وذنب	18
وذهبا	18
وذوبان	18
وذوو	18
وذويه	18
وذويها	18
ورأسمالية	18
ورؤوساء	18
ورؤوسهم	18
ورؤيتنا	18
ورؤيته	18
ورئاسية	18
ورائحة	18
ورائدات	18
ورابطة	18
وراتبي	18
ورادار	18
ورادعة	18
وراسك	18
وراسنة	18
ورافدا	18
ورافقت	18
ورافي	18
ورافيك	18
ورافينيا	18
وراقيا	18
وراى	18
ورباعية	18
وربطت	18
وربطته	18
وربعه	18
وربه	18
ورتق	18
ورجب	18
ورجحت	18
ورحبا	18
ورحبنا	18
ورحلة	18
ورداع	18
وردياني	18
ورسائله	18
ورسالتها	18
ورسالتي	18
ورسخت	18
ورسمها	18
ورسميا	18
ورسمية	18
ورسوخا	18
ورشاتها	18
ورشاشات	18
ورشحت	18
ورشق	18
ورشقوا	18
ورشوان	18
ورشيد	18
ورصيدهم	18
ورطبة	18
ورطوبة	18
ورعاتها	18
ورعايته	18
ورعايتها	18
ورغبتهم	18
ورغبتي	18
ورغد	18
ورفات	18
ورفاق	18
ورفاهية	18
ورفده	18
ورفدها	18
ورفدهم	18
ورفضه	18
ورفضهم	18
ورفضوا	18
ورفعها	18
ورفعوا	18
ورفقة	18
ورفيقاه	18
ورفيقة	18
ورفيقه	18
ورفيقيها	18
ورقائق	18
ورقبتك	18
ورقصة	18
ورقصت	18
ورقلة	18
ورقمه	18
ورقيه	18
وركزوا	18
وركمان	18
ورمايات	18
ورمزي	18
ورمزية	18
ورمل	18
ورموز	18
ورميها	18
ورهانات	18
ورهينة	18
ورو	18
وروابط	18
ورواسب	18
وروبن	18
وروبيان	18
وروتين	18
وروحا	18
وروسية	18
وروعة	18
وروما	18
ورومانسيته	18
وروية	18
وريادين	18
ورياضة	18
ورياضية	18
ورياضيون	18
وريان	18
وريتشارد	18
وريثا	18
وريده	18
وريغا	18
وريم	18
وريمة	18
وريمس	18
ورين	18
ورينا	18
وريهانا	18
وزاباروجيا	18
وزابورجيه	18
وزابوروجيا	18
وزابوريجيه	18
وزابوريزهزهيا	18
وزاة	18
وزاتي	18
وزادها	18
وزارتكم	18
وزاره	18
وزارها	18
وزاريين	18
وزانة	18
وزاهي	18
وزاوية	18
وزايدي	18
وزبانيته	18
وزبقين	18
وزج	18
وزحلة	18
وزخات	18
وزرائه	18
وزرائها	18
وزرائي	18
وزراة	18
وزركشاته	18
وزرن	18
وزعزع	18
وزعماء	18
وزكي	18
وزكية	18
وزلات	18
وزملاء	18
وزملاؤه	18
وزملائك	18
وزملائي	18
وزميلات	18
وزميلة	18
وزميلتهما	18
وزميله	18
وزنت	18
وزهانة	18
وزهد	18
وزوارق	18
وزوجتها	18
وزودها	18
وزياراته	18
وزيرخارجية	18
وزيرلاوف	18
وزيلينسكي	18
وسأتدخل	18
وسألعب	18
وسأواصل	18
وسائحا	18
وسابع	18
وسابعة	18
وسابقاتها	18
وساترك	18
وساحاتها	18
وساحر	18
وساحقة	18
وساديو	18
وساري	18
وساط	18
وساطتنا	18
وساعتها	18
وساعتين	18
وسافروا	18
وساكنة	18
وساما	18
وسامح	18
وسامر	18
وسانت	18
وساندتها	18
وساهمت	18
وسايدو	18
وسايرت	18
وسببا	18
وسببوا	18
وسبدو	18
وسبشل	18
وسبقتها	18
وسبها	18
وسبيس	18
وستؤجج	18
وستؤدي	18
وستانلي	18
وستبحث	18
وستتبع	18
وستتبعه	18
وستتجه	18
وستتدفق	18
وستتراوح	18
وستتسبب	18
وستتسلم	18
وستتطلب	18
وستتعارض	18
وستتقاسم	18
وستتمتع	18
وستتنافس	18
وستتناول	18
وستتوفر	18
وستجدون	18
وستجعل	18
وستحاسب	18
وستحاول	18
وستحترم	18
وستحتوي	18
وستحد	18
وستحدد	18
وستحذو	18
وستحصل	18
وستحوم	18
وستختتم	18
وستختفي	18
وستخصص	18
وستدفعه	18
وستدمر	18
وستراقب	18
وسترد	18
وسترسو	18
وستركز	18
وستزيدها	18
وستسافر	18
وستسبب	18
وستستأنف	18
وستستضيف	18
وستستفيد	18
وستستند	18
وستستهدف	18
وستسعى	18
وستسيطر	18
وستشرع	18
وستشمل	18
وستشهد	18
وستصبح	18
وستصدر	18
وستصل	18
وستطال	18
وستطرد	18
وستطلق	18
وستطور	18
وستظهر	18
وستعرف	18
وستعفى	18
وستعلي	18
وستغلبنا	18
وستغلق	18
وستفشل	18
وستفعل	18
وستقام	18
وستقبل	18
وستقلع	18
وستلاحظ	18
وستلهم	18
وستم	18
وستمشين	18
وستمضي	18
وستنقل	18
وستهب	18
وستودع	18
وستوزع	18
وستيفاني	18
وستيفي	18
وستينجر	18
وسجاد	18
وسجلها	18
وسجناء	18
وسجون	18
وسحبت	18
وسحبتها	18
وسحبه	18
وسحجات	18
وسحر	18
وسحل	18
وسخائه	18
وسدنته	18
وسديروت	18
وسرايا	18
وسرب	18
وسرطان	18
وسرعات	18
وسرقاتها	18
وسروش	18
وسرية	18
وسريع	18
وسطاء	18
وسطحية	18
وسطع	18
وسطوته	18
وسعادة	18
وسعرات	18
وسعهم	18
وسعود	18
وسعودي	18
وسعيهم	18
وسـرقة	18
وسـلـب	18
وسفارة	18
وسفينتا	18
وسقي	18
وسكان	18
وسكانها	18
وسكرتير	18
وسكري	18
وسكنا	18
وسكوبا	18
وسكينة	18
وسلادكو	18
وسلامتها	18
وسلامتهم	18
وسلبه	18
وسلبيات	18
وسلس	18
وسلطاته	18
وسلطتها	18
وسلطوية	18
وسلفه	18
وسلمالحج	18
وسلمية	18
وسلوان	18
وسلوكها	18
وسلوم	18
وسماء	18
وسماحة	18
وسمحت	18
وسنأتي	18
وسنؤيد	18
وسناب	18
وسنتحدث	18
وسنتطرق	18
وسنجعل	18
وسنحاول	18
وسنحتاج	18
وسنحول	18
وسندافع	18
وسنربح	18
وسنشجع	18
وسنظل	18
وسنعالج	18
وسنقاومه	18
وسنقدم	18
وسنقوم	18
وسنقيم	18
وسنكبر	18
وسنكرس	18
وسنلخص	18
وسنناقش	18
وسننتصر	18
وسننشر	18
وسنوات	18
وسهلا	18
وسهلة	18
وسواريس	18
وسواطير	18
وسوداء	18
وسوسن	18
وسوغت	18
وسوليدار	18
وسوليمانو	18
وسويزي	18
وسي	18
وسيئ	18
وسيئة	18
وسيا	18
وسياحية	18
وسيادتهم	18
وسياستنا	18
وسياسي	18
وسياسيون	18
وسياسيي	18
وسياسيين	18
وسياقاتها	18
وسيتأهل	18
وسيتبعها	18
وسيتحالف	18
وسيتحول	18
وسيتخذه	18
وسيتصدى	18
وسيتعين	18
وسيتغير	18
وسيتمتع	18
وسيتنافس	18
وسيتواصل	18
وسيتيح	18
وسيث	18
وسيجتمع	18
وسيجعلك	18
وسيجلب	18
وسيحاسبون	18
وسيحاول	18
وسيحاولون	18
وسيحصلون	18
وسيحضر	18
وسيخص	18
وسيدافع	18
وسيدة	18
وسيدتان	18
وسيدخل	18
وسيدعو	18
وسيدفن	18
وسيراليون	18
وسيرجي	18
وسيزار	18
وسيزعمان	18
وسيساعد	18
وسيسبب	18
وسيستخدم	18
وسيستعين	18
وسيستفيد	18
وسيستقبل	18
وسيسعى	18
وسيسقط	18
وسيسهر	18
وسيسهل	18
وسيسهمون	18
وسيسير	18
وسيشرف	18
وسيشمل	18
وسيضع	18
وسيطر	18
وسيطرتهم	18
وسيطرنا	18
وسيظهرون	18
وسيعذبونهم	18
وسيعرض	18
وسيعرف	18
وسيعملان	18
وسيعيدون	18
وسيغادر	18
وسيفاستوبول	18
وسيفها	18
وسيفوق	18
وسيقدم	18
وسيكبح	18
وسيلان	18
وسيلتان	18
وسيلفا	18
وسيمكنه	18
وسيمنع	18
وسيموت	18
وسيناء	18
وسيناقش	18
وسيهاجر	18
وسيواجه	18
وسيوارى	18
وسيوجه	18
وسيوقعون	18
وسيول	18
وسيونيك	18
وشأنها	18
وشئون	18
وشائعات	18
وشائنة	18
وشابا	18
وشاتيلا	18
وشاحنات	18
وشاحنة	18
وشاحنتي	18
وشاحنتين	18
وشادي	18
وشارات	18
وشارحمت	18
وشارع	18
وشاركني	18
وشاعرا	18
وشاكر	18
وشالات	18
وشاملا	18
وشاهدا	18
وشاهدت	18
وشاهدنا	18
وشاهدها	18
وشاي	18
وشب	18
وشبابنا	18
وشبابها	18
وشبتاي	18
وشبكتها	18
وشبيبة	18
وشتاء	18
وشجاعتكم	18
وشجاعته	18
وشجع	18
وشجعا	18
وشحة	18
وشحذ	18
وشحنات	18
وشحنها	18
وشخصين	18
وشددا	18
وشديد	18
وشرائح	18
وشرائه	18
وشرحت	18
وشرد	18
وشردت	18
وشرسة	18
وشرطي	18
وشرعيا	18
وشركاءنا	18
وشركاءه	18
وشركاءها	18
وشركاؤها	18
وشركاته	18
وشركاتهم	18
وشركاه	18
وشركتهم	18
وشركتين	18
وشروطها	18
وشريان	18
وشريعة	18
وشريف	18
وشريكها	18
وشطب	18
وشطف	18
وشظايا	18
وشعار	18
وشعارات	18
وشعاراتها	18
وشعاره	18
وشعبه	18
وشعبهم	18
وشعراء	18
وشعرها	18
وشعوبكم	18
وشعوبها	18
وشعورنا	18
وشعوره	18
وشعيبي	18
وشعيرة	18
وشغالين	18
وشغلت	18
وشفافيتها	18
وشفيق	18
وشقت	18
وشققا	18
وشقير	18
وشقيقان	18
وشقيقة	18
وشقيقتها	18
وشكاوى	18
وشكرا	18
وشكرت	18
وشكرهم	18
وشككت	18
وشكلنا	18
وشكلها	18
وشل	18
وشلالاته	18
وشلل	18
وشما	18
وشموخا	18
وشمولا	18
وشنط	18
وشنطن	18
وشنق	18
وشنوا	18
وشهادات	18
وشهامتها	18
وشهداء	18
وشهدائها	18
وشهدنا	18
وشهدناها	18
وشهرستان	18
وشهواته	18
وشهوة	18
وشوارع	18
وشواطئه	18
وشوط	18
وشوم	18
وشيآن	18
وشيردار	18
وشيري	18
وشيعة	18
وشيفيلد	18
وشيكات	18
وشيكة	18
وشيوخ	18
وشيوع	18
وصاب	18
وصاحبات	18
وصاخبة	18
وصادرته	18
وصادقون	18
وصارع	18
وصاغوا	18
وصافح	18
وصالونات	18
وصانع	18
وصبا	18
وصبري	18
وصحافية	18
وصحافيون	18
وصدام	18
وصدقيتها	18
وصدى	18
وصديقاتها	18
وصديقته	18
وصديقه	18
وصديقي	18
وصرخة	18
وصرخت	18
وصريحا	18
وصريحة	18
وصعوباته	18
وصغيرة	18
وصفارة	18
وصفد	18
وصفر	18
وصفقات	18
وصفقة	18
وصقل	18
وصقلها	18
وصكوك	18
وصلابة	18
وصلات	18
وصلاحيات	18
وصلاحياتها	18
وصلالة	18
وصلبة	18
وصلتم	18
وصلتهم	18
وصلصة	18
وصلفهم	18
وصلني	18
وصمتهم	18
وصمموا	18
وصموده	18
وصناعات	18
وصناعتهم	18
وصناعية	18
وصنافير	18
وصنفتا	18
وصهره	18
وصهرها	18
وصواريخها	18
وصوتت	18
وصوتها	18
وصولأ	18
وصولهن	18
وصولي	18
وصيادلة	18
وصياغتها	18
وصيفه	18
وضآلة	18
وضاربا	18
وضارة	18
وضاعف	18
وضباطه	18
وضجت	18
وضحايا	18
وضحكته	18
وضحوا	18
وضخامة	18
وضربا	18
وضربها	18
وضروري	18
وضريبة	18
وضعتهم	18
وضعوها	18
وضغوط	18
وضمتها	18
وضوابط	18
وضيوف	18
وضيوفها	18
وطأتها	18
وطائراتك	18
وطائرتان	18
وطائرتين	18
وطارد	18
وطاردت	18
وطارق	18
وطاروا	18
وطاقات	18
وطاقاته	18
وطاقة	18
وطاقتي	18
وطاقم	18
وطاقمها	18
وطالبا	18
وطالبات	18
وطالبتها	18
وطالبتهم	18
وطالبناه	18
وطالبني	18
وطالبها	18
وطالبو	18
وطالبوها	18
وطالبين	18
وطايبي	18
وطبابة	18
وطباعتها	18
وطبرق	18
وطبعا	18
وطبق	18
وطبقت	18
وطبيعية	18
وطحنها	18
وطرأ	18
وطرحه	18
وطرحوا	18
وطردت	18
وطرده	18
وطرقا	18
وطرقات	18
وطرقه	18
وطرقها	18
وطريحة	18
وطعمه	18
وطعنة	18
وطعنت	18
وطعنه	18
وطغت	18
وطغيان	18
وطفح	18
وطفلا	18
وطفلته	18
وطفلها	18
وطفليها	18
وطقس	18
وطلاقه	18
وطلال	18
وطلبات	18
وطلبتنا	18
وطلبنا	18
وطمأن	18
وطمأنة	18
وطمأنينة	18
وطموح	18
وطموحا	18
وطموحات	18
وطنجة	18
وطنكم	18
وطنيتهم	18
وطنيتين	18
وطنين	18
وطواقم	18
وطوبهم	18
وطور	18
وطوكيو	18
وطولكرم	18
وطويل	18
وطيارا	18
وطيش	18
وطيلة	18
وظائفه	18
وظائفها	18
وظافر	18
وظاهرة	18
وظروفها	18
وظف	18
وظفه	18
وظفهم	18
وظلا	18
وظلوم	18
وظهرا	18
وظيفتهم	18
وظيفيتين	18
وعائلاتنا	18
وعائلتي	18
وعائلتيهما	18
وعائلية	18
وعابدي	18
وعابر	18
وعاجلة	18
وعاداتها	18
وعادية	18
وعارضها	18
وعارف	18
وعازفي	18
وعازفين	18
وعاشته	18
وعاشق	18
وعاشوراء	18
وعاصمته	18
وعاطفة	18
وعاقبت	18
وعاقبنا	18
وعالمة	18
وعالميا	18
وعالمية	18
وعالميين	18
وعاليه	18
وعاملا	18
وعاملين	18
وعانقها	18
وعاهات	18
وعاود	18
وعايدة	18
وعبث	18
وعبثا	18
وعبثت	18
وعبدالحليم	18
وعبدالرحمن	18
وعبدالعزيز	18
وعبدالملك	18
وعبدو	18
وعبقور	18
وعبوات	18
وعبودية	18
وعبورهما	18
وعتاد	18
وعثاء	18
وعثور	18
وعجائب	18
وعداء	18
وعدال	18
وعدتم	18
وعدسة	18
وعدن	18
وعدوانه	18
وعدوانها	18
وعدوانيا	18
وعديمة	18
وعرائض	18
وعرابة	18
وعراقيل	18
وعرب	18
وعربدة	18
وعربي	18
وعربيا	18
وعرس	18
وعرفانا	18
وعرفهم	18
وعرقل	18
وعرقلا	18
وعرقه	18
وعروض	18
وعروضا	18
وعروضات	18
وعريبي	18
وعريضا	18
وعريضة	18
وعزاء	18
وعزز	18
وعززت	18
وعزفت	18
وعزلت	18
وعزلهم	18
وعزمها	18
وعزمهما	18
وعزها	18
وعزوف	18
وعزى	18
وعزيز	18
وعزيمة	18
وعزيمته	18
وعسقلان	18
وعسكريون	18
وعسكريين	18
وعسيلان	18
وعشت	18
وعشق	18
وعشنا	18
وعصابات	18
وعصاباته	18
وعصابته	18
وعصام	18
وعصير	18
وعضوين	18
وعطاءاته	18
وعطائكم	18
وعطائه	18
وعظة	18
وعفر	18
وعفويا	18
وعقائدية	18
وعقدة	18
وعقده	18
وعقدوا	18
وعقلنة	18
وعقليته	18
وعقوباته	18
وعقوده	18
وعقول	18
وعقيدة	18
وعقيدتنا	18
وعقيدته	18
وعقيلته	18
وعكار	18
وعكاز	18
وعل	18
وعلاجات	18
وعلاجه	18
وعلاجها	18
وعلاجهم	18
وعلاقاتهم	18
وعلاقته	18
وعلاقتي	18
وعلامتكم	18
وعلمائها	18
وعلنية	18
وعلومها	18
وعليكي	18
وعمت	18
وعمداء	18
وعمرانية	18
وعمقت	18
وعملائه	18
وعملائها	18
وعملات	18
وعملاق	18
وعملانية	18
وعملكم	18
وعملنا	18
وعملها	18
وعملي	18
وعملينا	18
وعميد	18
وعميق	18
وعنابة	18
وعناتا	18
وعناصره	18
وعناصرها	18
وعناية	18
وعندئذ	18
وعنصر	18
وعنق	18
وعنيفة	18
وعواء	18
وعوائل	18
وعوائلهم	18
وعواقبها	18
وعودتها	18
وعودتهم	18
وعودوا	18
وعوزها	18
وعولجت	18
وعياداتها	18
وعيدان	18
وعيك	18
وعيها	18
وعيونهم	18
وغائب	18
وغابت	18
وغابوا	18
وغادرا	18
وغادرت	18
وغارتين	18
وغارقة	18
وغاري	18
وغازيا	18
وغاضبة	18
وغالانت	18
وغالبية	18
وغالبيتها	18
وغامض	18
وغامضة	18
وغانا	18
وغايات	18
وغايتها	18
وغبي	18
وغداة	18
وغربيون	18
وغرفت	18
وغرقت	18
وغرينش	18
وغزارة	18
وغزال	18
وغسان	18
وغطرسة	18
وغطرستهم	18
وغفران	18
وغفلتها	18
وغلاكسي	18
وغليزان	18
وغمرت	18
وغنائك	18
وغناه	18
وغنتها	18
وغواص	18
وغيابه	18
وغيابهم	18
وغيرت	18
وغيرتها	18
وغيرهن	18
وغيمان	18
وغينيا	18
وفاءنا	18
وفاءها	18
وفائض	18
وفائضا	18
وفاتحة	18
وفاتك	18
وفاتهم	18
وفاتهما	18
وفاجئني	18
وفاد	18
وفارفاروفكا	18
وفاس	18
وفاسكيس	18
وفاعلة	18
وفاعليتي	18
وفاعلين	18
وفاقدة	18
وفان	18
وفانيسا	18
وفايزر	18
وفايوتس	18
وفبراير	18
وفتاكة	18
وفتحته	18
وفتحي	18
وفترات	18
وفتشوا	18
وفتنت	18
وفتوح	18
وفتى	18
وفجأة	18
وفجائية	18
وفجرت	18
وفحصتهما	18
وفحصها	18
وفحوصات	18
وفخور	18
وفراره	18
وفرانك	18
وفرجينيا	18
وفرحا	18
وفردنة	18
وفرسان	18
وفرضها	18
وفرضية	18
وفرغته	18
وفرقها	18
وفريبورت	18
وفريد	18
وفريقها	18
وفساتين	18
وفشله	18
وفض	18
وفضائح	18
وفضلاء	18
وفضوليين	18
وفضية	18
وفضيحة	18
وفطائر	18
وفظ	18
وفعالا	18
وفعالة	18
وفعاليات	18
وفعاليتها	18
وفعلنا	18
وفعلها	18
وفـــــا	18
وفقرها	18
وفكرا	18
وفكرت	18
وفكري	18
وفلتات	18
وفلتان	18
وفلسفته	18
وفلكلورية	18
وفلوديمير	18
وفن	18
وفنان	18
وفنانة	18
وفنانين	18
وفند	18
وفندق	18
وفندقية	18
وفنون	18
وفنيا	18
وفنيات	18
وفنية	18
وفهد	18
وفواتير	18
وفواكه	18
وفوجئ	18
وفورا	18
وفولهام	18
وفولين	18
وفوهات	18
وفياتها	18
وفية	18
وفيرجيل	18
وفيرخنتورتسكي	18
وفيروس	18
وفيروفيارو	18
وفيرين	18
وفيسبوك	18
وفيضانات	18
وفيكتور	18
وفيلا	18
وفيليكودولينسكو	18
وفيمو	18
وفينوس	18
وقائعه	18
وقاب	18
وقابلة	18
وقاحة	18
وقادتها	18
وقادرا	18
وقاده	18
وقادها	18
وقادوا	18
وقارة	18
وقارن	18
وقارنت	18
وقاسيا	18
وقاطعا	18
وقاطعي	18
وقاعات	18
وقاعاتها	18
وقاعة	18
وقالمة	18
وقامتا	18
وقانوني	18
وقانونيا	18
وقاوم	18
وقاوموا	18
وقبة	18
وقبضت	18
وقبولها	18
وقبولهم	18
وقتئذ	18
وقتذاك	18
وقتك	18
وقتلا	18
وقتلاهم	18
وقتلها	18
وقتلوها	18
وقتهم	18
وقتهما	18
وقح	18
وقحازة	18
وقدرات	18
وقدراته	18
وقدرتهما	18
وقدمتها	18
وقدمناه	18
وقدمها	18
وقدوة	18
وقدوته	18
وقرؤوها	18
وقرابة	18
وقرارت	18
وقرارها	18
وقرارهم	18
وقراها	18
وقررن	18
وقررنا	18
وقرروا	18
وقرصنة	18
وقرغيزستان	18
وقرقعة	18
وقروض	18
وقري	18
وقريبة	18
وقرينته	18
وقسد	18
وقسطرة	18
وقسنطينة	18
وقصفت	18
وقصيدة	18
وقضائية	18
وقضبان	18
وقضيتها	18
وقطعان	18
وقطيع	18
وقعته	18
وقعنا	18
وقعه	18
وقفتنا	18
وقفصة	18
وققا	18
وقلصت	18
وقلق	18
وقلقيلية	18
وقلل	18
وقللت	18
وقللوا	18
وقلم	18
وقمعهم	18
وقناته	18
وقناعتها	18
وقنوات	18
وقواتنا	18
وقواته	18
وقوامها	18
وقوانينه	18
وقوانينهم	18
وقوبل	18
وقوبلت	18
وقوتها	18
وقوفها	18
وقوفهم	18
وقوية	18
وقويين	18
وقيادتها	18
وقيادتي	18
وقيادلت	18
وقيمتهن	18
وقيمية	18
وكأننا	18
وكإجراء	18
وكاب	18
وكابوكي	18
وكابول	18
وكاتبة	18
وكاتدرائية	18
وكاتي	18
وكاره	18
وكاريتاس	18
وكاز	18
وكالتا	18
وكالفن	18
وكاميرا	18
وكانساس	18
وكانون	18
وكانيستريني	18
وكبدته	18
وكبرى	18
وكتابا	18
وكتابات	18
وكتاباتهم	18
وكتالوغ	18
وكتبها	18
وكتفا	18
وكتل	18
وكثافتها	18
وكثيرون	18
وكجزء	18
وكحكم	18
وكحلان	18
وكدنا	18
وكدولة	18
وكراء	18
وكرامات	18
وكرامته	18
وكرامتها	18
وكراهية	18
وكراهيته	18
وكربلاء	18
وكرت	18
وكرتون	18
وكردستان	18
وكررت	18
وكرروا	18
وكرواتيا	18
وكروم	18
وكريستين	18
وكريفوي	18
وكريك	18
وكريم	18
وكسروا	18
وكسروان	18
وكسفير	18
وكسلنا	18
وكطلاب	18
وكعادة	18
وكعك	18
وكفاءات	18
وكفاح	18
وكفاحا	18
وكفالات	18
وكفيرت	18
وكلاب	18
وكلامي	18
وكلباجار	18
وكليات	18
وكليمنصو	18
وكملاحظة	18
وكنتاكي	18
وكنوزها	18
وكنيسة	18
وكهرباء	18
وكهرمائية	18
وكهوفهم	18
وكوارتينغ	18
وكوبا	18
وكوت	18
وكور	18
وكورال	18
وكورسك	18
وكوريلوفكا	18
وكوزيموفكا	18
وكوستي	18
وكوسفو	18
وكوفنتري	18
وكولاب	18
وكولر	18
وكولومبيا	18
وكوم	18
وكومبيوتراتهم	18
وكي	18
وكيانا	18
وكيانات	18
وكيرينغ	18
وكيفن	18
وكيلها	18
وكيلي	18
وكيي	18
ولأبناء	18
ولأجهزة	18
ولأسباب	18
ولأغراض	18
ولأكون	18
ولأنني	18
ولأني	18
ولأهالي	18
ولأولادهم	18
ولأولياء	18
ولإإمانهن	18
ولإجراء	18
ولإن	18
ولإنتاج	18
ولإيجاد	18
ولإيران	18
ولإيصال	18
ولائحة	18
ولائحته	18
ولائي	18
ولائيا	18
ولائية	18
ولاتخاذ	18
ولاتختلف	18
ولاتفاق	18
ولاتنتقص	18
ولاجتماع	18
ولاجمل	18
ولاحقة	18
ولاختراق	18
ولادها	18
ولاذوا	18
ولارتفاع	18
ولازار	18
ولاس	18
ولاستقبال	18
ولاستمرار	18
ولاشك	18
ولاعبو	18
ولاعبون	18
ولاقى	18
ولامس	18
ولانتخاب	18
ولاهاي	18
ولاياتها	18
ولايتا	18
ولايجوز	18
ولايخالف	18
ولايرضي	18
ولبطولة	18
ولبلدنا	18
ولتباحث	18
ولتبقى	18
ولتجاوز	18
ولتجنب	18
ولتحسين	18
ولتحمل	18
ولترشيد	18
ولتعزيز	18
ولتفادي	18
ولتكتمل	18
ولتكسير	18
ولتكوين	18
ولتلبية	18
ولتنظروا	18
ولتنوير	18
ولتوضيح	18
ولثقافته	18
ولجأ	18
ولجؤوا	18
ولجانه	18
ولجعل	18
ولجم	18
ولجنتها	18
ولجهاز	18
ولجهود	18
ولحاجياتهم	18
ولحج	18
ولحد	18
ولحساب	18
ولحظات	18
ولحظة	18
ولحن	18
ولخضر	18
ولدتم	18
ولدعم	18
ولدعوة	18
ولدن	18
ولديهن	18
ولذيذ	18
ولزعزعة	18
ولسد	18
ولسكان	18
ولسنوات	18
ولشركة	18
ولشعب	18
ولصفحات	18
ولضمان	18
ولعائلتك	18
ولعبت	18
ولعبه	18
ولعدد	18
ولعقد	18
ولعقود	18
ولعكس	18
ولعلنا	18
ولعهده	18
ولعهم	18
ولغتنا	18
ولـأنه	18
ولـــذلك	18
ولفتوا	18
ولفسون	18
ولفوف	18
ولفيف	18
ولقائه	18
ولقاحات	18
ولقراءة	18
ولقرون	18
ولقيام	18
ولقيم	18
ولكافة	18
ولكلفة	18
ولكنيسة	18
وللأجهزة	18
وللأخوة	18
وللأسر	18
وللأسرة	18
وللأشخاص	18
وللأمن	18
وللأوروبيين	18
وللاحتفال	18
وللاستمتاع	18
وللاستيطان	18
وللاطمئنان	18
وللباء	18
وللبحث	18
وللتأكد	18
وللتاء	18
وللتخفيف	18
وللتعويض	18
وللثاء	18
وللثقافة	18
وللجزائر	18
وللحفاظ	18
وللحكم	18
وللحكومة	18
وللحيلولة	18
وللخرق	18
وللخروج	18
وللخسارة	18
وللدوري	18
وللرهبانية	18
وللسكان	18
وللشعب	18
وللشعـب	18
وللطائرات	18
وللطبيب	18
وللظروف	18
وللعلاقات	18
وللعلم	18
وللعلوم	18
وللفيلم	18
وللقانون	18
وللقوات	18
وللمبادئ	18
وللمتسائلين	18
وللمجتمع	18
وللمجلس	18
وللمحاكمات	18
وللمدخنين	18
وللمراقبين	18
وللمرة	18
وللمسؤوليات	18
وللمساعدة	18
وللمطالبة	18
وللمعاناة	18
وللمعلم	18
وللمقارنة	18
وللمنتخب	18
وللمنظمة	18
وللنظام	18
وللهيئات	18
وللوكلاء	18
ولمان	18
ولمبادئ	18
ولمخاطر	18
ولمدد	18
ولمرحلة	18
ولمريض	18
ولمزيد	18
ولمسافة	18
ولمساهمته	18
ولمست	18
ولمستقبل	18
ولمسنا	18
ولمعاناة	18
ولمنع	18
ولمواجهة	18
ولنأخذ	18
ولنافس	18
ولنانسي	18
ولنتائج	18
ولنسمع	18
ولنمثل	18
ولننقل	18
ولنهوضه	18
ولنوابه	18
ولهاثها	18
ولوائحها	18
ولوج	18
ولوجانسك	18
ولوجستيات	18
ولوجهم	18
ولوجيستيا	18
ولورا	18
ولوس	18
ولوضع	18
ولوقت	18
ولوك	18
ولولوة	18
ولوهانسك	18
ولويحات	18
وليامس	18
وليتفضل	18
وليدي	18
وليزر	18
وليسترشاير	18
وليصور	18
وليكسب	18
وليم	18
وليما	18
ولينتهي	18
ولينجح	18
وليندسي	18
ولينعكس	18
وليونيد	18
ومآثر	18
ومآسي	18
ومأجورين	18
ومأمونة	18
ومؤامرة	18
ومؤتمر	18
ومؤثرات	18
ومؤثرة	18
ومؤثرون	18
ومؤخرا	18
ومؤرخين	18
ومؤسس	18
ومؤسساته	18
ومؤسساتها	18
ومؤسسها	18
ومؤسف	18
ومؤشراتها	18
ومؤقت	18
ومؤكدة	18
ومؤلفات	18
ومؤلفاته	18
ومؤلفة	18
ومؤلما	18
ومؤلمة	18
ومؤهلا	18
ومؤهلات	18
ومؤهلة	18
ومؤيدين	18
ومائنا	18
ومائية	18
وماجاورها	18
ومادلين	18
وماديا	18
ومار	18
ومارأيكم	18
ومارتن	18
ومارثا	18
ومارس	18
ومارسال	18
ومارسوا	18
ومارك	18
ومازالت	18
ومازن	18
وماسك	18
وماشابه	18
ومافيات	18
وماكينات	18
ومالاوي	18
ومالطا	18
ومالكة	18
وماليا	18
ومانشستر	18
ومانهاتن	18
وماهو	18
وماهي	18
ومايا	18
ومبادراتهم	18
ومباراة	18
ومباركة	18
ومبالغ	18
ومبان	18
ومبتكر	18
ومبتكرين	18
ومبدأ	18
ومبدئية	18
ومبروك	18
ومبنية	18
ومتابعتها	18
ومتابعتي	18
ومتاجر	18
ومتاحة	18
ومتانة	18
ومتاهات	18
ومتجددة	18
ومتجهة	18
ومتحدة	18
ومتحدثي	18
ومتحور	18
ومتدربة	18
ومترجم	18
ومتزامنة	18
ومتزايد	18
ومتسارعة	18
ومتسامح	18
ومتساوية	18
ومتسبيه	18
ومتشبثا	18
ومتصاعد	18
ومتصدعون	18
ومتصلين	18
ومتضاعفة	18
ومتضخمة	18
ومتضعضع	18
ومتطلباتها	18
ومتطلباتهم	18
ومتطورة	18
ومتعة	18
ومتعدد	18
ومتعمد	18
ومتعه	18
ومتفائلين	18
ومتفرغة	18
ومتكاملة	18
ومتلازمة	18
ومتميزة	18
ومتناحرتين	18
ومتناسبة	18
ومتنامي	18
ومتنوع	18
ومتنوعة	18
ومتهمين	18
ومتوازنة	18
ومتوترة	18
ومتيقن	18
ومثابرة	18
ومثلا	18
ومثمر	18
ومثير	18
ومجابهة	18
ومجاميع	18
ومجاهديه	18
ومجاهديها	18
ومجتمعنا	18
ومجتمعي	18
ومجراها	18
ومجزية	18
ومجلات	18
ومجموعاتها	18
ومجموعاتهم	18
ومجنحة	18
ومجني	18
ومحاباتهم	18
ومحادثات	18
ومحاسبتها	18
ومحاصرتها	18
ومحاصيل	18
ومحاكاتها	18
ومحاكمتهم	18
ومحاكمه	18
ومحاموها	18
ومحامين	18
ومحاور	18
ومحاولاته	18
ومحتجا	18
ومحترمة	18
ومحددات	18
ومحددة	18
ومحدودية	18
ومحرج	18
ومحرقة	18
ومحرك	18
ومحركات	18
ومحركاتها	18
ومحفزات	18
ومحكومية	18
ومحلات	18
ومحلية	18
ومحمولة	18
ومحنتهم	18
ومحيط	18
ومحيطنا	18
ومخابؤهم	18
ومخابر	18
ومخاتير	18
ومخارج	18
ومخاض	18
ومخاطرها	18
ومخالطيه	18
ومخاوف	18
ومختبرات	18
ومختصين	18
ومختلفة	18
ومختلفون	18
ومخجل	18
ومخربين	18
ومخرجات	18
ومخرجاتها	18
ومخرجين	18
ومخططات	18
ومخططاته	18
ومخططاتهم	18
ومخلفات	18
ومخلل	18
ومخيفا	18
ومخيم	18
ومداخل	18
ومدارس	18
ومدارسها	18
ومدافعون	18
ومدته	18
ومدتها	18
ومدرات	18
ومدرب	18
ومدربه	18
ومدربونا	18
ومدربوهم	18
ومدرج	18
ومدرجات	18
ومدروسا	18
ومدع	18
ومدعمة	18
ومدعي	18
ومدفعية	18
ومدفنه	18
ومدلولاتها	18
ومدمر	18
ومدمرون	18
ومدنا	18
ومدنيا	18
ومدنيون	18
ومدها	18
ومديرا	18
ومديرو	18
ومديري	18
ومديرياتها	18
ومديرين	18
ومديونية	18
ومذاهب	18
ومذهلا	18
ومرأة	18
ومراجعات	18
ومراحله	18
ومراسلها	18
ومراسلو	18
ومراعاتها	18
ومرافقته	18
ومرافقتها	18
ومرافقتهم	18
ومرافقه	18
ومراقبتهم	18
ومراقبون	18
ومراكب	18
ومرباط	18
ومربضي	18
ومرتبة	18
ومرتبط	18
ومرتزقتهم	18
ومرتفعات	18
ومرتفعة	18
ومرتكزات	18
ومرتين	18
ومرجح	18
ومردودية	18
ومرشح	18
ومرضى	18
ومرعب	18
ومرفوضا	18
ومرفوقة	18
ومرق	18
ومرمية	18
ومرنة	18
ومروة	18
ومروحيات	18
ومروحية	18
ومرور	18
ومرونة	18
ومرونتهم	18
ومريح	18
ومريحة	18
ومريدور	18
ومزاولة	18
ومزاياه	18
ومزدهرا	18
ومزدهرة	18
ومزدوجة	18
ومزرعة	18
ومزروع	18
ومزعزع	18
ومزقت	18
ومزقها	18
ومزودة	18
ومزيدا	18
ومزينة	18
ومسؤولان	18
ومسؤولة	18
ومسؤولو	18
ومسؤولون	18
ومسؤوليات	18
ومسؤولية	18
ومسؤوليتك	18
ومسؤوليته	18
ومساءلة	18
ومسابقات	18
ومساحة	18
ومساس	18
ومساعدتهم	18
ومساعدوه	18
ومساعي	18
ومساند	18
ومساندتها	18
ومساندتهم	18
ومساهماتها	18
ومساهماتهم	18
ومساهمتهما	18
ومساهمينا	18
ومسببات	18
ومستباح	18
ومستجدات	18
ومستجداتها	18
ومستحضرات	18
ومستخدمي	18
ومستدام	18
ومستذكرا	18
ومستشاره	18
ومستشاري	18
ومستفلة	18
ومستقبلا	18
ومستقبلنا	18
ومستقبلها	18
ومستقبلهم	18
ومستقلة	18
ومستلزمات	18
ومستمر	18
ومستواه	18
ومستودعات	18
ومستودعاتهم	18
ومستوطناته	18
ومستوى	18
ومسجونين	18
ومسحة	18
ومسحتها	18
ومسدس	18
ومسرعات	18
ومسعفة	18
ومسعفون	18
ومسلح	18
ومسلحي	18
ومسلسل	18
ومسمع	18
ومسمياتها	18
ومسنين	18
ومسودة	18
ومسوغات	18
ومسوقي	18
ومسيئ	18
ومسيحيين	18
ومسيراته	18
ومسيرة	18
ومسيري	18
ومشادات	18
ومشاركته	18
ومشاريعه	18
ومشاريعها	18
ومشاعر	18
ومشاورات	18
ومشبك	18
ومشجعو	18
ومشرفة	18
ومشروطة	18
ومشروعا	18
ومشروعها	18
ومشغلي	18
ومشهرة	18
ومشوا	18
ومشوشة	18
ومشيدا	18
ومشيرة	18
ومصابة	18
ومصابي	18
ومصارعتان	18
ومصالحه	18
ومصانع	18
ومصحة	18
ومصدرو	18
ومصرة	18
ومصطنع	18
ومصفاة	18
ومصمم	18
ومصممة	18
ومصنفة	18
ومصيرية	18
ومضادة	18
ومضامينها	18
ومضخات	18
ومضختين	18
ومضخم	18
ومضطر	18
ومضطهد	18
ومضللا	18
ومضمونها	18
ومضيعة	18
ومضيفة	18
ومضيفو	18
ومضيق	18
ومطارات	18
ومطاردات	18
ومطالبا	18
ومطالبات	18
ومطالبنا	18
ومطالبهم	18
ومطبوعة	18
ومطعم	18
ومطعمه	18
ومطلقي	18
ومظهرية	18
ومعاد	18
ومعادلات	18
ومعاديا	18
ومعادية	18
ومعاشات	18
ومعاقبة	18
ومعاقبتهم	18
ومعاقي	18
ومعاكسة	18
ومعالجته	18
ومعالمها	18
ومعالي	18
ومعاناتهم	18
ومعاهد	18
ومعاهدات	18
ومعاينته	18
ومعبد	18
ومعبر	18
ومعتاد	18
ومعتدلا	18
ومعتقلون	18
ومعتمد	18
ومعتمدي	18
ومعجزات	18
ومعجزة	18
ومعداتها	18
ومعدل	18
ومعدلات	18
ومعرفية	18
ومعركة	18
ومعزولة	18
ومعصوب	18
ومعطياته	18
ومعظمهم	18
ومعقدة	18
ومعلومات	18
ومعنويا	18
ومعنوية	18
ومعهدين	18
ومعوقات	18
ومعيشية	18
ومغانمها	18
ومغبرة	18
ومغدوشة	18
ومغذي	18
ومغذيات	18
ومغرب	18
ومغرضة	18
ومغريدن	18
ومغزى	18
ومغطى	18
ومغنم	18
ومفاجئ	18
ومفاعيل	18
ومفاهيم	18
ومفتشي	18
ومفتوحة	18
ومفصلية	18
ومفعمة	18
ومفيدة	18
ومقاتلات	18
ومقاتلها	18
ومقارعتها	18
ومقاضاته	18
ومقامه	18
ومقاوم	18
ومقاوميها	18
ومقايضة	18
ومقاييس	18
ومقبول	18
ومقبولا	18
ومقترح	18
ومقترحات	18
ومقترحاتنا	18
ومقتضيات	18
ومقدراته	18
ومقدراتها	18
ومقذوفات	18
ومقران	18
ومقصود	18
ومقصوده	18
ومقطوعة	18
ومكافحتها	18
ومكانته	18
ومكاني	18
ومكبرات	18
ومكتبه	18
ومكتوب	18
ومكثا	18
ومكثف	18
ومكثفات	18
ومكررا	18
ومكرونه	18
ومكسرون	18
ومكملات	18
ومكن	18
ومكناس	18
ومكياج	18
وملاحظة	18
وملاحه	18
وملازمة	18
وملامحها	18
وملتزما	18
وملزما	18
وملزمة	18
وملصقات	18
وملعا	18
وملف	18
وملموس	18
وملموسة	18
وملوثة	18
وملوحتها	18
ومليئة	18
ومليار	18
وملياري	18
ومليشيات	18
ومليشياته	18
ومليوني	18
وممارساته	18
وممارساتها	18
وممتلئات	18
وممتلكات	18
وممتلكاته	18
وممثليهم	18
وممرر	18
وممرضين	18
وممنوعة	18
ومموليها	18
ومميتة	18
ومميزا	18
ومميزة	18
ومناجاته	18
ومناخها	18
ومنازلهم	18
ومناسب	18
ومناصرتهم	18
ومناضلو	18
ومناضلين	18
ومناطيد	18
ومنافذ	18
ومنافية	18
ومناهج	18
ومنبج	18
ومنبرنا	18
ومنتجات	18
ومنتجة	18
ومنتقدون	18
ومنحاز	18
ومنحة	18
ومنحنا	18
ومنخافش	18
ومنخرط	18
ومندمجون	18
ومنذر	18
ومنسقة	18
ومنسوجة	18
ومنشآتها	18
ومنشأة	18
ومنشأتين	18
ومنشغل	18
ومنصاتها	18
ومنصب	18
ومنطق	18
ومنطقتنا	18
ومنطلقاتها	18
ومنطلقه	18
ومنظماته	18
ومنظومات	18
ومنظومته	18
ومنغوليا	18
ومنفتحا	18
ومنفتحة	18
ومنفذ	18
ومنقاوم	18
ومنهجا	18
ومنهجه	18
ومنهجي	18
ومنهجية	18
ومنهكة	18
ومهابط	18
ومهاجرين	18
ومهاجمة	18
ومهاجمته	18
ومهاما	18
ومهامه	18
ومهانة	18
ومهد	18
ومهدي	18
ومهسا	18
ومهم	18
ومهمتان	18
ومهمتنا	18
ومهند	18
ومهندس	18
ومهندسي	18
ومهنية	18
ومواءمة	18
ومواجهتهم	18
وموادها	18
ومواردها	18
وموازنات	18
ومواشيهم	18
ومواضيع	18
ومواطني	18
ومواطنين	18
ومواعيد	18
ومواعيدها	18
ومواقعها	18
ومواقفة	18
ومواقفكم	18
ومواقفهن	18
وموال	18
وموالون	18
وموانئ	18
ومواهب	18
وموثوق	18
وموثوقة	18
وموجات	18
وموجه	18
وموجودة	18
وموحد	18
ومورد	18
وموردنت	18
وموروثها	18
وموزعي	18
وموسم	18
وموسيقى	18
وموضعهم	18
وموطن	18
وموظفو	18
وموظفون	18
وموظفيها	18
وموعد	18
وموقعه	18
وموقعها	18
وموقفها	18
وموقفهم	18
ومولدات	18
ومولدافيا	18
ومولي	18
ومون	18
وموناكو	18
وموهوب	18
وميامي	18
ومياه	18
وميثاق	18
ومير	18
وميزات	18
وميزة	18
وميسان	18
وميسوري	18
وميغيل	18
وميكانيزما	18
وميكانيك	18
وميكنة	18
وميكولاييف	18
وميكيلي	18
وميلة	18
وميمنة	18
ومين	18
ومينسك	18
وميولهم	18
ونأتي	18
ونأسف	18
ونإ	18
ونائبا	18
ونائبي	18
وناالقبض	18
وناتج	18
وناجحة	18
ونادر	18
ونادرا	18
ونادين	18
وناسبه	18
وناشدوا	18
وناشرو	18
وناشط	18
وناشطا	18
وناشطوها	18
وناضل	18
ونافال	18
وناقشناه	18
وناقلة	18
وناقلتي	18
وناميبيا	18
ونبتة	18
ونبحث	18
ونبدأ	18
ونبدو	18
ونبراسكا	18
ونبقى	18
ونبلع	18
ونبلغ	18
ونتأكد	18
ونتأمل	18
ونتائجه	18
ونتاجك	18
ونتحدى	18
ونتحرك	18
ونترشيل	18
ونتعاون	18
ونتقدم	18
ونتنياهو	18
ونجاحاته	18
ونجاحاتها	18
ونجاحك	18
ونجاحه	18
ونجحوا	18
ونجري	18
ونجل	18
ونجمة	18
ونجمت	18
ونجوع	18
ونجومها	18
ونجوى	18
ونحافظ	18
ونحتاج	18
ونحتها	18
ونحث	18
ونحدث	18
ونحذر	18
ونحول	18
ونحيي	18
ونخبهم	18
ونختلف	18
ونخسر	18
ونخشى	18
ونخضع	18
وندا	18
ونداء	18
وندائي	18
وندخل	18
وندخن	18
وندرك	18
وندعمه	18
وندعو	18
وندوات	18
ونذهب	18
ونرسم	18
ونرفض	18
ونرفع	18
ونزار	18
ونزاهة	18
ونزاهتهم	18
ونزح	18
ونزحت	18
ونزف	18
ونزلات	18
ونزيه	18
ونزيهة	18
ونساندها	18
ونستأنف	18
ونستسلم	18
ونستضيف	18
ونستطلع	18
ونستطيع	18
ونستفيد	18
ونستمد	18
ونستمع	18
ونسفوا	18
ونسقوا	18
ونسلم	18
ونسمح	18
ونسيان	18
ونسيم	18
ونشأة	18
ونشات	18
ونشارك	18
ونشاط	18
ونشروا	18
ونشط	18
ونشكر	18
ونشيد	18
ونشير	18
ونصحتهم	18
ونصحوني	18
ونصراوي	18
ونصوصه	18
ونصير	18
ونضال	18
ونضالها	18
ونضالهم	18
ونضعه	18
ونضغط	18
ونضيع	18
ونطالب	18
ونطبق	18
ونطمئن	18
ونطنز	18
ونظارات	18
ونظراؤها	18
ونظرائه	18
ونظرائهم	18
ونظرة	18
ونظيرته	18
ونظيرها	18
ونظيفة	18
ونعارض	18
ونعاهد	18
ونعت	18
ونعتبر	18
ونعترف	18
ونعتزم	18
ونعتقد	18
ونعد	18
ونعدكم	18
ونعطيك	18
ونعقد	18
ونعمل	18
ونعني	18
ونعود	18
ونعول	18
ونعى	18
ونعيشها	18
ونغم	18
ونغماته	18
ونفاق	18
ونفايات	18
ونفدت	18
ونفذها	18
ونفرق	18
ونفسيا	18
ونفسية	18
ونفضت	18
ونفطنا	18
ونفطي	18
ونفوق	18
ونقاباتها	18
ونقابيون	18
ونقاد	18
ونقاشا	18
ونقاشات	18
ونقاشية	18
ونقدر	18
ونقدية	18
ونقرأ	18
ونقرها	18
ونقطتي	18
ونقعها	18
ونقلة	18
ونقلتهم	18
ونقلنا	18
ونقوم	18
ونقيبة	18
ونكاد	18
ونكتب	18
ونكدها	18
ونكران	18
ونكرة	18
ونكلودوين	18
ونكون	18
ونلقح	18
ونماء	18
ونمد	18
ونمذجة	18
ونمشي	18
ونموه	18
وننتشل	18
وننتصر	18
وننتظرهم	18
وننظر	18
ونهائي	18
ونهار	18
ونهاياتها	18
ونهج	18
ونهجه	18
ونهضة	18
ونهل	18
ونوادي	18
ونواصل	18
ونواف	18
ونوافذه	18
ونوافير	18
ونواياه	18
ونوبات	18
ونود	18
ونورد	18
ونوشين	18
ونوعي	18
ونومها	18
ونوميديا	18
ونويل	18
ونيابة	18
ونيجريا	18
ونيران	18
ونيك	18
ونيكاراغوا	18
ونيكولاييف	18
ونيو	18
ونيوجيرسي	18
ونيودلهي	18
ونيوكاسل	18
وهاب	18
وهابت	18
وهاتف	18
وهاج	18
وهاجمت	18
وهاجموا	18
وهادئة	18
وهاري	18
وهافانا	18
وهايكو	18
وهبتهم	18
وهبطوا	18
وهبنا	18
وهتافات	18
وهتان	18
وهتف	18
وهتفت	18
وهتفوا	18
وهج	18
وهجدة	18
وهجومه	18
وهدافه	18
وهدايا	18
وهددت	18
وهددوا	18
وهدر	18
وهدف	18
وهدفت	18
وهدفنا	18
وهربيك	18
وهرعت	18
وهروبهم	18
وهزيمة	18
وهزيمتهم	18
وهطلت	18
وهطول	18
وهــو	18
وهلسنكي	18
وهمة	18
وهمومهم	18
وهميا	18
وهنأ	18
وهنأهن	18
وهندوس	18
وهنريك	18
وهنود	18
وهوالهدف	18
وهوامش	18
وهوجان	18
وهورا	18
وهون	18
وهويته	18
وهويتها	18
وهويرى	18
وهيأت	18
وهيأوا	18
وهيئاتها	18
وهيا	18
وهيدا	18
وهيرتا	18
وهيرميس	18
وهيسن	18
وهيكلية	18
وهيلاري	18
وهيليوبوليس	18
وهيمن	18
وهيوستن	18
ووأد	18
ووأضافت	18
وواثقين	18
وواجبات	18
وواردات	18
ووارنر	18
وواسع	18
وواصلت	18
وواضحة	18
وواعدة	18
وواعلنت	18
ووافقته	18
ووالأردن	18
ووالتز	18
ووالدتها	18
ووالدها	18
ووالي	18
ووباء	18
ووبكي	18
ووبي	18
ووتر	18
ووترتاون	18
ووتسارع	18
ووتكي	18
ووتيرة	18
ووثائق	18
ووثقت	18
ووثيقة	18
ووجدانيا	18
ووجهاء	18
ووجهات	18
ووحداته	18
ووحدتها	18
ووحشي	18
ووحشيتها	18
ووحيد	18
ووخز	18
وودائع	18
وودبريدج	18
وودز	18
ووديا	18
ووديع	18
وور	18
ووردان	18
ووردل	18
وورك	18
وورلد	18
وورمان	18
وورنر	18
ووري	18
ووريثه	18
ووزارته	18
ووزعت	18
ووزميله	18
ووزنا	18
ووزيري	18
ووسائله	18
ووسعت	18
ووسيلة	18
ووشو	18
ووشيك	18
ووصفته	18
ووصفوها	18
ووصلا	18
ووصلتا	18
ووصلنا	18
ووصولا	18
ووضح	18
ووضخ	18
ووضعن	18
ووضوح	18
ووطنية	18
ووطيدة	18
ووظائف	18
ووعدتم	18
ووعيده	18
ووعيه	18
ووغد	18
ووفدا	18
ووفيات	18
ووقائع	18
ووقائية	18
ووقاحة	18
ووقعتها	18
ووقفات	18
ووقفها	18
ووقفية	18
ووقود	18
ووقوف	18
ووقوفها	18
ووقوفهم	18
ووكالتي	18
ووكر	18
وولداه	18
ووليم	18
ووهان	18
وويست	18
وويسكونسن	18
ووينديز	18
ويأتون	18
ويأتيهم	18
ويأخذوا	18
ويأسف	18
ويأمرونه	18
ويؤدون	18
ويؤذي	18
ويؤسس	18
ويئن	18
ويائير	18
وياد	18
ويبتز	18
ويبتليك	18
ويبث	18
ويبدي	18
ويبذل	18
ويبعده	18
ويبنون	18
ويبونهاندل	18
ويبيعون	18
ويتآمرون	18
ويتأثر	18
ويتأرجح	18
ويتأكدوا	18
ويتألف	18
ويتأهل	18
ويتبعون	18
ويتبقى	18
ويتبلور	18
ويتبناه	18
ويتبنى	18
ويتثبون	18
ويتجاهل	18
ويتجاوز	18
ويتجنب	18
ويتحاورون	18
ويتحدثون	18
ويتحدد	18
ويتحلى	18
ويتخصص	18
ويتخلل	18
ويتخوف	18
ويتدنى	18
ويتدهور	18
ويترأسه	18
ويترأسها	18
ويتراجع	18
ويترقب	18
ويتز	18
ويتساءل	18
ويتساءلون	18
ويتساقط	18
ويتسع	18
ويتسول	18
ويتشابه	18
ويتشارك	18
ويتشبث	18
ويتطلع	18
ويتعافى	18
ويتعالى	18
ويتعامل	18
ويتعثر	18
ويتعرفون	18
ويتعزز	18
ويتفق	18
ويتقابل	18
ويتقيأ	18
ويتكرر	18
ويتكلمون	18
ويتلقون	18
ويتماشى	18
ويتمايل	18
ويتمتع	18
ويتمسك	18
ويتمكنوا	18
ويتنافس	18
ويتناقل	18
ويتناول	18
ويتنس	18
ويتنقل	18
ويتهدد	18
ويتهمك	18
ويتهمه	18
ويتواترسراند	18
ويتواصل	18
ويتواصلون	18
ويتوتر	18
ويتوجب	18
ويتوزع	18
ويتوسع	18
ويتوسل	18
ويتون	18
ويتيقن	18
ويثق	18
ويجادلون	18
ويجتذب	18
ويجدون	18
ويجعلهم	18
ويجعلونها	18
ويجمد	18
ويجهزهم	18
ويجوب	18
ويجيان	18
ويحاربون	18
ويحاسبوا	18
ويحبونها	18
ويحتاجونها	18
ويحتجز	18
ويحتضن	18
ويحتفظ	18
ويحتفظون	18
ويحجب	18
ويحددون	18
ويحذف	18
ويحرروا	18
ويحرص	18
ويحرقون	18
ويحرمها	18
ويحسبون	18
ويحصن	18
ويحظر	18
ويحظى	18
ويحفز	18
ويحفظك	18
ويحققه	18
ويحملوا	18
ويحميها	18
ويحولها	18
ويحوي	18
ويحيا	18
ويحيطون	18
ويخبرنا	18
ويخبرونني	18
ويخت	18
ويختبره	18
ويختبرها	18
ويختتم	18
ويختفي	18
ويختلط	18
ويخص	18
ويخطط	18
ويخططون	18
ويخفيان	18
ويخلص	18
ويخلصنا	18
ويخلع	18
ويخنقها	18
ويخوض	18
ويخيم	18
ويدار	18
ويداه	18
ويدجانتو	18
ويدجويو	18
ويدعمهم	18
ويدعمونه	18
ويدفعون	18
ويدلل	18
ويدمر	18
ويدنس	18
ويذبح	18
وير	18
ويراعى	18
ويرتجل	18
ويرتقب	18
ويرتقي	18
ويرتكز	18
ويرددها	18
ويرددون	18
ويردف	18
ويردهم	18
ويرسخ	18
ويرسخونها	18
ويرفضون	18
ويركبون	18
ويركله	18
ويرميها	18
ويرويان	18
ويزاحم	18
ويزرع	18
ويزكي	18
ويزود	18
ويزور	18
ويزوره	18
ويس	18
ويسألوننا	18
ويسارا	18
ويسارع	18
ويسافر	18
ويسبب	18
ويسبقه	18
ويستجدون	18
ويستجيب	18
ويستحضر	18
ويستدرك	18
ويستذكر	18
ويستشفي	18
ويستطيع	18
ويستطيعون	18
ويستعدون	18
ويستعيد	18
ويستعير	18
ويستغرق	18
ويستفيد	18
ويستكشف	18
ويستمعون	18
ويستنكر	18
ويستهدف	18
ويستهل	18
ويستهلك	18
ويسرقان	18
ويسرنا	18
ويسع	18
ويسعدنا	18
ويسعني	18
ويسلبون	18
ويسلحون	18
ويسلط	18
ويسلمون	18
ويسمونها	18
ويسند	18
ويسهرون	18
ويسود	18
ويسوع	18
ويسيء	18
ويسيطر	18
ويسينج	18
ويشاركنا	18
ويشاركهم	18
ويشاركون	18
ويشتبه	18
ويشترك	18
ويشتهر	18
ويشحن	18
ويشرحوا	18
ويشرد	18
ويشركه	18
ويشعرن	18
ويشعرون	18
ويشكك	18
ويشكوا	18
ويشوه	18
ويشوهون	18
ويصاحب	18
ويصادف	18
ويصار	18
ويصارع	18
ويصبحون	18
ويصحبها	18
ويصدر	18
ويصطدم	18
ويصفع	18
ويصفه	18
ويصنعوا	18
ويصنف	18
ويصورها	18
ويصونها	18
ويضبط	18
ويضربه	18
ويضربون	18
ويضرمون	18
ويضطرون	18
ويضطلع	18
ويضعنا	18
ويضيع	18
ويضيفان	18
ويطالبه	18
ويطبع	18
ويطعن	18
ويطل	18
ويطمح	18
ويطيح	18
ويطير	18
ويطيع	18
ويظهرون	18
ويعتبره	18
ويعتبرها	18
ويعترف	18
ويعتزمون	18
ويعتقدون	18
ويعتلي	18
ويعتمدون	18
ويعرب	18
ويعرج	18
ويعرضون	18
ويعرفها	18
ويعرقل	18
ويعزي	18
ويعطل	18
ويعطونهم	18
ويعقد	18
ويعلق	18
ويعمق	18
ويعمه	18
ويعوض	18
ويعول	18
ويعيقون	18
ويعينهم	18
ويغط	18
ويغفرها	18
ويغلقون	18
ويغنون	18
ويفا	18
ويفاقم	18
ويفتتح	18
ويفتخر	18
ويفترض	18
ويفتقد	18
ويفرض	18
ويفسح	18
ويفشل	18
ويفصل	18
ويفضي	18
ويفقد	18
ويفكر	18
ويفيض	18
ويقابل	18
ويقام	18
ويقاوم	18
ويقاومه	18
ويقبع	18
ويقترب	18
ويقدمان	18
ويقدموا	18
ويقدمون	18
ويقصدها	18
ويقصي	18
ويقظة	18
ويقلب	18
ويقلص	18
ويقلق	18
ويقومون	18
ويقين	18
ويكان	18
ويكبيديا	18
ويكتسب	18
ويكتفى	18
ويكرر	18
ويكرهون	18
ويكسرها	18
ويكف	18
ويكفل	18
ويكلفها	18
ويكلفونه	18
ويكمم	18
ويكونان	18
ويكونوا	18
ويكيليكس	18
ويلاحقونهم	18
ويلبي	18
ويلتقون	18
ويلدن	18
ويلزباك	18
ويلعبان	18
ويلغي	18
ويلفظ	18
ويلمستاد	18
ويلوباي	18
ويلوح	18
ويليس	18
ويلينغتون	18
ويمارس	18
ويمارسون	18
ويمتدان	18
ويمتلكون	18
ويمثلوا	18
ويمحاولون	18
ويمكنكم	18
ويمكنهما	18
ويملكان	18
ويمنحها	18
ويمولون	18
ويناقش	18
وينال	18
ويناور	18
وينتج	18
وينتجوها	18
وينتر	18
وينترشال	18
وينتشر	18
وينتفض	18
وينتقد	18
وينتمي	18
وينتهك	18
وينتهى	18
وينجح	18
وينجز	18
وينحدر	18
ويند	18
ويندراش	18
ويندرج	18
ويندسور	18
ويندميل	18
ويندهوك	18
وينسى	18
وينشدون	18
وينشط	18
وينضم	18
وينعكس	18
وينغ	18
وينفثوا	18
وينفذون	18
وينمي	18
وينهض	18
ويهاجمه	18
ويهتفون	18
ويهتمون	18
ويهددون	18
ويهدفون	18
ويهدم	18
ويهدوت	18
ويهربونه	18
ويهم	18
ويهيم	18
ويواجهون	18
ويوثق	18
ويوحد	18
ويوسمها	18
ويوصله	18
ويوصي	18
ويوقع	18
ويولد	18
ويومية	18
ويومين	18
ويونغكين	18
ويوورك	18
ىأنه	18
يأتيا	18
يأخذنا	18
يأسر	18
يأسس	18
يؤثران	18
يؤدوا	18
يؤرخ	18
يؤسس	18
يؤسفني	18
يؤشر	18
يؤطرها	18
يؤلم	18
يؤلمني	18
يؤمنه	18
يؤمه	18
يؤهله	18
يؤهلها	18
يؤيدوا	18
يائس	18
ياباني	18
ياتسيك	18
ياتسينيوك	18
ياخاد	18
يادجار	18
يارجال	18
ياردات	18
ياردة	18
يارون	18
يارياض	18
ياريشان	18
ياز	18
يازجي	18
ياساريفيتش	18
ياسبر	18
ياسلوفيتس	18
ياسمينة	18
ياسوكازو	18
ياسومان	18
ياسينسكا	18
ياطر	18
ياغي	18
يافطات	18
يافعات	18
يافوز	18
يافي	18
ياكوف	18
يالطا	18
يالوفا	18
ياما	18
ياماغامي	18
ياملن	18
يانس	18
يانشيكنائب	18
يانصيب	18
يانكوريج	18
يانكينغ	18
يانوح	18
يانوكوفيتش	18
يانيت	18
ياواندي	18
ياويندي	18
يايا	18
يبادلهم	18
يباركلك	18
يبتعد	18
يبحثا	18
يبحثان	18
يبدءا	18
يبدعوا	18
يبديه	18
يبذلان	18
يبرم	18
يبزغ	18
يبطنون	18
يبعدنا	18
يبعدوه	18
يبقيا	18
يبقيها	18
يبكين	18
يبلغان	18
يبهت	18
يبيعانها	18
يتآمر	18
يتأخروا	18
يتأخرون	18
يتأسس	18
يتألق	18
يتألم	18
يتأملون	18
يتأهب	18
يتابعونها	18
يتاوز	18
يتباحثون	18
يتبادلان	18
يتباركون	18
يتباهى	18
يتبعوا	18
يتبقى	18
يتبنوا	18
يتجاهلنا	18
يتجاوزهم	18
يتجاوزون	18
يتجرأون	18
يتجسد	18
يتجشم	18
يتجمع	18
يتجمعون	18
يتجنبون	18
يتجهزون	18
يتحالفا	18
يتحداه	18
يتحدثن	18
يتحددان	18
يتحدرون	18
يتحركون	18
يتحسب	18
يتحسر	18
يتحسن	18
يتحضر	18
يتحضرون	18
يتحفظ	18
يتحكمون	18
يتحلقون	18
يتحلى	18
يتحمس	18
يتحملان	18
يتحولوا	18
يتخذان	18
يتخلله	18
يتخلوا	18
يتخلون	18
يتخيلها	18
يتدخلوا	18
يتدربون	18
يتدفقون	18
يتذكره	18
يتذلل	18
يترأسه	18
يتراقص	18
يتراكم	18
يتراود	18
يتربص	18
يتربع	18
يترجل	18
يترجموه	18
يترسخ	18
يترشح	18
يترشحوا	18
يترقبون	18
يترقى	18
يتركنا	18
يتزعزع	18
يتزلجون	18
يتسق	18
يتسلئيل	18
يتسلقون	18
يتسلل	18
يتسلم	18
يتسمرون	18
يتسمم	18
يتسهار	18
يتسوقون	18
يتسولون	18
يتشارك	18
يتشجعون	18
يتصادف	18
يتصادمان	18
يتصالح	18
يتصدره	18
يتصدروا	18
يتصرفوا	18
يتصرفون	18
يتصفح	18
يتصفحها	18
يتصلب	18
يتصوره	18
يتضاعف	18
يتضامن	18
يتضخم	18
يتضور	18
يتطرقوا	18
يتطلبان	18
يتظاهرون	18
يتعاطيان	18
يتعاظم	18
يتعافوا	18
يتعاونان	18
يتعثر	18
يتعثرون	18
يتعرفوا	18
يتعقب	18
يتعمق	18
يتعهد	18
يتغاضون	18
يتغلغل	18
يتغمدهم	18
يتفاقم	18
يتفاوض	18
يتفاوضون	18
يتفجر	18
يتفشى	18
يتفوقون	18
يتفوه	18
يتقاسمانها	18
يتقاعس	18
يتقمص	18
يتقنها	18
يتقنون	18
يتقيدوا	18
يتكفل	18
يتكفلون	18
يتكلفوا	18
يتكهن	18
يتلاءم	18
يتلخص	18
يتلقاه	18
يتلقاها	18
يتلقونها	18
يتلوها	18
يتما	18
يتماهون	18
يتمتعان	18
يتمتعن	18
يتمثلان	18
يتمرض	18
يتمركزون	18
يتمسكون	18
يتملقه	18
يتململوا	18
يتممونها	18
يتمهد	18
يتنازلوا	18
يتناسون	18
يتنافسون	18
يتنافى	18
يتناقص	18
يتناقله	18
يتناوب	18
يتناوبان	18
يتهافت	18
يتهافتون	18
يتهاون	18
يتهرب	18
يتهمها	18
يتهيئون	18
يتواجدان	18
يتوافدون	18
يتوحد	18
يتوحدون	18
يتورط	18
يتوسط	18
يتوسعوا	18
يتوسلون	18
يتوعدوا	18
يتوفرون	18
يتوقعه	18
يتوقعونه	18
يتوقفوا	18
يتوكأ	18
يتير	18
يثبط	18
يثلج	18
يثنيها	18
يثيره	18
يجابهها	18
يجازفون	18
يجامل	18
يجاهر	18
يجبرهم	18
يجتازون	18
يجتز	18
يجدر	18
يجرؤ	18
يجرؤوا	18
يجرم	18
يجريان	18
يجريعمله	18
يجريها	18
يجسدون	18
يجفى	18
يجلبهما	18
يجمعونه	18
يجملون	18
يجنبها	18
يجهد	18
يجهضن	18
يجي	18
يحاربونه	18
يحاصر	18
يحاصره	18
يحاصرون	18
يحافظون	18
يحاك	18
يحالفهم	18
يحاولان	18
يحاولن	18
يحتاجكم	18
يحتاجوا	18
يحتاجونه	18
يحتاجونها	18
يحتجان	18
يحتجزهم	18
يحترف	18
يحترمه	18
يحترموننا	18
يحتسبها	18
يحتضر	18
يحتضننا	18
يحتضنها	18
يحتفظون	18
يحتفي	18
يحتكر	18
يحتويها	18
يحثهم	18
يحدده	18
يحددون	18
يحدها	18
يحذوا	18
يحرج	18
يحرسون	18
يحرض	18
يحركه	18
يحرموننا	18
يحزقيل	18
يحصدوا	18
يحصدون	18
يحصيهم	18
يحظ	18
يحظوا	18
يحظون	18
يحفز	18
يحفل	18
يحققه	18
يحققوا	18
يحققون	18
يحكمها	18
يحلحل	18
يحللون	18
يحلمون	18
يحملن	18
يحملونه	18
يحمون	18
يحولها	18
يحولوا	18
يخاطبها	18
يخاطرون	18
يخالفهم	18
يخبرونا	18
يختارونه	18
يختبئ	18
يختبره	18
يختتمان	18
يختتن	18
يخترب	18
يخترق	18
يختزلها	18
يختصر	18
يختفون	18
يختلق	18
يخجلنا	18
يخدمنا	18
يخدموا	18
يخذله	18
يخذلهم	18
يخزيك	18
يخسره	18
يخطف	18
يخطو	18
يخفت	18
يخفيهم	18
يخلدوا	18
يخلدون	18
يخلصني	18
يخمن	18
يخوضا	18
يخوضان	18
يخولها	18
يخيرنا	18
يخيفها	18
يداعب	18
يداوم	18
يداويها	18
يدحض	18
يدخلنا	18
يدخن	18
يدرسوا	18
يدرسونها	18
يدشن	18
يدعان	18
يدعموا	18
يدعونها	18
يدعوها	18
يدعوى	18
يدعيان	18
يدعيهما	18
يدفعا	18
يدفعك	18
يدفعهم	18
يدفعوا	18
يدقون	18
يدم	18
يدمج	18
يدنسه	18
يدنسون	18
يدهسان	18
يدهم	18
يديرونها	18
يدينت	18
يذكرأن	18
يذكرن	18
يذكرنا	18
يذهبا	18
يرئس	18
يرئسها	18
يرابط	18
يراعوا	18
يرافقان	18
يراق	18
يراقبون	18
يراهنان	18
يراودنا	18
يربت	18
يربطان	18
يربطه	18
يربطوا	18
يربكني	18
يرتاده	18
يرتجف	18
يرتديان	18
يرتدين	18
يرتديه	18
يرتديها	18
يرتفعون	18
يرتكبه	18
يرحبون	18
يرسخ	18
يرسخون	18
يرشحها	18
يرشدك	18
يرشقهم	18
يرفد	18
يرفدون	18
يرفضان	18
يرفضه	18
يرفضها	18
يرقدا	18
يرقصون	18
يركح	18
يركزوا	18
يركزون	18
يركلني	18
يرمز	18
يرنو	18
يروجوا	18
يروجون	18
يرومون	18
يرىأنه	18
يريدك	18
يريدونني	18
يريدونه	18
يريدونها	18
يزج	18
يزدهر	18
يزر	18
يزعجك	18
يزعجني	18
يزعزع	18
يزود	18
يزوداننا	18
يزودونهم	18
يزيح	18
يزيدا	18
يسألونني	18
يسارا	18
يسارعان	18
يساعدا	18
يساعدان	18
يساعدنا	18
يساعدونا	18
يساعدوه	18
يسافروا	18
يساند	18
يسانده	18
يساهموا	18
يساور	18
يساوم	18
يسببون	18
يستثمر	18
يستثمروا	18
يستجب	18
يستحسنه	18
يستحقان	18
يستخدمن	18
يستذكر	18
يستسلم	18
يستسهل	18
يستشري	18
يستشيط	18
يستطعن	18
يستطيعان	18
يستعدوا	18
يستعدون	18
يستعرضها	18
يستعرضون	18
يستعملونها	18
يستعيده	18
يستعير	18
يستفتى	18
يستفيدوا	18
يستقبله	18
يستقلها	18
يستقوا	18
يستقيل	18
يستكشف	18
يستلموها	18
يستلهموا	18
يستمتعوا	18
يستمدها	18
يستنجدون	18
يستنسخ	18
يستنشق	18
يستنفد	18
يستنفر	18
يستنكر	18
يستهدفان	18
يستهزء	18
يستهلك	18
يستهلكه	18
يستهلكها	18
يستوطن	18
يستيقظون	18
يسجلها	18
يسجلون	18
يسجن	18
يسخرن	18
يسخرون	18
يسرد	18
يسرقها	18
يسرقوا	18
يسطرون	18
يسعدنا	18
يسعل	18
يسعني	18
يسعوا	18
يسعي	18
يسلكه	18
يسلكونها	18
يسمحوا	18
يسمعوننا	18
يسمهم	18
يسمونهم	18
يسميني	18
يسنها	18
يسهار	18
يسهر	18
يسودها	18
يسوقه	18
يسيئون	18
يسيران	18
يسيطران	18
يسين	18
يشاؤون	18
يشاركان	18
يشاركها	18
يشاركونه	18
يشاع	18
يشاهدوا	18
يشاهدوها	18
يشاي	18
يشبعها	18
يشتغلون	18
يشجعها	18
يشحذون	18
يشدو	18
يشرفان	18
يشرفني	18
يشرق	18
يشعران	18
يشعرن	18
يشعرنا	18
يشعرني	18
يشقون	18
يشككون	18
يشكلها	18
يشل	18
يشو	18
يشوعي	18
يشيب	18
يشيخ	18
يشيران	18
يشيل	18
يصابوا	18
يصابون	18
يصاحبه	18
يصادر	18
يصادفهم	18
يصارعون	18
يصبحوا	18
يصبحون	18
يصبون	18
يصدقها	18
يصدقوا	18
يصدم	18
يصرعلى	18
يصطدم	18
يصطدمون	18
يصطف	18
يصطفون	18
يصعدون	18
يصفهم	18
يصلبون	18
يصمت	18
يصمد	18
يصمموا	18
يصنفهم	18
يصنفون	18
يصوت	18
يصول	18
يصيبك	18
يصيحوا	18
يضافون	18
يضاهيها	18
يضخ	18
يضربوه	18
يضطرنا	18
يضطهد	18
يضعفوا	18
يضعنا	18
يضعني	18
يضعوا	18
يضغطون	18
يضمه	18
يطاردنا	18
يطاردون	18
يطال	18
يطالبن	18
يطالبوننا	18
يطبقون	18
يطرب	18
يطرحه	18
يطرده	18
يطردوا	18
يطرزها	18
يطفح	18
يطلعنا	18
يطلقان	18
يطمأن	18
يطمحون	18
يطمس	18
يطوروا	18
يطيعون	18
يظلمه	18
يظلون	18
يظهران	18
يعاجل	18
يعادله	18
يعادلها	18
يعاديان	18
يعارضوننا	18
يعاقبك	18
يعالجون	18
يعاملون	18
يعانونه	18
يعانى	18
يعاود	18
يعايشن	18
يعبثوا	18
يعبره	18
يعتبران	18
يعتبرونه	18
يعتبرونهم	18
يعتبوا	18
يعتديان	18
يعترضن	18
يعتريها	18
يعتز	18
يعتزمان	18
يعتقدوا	18
يعتلون	18
يعتمدها	18
يعتمرون	18
يعتمل	18
يعتنق	18
يعتنين	18
يعثروا	18
يعج	18
يعجبنا	18
يعدوا	18
يعذره	18
يعر	18
يعرضوا	18
يعرفان	18
يعرفن	18
يعرقل	18
يعرقلها	18
يعرقلون	18
يعززون	18
يعزف	18
يعزو	18
يعزوه	18
يعشقها	18
يعشقون	18
يعشون	18
يعصف	18
يعطلونك	18
يعقدا	18
يعقده	18
يعقدها	18
يعقوبيان	18
يعكسون	18
يعكوف	18
يعلمني	18
يعلمونه	18
يعلمونها	18
يعلنه	18
يعلنوا	18
يعمق	18
يعملب	18
يعنفون	18
يعنيك	18
يعوق	18
يعوقا	18
يعيدون	18
يعيرني	18
يعيروا	18
يعيشونها	18
يعيشوها	18
يعيننا	18
يغادرون	18
يغازل	18
يغامر	18
يغتال	18
يغضان	18
يغضبك	18
يغطيه	18
يغمد	18
يغمره	18
يغنوا	18
يغي	18
يغيبوا	18
يغيرها	18
يـأتي	18
يفاجئ	18
يفاجئنا	18
يفاجئني	18
يفاخر	18
يفارقهن	18
يفاقم	18
يفباتي	18
يفترضان	18
يفتش	18
يفتشون	18
يفتعلها	18
يفتقران	18
يفتقرون	18
يفجرون	18
يفحص	18
يفخرن	18
يفرسه	18
يفرشون	18
يفرضون	18
يفرضونها	18
يفرون	18
يفزوا	18
يفسح	18
يفسخه	18
يفصلان	18
يفصله	18
يفضلن	18
يفضله	18
يفضى	18
يفعلان	18
يفعلوه	18
يفغين	18
يفقدن	18
يفقدون	18
يفقهوا	18
يفكران	18
يفكك	18
يفهموا	18
يفوتنا	18
يفوتوا	18
يفيتوت	18
يقارنون	18
يقاضون	18
يقاضيهم	18
يقاومون	18
يقبلان	18
يقتبس	18
يقتحمون	18
يقتربوا	18
يقترحون	18
يقترض	18
يقترعون	18
يقدرها	18
يقدما	18
يقدمونه	18
يقرروا	18
يقررون	18
يقرضهم	18
يقصتر	18
يقصدها	18
يقصدهم	18
يقصي	18
يقضونه	18
يقضين	18
يقظين	18
يقعوا	18
يقفزون	18
يقلدون	18
يقلعون	18
يقللون	18
يقمع	18
يقمن	18
يقهر	18
يقودنا	18
يقوما	18
يقومك	18
يقويها	18
يقيدنا	18
يقيمان	18
يقيمها	18
يكابدها	18
يكافحون	18
يكتسبها	18
يكتسيهما	18
يكتشفوا	18
يكتشفون	18
يكتفوا	18
يكتنف	18
يكر	18
يكرره	18
يكرزون	18
يكرمان	18
يكسرون	18
يكسوه	18
يكفينا	18
يكلفان	18
يكملان	18
يكملون	18
يكوئيل	18
يكيف	18
يلاحظه	18
يلاحظها	18
يلاقوا	18
يلامس	18
يلب	18
يلتزمان	18
يلتسين	18
يلتفوا	18
يلتفون	18
يلتقطها	18
يلتقون	18
يلتقيهم	18
يلجأوا	18
يلجؤوا	18
يلح	18
يلطخ	18
يلطمها	18
يلعبان	18
يلعبها	18
يلفظها	18
يلفها	18
يلقيها	18
يللي	18
يلماز	18
يلمح	18
يلمسها	18
يلوثهم	18
يلوذوا	18
يلومون	18
يلينامبا	18
يلينوفكا	18
يمارسونه	18
يمام	18
يمانع	18
يمانعوا	18
يمانعون	18
يمتثلون	18
يمتشقون	18
يمتص	18
يمتلكن	18
يمتلكها	18
يمتهنون	18
يمثلوا	18
يمثلوه	18
يمدحوا	18
يمرر	18
يمرضون	18
يمزجون	18
يمسكون	18
يمسهم	18
يمشيان	18
يمضون	18
يمعنون	18
يمكثون	18
يمكنون	18
يملكوا	18
يملكونها	18
يمليه	18
يمنحوا	18
يمنوا	18
يمنيان	18
يمولها	18
يمولون	18
يميزن	18
يميزون	18
يمينيا	18
يمينيون	18
ينأ	18
يناديكم	18
يناشدون	18
يناضل	18
يناضلن	18
يناضلون	18
ينافسه	18
ينافسون	18
يناقشك	18
يناموا	18
ينبثق	18
ينبح	18
ينبش	18
ينبعث	18
ينبهونه	18
ينبوع	18
ينتجه	18
ينتجها	18
ينتجونه	18
ينتحر	18
ينتحل	18
ينتزعوا	18
ينتشرون	18
ينتشل	18
ينتشلون	18
ينتظرانه	18
ينتظرنا	18
ينتظرها	18
ينتظرهم	18
ينتظرونه	18
ينتفض	18
ينتقده	18
ينتقدها	18
ينتقلون	18
ينتقموا	18
ينتقي	18
ينتميان	18
ينتهكون	18
ينتهون	18
ينجبن	18
ينجحون	18
ينجر	18
ينجرف	18
ينجيها	18
ينحدرون	18
ينخر	18
ينخرط	18
يندريخ	18
يندمج	18
يندي	18
ينزلن	18
ينسق	18
ينشأون	18
ينشرها	18
ينشرون	18
ينشطون	18
ينصبها	18
ينصت	18
ينصج	18
ينصحون	18
ينضاف	18
ينطفئ	18
ينطلقون	18
ينظمه	18
ينعسون	18
ينعمون	18
ينفتح	18
ينفعون	18
ينقب	18
ينقذ	18
ينقذك	18
ينقذنا	18
ينقذه	18
ينقذها	18
ينقصنا	18
ينقصها	18
ينقلنا	18
ينقلونها	18
ينكب	18
ينمن	18
ينهار	18
ينهجها	18
ينهش	18
ينهيها	18
ينوون	18
يني	18
ينيروا	18
يهاجمه	18
يهاجموا	18
يهاجمون	18
يهتفون	18
يهتمون	18
يهدفون	18
يهربون	18
يهرعوا	18
يهرولون	18
يهزون	18
يهمس	18
يهمك	18
يهمها	18
يهمهم	18
يهنأ	18
يهنئ	18
يهوده	18
يهودوت	18
يهوديتين	18
يهوديين	18
يهيب	18
يهيم	18
يهينون	18
يوءكد	18
يوآف	18
يواجهان	18
يواجهن	18
يواجهونها	18
يواسون	18
يواصلان	18
يواصلها	18
يوافقوا	18
يوافقون	18
يواكبه	18
يواكبون	18
يوانا	18
يوتشنغ	18
يوتليليس	18
يوجهون	18
يوجين	18
يودعونها	18
يوراي	18
يورجي	18
يورغ	18
يورنتي	18
يوروبا	18
يوروبول	18
يوروستات	18
يوروفايتر	18
يوروك	18
يورونكست	18
يورونيوز	18
يوزعها	18
يوزعون	18
يوشيماسا	18
يوشيهيرو	18
يوطدها	18
يوغا	18
يوغوسلافيا	18
يوفالدي	18
يوفروا	18
يوقعان	18
يوقعه	18
يوقعها	18
يوكاجاوا	18
يوكون	18
يول	18
يوليش	18
يومذاك	18
يوميتي	18
يوناس	18
يونايتيد	18
يونتامس	18
يونتاميس	18
يونتان	18
يونغبيون	18
يوني	18
يونيبر	18
يونيتاد	18
يونيسكو	18
يونيسيف	18
يونيفاير	18
يونيوالمقبل	18
يوهبوا	18
يوويري	18
يويتشي	18
ييحيط	18
ييسر	18
ييسك	18
ييلان	18
ييلك	18
ييمن	18
وحرمت	17
رأيتموه	17
العرني	17
تنكز	17
عيشة	17
عذابهم	17
وتبيين	17
فسرها	17
وعرفا	17
للتعدية	17
والجوع	17
نكر	17
والغين	17
أه	17
وعجزه	17
للركوع	17
جفاء	17
ينم	17
ولعلهم	17
يعلمنا	17
يمرض	17
أضعافا	17
يستحيي	17
بولده	17
نسكه	17
يتبادر	17
الاخراج	17
فعمد	17
تسقى	17
أذكركم	17
لوليه	17
أنمار	17
مقابلا	17
يبلى	17
وأردت	17
يحلون	17
أذلة	17
الكلاع	17
ففرض	17
مستو	17
المنفق	17
ليصح	17
الآثام	17
دهري	17
قلنسوة	17
يدعها	17
ماهرا	17
نتف	17
فالصلاة	17
البداءة	17
وينكر	17
ثيابك	17
جهارا	17
صروف	17
بارق	17
القبطي	17
والبكاء	17
لأنكم	17
وتخلف	17
فواجب	17
أسجد	17
جرة	17
حربيا	17
نسيا	17
نموت	17
جعلناها	17
مثلهما	17
والمدارك	17
التلبس	17
طرخان	17
يغيره	17
وطلاق	17
قنوت	17
اخبر	17
سودون	17
فرقه	17
بقبر	17
احتلم	17
المحسوسات	17
وإنى	17
إمالة	17
الفاعلية	17
فبت	17
السراة	17
وتعليم	17
فكانا	17
أسامي	17
والبلاغة	17
يزدجرد	17
بقاءه	17
فصاحب	17
تمسكا	17
احتضر	17
الزلل	17
أقررت	17
مختلفون	17
قطبة	17
وحذفت	17
وربكم	17
بنزول	17
وعوف	17
وآخرا	17
ذكرتموه	17
أدد	17
مبتدأة	17
والعم	17
نفاس	17
بنفقة	17
بالهبة	17
أخبث	17
والزاني	17
فاحتمل	17
فرسخين	17
وأعاده	17
فائد	17
أطاعني	17
يقبلون	17
الرائق	17
الاكراه	17
حره	17
ويبكي	17
وحفر	17
كالحر	17
الرجعي	17
المعاوضات	17
خاوية	17
سابط	17
سكتوا	17
والنفل	17
فردوا	17
شورى	17
يجرح	17
يعزم	17
ويقضى	17
غالبة	17
سبكتكين	17
رؤس	17
والبقرة	17
وسبيل	17
الاستنباط	17
وشبهها	17
الحديثان	17
المخارق	17
دماؤهم	17
راجل	17
نفث	17
والصدقات	17
أمسكه	17
تمسح	17
جارك	17
أفضلهم	17
تلقين	17
للعمرة	17
طائعين	17
فتيمموا	17
نائلة	17
متبعا	17
أميرهم	17
لعجزه	17
يسترد	17
حبلا	17
والفرقان	17
سميا	17
غبن	17
الأسعد	17
وتصوم	17
وافرة	17
وتمسك	17
وسيبويه	17
بالخيل	17
بأنفسهن	17
فاعمل	17
بولدها	17
إبهام	17
الكافة	17
بجرجان	17
الزاغوني	17
رضاك	17
وصفوا	17
الحلب	17
يرفعون	17
أسنى	17
قلتها	17
فتضرب	17
المفطر	17
عشرها	17
يتركون	17
الأولان	17
يهدون	17
أطيق	17
تابوت	17
مجوس	17
شريكين	17
ربعها	17
للذهبي	17
الحسي	17
فتنا	17
وليقل	17
مقبوضة	17
آمنون	17
يفزع	17
ألبسه	17
وتأخذ	17
فيسأل	17
وعمرا	17
والفضائل	17
للحر	17
الاجتزاء	17
حالين	17
للنسائي	17
عرفتم	17
للخلافة	17
فالتقى	17
للطالب	17
لكاذبون	17
وأملى	17
والمسكين	17
تشريفا	17
أيش	17
ايجاب	17
المذاكرة	17
الامساك	17
كالوكيل	17
القافة	17
باجتهاد	17
عشيرتك	17
الخيلاء	17
علوه	17
غلبون	17
جسدا	17
عيبه	17
شفيعا	17
مفتقر	17
حديج	17
البواب	17
وانتصب	17
نوروز	17
وآتيناه	17
وابنها	17
يصد	17
دموعه	17
يخدمه	17
خلد	17
تستحي	17
وتعظيما	17
إعلم	17
وبفتح	17
والشافعية	17
لمانع	17
تبيت	17
بنيانه	17
فأقبلوا	17
فل	17
موتهم	17
بالمسير	17
السحت	17
فغفر	17
الرعايتين	17
تفنى	17
ورجلا	17
الجهلة	17
يقرأه	17
والتيمم	17
هشاما	17
قديد	17
اختل	17
بالولادة	17
لربهم	17
قلى	17
جنينا	17
طلوعها	17
يهبط	17
عطشا	17
فيقف	17
مأموما	17
والتدريس	17
يؤديها	17
فبرز	17
عارضا	17
يحضرون	17
داهية	17
وملء	17
المتكلمون	17
تبلى	17
كسا	17
والنجاة	17
فليصم	17
إعرابه	17
والأذن	17
مقامك	17
المصيب	17
فينادي	17
الرقى	17
ويركب	17
الجم	17
أشتري	17
مراسيل	17
فيقتضي	17
حكيناه	17
دعائي	17
أخاهم	17
سكرا	17
اتقاء	17
وحدثت	17
فأسلموا	17
محصنة	17
الزقاق	17
الطارق	17
ضلع	17
العلقة	17
التعوذ	17
أنامله	17
أأنت	17
جعلهما	17
والمستدرك	17
أدبرت	17
والبطن	17
فحبس	17
وهمام	17
دست	17
ابتدائه	17
والبكر	17
المعذور	17
الباسم	17
ويعذب	17
اطلبوا	17
بوحي	17
بالرأس	17
كالقول	17
رحمت	17
ترجى	17
عمرت	17
أدفع	17
فرخص	17
ينحل	17
الخاطب	17
للرب	17
وخامسها	17
والوطء	17
للزم	17
وأرجلكم	17
فخذها	17
بقربه	17
احتمله	17
مجزوم	17
محترز	17
وحيدا	17
غضبي	17
البارقي	17
بباله	17
المسامحة	17
نقلنا	17
والخليفة	17
الختلي	17
للسؤال	17
معنيان	17
الغموس	17
والبصير	17
عينان	17
بقدح	17
والمسيح	17
قصدهم	17
تنشق	17
قارئا	17
كأسا	17
اتبعك	17
الشفتين	17
التبن	17
وباشر	17
أضيق	17
بأكله	17
والمذكور	17
حجرها	17
وغربا	17
الخمور	17
وحاله	17
زوجات	17
كقراءة	17
تخل	17
بالصيام	17
صحابيا	17
فأغنى	17
بنقصان	17
طليطلة	17
نواحيها	17
أكلته	17
القالي	17
وبويع	17
عفت	17
روية	17
لخلقه	17
مجالسهم	17
متتابعا	17
وعادوا	17
وناهيك	17
فظاهره	17
فمقتضى	17
الأشرفية	17
واجعله	17
يستره	17
سبه	17
ونصيب	17
المسانيد	17
ميراثها	17
فبئس	17
وأبيض	17
راغبا	17
أطاعه	17
متتابعة	17
باذن	17
عرعرة	17
أخصر	17
وأعتق	17
يوفى	17
مبهما	17
سراية	17
قرح	17
نبا	17
هداكم	17
وصرت	17
وميتا	17
ومسعر	17
وأفرد	17
المتيمم	17
ويحبه	17
استحاضة	17
الخسف	17
قرت	17
ثغور	17
بالعلوم	17
ينقد	17
مرحب	17
بربك	17
أحبار	17
وكلم	17
اللبون	17
فقبلها	17
للصغير	17
فطن	17
متسع	17
الشرور	17
أعانه	17
تعزير	17
امتنعوا	17
لزمهم	17
والشهاب	17
والمستحب	17
وأخرجت	17
المتكبر	17
والسواد	17
الجسمية	17
الجرشي	17
العضل	17
الأخرم	17
يجىء	17
نابه	17
الأشهاد	17
واستوى	17
فيجيء	17
تنفعه	17
وسقا	17
أختين	17
والأربع	17
جسدي	17
حدائق	17
المتخذ	17
بالشروع	17
تحجب	17
يقولونه	17
لانعدام	17
مشت	17
بمخالفة	17
وتركهم	17
أنصاف	17
اليعقوبي	17
يسرني	17
ثاقب	17
اسلام	17
رحمكم	17
والجبل	17
بنقص	17
بحدوث	17
وتحقيقه	17
بطنك	17
وفضلا	17
هدمه	17
الساتر	17
ذكرني	17
بحذاء	17
نعى	17
يجني	17
والصغار	17
التلويح	17
وكرها	17
والأنهار	17
أقامها	17
أسبوعا	17
عمتها	17
السفياني	17
حولهم	17
أوجد	17
نقيضه	17
زحل	17
بطانة	17
الأبوة	17
يلفظ	17
زحف	17
والذخيرة	17
بشأنه	17
يثمر	17
رحبة	17
بدري	17
المؤمنة	17
والمفروض	17
فاعلين	17
والوعد	17
التوسعة	17
بالأصالة	17
للمصلحة	17
الفعلة	17
شاملا	17
أنفسهن	17
الأفضلية	17
امتثالا	17
مقرونة	17
مشيا	17
وأيد	17
التجاوز	17
تصر	17
الانشاء	17
وفرج	17
ارتدوا	17
بحول	17
لحج	17
وفخر	17
اختلال	17
للعبيد	17
إناث	17
وثقة	17
يسيروا	17
مطمئن	17
مهمل	17
الاستقصاء	17
يحيا	17
يصدقون	17
أشكر	17
والمسح	17
ويختار	17
والأسباب	17
وقيامه	17
تضعف	17
خدعة	17
ملخص	17
اهتز	17
كنعان	17
كراما	17
شدته	17
لستم	17
طرقا	17
أمنه	17
مقتله	17
ليقوم	17
اولا	17
للترتيب	17
عذبه	17
فعادت	17
تلتفت	17
ووفد	17
وحمى	17
بآلة	17
بأصالة	17
أموات	17
السلمى	17
قي	17
تواريخ	17
تأديب	17
الصفح	17
يعيب	17
خيارهم	17
تداخل	17
المعلقة	17
نقرأ	17
بالحركة	17
العينية	17
بالتجارة	17
قضوا	17
يرحل	17
تسري	17
وتغلب	17
والهواء	17
والبعيد	17
بصيام	17
سعاد	17
عطب	17
نشرك	17
لذيذ	17
شعرك	17
تمنيت	17
اعتدال	17
نائمة	17
طاعون	17
علف	17
مجيبا	17
الكتيبة	17
نعش	17
يشتكي	17
وإعطاء	17
الموسع	17
بلاغ	17
رباعية	17
بالمرض	17
تعليقات	17
ملاك	17
والثقة	17
زقاق	17
المتوسطة	17
والتقدم	17
ووضعها	17
وصور	17
عريضة	17
ضيفه	17
تناولها	17
العقدين	17
والدفع	17
إقرارها	17
سلفه	17
أضحت	17
أفريقية	17
أقوله	17
ورام	17
بزمن	17
يلف	17
التأييد	17
قسوة	17
حنينا	17
والبلد	17
الحاضرون	17
لإخراج	17
وقدموا	17
تفي	17
مناهج	17
الاخرى	17
فلماذا	17
النقطة	17
متحركة	17
بصرف	17
محققة	17
اقتربت	17
ألح	17
والهيئة	17
ناد	17
وزعمت	17
مهد	17
لإصلاح	17
وقتلت	17
تثبيت	17
خليج	17
طبيعية	17
نائبة	17
إنفاذ	17
الكمية	17
حرس	17
إساءة	17
الجزر	17
تظل	17
المفتوح	17
صافي	17
صرحت	17
لمصالح	17
يفقد	17
الزرقاء	17
مسودة	17
الموعد	17
وقائد	17
تعرضت	17
ويبدو	17
يساعد	17
الاحتفال	17
مشددا	17
الكويت	17
التوالي	17
رابطة	17
تصريف	17
وتحدث	17
الشمسية	17
الدراسات	17
تبني	17
شي	17
تطبيق	17
المرحلة	17
الطيران	17
محاولة	17
ورافع	16
لأمة	16
وسألوه	16
ويستوي	16
مبهمة	16
جهان	16
التغليب	16
سراعا	16
وأمروا	16
بسنتين	16
والكفاية	16
أركانها	16
فرقتين	16
مفرغ	16
القارعة	16
كيده	16
وفوض	16
مجملة	16
الإحصار	16
بوقوعه	16
وخر	16
مجالسة	16
والنصرانية	16
يعظ	16
المثلة	16
البطين	16
الثبت	16
مقدارا	16
الاستبدال	16
لهشام	16
بالشاهد	16
النائيني	16
أدعوك	16
يصحب	16
أوعية	16
استتر	16
ولطف	16
انحلت	16
المؤذنين	16
مسني	16
فشا	16
انحدر	16
وهلم	16
كالشيخ	16
فحديث	16
لج	16
الدحداح	16
للآخرة	16
أطوف	16
نقضت	16
بليلة	16
الألفين	16
التوارث	16
توليتم	16
استبان	16
الكسل	16
والذبح	16
احمل	16
ودلت	16
للبنت	16
دعواها	16
فمذهب	16
المناكير	16
بلقاء	16
خزائنه	16
والعلل	16
النزوع	16
فلفل	16
والمروي	16
الخفة	16
والمهذب	16
بفوات	16
وطأها	16
المبيعة	16
فالقاضي	16
المرسلون	16
قتلك	16
التحتانية	16
متناه	16
ورسولك	16
اللجام	16
يخلد	16
البطر	16
القدور	16
محسر	16
الخزر	16
والخوارج	16
والمقابلة	16
واشتراط	16
ليصير	16
جالوت	16
الناضرة	16
وثياب	16
والمشركون	16
ودر	16
توطأ	16
الداراني	16
يخسف	16
قضائها	16
وينصب	16
ورويت	16
والحضر	16
يتولاه	16
نبهنا	16
غاصبا	16
خليله	16
جامد	16
يطؤها	16
منسوخا	16
زبير	16
يخبرهم	16
ماءها	16
نملة	16
تركناه	16
الآس	16
فكلم	16
بالقراءات	16
الترقي	16
البردة	16
وطىء	16
منهل	16
والخلافة	16
بخيلا	16
أشبهت	16
بعثا	16
وبعير	16
بالتخيير	16
عجلا	16
وخليفة	16
ادعوه	16
فجوابه	16
أحصى	16
يهديهم	16
وحر	16
عزرة	16
رومي	16
فخلى	16
أوفر	16
لوارثه	16
بجنس	16
مطمع	16
شهودا	16
فاجتمعت	16
نحلة	16
أنصف	16
توبتهم	16
الجدلي	16
فنزلنا	16
فانطلقنا	16
أبرد	16
النضج	16
المريسي	16
واجعلني	16
الرواح	16
ممدودا	16
المشتهر	16
والتحذير	16
أنبأني	16
خيران	16
تبتغي	16
أنشدكم	16
يأكلوا	16
منادي	16
وفات	16
منعقد	16
بقيته	16
والهيثم	16
صحيحيهما	16
ومنفعة	16
رايته	16
مقل	16
فطلبه	16
بداره	16
كحكم	16
بأصول	16
العقوق	16
تؤتى	16
تائبا	16
يزكى	16
مسكرا	16
ونصفها	16
للإيذان	16
ميثاقهم	16
الشقي	16
القائلة	16
والآخرون	16
فائت	16
بتصرف	16
فاستغفر	16
ومسروق	16
موطأ	16
متقوم	16
قفر	16
تشكو	16
فنسي	16
فأسقط	16
تخرجوا	16
متبرعا	16
بواد	16
لجهنم	16
فقسم	16
والعباد	16
حرمي	16
بالوزن	16
يخلقه	16
أدركها	16
سبحة	16
ذوا	16
تلفظ	16
ننقل	16
والجواز	16
كأهل	16
مغلولة	16
الحنظل	16
معاصي	16
عينين	16
حولين	16
تغري	16
لقيل	16
بالإرث	16
الشعبى	16
الملاحدة	16
دانية	16
يهون	16
فبذلك	16
فاتبعه	16
اعتنى	16
الإجبار	16
وإله	16
والأجر	16
المباهلة	16
ينبذ	16
فالنكاح	16
إنس	16
الدواة	16
ليف	16
بذا	16
لكعب	16
بدخوله	16
لأمرين	16
الأجلة	16
بالأمير	16
آبائك	16
أصبنا	16
واللين	16
منبره	16
وطئه	16
القرين	16
علمكم	16
خادمه	16
الكنوز	16
دوابهم	16
استخلفه	16
فكثير	16
والجلال	16
وآياته	16
آكله	16
أشياخ	16
أدخلها	16
فأتاني	16
آذاني	16
وابتداء	16
باجتهاده	16
اختصت	16
وجلت	16
لذاك	16
كفاك	16
الزنجي	16
يبلغني	16
وقبلت	16
حفاة	16
يبينه	16
أجزأت	16
بإذنها	16
الشرطين	16
وأعز	16
الاشهاد	16
الشجري	16
السدى	16
فأكثروا	16
الرصافة	16
اعتقادا	16
جزأ	16
اقتران	16
للشافعية	16
اجتنبوا	16
الربذة	16
وبايعه	16
لسفيان	16
عسفان	16
تعبدا	16
أخواله	16
وسق	16
فإياك	16
ترب	16
أصبتم	16
أعجز	16
يقربه	16
والهلاك	16
وضاع	16
البحران	16
توجيهه	16
الأصولي	16
بقولك	16
درى	16
فهلكت	16
النعلين	16
الأزلي	16
نبيلا	16
نواقض	16
عوسجة	16
وأكله	16
معطي	16
قيمتهما	16
العرية	16
أزواجكم	16
حكمك	16
الكفل	16
المجن	16
الأولتين	16
وللأخت	16
المترتب	16
اللبث	16
السنور	16
يعصى	16
بمالك	16
مقصده	16
الحزين	16
يرتكب	16
علومه	16
خفى	16
تأويلات	16
العفيف	16
ورداء	16
يلزمني	16
للقراءة	16
التحريك	16
فعيلة	16
بإفريقية	16
التشريك	16
رزقويه	16
وأصلحوا	16
فوقكم	16
ذرعا	16
فآمن	16
كبعض	16
ابتلاه	16
فالعلم	16
فألقت	16
فرغنا	16
قن	16
فتركها	16
ظنهم	16
نفيها	16
مستنده	16
وخيل	16
زينا	16
بالعباد	16
فلهما	16
فالمقصود	16
القنطرة	16
تجهر	16
والحاويين	16
تعدوا	16
بعدى	16
لاجين	16
فأت	16
فأرسله	16
للأخرى	16
تعليقة	16
الحميات	16
الفرغاني	16
فذوقوا	16
الخاسرون	16
عجوزا	16
الخنصر	16
والمفهوم	16
فشرع	16
ونيل	16
وليي	16
استأثر	16
ذبائحهم	16
حائطه	16
ينهون	16
ليلتي	16
الشهرستاني	16
عجزا	16
الحبلى	16
مده	16
ووجبت	16
والأكثرون	16
الحكايات	16
يحسنون	16
ببراءة	16
ينزح	16
فيحسن	16
القرطاس	16
بآفة	16
أرب	16
الكوز	16
يتخلل	16
فالضمير	16
الطائع	16
قطعيا	16
اسجدوا	16
فصب	16
السديد	16
أبتاه	16
يسكنون	16
فيضع	16
زجرا	16
رميه	16
آياتي	16
بأفواههم	16
تمطر	16
والسابقون	16
تضره	16
خالعها	16
بهادر	16
وجيها	16
اخذه	16
مناظرة	16
الماتن	16
لغا	16
بالجزم	16
مدخلية	16
فليأكل	16
بركن	16
والبغض	16
يخطىء	16
المنفصلة	16
تحليف	16
نقمة	16
رحالهم	16
تمنوا	16
رقابهم	16
يعذبه	16
ينتفعون	16
اذهبي	16
يتعدد	16
ورواته	16
وبزر	16
والتعليق	16
استحسن	16
توارى	16
رأفة	16
غرته	16
بردي	16
مساور	16
أجيز	16
المستودع	16
بدئ	16
بالعلة	16
هاجت	16
سواده	16
وأخفى	16
وأطعم	16
والمملوك	16
والمعطوف	16
المنذرين	16
المشهدي	16
مقتولا	16
الأجرام	16
رويا	16
وجمعت	16
وتدبر	16
فرأوا	16
ساتر	16
للاجماع	16
ومآ	16
استؤجر	16
الحجية	16
البندنيجي	16
فأخذهم	16
بسواد	16
وعظمت	16
المطرف	16
السكسكي	16
لوين	16
حظيرة	16
اللغويين	16
الجابية	16
فاعلها	16
ظانا	16
ليضل	16
خذله	16
ومشيئته	16
بالكفار	16
قلمه	16
البجيرمي	16
واعتصموا	16
تكلمنا	16
والثمانون	16
والجنب	16
لعينه	16
يسقون	16
شكوت	16
وآيات	16
ومصعب	16
مضرب	16
محبوبه	16
ركوعا	16
والترجيح	16
قرد	16
التوابين	16
باللحم	16
يركبها	16
فارغا	16
الامارة	16
يحصون	16
فتحصل	16
المفعولية	16
لفرعون	16
سلوني	16
ويلكم	16
بلتعة	16
الأجدع	16
حصاده	16
عرفوه	16
البريدي	16
ويوقف	16
الدماميني	16
والتلخيص	16
قاب	16
وزاده	16
سماوية	16
وتفتح	16
المستأجرة	16
المدرسين	16
إيهام	16
وسائط	16
هباء	16
حاجتها	16
وحاجة	16
وقطعة	16
أهذا	16
والإنصاف	16
ابتليت	16
خائنة	16
بالملح	16
الادراك	16
عزو	16
والذئب	16
كاسب	16
رحمن	16
ذهن	16
نشأة	16
المحترم	16
أفضت	16
القاصر	16
بلغها	16
توعد	16
أوردناه	16
الذقن	16
قواطع	16
هموا	16
فاعتذر	16
والخبز	16
أفعالها	16
ونجد	16
يهوذا	16
أبوابا	16
والضوء	16
وقوفه	16
التعذر	16
أمامي	16
أتقن	16
ويرون	16
لفعلت	16
عناق	16
بإحضار	16
أوقاف	16
والمطلوب	16
معمولا	16
المحن	16
نقوله	16
اشهر	16
لونا	16
بزعمه	16
وعرضت	16
وجلالي	16
ادراك	16
والأسد	16
واثنين	16
بركته	16
بالشعير	16
سيئا	16
امين	16
سماعها	16
المعتقد	16
أفئدة	16
رهبة	16
والنفوس	16
الراسخين	16
وبعثت	16
لنقص	16
الانحراف	16
وحزن	16
ثمارها	16
فرأت	16
دفنها	16
والليالي	16
شرور	16
اطلاعه	16
ليقع	16
كذبة	16
والذل	16
نصيبها	16
جدال	16
يختاره	16
الامير	16
وسؤال	16
ودوام	16
ومجنون	16
ول	16
فتحوا	16
المهدية	16
ولاد	16
تطلبه	16
فاصل	16
فحوى	16
خلود	16
المقبول	16
تصنيفه	16
الغفران	16
استطاعوا	16
إعجاز	16
ويتكلم	16
خارجها	16
الطغيان	16
سياقه	16
الطلع	16
مساوية	16
معنوي	16
المراجع	16
وبئر	16
بنزع	16
قرم	16
وجار	16
حتم	16
لحد	16
وإيثار	16
يشترطه	16
فالمسألة	16
ويدعى	16
النسختين	16
وينفذ	16
وأمور	16
الذراعين	16
وردة	16
وتسمية	16
وترجمة	16
وفروعه	16
المندوبة	16
ويقل	16
يستثن	16
أوليا	16
وأبواب	16
وأتت	16
مطبوعة	16
المغانم	16
وتكرر	16
القلاع	16
والضبط	16
الغراس	16
أنفاس	16
والتركيب	16
التجنيس	16
وابل	16
لدار	16
عبق	16
بالأكثر	16
وعوض	16
وبركة	16
الكريهة	16
المجامع	16
متقن	16
أعمر	16
والنفع	16
سالمة	16
سلامته	16
تشيع	16
وهوى	16
ويلقب	16
وتقطع	16
بالكتب	16
وجلالة	16
تقبلوا	16
بالسن	16
دنس	16
بدران	16
المشورة	16
إحالة	16
الممكنة	16
ضبطها	16
وقرى	16
الآلام	16
تشتري	16
الانشقاق	16
أفرادها	16
مصدره	16
الراتب	16
الامور	16
فرحة	16
الغرف	16
بلدهم	16
والتمسك	16
حريته	16
ويصبح	16
والصور	16
يجادل	16
نعود	16
اللائي	16
اتخاذه	16
الشكوك	16
مجتمعا	16
وتغيير	16
الكتائب	16
يرقى	16
شابة	16
محضر	16
ليبلغ	16
ويصل	16
الكونية	16
سجين	16
بأشد	16
اللوز	16
الاستبداد	16
قائدا	16
كنف	16
التربص	16
ناقل	16
برزت	16
والانتقال	16
مصطلح	16
المعيار	16
يبشر	16
فروا	16
التزامه	16
سلاحا	16
بالبقاء	16
استدعاء	16
النظافة	16
التحفظ	16
مهلة	16
والفنون	16
الموج	16
الهندسة	16
وبينما	16
الجريدة	16
صورا	16
لخدمة	16
وحركة	16
بأسره	16
واتخاذ	16
الشهيرة	16
مدافع	16
إل	16
شعوب	16
التحقق	16
يفوق	16
بسهولة	16
لوحة	16
دورا	16
كمية	16
النهضة	16
سمير	16
اهتمام	16
عاصمة	16
الجرائم	16
توفر	16
ودعت	16
السماح	16
نشرها	16
خطير	16
إعداد	16
أعمارهم	16
الإفريقي	16
نابلس	16
الاعتداء	16
عودة	16
أفادت	16
تجربة	16
الرغم	16
يشقى	15
غلبوا	15
المحصر	15
ديونه	15
التبرك	15
وستأتي	15
الخرائطي	15
بالحديبية	15
يذوب	15
عرفطة	15
شعيرة	15
تركا	15
بعثهم	15
مسبوقا	15
اللوث	15
اذنه	15
وجزاكم	15
والميتة	15
انقرض	15
الآبنوسي	15
عمياء	15
خبط	15
ويطعم	15
فأتته	15
قثم	15
خلعت	15
ويسألونك	15
منعته	15
والحرث	15
ربوبيته	15
بالحرية	15
بالعسل	15
ربعة	15
وطهارة	15
دس	15
هدايته	15
كثرتها	15
فنفى	15
إبطيه	15
فشرط	15
بصرك	15
السهلة	15
الأتابك	15
الزجاجة	15
لمعاذ	15
وخطأ	15
عباية	15
أراهم	15
توفيقه	15
وفائدته	15
لاهور	15
أفطرت	15
الصناع	15
اصنع	15
وأسمع	15
الفهارس	15
الزيغ	15
قينقاع	15
والخنثى	15
جماز	15
البطي	15
وأنبأ	15
وقضي	15
فارتفع	15
تغاير	15
غزنة	15
يأته	15
تبينا	15
يظهره	15
والأجل	15
تفرقة	15
ومؤنة	15
دبغ	15
استعمالا	15
الجياني	15
وأولوا	15
مغفورا	15
اليسيرة	15
وجحد	15
غرورا	15
والفتن	15
وأنكرت	15
مطلوبه	15
والرطب	15
صفاتها	15
الكهان	15
والشريعة	15
يتغابن	15
تأتيني	15
ونقصان	15
فظفر	15
وطريقه	15
للنجاسة	15
ونستدرك	15
الخدين	15
كريهة	15
وحيه	15
الأشقياء	15
قعنب	15
الشمع	15
والشهوة	15
بأخرة	15
تجئ	15
دنوت	15
حماما	15
الأيادي	15
فمي	15
فطره	15
الغفير	15
فقطعه	15
بإشارة	15
الهمزتين	15
الذهبى	15
ففرح	15
أفهمه	15
واحتاج	15
بالمشاهدة	15
الصفوي	15
التماثيل	15
يبغون	15
اتبعوه	15
أبقيت	15
بالقرابة	15
المقامين	15
پس	15
ذرى	15
ومنافع	15
ويفسد	15
سمنا	15
تداركه	15
بالقرافة	15
كأنهن	15
يتعاطى	15
فأثنى	15
واللباس	15
سبى	15
زنبور	15
فوارس	15
رزقناهم	15
الأرت	15
باطنها	15
والهدي	15
فسألها	15
مسمار	15
تذكرته	15
وينوي	15
المستأمن	15
مؤبدا	15
والأبرص	15
رقى	15
الجشمي	15
تفارق	15
ويوجه	15
بالأنبياء	15
مسماه	15
مندل	15
فيستحب	15
الحلاج	15
الأحشاء	15
وشيعته	15
بآل	15
المزابنة	15
ويحبس	15
العرزمي	15
مصارع	15
مأة	15
بترجمة	15
وطوله	15
نهينا	15
فأدرك	15
للشريك	15
الفلانية	15
عمومها	15
وهمه	15
حرزا	15
الشربة	15
بالإنفاق	15
ونهض	15
فيح	15
ليلها	15
أوصيكم	15
والبرص	15
والمشقة	15
ثيب	15
برضاها	15
إخوانك	15
تسمعوا	15
تصعد	15
وكلمه	15
الميزاب	15
جبارة	15
ويمر	15
عمارتها	15
الفواصل	15
الشاطبية	15
الحسرة	15
طائفتان	15
والفسوق	15
وغلام	15
والإتقان	15
لشبهة	15
نراك	15
لبثتم	15
وأدبر	15
يفرقوا	15
أحسنها	15
والنصرة	15
تواترت	15
الميرة	15
قسطنطينية	15
فيدعو	15
ملاقاة	15
بمقتضاه	15
وإشارة	15
المناوى	15
تأمن	15
تمسوهن	15
يرتب	15
استفهامية	15
وصحبته	15
غزوات	15
يطيقونه	15
قرينه	15
والصوف	15
نيار	15
البداء	15
بالثناء	15
بالدلالة	15
المقاسمة	15
لمالكه	15
لتضمنه	15
بالوجهين	15
السهروردي	15
جاءها	15
أخرجوه	15
والسبع	15
مقتصرا	15
إنكارا	15
الضرار	15
مآب	15
تقطر	15
ليقطع	15
الزم	15
وأحرم	15
الباغي	15
بالصعيد	15
فتحمل	15
فانزل	15
نأى	15
الوريد	15
معاصيه	15
رجليها	15
أخرس	15
ثمرتها	15
احتبس	15
ونسيت	15
بتحريمه	15
مخفف	15
بأدلة	15
المحظورات	15
بانفراده	15
خدمه	15
اللئالي	15
ملكته	15
يستشهد	15
وش	15
حضرا	15
بالسبع	15
قطني	15
نصرهم	15
أذاهم	15
اجتهادا	15
ورثوا	15
تبرح	15
والرمان	15
والنزول	15
بالوعد	15
ووزنه	15
وبيعه	15
المؤدى	15
سعيرا	15
بأسه	15
يبلغها	15
مملوء	15
وخلى	15
مرتان	15
فتلا	15
شجرا	15
بمحرم	15
بأبيات	15
ذبيحته	15
الائتمام	15
المسئلة	15
لاختصاص	15
فأقسم	15
دياركم	15
الملاحم	15
فبايعوه	15
منصرفا	15
مضمرة	15
ألحقه	15
البوصيري	15
كج	15
وحكيم	15
ببصره	15
غلى	15
ومحمدا	15
مشبه	15
بالعقيق	15
وأيهما	15
والكفين	15
طوس	15
وأنشده	15
والتوبيخ	15
لقيتم	15
خصمان	15
بيمينك	15
لسيد	15
والحنطة	15
شاد	15
معفو	15
استووا	15
ثنتي	15
فتق	15
باركت	15
المنكرين	15
فصحيح	15
زاغت	15
يناجي	15
خلائق	15
ومراد	15
والزعفران	15
وبنوا	15
طليحة	15
فسألوا	15
بالتأويل	15
وبرهان	15
للزمان	15
بأصله	15
المسيس	15
اسلامبول	15
إعتاقه	15
أصولي	15
وأنفسكم	15
أدعية	15
سمعوه	15
ممسك	15
القرص	15
أرفق	15
أفحش	15
مطرنا	15
المعتزلي	15
اللمع	15
إجارته	15
فؤادك	15
ننزل	15
عودها	15
الوهن	15
جزئه	15
والمرتهن	15
والعلانية	15
تفضلا	15
ورضى	15
اليبس	15
والمذاهب	15
بالطواف	15
اليربوعي	15
غسلهما	15
تدليس	15
بوجوبها	15
الغرناطي	15
يعبده	15
فحدثته	15
واتبعه	15
عضده	15
سله	15
خديه	15
والبهائم	15
والظهار	15
للأجنبي	15
يتحصل	15
الضيم	15
ويستدل	15
وغلظ	15
فيعرف	15
فأتموا	15
بالمذهب	15
أحبهم	15
كوة	15
فهذان	15
عقلاء	15
يصبغ	15
والمفيد	15
ذينك	15
دائر	15
المسنون	15
للاستفهام	15
ظالمون	15
العي	15
اعتل	15
يتخذه	15
هرون	15
للجزاء	15
روايتهم	15
ومطرف	15
المظنون	15
الترخص	15
افتراه	15
للرسل	15
أخبارها	15
الطف	15
بالبصر	15
وهلا	15
سلكه	15
الناصية	15
يغلي	15
وتواصوا	15
فيصيب	15
وطهر	15
عسرة	15
أقتله	15
إمساكه	15
الابنة	15
فبهذا	15
شروطها	15
وتب	15
عملته	15
فطلق	15
فيقتصر	15
متعددا	15
يستطاع	15
شريحا	15
أعشار	15
نمرود	15
للنصارى	15
للتخصيص	15
الجوى	15
مستويا	15
بامرأته	15
فخفف	15
الفذ	15
والسلوك	15
الفطنة	15
والمتاع	15
وأحسب	15
وخصه	15
ساكني	15
يحشرون	15
تقاته	15
أخاها	15
للباقين	15
اجازة	15
مالقة	15
بالنعم	15
معرة	15
تكرهوا	15
السرف	15
بأحب	15
الفخذين	15
جنوبهم	15
المهالك	15
تدعوهم	15
واغتسل	15
بشيخ	15
فذكرها	15
دقاق	15
سكنا	15
المتأمل	15
وإدريس	15
القرء	15
قبولا	15
العصبات	15
فملكها	15
الحلبية	15
لأنت	15
وهاشم	15
مشيت	15
فصدق	15
عزى	15
يعتريه	15
أبه	15
يمدحه	15
شقيا	15
أغبر	15
يبغضه	15
البغلة	15
فزوجه	15
ابنين	15
الحاجم	15
الثوبين	15
وعصى	15
فتولى	15
والدر	15
الخباء	15
البكائي	15
محق	15
بالرهن	15
والإتيان	15
بالمصاهرة	15
والنبيين	15
لعبدي	15
باهلة	15
اشرب	15
والمتأخرين	15
ربحه	15
المقوم	15
وصفناه	15
السبزواري	15
الإسكاف	15
بالرملة	15
أفيدونا	15
تتميم	15
فيسمع	15
بمسلم	15
ككتف	15
وحجتهم	15
لقصور	15
لصحته	15
الفارض	15
وإرشاد	15
يتخذون	15
ضيافة	15
مؤجلة	15
وثبتت	15
النواة	15
والعداوة	15
فالناس	15
شاهدوا	15
وإدخال	15
افتعل	15
بالعرش	15
والعدول	15
علوية	15
والخضر	15
تنقلب	15
كاهن	15
تبن	15
المضاعف	15
وعندها	15
بالوقت	15
المتوفاة	15
الحجار	15
وتتبع	15
والجدة	15
المبايعة	15
الجني	15
بالإرادة	15
تعداد	15
أعذب	15
صاحبتها	15
فأفاد	15
دكا	15
أماني	15
وحسبنا	15
المقاصة	15
شابور	15
الثعالب	15
وكبير	15
بالأسماء	15
والحرج	15
لائق	15
الاختياري	15
للوالدين	15
يهرب	15
جيب	15
جزائر	15
دلهم	15
يتنفس	15
أرسطو	15
يروم	15
أفقر	15
شرعنا	15
تتعدى	15
للتعريف	15
مضطرا	15
خلطه	15
صفو	15
أفرط	15
أسمعت	15
والجسد	15
يطلبها	15
سيلان	15
حفيظ	15
والسبعين	15
الأنفاس	15
والمساجد	15
مناص	15
الوالدة	15
أرخص	15
وتزوجت	15
للأمور	15
مزج	15
مجنونة	15
بذهاب	15
وأحرق	15
تهدم	15
مسكنا	15
مخطوطات	15
الصلاحية	15
تؤول	15
مالكي	15
رحلت	15
خسروا	15
تحمد	15
زماني	15
خففت	15
جوهرة	15
الموصوفة	15
انفصاله	15
ذهابا	15
تحط	15
الخيول	15
ويدعي	15
نظرهم	15
السمكة	15
يسيرون	15
ويشد	15
وأوسع	15
المختلط	15
تخليص	15
مسندة	15
الأوطان	15
رأيكم	15
يقوموا	15
المطبوعات	15
والطب	15
ويكشف	15
تضحك	15
وتحول	15
النزال	15
قذر	15
الصنفين	15
والوزير	15
متحركا	15
منافيا	15
جيران	15
كيسا	15
يحرمه	15
الأرمن	15
فاضت	15
والشمال	15
مادام	15
المذكورون	15
معرفتهم	15
استوجب	15
ابتدائية	15
تفضي	15
أشرس	15
والتين	15
وخشي	15
إحقاق	15
فبعض	15
أبقاه	15
للواجب	15
تأخره	15
تعلمت	15
بأعظم	15
تخفي	15
أثير	15
صحائف	15
تعقبه	15
بداء	15
وإخلاص	15
والكبرياء	15
تبدوا	15
فرار	15
القرني	15
المشروطة	15
ونهبوا	15
الأثقال	15
وزرع	15
بفسخ	15
القناع	15
راجحة	15
فلأجل	15
نقرة	15
المكافأة	15
الكهنة	15
أمامهم	15
كاره	15
كبده	15
بدير	15
ايوب	15
حربه	15
يفهمون	15
نفحة	15
النقاد	15
المعتدل	15
الدهني	15
الزي	15
ورغبة	15
النهب	15
والعكس	15
شتاء	15
يحافظ	15
نزال	15
وافتتح	15
والدور	15
يعثر	15
وتلقى	15
ومحال	15
الشعرية	15
الملاك	15
الأشد	15
المحاربين	15
الزماني	15
ومراعاة	15
تعاطي	15
موعدا	15
الفيلسوف	15
المرفوعة	15
إبان	15
كأحد	15
خطى	15
الوسائط	15
تباين	15
تدوم	15
تشرف	15
مذكرا	15
موضوعات	15
للدكتور	15
للبيت	15
صوتي	15
القبطية	15
أجور	15
لغاية	15
وأقيمت	15
الأمناء	15
وإحياء	15
بأقصى	15
بولس	15
وتزيد	15
ستعرف	15
العوائد	15
أفرج	15
يحرص	15
الفاخرة	15
ووصلت	15
صعدت	15
بلادها	15
جادة	15
هاتف	15
إحراز	15
والوضع	15
وصفتها	15
تفرض	15
بدرجة	15
للقاء	15
المبادئ	15
بمزيد	15
تصرفات	15
مرسوم	15
عثرت	15
تتميز	15
تنشر	15
تقليل	15
ملابس	15
والأمم	15
إنجاح	15
المصرف	15
تحولت	15
سداد	15
وحيد	15
والدها	15
لأنني	15
مشكلات	15
لبناء	15
المقامة	15
البشري	15
نظمت	15
اللقاح	15
التفكير	15
الانقلاب	15
لاسيما	15
آفاق	15
وبالنسبة	15
السرطان	15
الثروة	15
وحذر	15
عوامل	15
خلاله	15
بالمائة	15
توزيع	15
لديها	15
الحملة	15
الشؤون	15
السائلين	14
ويؤتون	14
قوائمه	14
المزاح	14
المنجنيق	14
بالبرهان	14
بلغتهم	14
استحقه	14
الخنساء	14
الحازمي	14
كالكلام	14
يعن	14
أشفق	14
المتعلمين	14
وتذكرة	14
فأجره	14
الخالقين	14
وآخرهم	14
ففتحت	14
لحمة	14
للإنكار	14
وأنفقوا	14
ملوكا	14
وأسود	14
شفعاء	14
وشئ	14
صحابة	14
المتهجد	14
والعموم	14
يزار	14
مثقلا	14
لمحل	14
فتسقط	14
مقتضيا	14
صر	14
طوافا	14
يخلع	14
درسه	14
والباطنة	14
ورثاه	14
اختصره	14
الإدريسي	14
يغرس	14
فتقع	14
والمكروه	14
والمرسل	14
كفارته	14
بأخذه	14
فأطرق	14
ساطع	14
ذوقوا	14
المهتدين	14
أهبط	14
فطوبى	14
واقرأ	14
الخشن	14
أبهم	14
بالحرمة	14
السكت	14
لجهالة	14
التجويد	14
اتصاف	14
وبرأ	14
يخالطه	14
والإقبال	14
تبعة	14
يرتاب	14
والخلفاء	14
فسبق	14
فتجوز	14
اتباعهم	14
يغسلها	14
الفه	14
الجحد	14
واستحسنه	14
تحصيلها	14
تروح	14
متون	14
مهجتي	14
تعطه	14
أئمتهم	14
قشره	14
ماية	14
وكذاك	14
البلية	14
طارت	14
خلقناه	14
المكية	14
طوالا	14
لمخلوق	14
رويم	14
الأقوات	14
بأعيانهم	14
الاقدام	14
والذمي	14
الخليط	14
وقنا	14
الجلدة	14
قنبر	14
فجاءته	14
فصرف	14
يعير	14
المعدود	14
فأشبهت	14
ينفعني	14
النسا	14
صلاحا	14
نجوت	14
لعبيد	14
الحرورية	14
وواو	14
لتوهم	14
معرفا	14
وولدا	14
وإقام	14
للحساب	14
الذبياني	14
القفر	14
اتبعت	14
أيان	14
منظرا	14
ينهاكم	14
ارجعي	14
وببغداد	14
حديثك	14
ويعظم	14
والفرقة	14
يعفر	14
بطلاقها	14
كالنكاح	14
مقتض	14
واعترضه	14
لاشتراكهما	14
البلايا	14
ادعيت	14
كيدهم	14
وأخرجوا	14
الماهر	14
الجليس	14
يفديه	14
الرها	14
معارضا	14
يحزنك	14
نذيرا	14
فالق	14
عمارته	14
تفسخ	14
يشجب	14
الوحى	14
بالرحمن	14
جما	14
مدلج	14
والخنازير	14
مسكا	14
وأمية	14
لنعلم	14
أكلم	14
فأبيت	14
لمال	14
نكاحهن	14
والقران	14
مفطرا	14
ارشاد	14
فثلاثة	14
الأستار	14
نعلين	14
والتهليل	14
خمار	14
اللواط	14
واختياره	14
ببلخ	14
والاقتصار	14
المهري	14
لجده	14
الكثيب	14
تثنى	14
والعقب	14
والمدبر	14
يشتهون	14
نباتا	14
عابدين	14
وخل	14
طريا	14
القراح	14
فانكحوا	14
ملته	14
بالحروف	14
فيغسل	14
وأتممت	14
أجبت	14
وعرفوا	14
يشركه	14
بالكاف	14
الانصاري	14
يلى	14
شهدة	14
الفانية	14
أبصار	14
جيفة	14
جوارحه	14
ولهن	14
شفاها	14
وانصرفوا	14
دعائهم	14
رشيدا	14
وكاتبه	14
وباعتبار	14
لأوليائه	14
يقضيها	14
الشؤم	14
ويثني	14
لمولى	14
يقيده	14
ءامنوا	14
حن	14
تناله	14
محراب	14
فغاب	14
والعشر	14
عوقب	14
أسلمنا	14
يريه	14
لتسع	14
قرئت	14
والخصوص	14
توبوا	14
فانطلقا	14
كالكلب	14
الوحدانية	14
بصدده	14
نيست	14
دجى	14
غلامي	14
فسطاط	14
فاستمر	14
لظهوره	14
وبمصر	14
التقينا	14
لقالوا	14
لوالديه	14
أرنا	14
ابنيه	14
فركبت	14
للظاهر	14
فليتم	14
عمم	14
لكونهما	14
الأنامل	14
بالرسل	14
شعيرا	14
والحروف	14
يفصح	14
وصلته	14
غلته	14
بأو	14
مباشرته	14
يتحالفان	14
الإصبهاني	14
لهوا	14
والطول	14
بزينة	14
أشتهي	14
وبشره	14
وسدر	14
والميراث	14
النهشلي	14
المؤتلف	14
والنووي	14
حذار	14
يحسبن	14
افتراء	14
زلزلة	14
مكابرة	14
للبدن	14
خرشة	14
وإيجاب	14
جاور	14
المهدوي	14
ثديها	14
معاملته	14
عصبته	14
الهر	14
فأرجو	14
خوات	14
اللوى	14
عذابك	14
وبشير	14
هان	14
القريض	14
يوصيكم	14
والعطش	14
تسبيحة	14
المأخذ	14
والنصيحة	14
والصيف	14
يجمعه	14
تعسف	14
بالإطلاق	14
فلأنها	14
تجزى	14
أروي	14
مثبتا	14
وأعقب	14
وترجمه	14
مغلوب	14
نساؤكم	14
حديدا	14
قيوم	14
نباتها	14
حائلا	14
بالاستغفار	14
يساويه	14
العكلي	14
لوعة	14
الهون	14
واجتنبوا	14
تعجبا	14
والرشد	14
مددا	14
أقاما	14
حبرة	14
العرباض	14
وساءت	14
أتتك	14
نكث	14
قصعة	14
للنووي	14
فصيحة	14
الكديمي	14
الأنواء	14
والخال	14
الجلودي	14
بالأهواز	14
جوى	14
للمكذبين	14
باللغو	14
بالفقر	14
ووسع	14
ولتكن	14
هلموا	14
الحلبة	14
عرفني	14
وروض	14
الكوفى	14
الدليلين	14
التنافي	14
الزق	14
منجاب	14
تأتوا	14
الرجالة	14
المستقبلة	14
صلاتين	14
الإصفهاني	14
بذمة	14
أتوب	14
القلادة	14
وكسوة	14
مسخ	14
نجز	14
كيفيته	14
ومفعول	14
حوراء	14
لربها	14
أعجبه	14
والنظائر	14
هلاكهم	14
ينفض	14
الرس	14
يلقيه	14
لماله	14
الإلقاء	14
خلاء	14
صاغرون	14
حقير	14
التبع	14
يحاذي	14
والفاسق	14
معجز	14
جلودهم	14
فأشهد	14
للتهمة	14
خبري	14
لمخالفة	14
لاشتماله	14
الناذر	14
اللكهنوي	14
يفتنون	14
المصلح	14
المكرمات	14
ذاب	14
يلبسها	14
والتسعون	14
أحياها	14
منوط	14
ومسائل	14
وموثقة	14
الانفساخ	14
فكذبوه	14
ضربنا	14
بالهم	14
كتان	14
عدلوا	14
بتوبة	14
فكلام	14
بقسميه	14
بالترك	14
استثني	14
الغواني	14
بالجد	14
تأمرنا	14
داموا	14
بدعائه	14
والسند	14
الراشدون	14
واستعمله	14
لكانوا	14
والشافعى	14
استكبروا	14
والنوى	14
أدركوا	14
برأيك	14
وملائكة	14
فسموا	14
والعبارة	14
لمولانا	14
للتشهد	14
والجهر	14
اللوازم	14
إلهكم	14
ينقصه	14
سندس	14
آفات	14
وآخذ	14
يشربه	14
يقظان	14
مشكور	14
قدرك	14
للميرزا	14
للأخت	14
بديعة	14
التعدية	14
وارزقني	14
وجعلني	14
نرضى	14
نقضوا	14
فأراه	14
حميل	14
عتبان	14
تأريخ	14
يشمله	14
والحنفية	14
كالحج	14
حماره	14
والنعم	14
وسواد	14
للقلوب	14
النشور	14
الفرية	14
فتنبه	14
إحديهما	14
الذمية	14
وإمكان	14
وسدس	14
لمقتضى	14
أعطيناك	14
والأعراض	14
لحسان	14
وأصوله	14
رسلان	14
بالمثلثة	14
الكي	14
والعرش	14
كارها	14
ريق	14
العريان	14
والمنافع	14
رمية	14
ينتقص	14
ومنشأ	14
بالمثناة	14
الأكمه	14
ليعبدون	14
ملحا	14
الفصد	14
وأيده	14
ليسمع	14
كالخمر	14
للأبوين	14
النجسة	14
البيتان	14
تشركون	14
نكالا	14
ونهاهم	14
فليقم	14
الجبلين	14
متعبدا	14
كلماتهم	14
فأمرنا	14
بالخلاف	14
يلزمك	14
عبيدي	14
لوث	14
فتزوجت	14
الكتابي	14
والبلوغ	14
عجوة	14
التكسب	14
مقتضاها	14
لأعطين	14
احتمالان	14
نواها	14
وتنبيه	14
مضمرا	14
الخطإ	14
للمصلي	14
فيقدر	14
فعزله	14
المقوقس	14
القلتين	14
يغن	14
جواره	14
شؤم	14
وبل	14
بذراع	14
ويعطيه	14
دنياك	14
أبجر	14
والسهو	14
وحسنة	14
مكيل	14
ويلقى	14
المكروهة	14
كتف	14
تبيعوا	14
فصلاته	14
الترديد	14
الديان	14
فأجمعوا	14
والفضيلة	14
الغلول	14
فاصنع	14
وصايا	14
سحت	14
ونسبته	14
تطهيره	14
فيختص	14
بعهده	14
الحاجبين	14
يقرؤه	14
وسماعه	14
فتعجب	14
والنهر	14
بالزوج	14
تجلت	14
أواسط	14
والتصحيح	14
إشارته	14
فظهرت	14
والهم	14
تمييزا	14
رواسي	14
نمرة	14
تقديما	14
مستدلا	14
نقع	14
أدركنا	14
الالتقاط	14
حرر	14
المصورة	14
سبقا	14
طرقها	14
سيق	14
وتقيم	14
نسيب	14
تماثيل	14
وذكرى	14
السوار	14
حزنه	14
صلبة	14
والوهم	14
قالتا	14
والقذف	14
سخن	14
اللغتين	14
الانتساب	14
أشرفت	14
سلس	14
وبرز	14
التأسي	14
فتم	14
الفلكية	14
تتفاوت	14
حكماء	14
بمنزله	14
يقرئك	14
مسيل	14
تقبله	14
إهمال	14
توالي	14
هندي	14
وأرسلت	14
هربا	14
رؤوف	14
يفتخر	14
وتقييد	14
والرؤية	14
نخيل	14
دفنت	14
يطلقون	14
مهدى	14
تعاقب	14
الجالس	14
المعمري	14
الساجدين	14
بالحجاب	14
بالصورة	14
لاعتبار	14
وعزة	14
طفت	14
الخنازير	14
ورأينا	14
التلميذ	14
معراج	14
عباءة	14
مشغولة	14
لتعليم	14
والشهر	14
والمدح	14
والإصابة	14
سعيهم	14
حلوله	14
تغييره	14
الابل	14
الاصطياد	14
اتهمه	14
قوتهم	14
وإسقاط	14
العبيدي	14
يلتقيان	14
المكسور	14
بالإقامة	14
محبوس	14
المستعار	14
يصنعه	14
نبع	14
الصدف	14
الحامض	14
لسماع	14
يدعوني	14
عابدون	14
جانبك	14
المحضر	14
الإغماء	14
أخبروني	14
اعترفوا	14
وذهبوا	14
يفوض	14
لكلامه	14
أعرضت	14
لأرض	14
دعوني	14
جبن	14
دكان	14
بالتراضي	14
ويلي	14
ليكن	14
المطول	14
آخرته	14
بغضب	14
عجزوا	14
وأولها	14
والخط	14
فالكل	14
تكونا	14
والكلمة	14
الإخفاء	14
ينادون	14
المسن	14
الشجعان	14
الحفرة	14
أشعاره	14
وطورا	14
صال	14
سائبة	14
تنحصر	14
دوران	14
ثلة	14
كميل	14
تحبه	14
لقتله	14
وتبع	14
ويرتفع	14
حركت	14
التخويف	14
والرياض	14
بقدم	14
أداؤه	14
شيبا	14
ومعروف	14
الثمين	14
تصرفاته	14
عادات	14
أعدها	14
حواري	14
وشغل	14
وزيارة	14
واردا	14
ويكمل	14
فليعد	14
بحروفه	14
الإشاعة	14
وقابل	14
بصلة	14
مناسبا	14
تدخلها	14
إيذاء	14
قيراطا	14
معاهد	14
البحيري	14
والركن	14
سرحان	14
منحصر	14
السرب	14
بدني	14
الأربعمائة	14
وربي	14
يخيب	14
إدخاله	14
تلوح	14
حبسا	14
للطعام	14
الموروث	14
ونرى	14
والاتفاق	14
ولديه	14
نتاج	14
مصلحته	14
التميز	14
مليء	14
والخارج	14
النقاب	14
بالسعي	14
وتترك	14
مقولة	14
بضمان	14
ملتقى	14
للأصول	14
حوران	14
وتوجد	14
التعزية	14
للشرب	14
البحوث	14
المواساة	14
أمناء	14
رغبته	14
وأخيرا	14
بانه	14
جال	14
الضباب	14
وكسب	14
الرائع	14
السيول	14
ده	14
حيازة	14
ألواح	14
وايضا	14
سامة	14
صديقي	14
بذاتها	14
فاروق	14
والشركة	14
مقبلة	14
وعملت	14
وبدون	14
الأعمار	14
للشعر	14
موكب	14
طرحت	14
عمدت	14
وزادت	14
وضعتها	14
بالوكالة	14
المستورد	14
وتوجيه	14
اللي	14
المشارك	14
للحياة	14
تعرضوا	14
لجعل	14
يستبعد	14
تتبعها	14
بلدنا	14
غلق	14
وحقوق	14
السامية	14
بتعيين	14
سامي	14
الضخمة	14
الجنسين	14
بتغيير	14
توقيت	14
يناقش	14
الخطير	14
تشهده	14
السائق	14
بارز	14
طرحه	14
والرياح	14
ولدى	14
أثبتت	14
المراقبة	14
المعرض	14
ثورة	14
هائلة	14
بنيامين	14
فور	14
يحتوي	14
الناشئة	14
القلق	14
تتعرض	14
مماثلة	14
الامن	14
البنوك	14
لحل	14
الوثائق	14
الصعبة	14
يثير	14
أعتقد	14
معهد	14
الاستفادة	14
الرسمية	14
كانون	14
مواجهة	14
البريطانية	14
العلاقات	14
أعلنت	14
مجير	13
والرجم	13
والطرف	13
فطفق	13
بعثته	13
نثبت	13
تعس	13
مكيال	13
المنظوم	13
أتباعهم	13
لكافر	13
قتلهما	13
بالمشيئة	13
بأبى	13
نرو	13
البنان	13
عدتهم	13
فجعلنا	13
المطبوخ	13
خلدة	13
فافترقا	13
بضد	13
يعاب	13
وبطن	13
دره	13
المتقدمون	13
وشجر	13
بالزيت	13
الحلى	13
مشهوران	13
فلئن	13
انكسرت	13
وجنات	13
يطاف	13
فليحذر	13
درعه	13
بالخصومة	13
موضعان	13
بشيراز	13
والتفريق	13
الراتبة	13
كتبناه	13
أوجبها	13
البتي	13
مكرا	13
ليجعل	13
ربعا	13
أمرد	13
يقرأها	13
بالروم	13
الركنين	13
نكاحهما	13
الفاقة	13
بالمرء	13
زادا	13
بسبعين	13
عي	13
أرجى	13
خدي	13
قوسه	13
سترها	13
أزد	13
يسق	13
يأكلها	13
نسبهم	13
النخاس	13
ومفهومه	13
للمنع	13
فحرام	13
بمزدلفة	13
والمقنع	13
رحلي	13
ووالد	13
لبنيه	13
أميا	13
ويحتج	13
بالضمير	13
للآمر	13
لبثوا	13
وسمعنا	13
والألقاب	13
يبح	13
الخلدي	13
للقلقشندي	13
تصيبهم	13
وكتبنا	13
فاستيقظ	13
تصنعون	13
يحفظها	13
أحفظه	13
وجدوه	13
والمرتضى	13
والأخفش	13
والنواهي	13
جقمق	13
الكماة	13
يعدكم	13
تسل	13
أمات	13
صارا	13
مفتيا	13
الشغار	13
تآليف	13
يرزقه	13
ثمانيا	13
السياري	13
وشيئا	13
والاحكام	13
غزوت	13
والتشهد	13
طاعتي	13
وضاقت	13
تنحى	13
نومة	13
والواحدة	13
ولادتها	13
والسواك	13
تولاه	13
تبادر	13
صيته	13
آمرك	13
القاصد	13
عطر	13
المنجمين	13
والركبة	13
بدرهمين	13
للمحقق	13
وتأويله	13
فليصمه	13
مشبهة	13
ببدنه	13
الاستحالة	13
رجلها	13
تكليما	13
ونتف	13
معية	13
الظليم	13
الفياض	13
الممدود	13
الروضات	13
المؤن	13
ضميرا	13
ونورا	13
فمثله	13
سدد	13
البلل	13
طباطبا	13
الاختيارية	13
وجئنا	13
فنودي	13
وطلقها	13
أمسكها	13
بمنزلته	13
فقصر	13
يمرقون	13
لقربه	13
بالميت	13
المرأتين	13
استئذان	13
حبط	13
والتقريب	13
وسنه	13
بإدراك	13
القهقرى	13
تحليفه	13
نعجة	13
أردشير	13
ردف	13
استشار	13
مصداق	13
واستحقاق	13
بصحتها	13
الزجاجي	13
ملابسة	13
الرومية	13
الغالبون	13
قيلا	13
القانع	13
الصاعقة	13
العضاه	13
تباركت	13
فعاش	13
وسجوده	13
لبنت	13
والحث	13
بنصفه	13
أمثالكم	13
وزينة	13
والرحم	13
فاتبع	13
بالأصابع	13
جناحيه	13
مقامهم	13
مزاجه	13
وه	13
واجعلنا	13
الرقاد	13
سدت	13
فاعترف	13
المذمومة	13
فحفظ	13
بالنصوص	13
أعداءه	13
مفارق	13
ترابها	13
مغازي	13
المبيح	13
والطحاوي	13
متبرع	13
جئناك	13
أقمنا	13
شطره	13
والخيانة	13
فيفعل	13
الخذف	13
المكري	13
آلهتكم	13
فطعنه	13
شرابه	13
الغافل	13
والجذام	13
نهاوند	13
الواقفة	13
تعليلا	13
المناجاة	13
القيظ	13
وأشدهم	13
ابتغى	13
دماءكم	13
انتصف	13
ومضر	13
يحلب	13
ينزله	13
وقائل	13
الهزال	13
الزخار	13
المثابة	13
منجا	13
عمده	13
تمرات	13
الإعسار	13
لدون	13
للشارح	13
القذى	13
القرحة	13
فأجابوه	13
انكار	13
ناولني	13
فأذهب	13
مسبب	13
للإحرام	13
متقابلين	13
وتره	13
زادها	13
فمكثت	13
المدقق	13
مناسككم	13
يضربها	13
حش	13
ويزول	13
عذبة	13
وبصري	13
بلبان	13
الكنايات	13
الاجمال	13
ايشان	13
هجرا	13
الألفة	13
سلمها	13
ناسخة	13
لدنا	13
البالي	13
بعقله	13
الكور	13
غافلين	13
كد	13
والصراط	13
وشماله	13
يمسكها	13
يستاك	13
شكه	13
بطلوع	13
وطمعا	13
عش	13
فراشي	13
اللمم	13
الفأر	13
فكله	13
التدبر	13
والمالك	13
بالمسلم	13
سرقه	13
مجازي	13
تلين	13
بغيض	13
الغصون	13
تفوته	13
النجا	13
المتبايعان	13
سراجا	13
لص	13
ادعوني	13
الربى	13
خباء	13
خطايا	13
قنع	13
فأعلمه	13
وصحته	13
وآدابه	13
غيلة	13
ويتفرع	13
والقلوب	13
نصرت	13
وتقوى	13
أعشى	13
جارحة	13
وأظهروا	13
إجلالا	13
ابنان	13
مستوفيا	13
أقربه	13
الدبيثي	13
البرزلي	13
فقمنا	13
الفسوق	13
الدف	13
وأمهات	13
الرتب	13
وأقطع	13
فأحسنوا	13
المنكوحة	13
الهيتمي	13
فأرسلنا	13
أحاطت	13
جاع	13
هدرا	13
بالتأمل	13
تظلمون	13
رضوانه	13
سعته	13
منظوم	13
اشتريتها	13
الجازم	13
معجزاته	13
رخاء	13
خيلهم	13
يأمرني	13
وخف	13
وهيهات	13
للأحاديث	13
فيحنث	13
الكنية	13
والعناد	13
لإمام	13
توكيدا	13
الأبرش	13
أنث	13
خلفون	13
وغنى	13
النقع	13
فتفرقوا	13
إفراط	13
ركبانا	13
قاسط	13
المجبر	13
واقفي	13
والنافع	13
المذكورتين	13
يسارعون	13
الحلل	13
متواترا	13
بأمرين	13
الموزون	13
وأجاد	13
الأسنى	13
محرق	13
وبمحمد	13
شجرها	13
ابتدأت	13
كملا	13
يعدها	13
للظهر	13
يتقدر	13
فجعلهم	13
أركب	13
وأقوم	13
يغيروا	13
يريدوا	13
القصبة	13
أرزاقهم	13
المجوسية	13
البررة	13
يتمها	13
والكسب	13
سورها	13
تعيب	13
صائمة	13
الغضا	13
يعمهون	13
فاذكر	13
فاتني	13
لأعرف	13
الاشعار	13
أوكد	13
فديته	13
حبهم	13
بسحر	13
جذوع	13
يخرجهم	13
ثكلتك	13
جزور	13
لباسه	13
قروح	13
لوضوح	13
للعذر	13
السجع	13
جعلكم	13
وتحل	13
جراب	13
يتمه	13
المعظمة	13
لوجوبه	13
تغدو	13
القاعدين	13
ولذي	13
أمرتم	13
فهدى	13
دعاكم	13
والغلام	13
مجمعون	13
بيوتهن	13
والقدرية	13
والزجر	13
البز	13
فصاحة	13
فحضرت	13
الصك	13
ويصب	13
كالعدم	13
كالزكاة	13
كميت	13
وحجته	13
فيرفع	13
سائرا	13
ويختم	13
ودفعها	13
والستر	13
علمائها	13
متردد	13
والكوفيون	13
لصحيحة	13
وجدتموهم	13
بالمدائن	13
أحسنهم	13
ناصب	13
يصبها	13
عدس	13
باقيها	13
نسر	13
تحلب	13
أولادهن	13
فعجل	13
فاسألوا	13
الهجيمي	13
ممدوح	13
الحيازة	13
الحبلي	13
زيغ	13
ألبانها	13
عوارض	13
محكما	13
خافية	13
تبصرة	13
ترضعه	13
وانهم	13
فاحتاج	13
ادعيا	13
وقبيصة	13
وإناثا	13
والورد	13
مطالع	13
وم	13
بأمة	13
باستحقاق	13
الارتداد	13
بالدهن	13
كثرتهم	13
استغناء	13
مستغن	13
المسنونة	13
إلزامه	13
ذليلا	13
وولدي	13
المفاخر	13
مكذب	13
للجنب	13
باثني	13
ودلائل	13
ظريفا	13
أقيس	13
وابصة	13
وإباحة	13
فضيلتكم	13
يأتكم	13
بالتفسير	13
فبكيت	13
للشئ	13
ويقصد	13
مائع	13
لبئس	13
يرزقون	13
عزما	13
أرمي	13
فبم	13
والفلك	13
أشرق	13
وتكسر	13
الروي	13
كسفت	13
حنطب	13
حصره	13
إسلامها	13
هاروت	13
تحتي	13
الدنو	13
عنز	13
وسرت	13
تمم	13
فثار	13
الزنديق	13
حاصر	13
عنادا	13
جثامة	13
تجارته	13
ورضوان	13
قحط	13
فأسرع	13
نفرق	13
أهلكهم	13
وسكنت	13
الحنيف	13
راجحا	13
اختصم	13
واختصاص	13
فجهز	13
فالتقدير	13
بسيماهم	13
ذراعه	13
وأحواله	13
والرق	13
الفارابي	13
بركعتين	13
والفسخ	13
كالهبة	13
نحويا	13
يبتلى	13
والعنبر	13
رددته	13
بنعم	13
فدعوت	13
والاسلام	13
بنصيب	13
بالحرام	13
بتحصيل	13
يبتدأ	13
بحينة	13
يقرئ	13
كالدين	13
أأنتم	13
ركبه	13
وأوفوا	13
أتريد	13
القربان	13
وايم	13
بالبحرين	13
يبطلها	13
يجيزه	13
الاعتقادات	13
وذيل	13
عهدت	13
عيونا	13
وعدك	13
غوى	13
اركب	13
وتطلق	13
لظى	13
يعلمان	13
للمأموم	13
والإذن	13
الرعي	13
شاهدة	13
وفضائل	13
معدومة	13
ويحرك	13
فاتهم	13
رايات	13
دأبه	13
التماثل	13
صلابة	13
الخصومات	13
ناشئ	13
تنم	13
الفطن	13
تخلفه	13
وعلوم	13
والعناية	13
وإجازة	13
محو	13
أطبق	13
عملكم	13
زرت	13
وأبين	13
والكبار	13
معتدلا	13
العتيقة	13
النقاء	13
للنهاية	13
الزمام	13
أنبتت	13
بالأصول	13
والأخير	13
اللتي	13
نصبها	13
يتحد	13
للأئمة	13
والقهر	13
كهف	13
خيرات	13
ووردت	13
رضاء	13
وأمانته	13
يتأثر	13
إصلاحه	13
زواج	13
والبنات	13
يترجم	13
البراغيث	13
شافيا	13
ويسير	13
بحصة	13
أظهرنا	13
والخمسين	13
الأزهرية	13
بحماة	13
إبداء	13
اشتهرت	13
حقن	13
سجنه	13
ندر	13
أنملة	13
والامتناع	13
الإشعار	13
بعلامة	13
بالنوم	13
والمطلق	13
بالإجابة	13
كأم	13
غوث	13
المصريون	13
ويعفو	13
مصائب	13
واعمل	13
نقتل	13
المقاتل	13
بالهجرة	13
وخلط	13
كفاني	13
التباعد	13
ممالك	13
الكتمان	13
أجسادهم	13
مرحلتين	13
والعبادات	13
الطمث	13
بيك	13
الغليل	13
ليأتي	13
أخفي	13
راحته	13
لشرف	13
ووقفه	13
يتخذوا	13
شذوذ	13
بمقام	13
والطمأنينة	13
الصدى	13
الفأل	13
بمحض	13
طعنا	13
نواة	13
للإبل	13
بالنداء	13
مسئول	13
تبر	13
مرين	13
الفتية	13
بأسهم	13
يعرفهم	13
والصغيرة	13
وإقرار	13
الكيفيات	13
طرده	13
الذب	13
ينشئ	13
تلاها	13
للفضل	13
ثقله	13
خولان	13
الذئاب	13
ايمان	13
قسطنطين	13
لتخصيص	13
ويمضي	13
الحسينية	13
فوجدناه	13
لفهم	13
ظهيرة	13
ينصركم	13
ساعده	13
توريث	13
كنسبة	13
بيوتنا	13
ومقابل	13
الاقبال	13
ومعاني	13
وأقامت	13
مآثر	13
وإدراك	13
الضلوع	13
ناقلا	13
استئنافا	13
بجيش	13
القرد	13
والمهاجرين	13
الفرضية	13
غول	13
أفنى	13
وطالت	13
ينج	13
ونقلها	13
بالخوف	13
هيبته	13
أخبارا	13
بخاتم	13
ببقائه	13
جمالها	13
قربها	13
والكشف	13
فتحول	13
المضيق	13
بالذمة	13
مكافأة	13
وتصحيح	13
مصالحهم	13
للبناء	13
المناظر	13
افتتحت	13
للفساد	13
خطية	13
بالأمانة	13
وحالة	13
تنس	13
التحق	13
تأدية	13
بوصول	13
موجه	13
بالتزام	13
يردد	13
ووضعوا	13
إيجابا	13
والري	13
غور	13
بعكس	13
ورعاية	13
بالأمة	13
عادلة	13
وتدعو	13
الرعايا	13
رغيف	13
الفورية	13
وصيانة	13
عزت	13
الرمال	13
والحل	13
أقلام	13
بالجامعة	13
وتميز	13
للزراعة	13
بهدم	13
دراية	13
استلام	13
للدخول	13
أهلنا	13
موقعها	13
أدوية	13
ينعكس	13
أساليب	13
نبيل	13
ويؤكد	13
الذكي	13
بالأمن	13
تحذير	13
المستحيل	13
يسعون	13
وتناول	13
المرسوم	13
ورأت	13
اقتحم	13
وحث	13
عجلة	13
السريعة	13
تمتد	13
اكبر	13
أسرته	13
وحقق	13
منشور	13
تعهد	13
وكبار	13
التنفس	13
جدول	13
أشكال	13
وشارك	13
مساحة	13
استكمال	13
سحب	13
أشارت	13
تلبية	13
بدور	13
أجريت	13
شرقية	13
الخطط	13
تعتمد	13
قررت	13
السكان	13
مارس	13
تأمين	13
وزراء	13
النادي	13
لصالح	13
نشاط	13
مقطع	13
الضراء	12
موثقا	12
خالطه	12
الشتم	12
بالحلال	12
والتاسع	12
كمالك	12
واستحباب	12
خلوت	12
هداك	12
مقرنين	12
غضا	12
ومتاع	12
ببابه	12
اشتهى	12
لامكان	12
واختصر	12
خفيفتين	12
الضريس	12
فعين	12
الرغيف	12
جاحد	12
والخل	12
كمالا	12
ناصرا	12
خضب	12
مبتلى	12
والكبد	12
ومكي	12
أجلاء	12
كرده	12
الدقيقي	12
مشرب	12
عادى	12
ذراريهم	12
والعيب	12
ونفر	12
تلبسه	12
ذبائح	12
يتقدمه	12
للكفر	12
سألها	12
وصورتها	12
روايتي	12
وأكرمهم	12
أكرمكم	12
بباطل	12
فبسط	12
العباسيين	12
اللجاج	12
لحنا	12
العنين	12
مضموم	12
القراطيسي	12
إينال	12
عنيد	12
منبت	12
جندا	12
وجاءوا	12
يرفعها	12
يتيمة	12
صنفا	12
دينارين	12
بالدنانير	12
والشيخان	12
الموطإ	12
أباحه	12
ليقضي	12
الفاجرة	12
ضير	12
وأتيت	12
أوردنا	12
مكشوف	12
يجيزون	12
عداهم	12
ومكر	12
بالإبل	12
والمعقول	12
منفعتها	12
بدنانير	12
وافد	12
وسخ	12
الرعاف	12
البطريق	12
ميزانه	12
حاكيا	12
المغنى	12
أخويه	12
دهلي	12
فادعوا	12
أوشك	12
واشتدت	12
لمة	12
بحفظه	12
وغايته	12
بالبسملة	12
فبأن	12
شمسا	12
أبشروا	12
هرة	12
مهرة	12
وعون	12
لجابر	12
بلاغة	12
ترجعوا	12
بالمشركين	12
تسليمة	12
برجلين	12
حلفوا	12
ليعبدوا	12
فعلك	12
والظاء	12
الكجي	12
بالقيروان	12
الشيوع	12
المخطئ	12
المامقاني	12
يصاد	12
والرب	12
برؤيته	12
تطليقات	12
البعلبكي	12
فمهما	12
ترع	12
يجمعهم	12
قذفا	12
محلى	12
بالظرف	12
وخديجة	12
عامتهم	12
والحلف	12
وخرب	12
ويورث	12
تنصر	12
فنحو	12
عدما	12
أحياه	12
يحلفه	12
خلاط	12
جهضم	12
بالهوى	12
حملهن	12
العفاف	12
فيبعث	12
سارقا	12
والفرار	12
أرباعا	12
والزمخشري	12
فاشتراها	12
بالدرة	12
مستلزما	12
فاتبعوني	12
فأعلمهم	12
ضحوة	12
يتأدى	12
العاضد	12
والمسكنة	12
فولوا	12
بأموالكم	12
تسألوني	12
مخوفا	12
الفتوة	12
أتحب	12
وعنى	12
وانى	12
محيصة	12
وأفهم	12
ذمهم	12
المبعث	12
للتدريس	12
وليته	12
يخط	12
اكتبوا	12
يمهل	12
فرأينا	12
بسوط	12
للنصف	12
والبدل	12
عتاق	12
رزقناكم	12
بأمرك	12
فاطلع	12
فعلمه	12
يتجلى	12
وإيضاح	12
ترجيحه	12
الهذليين	12
وسلطانه	12
أغفر	12
وأشهدوا	12
الحمالة	12
استغفار	12
يشتم	12
الصحن	12
يتأكد	12
بالإجارة	12
همي	12
ورباع	12
متخذا	12
فيلحق	12
والقادر	12
مبدلة	12
مظنون	12
خبت	12
ويعلمهم	12
وحبل	12
يكادون	12
لليتيم	12
السما	12
كجعفر	12
أمداد	12
صاحبيه	12
بخرقة	12
آمرا	12
غرمائه	12
الوشاة	12
بظلام	12
بنعمته	12
أخرجهم	12
أعظمها	12
والعصمة	12
ويبرأ	12
السنبل	12
والحكيم	12
خنساء	12
الفروي	12
والسلوى	12
وتتقوا	12
وغطفان	12
الوالدان	12
بصفاته	12
الوجيه	12
فماله	12
وأعلمه	12
للاختلاف	12
القثاء	12
مرادة	12
فتبعه	12
بقلوبهم	12
أصلى	12
وأحدا	12
قسيط	12
والأجرة	12
مدر	12
جريرا	12
ختمت	12
يستوعب	12
مجاب	12
للنبى	12
الإيادي	12
كخبر	12
والبراهين	12
يشب	12
وأضعف	12
تعذرت	12
قمرا	12
وعطية	12
المتقن	12
إلهية	12
الأجود	12
اشعار	12
وفتوى	12
والندى	12
مولاكم	12
الأبرص	12
فحش	12
فكبروا	12
إعراض	12
وللبخاري	12
ندامة	12
مجموعا	12
ويتخذ	12
بالمسك	12
دعته	12
نشرح	12
جهال	12
فطلع	12
المنهل	12
وأعمالهم	12
أفصى	12
فأخر	12
ألبان	12
يتبعض	12
مغلظة	12
بشرطين	12
التعين	12
وتعبيري	12
أتخذ	12
ورفعنا	12
بشره	12
وأطعموا	12
بسواء	12
يجل	12
وبأي	12
بالسكوت	12
يؤخره	12
لحمزة	12
الغاسل	12
بحور	12
صفرا	12
تكوني	12
فنسخ	12
طعنت	12
أخرجك	12
منصورا	12
فدعاني	12
يلزمنا	12
يأتم	12
الشجة	12
إنكارهم	12
بالبدل	12
عجم	12
تحتهم	12
المازندراني	12
الجاهلون	12
فكتبوا	12
تعوذ	12
طافت	12
والعقوبة	12
استظهر	12
وسليم	12
فاذن	12
المشترط	12
أستجب	12
يضطرب	12
طالعة	12
وعظمه	12
للغلام	12
والسيئات	12
المعجل	12
المبتدع	12
آياتها	12
لابس	12
الستور	12
ويهلك	12
نكفر	12
بالضعف	12
الهودج	12
للقبلة	12
بالعوض	12
الظهران	12
فيتوقف	12
دمشقي	12
والذهبي	12
يجدونه	12
الجماد	12
ضيعته	12
بمعونة	12
عرقه	12
كند	12
يخافه	12
ومشقة	12
إلهه	12
الرذائل	12
أحصي	12
بالامر	12
ارسل	12
للأولياء	12
متقاربان	12
الهيولى	12
للبعض	12
يتوفون	12
المعقوفتين	12
خولف	12
لفظية	12
زينتهن	12
سوقا	12
الماجد	12
احتاجوا	12
المجانين	12
فوته	12
اجعلها	12
ولدين	12
وقاعدة	12
التيس	12
قائلهم	12
بالجار	12
والداعي	12
ويسقى	12
والربا	12
فانكسر	12
بفيه	12
وأزال	12
ففيما	12
بكمالها	12
التجرد	12
أقراء	12
صحيحان	12
انفسخت	12
وخلافا	12
القتيبي	12
لاشتراط	12
عاقر	12
ذلا	12
طيبها	12
وعقوق	12
وصفين	12
ويستغفر	12
بالنسخ	12
أرضعته	12
حضت	12
يلبثوا	12
فتلقى	12
رغبت	12
وعلمنا	12
بقتلهم	12
بالنعمة	12
وينتفع	12
حطبا	12
معترضا	12
فبعثه	12
نفيع	12
لكثرته	12
بالهداية	12
أصلهما	12
استأجرها	12
فرحوا	12
مرتهن	12
وحسنت	12
واشهد	12
أعدى	12
وتبعهم	12
رجعتها	12
فينفذ	12
لاقتضاء	12
الأكرمين	12
فانصرفوا	12
وإسرافيل	12
فأصلحوا	12
واضرب	12
مريئا	12
والأصنام	12
إبلهم	12
متصرف	12
وهاتان	12
هاجرت	12
هوان	12
وطعامه	12
والتضرع	12
فأكلنا	12
مديدة	12
المجيز	12
معلل	12
الجمرات	12
العربان	12
الجهرية	12
آنس	12
وكأين	12
مقسوم	12
وكلب	12
بطين	12
مضيت	12
يحتجم	12
والقرن	12
أعزة	12
طربا	12
وأعرف	12
يدلان	12
وأعطاني	12
بالاستثناء	12
المهديين	12
منطقه	12
فافعلوا	12
أوليائي	12
الشموس	12
الذبيح	12
الجامد	12
منديل	12
فينصرف	12
وزرارة	12
البالسي	12
المنجا	12
بنصره	12
الصنيع	12
يعجزه	12
غزونا	12
ويبني	12
يلصق	12
الانحناء	12
توطئة	12
ثالثه	12
القارىء	12
كساه	12
فخلف	12
تنازعتم	12
مؤديا	12
والضرورة	12
سليمى	12
منيته	12
لحب	12
كعبة	12
المقسوم	12
وورق	12
والخندق	12
بالصفا	12
وفرقوا	12
كلفه	12
بالبال	12
الالف	12
أسقطه	12
بمراكش	12
وأضل	12
أرادا	12
فهيرة	12
بله	12
فأخذوه	12
بسطه	12
اعترافه	12
وحذفها	12
للرضا	12
أخلاقهم	12
ريشه	12
خفافا	12
أحكمت	12
وآداب	12
والسارقة	12
فيترك	12
الجارحة	12
انتقاض	12
المصراة	12
القتبي	12
يدب	12
شأنا	12
والاعتقاد	12
وخفي	12
أدناهم	12
لذهب	12
فهب	12
وشهدوا	12
لأحب	12
يجمعوا	12
بالرطب	12
دلس	12
الأقطع	12
العامد	12
العمادية	12
جديلة	12
فتبينوا	12
ألسن	12
فعرضت	12
مورده	12
إكرامه	12
مثلة	12
الحمداني	12
يصيرون	12
بالسهم	12
العروة	12
افتراق	12
والذنوب	12
الشوبري	12
أصب	12
وخوفا	12
والتفت	12
مغلوبا	12
البيعان	12
شاهدي	12
وهمزة	12
الانبياء	12
إعلامه	12
عصاك	12
يتوبوا	12
طويت	12
نحوهم	12
حرموا	12
اظهار	12
احب	12
مكثرا	12
الدمشقية	12
بلفظة	12
استدلاله	12
اجر	12
ظنية	12
لخصوص	12
أحببته	12
أرزاق	12
بجنازة	12
الحجري	12
تحرر	12
أهوال	12
غربا	12
الفائزون	12
يساعده	12
وأعيان	12
لاجل	12
المراة	12
وحصر	12
رجوعهم	12
للتمييز	12
أشقر	12
أقلها	12
المحصور	12
بالرعب	12
بنبي	12
ألهم	12
للثانية	12
بالعادة	12
الشعاع	12
الجلة	12
مقدماته	12
الخالدي	12
وساعة	12
وليكون	12
إتمامها	12
كلفت	12
وافيا	12
يتخطى	12
وزارته	12
أوصل	12
يمتلئ	12
يتعرضوا	12
بيعهما	12
وفضيل	12
باديس	12
ترحم	12
وقطعوا	12
يلتحق	12
اختياري	12
إدراكها	12
فالعمل	12
الرهان	12
أيديهن	12
لليلة	12
درء	12
المسودة	12
والفسق	12
تال	12
الموطن	12
قبلوا	12
يخدع	12
احتاجت	12
تختم	12
الأموية	12
الحافي	12
بالخطأ	12
مواهب	12
للفقير	12
بلوغها	12
وقاسم	12
مكررة	12
طل	12
بار	12
الأخدود	12
ميله	12
يدخلن	12
تدفن	12
بتوحيد	12
ليا	12
والراحة	12
جرف	12
وفضيلة	12
الافتراء	12
يسخن	12
الأكفاء	12
مجامع	12
يكفيني	12
بردى	12
والتزم	12
ترغيب	12
صانعا	12
أغراض	12
والترجمة	12
بمعناها	12
المتبع	12
خائفين	12
سبت	12
سقطا	12
يضحكون	12
الجائع	12
بوعد	12
الرخام	12
صرفنا	12
وكرامة	12
تربص	12
نذهب	12
مضروبة	12
بلدها	12
الجمالي	12
والاحتجاج	12
كهذا	12
وغرس	12
أرخى	12
والظهور	12
المظلمة	12
كتفي	12
يوليه	12
المغلس	12
ولايتهم	12
شاكا	12
وقم	12
أنشأه	12
إيذانا	12
الإنابة	12
بأموال	12
وصوب	12
بالمعرفة	12
تتلو	12
حلبة	12
أجداده	12
متضمنة	12
متفرق	12
ناطقة	12
منبج	12
وآلات	12
إسم	12
أعالي	12
الشاقة	12
والشروط	12
القصيم	12
حزين	12
يجهز	12
وانضم	12
والشوق	12
بقوا	12
الإيداع	12
رسولي	12
بالرحيل	12
نتجت	12
النقائص	12
تبدي	12
تغنى	12
الدوران	12
والغريب	12
طريقتهم	12
النجمية	12
وأحاط	12
والفرح	12
نبهت	12
شربوا	12
بريئا	12
والأمهات	12
والفجور	12
تخلفوا	12
العطاس	12
بإعطاء	12
خيارها	12
والأداء	12
للخطاب	12
بطرابلس	12
الترس	12
والفوز	12
يحاربون	12
واللغات	12
الضروريات	12
الخائن	12
الرغائب	12
طمأنينة	12
خوان	12
مسحا	12
إطلاقا	12
فلمن	12
وركوب	12
بطلا	12
للصحة	12
معربة	12
بتغير	12
وو	12
خاصية	12
يمتاز	12
والمحافظة	12
وإلقاء	12
أوردت	12
العماني	12
حبات	12
تترتب	12
الكيمياء	12
الريف	12
زيان	12
بالسوق	12
داخلها	12
الموجه	12
حقوقها	12
بكيفية	12
والآلات	12
زجاج	12
كهذه	12
ضيفا	12
امتحان	12
رافعة	12
العذراء	12
صميم	12
الوصاية	12
يشهده	12
بمصالح	12
انعكس	12
لمناسبة	12
بالسير	12
أسف	12
مصور	12
وقاموا	12
الجيدة	12
تتكرر	12
تنشأ	12
مصالحه	12
تفصل	12
ضريح	12
خلصت	12
وظيفته	12
تمرين	12
وتمنع	12
مغلق	12
وبخاصة	12
الفاصلة	12
طاقته	12
التضييق	12
ويريدون	12
ناحيته	12
الإحساس	12
والعطاء	12
لارتفاع	12
انتزاع	12
البطل	12
يفكر	12
المباني	12
تقريرا	12
مجلسي	12
بمبلغ	12
الإمداد	12
بصفته	12
المعلمين	12
والدولة	12
البالغين	12
تناولت	12
موقفه	12
هيكل	12
المجلة	12
مرتبط	12
جرعة	12
المحاكم	12
غزيرة	12
مشاة	12
بموافقة	12
كيلو	12
تعيد	12
بو	12
تفقد	12
أوقف	12
المشاعر	12
الجائحة	12
الشابة	12
التحدي	12
ظروف	12
القارة	12
الشبان	12
بسعر	12
ختام	12
تكوين	12
لاحقا	12
قيود	12
الشوارع	12
فقدان	12
وشدد	12
معدل	12
الاجتماعي	12
العاصمة	12
الغاز	12
الإسرائيلي	12
اهتدوا	11
دنياكم	11
فيريد	11
رفيقه	11
واضطرب	11
تمني	11
واقتتلوا	11
ظاهرهما	11
للعرف	11
بوالديه	11
فاتق	11
تناهى	11
الحواريون	11
بالريح	11
فخرجا	11
فأحضره	11
بالفجر	11
لمحذوف	11
تأمله	11
رماح	11
اسمعوا	11
بزة	11
مبتدئا	11
لحيان	11
وجوزه	11
النكير	11
فعلاء	11
لجملة	11
الأدبار	11
والأمثال	11
فيجد	11
أقضى	11
والمحل	11
نصها	11
ونودي	11
وحدانيته	11
الخان	11
إتلافه	11
آتية	11
وأحسنوا	11
عقليا	11
جزاه	11
الدلالات	11
وديار	11
اعتناء	11
الجوزى	11
ديسقوريدوس	11
عثرة	11
أريت	11
يرضون	11
أخطأنا	11
عرفجة	11
ظهراني	11
وتملك	11
والغائب	11
متشابها	11
استجيب	11
فظنوا	11
غائط	11
النقرة	11
انقضائها	11
يواري	11
وأصيلا	11
عذبا	11
مغرما	11
هبل	11
مبعث	11
أظهركم	11
منعني	11
أختار	11
أجنب	11
يوضحه	11
بالورق	11
ويشربون	11
حدثوا	11
لباد	11
يخمس	11
الاستقراء	11
وظلما	11
ويجتمع	11
يشربها	11
وحصن	11
فأنكرت	11
شوب	11
فوجبت	11
التعاقب	11
يشآء	11
وتاء	11
المرقاة	11
موازينه	11
مشورة	11
أنشدت	11
فص	11
فأنفذ	11
فالرجل	11
باذنه	11
ولغير	11
فتيا	11
البديعة	11
يوالي	11
والكفارات	11
أجداد	11
تسألون	11
غسق	11
تطوى	11
بلج	11
فيجلس	11
فاستخرج	11
إمارته	11
لعمار	11
التدارك	11
وساقه	11
قاضيها	11
وبشرى	11
تستوي	11
زادك	11
أعقابهم	11
أنوشروان	11
ينتقم	11
بالرجعة	11
مسوق	11
بالكناية	11
واستدعى	11
فقولهم	11
والباقى	11
إربل	11
المسرفين	11
أكاد	11
شكت	11
سؤالك	11
كألف	11
المغمى	11
القندوزي	11
ومسدد	11
الشعرى	11
باعا	11
البارزي	11
لغيرهما	11
الاستفتاح	11
ائتنا	11
خضرا	11
طوع	11
والانقطاع	11
يعقبه	11
قابله	11
ويسأله	11
منادى	11
للتكثير	11
يفرج	11
تخرجون	11
فقهه	11
محلم	11
حبوا	11
ائتوا	11
الملامسة	11
البنفسج	11
كاملين	11
بحاء	11
فليصلها	11
بإزائه	11
العقليات	11
تكذيبا	11
ثورا	11
فدعوا	11
والجوارح	11
تحصيلا	11
يبرئ	11
انعقاده	11
ولينا	11
العنز	11
أخواتها	11
نذكرها	11
فاستعذ	11
ظلمك	11
العلج	11
وعسر	11
الشافية	11
النافذ	11
الإلهام	11
منصوصا	11
كفؤا	11
بالمفهوم	11
بغافل	11
أمنع	11
والصوت	11
يتوكلون	11
استجابوا	11
يقيما	11
للحي	11
يغلبه	11
بالكم	11
خيولهم	11
انهزموا	11
يشتركان	11
ومعظم	11
الميثمي	11
نابت	11
أسروا	11
يشفعون	11
القشر	11
أحدكما	11
بالبول	11
جريانه	11
وينصرف	11
وأطلقه	11
إرثه	11
وأنكروا	11
تبينت	11
وأعظمهم	11
أتجعل	11
غشاوة	11
تزني	11
والتفكر	11
والشفاعة	11
عدولا	11
معرف	11
رجوعها	11
مأمورة	11
الابهام	11
استحقوا	11
المقدمتين	11
نكره	11
فئتين	11
أغفل	11
والاحتمال	11
عنبة	11
معدودا	11
فصحت	11
اختاري	11
والبرق	11
حمة	11
محتاجة	11
يمرق	11
وأجابوا	11
المعاطاة	11
عبادتك	11
محجوب	11
شئتما	11
والشفقة	11
والبئر	11
ونحر	11
والحبل	11
سبيعة	11
والركوب	11
قهره	11
والرجعة	11
وتكذيب	11
لأعرابي	11
بزنا	11
ادريس	11
والثمرة	11
جنسين	11
فعلن	11
فاقض	11
يبيض	11
فقلب	11
سيجيء	11
أشياخه	11
أسلافهم	11
والمدعى	11
والمبارك	11
والعاشر	11
الغبطة	11
الحجبي	11
القرشى	11
كلون	11
والأقربين	11
وشربت	11
دري	11
الباهر	11
بأحمد	11
استدار	11
والطحال	11
والأضحى	11
مستحاضة	11
نصوا	11
الوطي	11
الإرضاع	11
أرذل	11
حمال	11
ونواهيه	11
الرديئة	11
أجرك	11
فوقية	11
فطلبوا	11
فلج	11
تبديلا	11
بقضائه	11
فيسجد	11
جزي	11
وابتدأ	11
كمالها	11
المصححة	11
لإجماع	11
ذمتي	11
قربان	11
عسكرهم	11
المشركات	11
المستمع	11
وسكنها	11
بإجازة	11
لعنت	11
وعزتك	11
تمل	11
الأكف	11
وصد	11
جعلناكم	11
أشبع	11
ربقة	11
ولكون	11
المستوفي	11
وللشيخ	11
تعارضت	11
يجحدون	11
مضين	11
ذقت	11
وارحم	11
بعدل	11
وأسيد	11
وأموال	11
عبدت	11
مقلدا	11
بالخفض	11
والمستأجر	11
أمست	11
أحرص	11
والغراب	11
جيبه	11
العاشق	11
للركوب	11
الفاكهي	11
بإطلاقه	11
بالإباحة	11
نكذب	11
خيثم	11
بحجته	11
الجيب	11
سألتم	11
لمعان	11
فقرب	11
بهدية	11
والجوهر	11
أشبار	11
فضربها	11
والمعز	11
بضده	11
والعارية	11
مخصصا	11
ادم	11
صاده	11
الثنتين	11
المواق	11
كسفا	11
والعظم	11
رجعتم	11
فألقاه	11
أعثر	11
ليفيد	11
بمخلوق	11
استثناه	11
قراض	11
ظننتم	11
شفي	11
أيم	11
سكره	11
طاء	11
سخطك	11
لشديد	11
تمن	11
خصاصة	11
النعماء	11
واستنشق	11
الأباطيل	11
ضلالهم	11
يفترق	11
الشواذ	11
والأهواء	11
حسي	11
الرياحين	11
وقى	11
متصفا	11
متعارف	11
وبنين	11
وابتغاء	11
ظهيرا	11
صياح	11
الساعد	11
هديته	11
وبراءة	11
الفحام	11
ادعاها	11
للمدعى	11
جوصا	11
استه	11
تميد	11
الأضياف	11
بلادكم	11
عداوته	11
ليقل	11
بشعره	11
يعظمون	11
العوالم	11
بعمرو	11
التلقي	11
بأصبعه	11
وارحمني	11
فحدثه	11
فاسمع	11
يسألهم	11
الملحدين	11
اشتقاقه	11
الحبلة	11
كالحكم	11
ساع	11
رقيبا	11
تفسدوا	11
يقطعون	11
فبايع	11
يركبون	11
أختا	11
بعسكر	11
وطلق	11
وعرضا	11
فأوقع	11
ونكل	11
تركهما	11
فاللام	11
ووجيز	11
مرجعكم	11
السماحة	11
محاسنها	11
للمعتق	11
يدغم	11
فول	11
واتقى	11
مسيئا	11
حامية	11
المكفوف	11
فيفتح	11
عقيبه	11
بالخلع	11
تأوله	11
ساجدين	11
أرحام	11
فاجرا	11
بتصديق	11
البشائر	11
تخصيصا	11
انفساخ	11
فتعلم	11
وركبت	11
وأكثروا	11
فاستفتح	11
مصادره	11
كاشفة	11
يستبرئها	11
حالان	11
تقصيره	11
يسنده	11
ونظائره	11
أسرفوا	11
برص	11
سجدوا	11
بكذب	11
يضرها	11
فلانه	11
يغلظ	11
نعني	11
تعريفها	11
فباطل	11
سيذكره	11
الأشرفي	11
فأخرجنا	11
وكر	11
محبوبا	11
خلفنا	11
فهرسته	11
لطفه	11
أحيحة	11
فوجهه	11
ويقبض	11
أقربهما	11
اليوسفي	11
شركهم	11
وأعظمها	11
خلفوا	11
لغوية	11
والعفة	11
المخالطة	11
فأعطاها	11
مغلطاي	11
والعصا	11
هونا	11
استقلت	11
قضاءه	11
منعم	11
والأنس	11
وعدني	11
استقبله	11
مصيبا	11
طبقاته	11
للعذاب	11
بالكثرة	11
والتأخر	11
اصحابه	11
دوننا	11
فطار	11
تخرق	11
ووجع	11
عنايته	11
يمده	11
بفعلها	11
ابتاعه	11
المرسي	11
وسنان	11
وعدته	11
بالفرائض	11
وصفاء	11
وجوهه	11
وتفرقوا	11
إبهامه	11
لد	11
الملاقاة	11
واستحب	11
للأزواج	11
العضباء	11
ويؤمر	11
الكلمتين	11
الانفعال	11
الطرائفي	11
كأصلها	11
ووهبنا	11
والسحاب	11
لتنذر	11
تلبسوا	11
الجحاف	11
فتنته	11
هاتيك	11
بعصا	11
اطلب	11
التغاير	11
الطاطري	11
للإقراء	11
ويذرون	11
نفرت	11
وآدابها	11
والسداد	11
بالمبيع	11
ووعظ	11
طغرلبك	11
والمروءة	11
فطال	11
رأوها	11
والأبواب	11
الفرائد	11
الأيكة	11
خانه	11
يجنب	11
ورزقه	11
ولعبد	11
فعندنا	11
وموعظة	11
يسل	11
مجتمعون	11
ثوبها	11
يصحبه	11
بشهادتهم	11
مثليه	11
ويتحقق	11
اقتضته	11
والضر	11
علاجه	11
البتول	11
بنقله	11
الدنس	11
فتور	11
أرغب	11
الشط	11
مؤاخذة	11
والرقة	11
والحوادث	11
ورسائل	11
مثبتة	11
ري	11
الناجية	11
للحجاج	11
وحاتم	11
بؤس	11
سدر	11
تعلمها	11
نشير	11
فبعضهم	11
أحيى	11
مستلقيا	11
الامل	11
صمم	11
المقارن	11
وادى	11
مصلح	11
قارورة	11
مريب	11
وبلوغ	11
فاصلة	11
جسيم	11
عرضنا	11
والتقرب	11
وانتشرت	11
مختلط	11
مادته	11
المتناهية	11
العشائر	11
ظافر	11
الزاهر	11
يجول	11
يدينون	11
أنصح	11
واختلط	11
كلبك	11
قريته	11
وبغية	11
وعكس	11
النفير	11
البادي	11
مروية	11
وصاحبها	11
الإسم	11
وشهود	11
معرضين	11
أري	11
ولدوا	11
معقد	11
رمانة	11
وذيله	11
وده	11
رزقي	11
لأرباب	11
دبيب	11
القريتين	11
بلبس	11
المجاهدة	11
واللهو	11
أسمائهم	11
وأصالة	11
بالإيجاب	11
رماد	11
الظمآن	11
مغرم	11
معترف	11
نسبي	11
كبرا	11
وأفعال	11
يؤدون	11
استفيد	11
الاسترداد	11
تزين	11
الأنوثة	11
نمى	11
ويمد	11
رهينة	11
قسرا	11
المؤرخون	11
جسدها	11
الكتبي	11
تدعوه	11
وتلاوة	11
باجتماع	11
الصيغ	11
للانتفاع	11
بالحيرة	11
الحمامات	11
نحرها	11
مثواه	11
وموافقة	11
ورمضان	11
وهبان	11
بناءا	11
الإغراء	11
حيات	11
ولذة	11
يصور	11
التنزه	11
وأنهار	11
والهجرة	11
مغنية	11
وقتلوه	11
مضمونها	11
لمنفعة	11
وادعت	11
ينالوا	11
والصديق	11
وأغلق	11
والنسل	11
الجرة	11
رقي	11
بارع	11
عراق	11
الإحتجاج	11
رعية	11
واستقام	11
ويمسك	11
ينتزع	11
عصيان	11
شيعي	11
رئيسهم	11
والقاهرة	11
بمباشرة	11
والاحسان	11
أبوبكر	11
حدب	11
منتظر	11
يلوي	11
الاتساع	11
الواصلة	11
راجيا	11
ينل	11
فأصيب	11
وعبده	11
بالحنطة	11
رجائي	11
دعانا	11
وإنهما	11
ومعهما	11
والأسر	11
البدور	11
المستقل	11
ويباع	11
ورفعة	11
والاضطراب	11
والجنس	11
للأحكام	11
الضار	11
وكالته	11
عله	11
منثورا	11
معقولا	11
اكتسبه	11
جوهره	11
والتعرض	11
وإنزال	11
التساهل	11
تقديرها	11
أرجل	11
حفرها	11
وفهمه	11
وانتظار	11
ويزيل	11
والتمثيل	11
أعوانا	11
المذنبين	11
وناس	11
المحبس	11
العينان	11
وشكا	11
تمكينه	11
طباع	11
توسل	11
فارقته	11
جفت	11
جنينها	11
والسكوت	11
حضانة	11
والمانع	11
بالوقوف	11
تكامل	11
درويش	11
التحويل	11
ارتقى	11
مرتفعا	11
مددت	11
الجيزة	11
مذنب	11
وسوق	11
تمثال	11
تحكيم	11
افضل	11
والوكالة	11
كوثر	11
الجدران	11
المستعملة	11
رياضة	11
متباينة	11
الحاجز	11
جليا	11
الغالية	11
والتأكيد	11
مشرفة	11
تضرر	11
توسعة	11
مقتضيات	11
يحتاجه	11
يكفل	11
والاكتفاء	11
اتخذها	11
رؤيتها	11
ويعتمد	11
طبيعته	11
الجثة	11
إطالة	11
الوحشية	11
السمو	11
الإنكليزية	11
مشتبه	11
الصارم	11
ثلاثي	11
منصف	11
شكرها	11
انقسام	11
الوردي	11
رفيعة	11
مرغوب	11
المصالحة	11
تثير	11
الحجم	11
حضرها	11
قاد	11
يرتبط	11
التسامح	11
خلية	11
حافلة	11
صادرة	11
الاستخدام	11
معظمها	11
تجهيز	11
منفذ	11
الأعوام	11
بكأس	11
الانتشار	11
أوف	11
محلي	11
وزيري	11
والمصالح	11
نقدم	11
لأولئك	11
ويستمر	11
الوضعية	11
المبنى	11
المستمرة	11
حارس	11
النقب	11
الساحة	11
الجماهير	11
الرابطة	11
يمكننا	11
المفترض	11
دورها	11
دفاع	11
استجابة	11
العشرات	11
الباحثين	11
تأجيل	11
منصبه	11
الوقود	11
تواصل	11
غربية	11
شبكة	11
مباشر	11
المساعدة	11
السورية	11
الإجمالي	11
قادة	11
مؤتمر	11
جادت	10
وحفظا	10
وجنته	10
النورة	10
وثالثة	10
إحداكن	10
وكلتك	10
مبنيان	10
المردودة	10
فبعثوا	10
ونزلنا	10
ودعاهم	10
وأحسنهم	10
الإعتقاد	10
يولى	10
خالتي	10
محرمات	10
الحوفي	10
شيركوه	10
والقليل	10
ناصيته	10
والمقيد	10
للظن	10
ذمية	10
وبالثاني	10
للمحكي	10
فتركت	10
وأولو	10
والتأليف	10
حاضري	10
الإبطال	10
بعسل	10
وقهر	10
نجومه	10
البغضاء	10
عك	10
ذود	10
وشيبان	10
مفسدا	10
خدا	10
زنديق	10
بأيهما	10
وتأول	10
لرجلين	10
فيمر	10
والفأرة	10
مسماة	10
بعني	10
أشبههما	10
بالتقديم	10
فالجملة	10
ناسب	10
صدورها	10
غبطة	10
أصنام	10
ديك	10
الجدر	10
مساق	10
فاستولى	10
اضطرارا	10
المتهب	10
حنت	10
وصال	10
أولاهما	10
منفيا	10
خالفها	10
السمآء	10
للحفظ	10
دبيثى	10
أشم	10
تقتلون	10
وساء	10
آنست	10
عزيزة	10
ذنبها	10
فجاؤوا	10
المتعال	10
اشدد	10
جع	10
حجير	10
تجزون	10
فعلق	10
وجلاله	10
رقبتها	10
بإرادته	10
والقسمة	10
وأباح	10
أنكرها	10
والطمع	10
مقتدر	10
ينسج	10
لآبائهم	10
والقبلة	10
عربا	10
اخوة	10
بالتدبير	10
بختنصر	10
أسطر	10
فيستحق	10
القفطي	10
اقترض	10
الطبرى	10
الغابرين	10
يحمى	10
نبئت	10
للملوك	10
الجودي	10
موزونا	10
السقيم	10
فليعمل	10
معدودات	10
ثبير	10
أميرها	10
وللناس	10
يفارقها	10
جامدا	10
وأرضاه	10
عبيس	10
براءته	10
فسخها	10
سيابة	10
بشهود	10
فافتتح	10
ذنوبنا	10
الحسكاني	10
مهتدون	10
رسالات	10
سيئاتكم	10
أهلكه	10
للضيف	10
التيهان	10
وسوسة	10
تقدمة	10
الموصلة	10
المجعول	10
البقاعي	10
المائع	10
وشاء	10
يركبه	10
وأخذنا	10
غلبته	10
جعشم	10
بنقض	10
بمجموع	10
التنوير	10
فممن	10
لزومها	10
ساقي	10
ونخل	10
أهي	10
قسمي	10
غارم	10
وثلثه	10
المحبوس	10
بالرمي	10
بالأجر	10
والمحجوم	10
للصحيح	10
الهياج	10
حفت	10
مالكم	10
وقصور	10
التوزي	10
وأعله	10
مطية	10
يثب	10
قوسا	10
وأقدم	10
رعف	10
الحوضي	10
ارتضاه	10
ودخلها	10
همزته	10
بالأفعال	10
حذفوا	10
وكمل	10
الاندمال	10
ولخبر	10
كأنا	10
سيقول	10
ساسان	10
مصقلة	10
اسلامه	10
مستغرق	10
كهو	10
قطلوبغا	10
الرافضي	10
والقمي	10
آتيناه	10
ألوانها	10
نساؤهم	10
فبعثت	10
والأنساب	10
خصفة	10
وزائدة	10
بالجزء	10
الثلاثمائة	10
الزرقاني	10
كالأجنبي	10
برود	10
أعيش	10
العيزار	10
جالسة	10
طرفاه	10
المدفون	10
مقصرا	10
يستويان	10
تعسر	10
الأرباب	10
تسم	10
مباين	10
برمك	10
فمعلوم	10
تفريعا	10
الإهلاك	10
معجبا	10
السدرة	10
عزموا	10
رابعهم	10
أعطيتها	10
فأصل	10
رعي	10
المجاشعي	10
الأخروية	10
نسى	10
فاكتفى	10
بآخره	10
وابني	10
الإصباح	10
لصق	10
ووقار	10
فادخل	10
زدنا	10
فمضيت	10
أذنها	10
يستوفيه	10
أدغم	10
إفادته	10
أبني	10
وجاهد	10
والغم	10
فروج	10
المصفى	10
حنفاء	10
القبلتين	10
يحجبه	10
لبعده	10
تساهل	10
الروحاني	10
مفرقا	10
أنصباء	10
القرمطي	10
صولة	10
مبدل	10
بالرفق	10
والحية	10
ابتدع	10
بشفاعة	10
المكاري	10
والمتشابه	10
وأهلا	10
وأوقع	10
شرى	10
أك	10
الوشاح	10
يكفروا	10
والجور	10
والمواعظ	10
اسكن	10
واجتهاد	10
للصدوق	10
ميافارقين	10
تحن	10
ولت	10
مبشرين	10
وأحيا	10
واهية	10
تمنعوا	10
يغب	10
أظفار	10
والتبديل	10
النبيه	10
أعجل	10
كنزا	10
أمنوا	10
حفظته	10
تربت	10
بهلاك	10
ينكسر	10
وإبل	10
الحقين	10
مطين	10
الإخشيد	10
أعرفها	10
العذل	10
اعطى	10
يختلفان	10
والنضير	10
المطهرون	10
ملئ	10
سيفك	10
فحملوا	10
والمزفت	10
بإيمان	10
غيروا	10
بعمومه	10
الناب	10
لحومها	10
ساكنها	10
اصبروا	10
يختل	10
ليكونن	10
مرحوم	10
بشرف	10
سكنها	10
وتوهم	10
لوقوعها	10
ترحمون	10
عاصف	10
دنوا	10
لأنظر	10
محيطا	10
ليخرجن	10
أزهد	10
واللون	10
ضرير	10
واتق	10
إبانة	10
تغسيل	10
ونيته	10
اشتري	10
الشجاج	10
وأنزله	10
الباه	10
المعزى	10
ويخافون	10
القز	10
بخدمته	10
واتباعه	10
نحمده	10
مرضعة	10
قوتا	10
الذميمة	10
والدرر	10
الركعتان	10
وشروطه	10
حجيته	10
أإذا	10
ومثلهم	10
طغيانهم	10
وإجابة	10
فعبد	10
والتاج	10
وطهورا	10
بالمحال	10
اطلعنا	10
والعلو	10
والعشرة	10
بالإحرام	10
إسكان	10
النهرواني	10
تصبروا	10
للجن	10
وأتي	10
ودال	10
فانظره	10
الأسنوي	10
المنصوصة	10
للمكلف	10
التوربشتي	10
وقوفا	10
والنحر	10
رجالها	10
الرمد	10
سموات	10
وفرط	10
بظن	10
حك	10
وبلى	10
فيد	10
المزكى	10
البكرة	10
لإعادته	10
ندمت	10
فعم	10
بتحية	10
جئ	10
سويق	10
الصعق	10
فمرة	10
فالعبد	10
عهدته	10
أحول	10
واشتقاقه	10
جداره	10
فأنشدته	10
المقيس	10
دانشگاه	10
لرأيت	10
المثلث	10
معتادا	10
والسورة	10
خطبه	10
يحترز	10
ظهورا	10
أظفر	10
عهدنا	10
ظمأ	10
فاستمعوا	10
المستنير	10
شيبه	10
زمانها	10
للاحتياط	10
خالع	10
التطليق	10
الهجران	10
والدمع	10
السابري	10
وارفع	10
يصلين	10
معاذة	10
انتقص	10
حاذق	10
وبقول	10
عارا	10
فاسقين	10
نقصانا	10
فيخرجون	10
رمحه	10
الظلة	10
يخلي	10
المتمكن	10
القائف	10
السبيلين	10
الامراء	10
لأمها	10
فتواه	10
انتصاب	10
وإجارة	10
حيران	10
وولدك	10
واللطف	10
بالعبودية	10
يستظل	10
الكراع	10
مقدارها	10
فقطعها	10
مجالسه	10
وعمامة	10
جيحون	10
اليحصبي	10
وقوموا	10
فاسعوا	10
والتابعون	10
لسيدها	10
مفهوما	10
بصدقه	10
البربري	10
احذر	10
معول	10
والشجرة	10
تخبرني	10
الوازع	10
وظاهرا	10
أهملت	10
تغليظ	10
فيشبه	10
مجرورا	10
فيحدث	10
أشعارهم	10
والإحرام	10
ضعفوه	10
بموحدة	10
البحور	10
غمامة	10
فاضربوا	10
أهيب	10
القئ	10
تؤدوا	10
بنبوة	10
والأذان	10
فعطف	10
المصحح	10
بقباء	10
وجعلوه	10
ويوافقه	10
اللدنية	10
أشركت	10
وتوفيقه	10
والحلال	10
الصلحاء	10
أمانه	10
وثلاثا	10
بالحس	10
فأحرم	10
اجتنابه	10
بشرع	10
بتكرر	10
وقودها	10
وأبصارهم	10
بأمرهم	10
أحبارهم	10
مذمومة	10
الخشوعي	10
وبكير	10
الاستنشاق	10
يعق	10
التدريج	10
أقال	10
وباعه	10
ممتنعة	10
المتصف	10
إفراده	10
فتراه	10
حدثتك	10
حمشاذ	10
كهلا	10
وماروت	10
للشر	10
يرضوا	10
ويحمد	10
وصم	10
بالشراب	10
وأكلوا	10
محاباة	10
ظنها	10
المحمودي	10
حواش	10
العتابي	10
النقا	10
فسجدوا	10
فابعث	10
أبيتم	10
شأنكم	10
فطرح	10
معرور	10
فأتاها	10
عصاة	10
والرضى	10
زيتا	10
وعونه	10
تذييل	10
المتصوفة	10
وأبصر	10
انفروا	10
والمسك	10
والاستعانة	10
أخزم	10
الشاك	10
يغار	10
بوجهك	10
بأسفل	10
مسته	10
بالربع	10
بياضه	10
المشاكلة	10
ربض	10
بلدكم	10
قاضيخان	10
لدلالته	10
يدخلونها	10
الملعون	10
للكتب	10
وثن	10
فأخذتها	10
تغسله	10
الأفعى	10
بورق	10
وأدغمت	10
فأضاف	10
عبادتها	10
تمليكا	10
بليدة	10
يشكرون	10
وعلانية	10
لأخيك	10
يمسكه	10
وفضالة	10
سامراء	10
الجبارين	10
ركبا	10
تسد	10
بالوعيد	10
أخفض	10
بالكفارة	10
بالقرائن	10
ذكراه	10
ناشئا	10
حولك	10
ومحا	10
أسلف	10
والمنافق	10
السقا	10
لمكة	10
سلطنته	10
بمهملة	10
احتسب	10
تشبع	10
للذات	10
حدوثها	10
مؤخرة	10
فانتبه	10
ماهيته	10
ورجوع	10
تشريف	10
العاصمي	10
الجواهري	10
اجتاز	10
إشعارا	10
المقيدة	10
المشاق	10
الأميين	10
عسال	10
البخار	10
بليغة	10
يذوق	10
ويترتب	10
العلمين	10
سوي	10
المغول	10
أشهرا	10
والشهوات	10
والتمكين	10
التفضل	10
وتحصل	10
بخطاب	10
العزيزي	10
تزيل	10
اقطع	10
وتعاونوا	10
يخفض	10
الجيلاني	10
الوضوح	10
بجد	10
مناقضة	10
قطنا	10
وعدله	10
الجلاد	10
رش	10
اصطلح	10
وقلن	10
حصان	10
تعاونوا	10
يستكمل	10
اعتبره	10
بقدوم	10
وورش	10
نفاذ	10
صنوف	10
الافتقار	10
المثلى	10
واستقل	10
بثينة	10
بالتقدم	10
المنجز	10
نظيرها	10
اتسعت	10
بمنزل	10
ونعلم	10
غرابة	10
زرعها	10
ترتيبه	10
ويحضر	10
الأمارات	10
نوائب	10
وعبدالله	10
مكشوفة	10
بعرق	10
بصالح	10
يجادلون	10
سحق	10
الديانات	10
الحاسب	10
تركن	10
تنور	10
وسفك	10
كابر	10
يعصر	10
نقم	10
وسلب	10
والزينة	10
الأرجل	10
المنتسبين	10
للوجود	10
احترقت	10
فمها	10
ملتزم	10
أبقت	10
ويسهل	10
والتعب	10
بالطعن	10
بطائفة	10
مكثت	10
فنسأل	10
والوصل	10
المشية	10
والتزام	10
وواجب	10
موضوعها	10
للأشياء	10
نضرب	10
إياهما	10
وحصين	10
إراقة	10
مجرمين	10
يماني	10
أقصد	10
تأبط	10
بجزيرة	10
طلعة	10
البصل	10
أحبها	10
يسخر	10
الصابر	10
بالجبل	10
يسميها	10
يقاوم	10
نوعي	10
الاثنتين	10
والاستقبال	10
عتيد	10
أتيتم	10
ربوة	10
الغول	10
بالحبس	10
المحسوسة	10
والمسائل	10
سورا	10
الترجمان	10
بالماضي	10
بالجمعة	10
يندم	10
فليعلم	10
والخطب	10
القارورة	10
بناتي	10
جزئيات	10
وتأكيد	10
حياض	10
تسرع	10
المرج	10
سجية	10
تبقي	10
ويبيع	10
باستيفاء	10
يسوع	10
لترتيب	10
حرصه	10
بإلقاء	10
مقررة	10
اشترطت	10
نشب	10
الإبقاء	10
محدد	10
استلم	10
التسبب	10
واضطراب	10
وسجن	10
وقواعد	10
الاستسلام	10
للاهتمام	10
النافذة	10
البعوض	10
والإصلاح	10
إهانة	10
ونظرا	10
زميل	10
صدى	10
مثلت	10
وجودهم	10
يفلت	10
رحال	10
يبلغون	10
الشعائر	10
تدمر	10
عبرت	10
زوايا	10
العمراني	10
الهيكل	10
يدلي	10
فقرا	10
اللحاق	10
الختام	10
والعيش	10
باسمها	10
كحد	10
دفعات	10
حولت	10
بالبحث	10
ولكننا	10
آبار	10
تراث	10
والتوجه	10
شهدها	10
تخصص	10
ووادي	10
خيارا	10
مبعوث	10
المؤبد	10
الراغبين	10
وتعمل	10
وثيق	10
مار	10
بارتكاب	10
التخلي	10
الاحداث	10
هيثم	10
عقيلة	10
الكويتية	10
وخلص	10
المسلسل	10
راتب	10
تعتقد	10
ويعتقد	10
للنقل	10
بإمكان	10
الصداقة	10
وبسبب	10
مؤقتة	10
جدلا	10
المساحة	10
اهتماما	10
الدفعة	10
ومتابعة	10
بالي	10
مقربة	10
اللحوم	10
مخصصة	10
سعادته	10
والاستعداد	10
جزر	10
وبينت	10
تغطي	10
احترام	10
لاتفاق	10
الحكومات	10
سفن	10
والاتحاد	10
والاقتصاد	10
فوز	10
غفير	10
متنوعة	10
جبهة	10
المركبات	10
الجهاز	10
سلطة	10
دي	10
للغاية	10
التجارية	10
أعقاب	10
إعلان	10
سوريا	10
نساءكم	9
والأرحام	9
قليب	9
قتلناه	9
ويفعلون	9
وفقنا	9
وتعظيمه	9
تعلقا	9
الخطو	9
والحصر	9
للقدر	9
فيأمر	9
يكفى	9
يصليهما	9
ومذهبه	9
الحنك	9
والقراءات	9
كيله	9
بأعيانها	9
قرنت	9
بطنا	9
الرمضاء	9
فقبضه	9
تحلفوا	9
لمبتدأ	9
بعالم	9
وثانيه	9
الأفشين	9
والديلمى	9
جودا	9
هجا	9
سئلوا	9
يلام	9
بالأنثى	9
مثقلة	9
والتبيين	9
مجموعها	9
فاستقر	9
أرخ	9
والمزني	9
إقطاع	9
سديدا	9
المطل	9
قلائل	9
كهاتين	9
واعظا	9
انكشاف	9
وخمسا	9
الفتك	9
يجوزون	9
ومسلمة	9
والجدال	9
وأحوالهم	9
مكرهة	9
للبايع	9
جدب	9
بئسما	9
مستجاب	9
فلعلك	9
الفالج	9
والدك	9
كورت	9
عاصما	9
وبرسوله	9
تعارف	9
تبركا	9
وصفية	9
للزمخشري	9
تعريضا	9
بإنكار	9
أغتسل	9
أيتهما	9
صيرورة	9
الإمامين	9
حانوت	9
صهره	9
خميصة	9
فنظرنا	9
برفعه	9
بثلثي	9
إتباع	9
ابتاعها	9
والاها	9
مفعولة	9
كالعتق	9
مبسوطا	9
يخوف	9
امرء	9
وثناء	9
النميمة	9
السمسم	9
مالهما	9
إنزاله	9
والمندوب	9
نكس	9
ومعدن	9
شرعة	9
غايتها	9
الظبية	9
بالغلبة	9
رباه	9
مناجاة	9
دموعي	9
وعدو	9
بالإثم	9
أهواء	9
فاعرف	9
ذما	9
رمد	9
بعثمان	9
أقوالا	9
العريش	9
قلعها	9
والأجداد	9
الزراد	9
الأرمني	9
أصلين	9
إنباء	9
الكازروني	9
بالاضطرار	9
لغفور	9
قاهر	9
وأقبلوا	9
سمعهم	9
يذر	9
سمعك	9
يضحى	9
واقفة	9
جهير	9
معظمه	9
العدلين	9
نفاسها	9
وقلد	9
والضابط	9
الفيلة	9
وشرفه	9
منون	9
فكه	9
النخع	9
وأوحينا	9
طسم	9
إسراف	9
أكلمه	9
الرطوبات	9
الأخماس	9
وأباه	9
فطلقوهن	9
باعتقاد	9
القولنج	9
تساوت	9
ضرارا	9
النقمة	9
مقتلة	9
مقلتي	9
هيه	9
لعبادة	9
عضل	9
التضاد	9
أزلية	9
أتزوجها	9
مسكة	9
وبت	9
بذنوب	9
والولدان	9
صبه	9
مردودا	9
بالقهر	9
والعيدين	9
أوضحنا	9
ملتبسا	9
طلقتها	9
وثور	9
مسألتين	9
الفلا	9
خاشعا	9
أسعى	9
حلاله	9
واثنتان	9
ونفاه	9
المنعوت	9
عذابها	9
الحانوت	9
غبا	9
وعدكم	9
الحديثية	9
بلغا	9
ويصبر	9
يفطن	9
تليد	9
نعالهم	9
ويتخير	9
بالخيرات	9
زخرف	9
حمدت	9
باعد	9
شيم	9
الطيلسان	9
وشربه	9
والسلاطين	9
وعقلا	9
بالأحمر	9
شجره	9
والغصب	9
فأعد	9
يوهمه	9
اعتيد	9
الألى	9
وأحلى	9
مفرع	9
المقير	9
أقسامه	9
نفقتهم	9
فسير	9
السائرة	9
ويبغض	9
يودع	9
وبنيه	9
نفح	9
فرضتم	9
والثمر	9
فجمعت	9
عمومات	9
ماسويه	9
ورجلاه	9
فيجعله	9
أكمة	9
ومحاسن	9
وفساده	9
وكلامهم	9
وصوبه	9
مسموعة	9
الغز	9
تجعلني	9
الأغلال	9
المبطلون	9
فيومئذ	9
الداماد	9
وطاووس	9
مرقاة	9
ويخبر	9
وكسرت	9
للمستحق	9
للنصوص	9
جازما	9
الكوسج	9
للمأمون	9
روشن	9
نبش	9
وعسكر	9
دلني	9
وبالإسناد	9
جعلك	9
حرسها	9
راجعه	9
الخبال	9
خالفنا	9
فغيره	9
الإحداد	9
أحوى	9
عقيم	9
أعجميا	9
الأبطح	9
فصه	9
فبرأ	9
ثقاته	9
فيتبع	9
ويؤكل	9
النعوت	9
كتبي	9
المعجمتين	9
بمؤمنين	9
ذؤابة	9
وصلح	9
ببرد	9
يحفظونه	9
ليعلموا	9
الخوان	9
بدعته	9
بالجزية	9
استحقاقها	9
سلاطين	9
والتكليف	9
والتقي	9
الحجازية	9
نشك	9
حدرد	9
خائن	9
فعزل	9
بشريعة	9
مستفيضة	9
وبغيره	9
شنبوذ	9
المقفع	9
النجاء	9
أعناقها	9
هالكا	9
أشهدكم	9
الخرز	9
ببكاء	9
المريدين	9
أقطعه	9
الحياض	9
طائف	9
يلبسوا	9
وريحان	9
سرجس	9
وزالت	9
قطري	9
ختمه	9
وسقى	9
وأشباهها	9
فيزيد	9
وخمسمئة	9
وبضم	9
فبها	9
ويعضده	9
معجزا	9
سمحا	9
لمثلها	9
رماني	9
بخس	9
الحفار	9
فقسمها	9
رومة	9
بطهارته	9
الاستفهامية	9
بالسراية	9
ويأمرون	9
فيتبعون	9
صفت	9
وأفضلهم	9
والخادم	9
راتبة	9
إيتاء	9
للدليل	9
ليته	9
منقلب	9
بالسكين	9
والسيئة	9
مهاجرة	9
بابنة	9
الدن	9
ويزاد	9
اضطربت	9
ودينار	9
يلازم	9
ضربتم	9
ونكير	9
وتسمع	9
مصروفا	9
وحسنا	9
وامسحوا	9
يدرأ	9
تربته	9
جزرة	9
النوب	9
والتسمية	9
لزوما	9
نتن	9
نصيبك	9
خرابا	9
لصلبه	9
فجاءني	9
ثلثة	9
البياضي	9
مجازه	9
خلافهم	9
قواده	9
والتحريف	9
أقرضه	9
نبل	9
عرصة	9
مشكورا	9
ولباس	9
ويأخذون	9
اختلفتم	9
نصيبي	9
محبتي	9
رضع	9
المذكوران	9
تمييزه	9
ويباح	9
الصدود	9
عتيقة	9
والزبور	9
جلسوا	9
وخفة	9
والمكر	9
ثلج	9
بأخ	9
ضريحه	9
وأبغض	9
بسنتي	9
البيطار	9
المزية	9
المجبرة	9
الطباق	9
متعينا	9
وفاكهة	9
سبايا	9
للمنافقين	9
فاضلة	9
يمنى	9
كغراب	9
إثمه	9
فأخرجها	9
بطلبه	9
العنة	9
الآكل	9
والسدس	9
شموله	9
بالقاضي	9
باستحباب	9
وتعتد	9
يتقرر	9
بنجاسته	9
التهكم	9
المرارة	9
آخرة	9
وأنفع	9
دود	9
وبكسر	9
يبلغنا	9
المعتقة	9
يستقى	9
وشرائطه	9
تحشرون	9
وقولا	9
يغرنك	9
وعدتني	9
لحمي	9
المفارق	9
سائغا	9
تحلة	9
والراوي	9
النورية	9
صغرى	9
مقبوض	9
برء	9
طابخة	9
أخس	9
فأذنت	9
والحامل	9
فراء	9
تذكروا	9
شاغل	9
أروح	9
أصابنا	9
فضم	9
وثعلبة	9
لتركه	9
البساسيري	9
متفقا	9
العاطف	9
جناحك	9
أهلكت	9
بسطة	9
وإننا	9
مري	9
وأفضلها	9
كلبه	9
تسكين	9
ومرت	9
وبهاء	9
وتكثر	9
صارف	9
ويسمون	9
والعقول	9
لفؤاد	9
لسبق	9
يتلفظ	9
لعلمهم	9
للواقف	9
فأتبعه	9
مثلهن	9
أمرتنا	9
وأكلت	9
منتهاه	9
جزورا	9
اشتركوا	9
يذكرا	9
بإبطال	9
فالسنة	9
الكلامين	9
عشريه	9
مطاعا	9
تغلوا	9
يطف	9
نفاقا	9
الخيزران	9
مصنفا	9
خيلاء	9
سرني	9
الداع	9
عقوق	9
وفسد	9
فشربوا	9
أصنامهم	9
الملطي	9
وسبوا	9
بالتقليد	9
إشهاد	9
والحذف	9
يقدره	9
بتوسط	9
أبكار	9
مراء	9
بنوره	9
مكانكم	9
ورحم	9
المغفر	9
ويظن	9
للدار	9
الزارع	9
الثورى	9
استلزام	9
فقص	9
وعمد	9
فقتلها	9
ناظري	9
مدخولا	9
اختلطت	9
وروت	9
مراتبهم	9
وتصرفه	9
بغلبة	9
ومائتي	9
يحييكم	9
يدعوك	9
والفواحش	9
شموس	9
ليدفع	9
أبدأ	9
بلدك	9
ويعين	9
وخبرها	9
مشهودة	9
للوطء	9
وبتقدير	9
لوى	9
بأعيننا	9
أحصاها	9
تنحل	9
بافضل	9
جوابات	9
تلبث	9
شهوات	9
والثيب	9
لمروان	9
فخذي	9
ليحمل	9
بمضمون	9
لجرير	9
بينى	9
القنطري	9
أوتى	9
أبيا	9
بالطاعون	9
والرضاع	9
والزركشي	9
فعنه	9
الجائفة	9
أقلت	9
زاغ	9
ففيم	9
وقيصر	9
اهتديتم	9
لقوته	9
جلسائه	9
حوط	9
متلف	9
خراجها	9
للزرع	9
بالموجب	9
للشيخين	9
نداه	9
فليأخذ	9
وتبارك	9
مذهبة	9
غمس	9
والموصى	9
الحريش	9
متكئين	9
أدعوكم	9
فرطت	9
ميعاد	9
بهر	9
شفعا	9
وتبرأ	9
أسانيدها	9
المتوضئ	9
الصارف	9
الأولة	9
صديقك	9
يجير	9
واليسر	9
بستانا	9
الحصا	9
تضاد	9
هزل	9
أعجبني	9
تحرى	9
دلك	9
فمحمول	9
فالوصية	9
الملحق	9
تؤذن	9
أزمنة	9
مبادلة	9
يحث	9
وأب	9
وخرق	9
وتفصيلا	9
مدمن	9
لإسماعيل	9
المعرة	9
ووجوده	9
ويطوف	9
حقائقها	9
وناصر	9
الاسود	9
لاحت	9
بالحاجة	9
الباسط	9
انحرف	9
خصب	9
محدودا	9
مسجدنا	9
نجيد	9
تلفها	9
العطر	9
تلازم	9
سرهم	9
قزح	9
نالوا	9
نابل	9
وسارت	9
الأصالة	9
يجن	9
جدها	9
شيخو	9
وآثر	9
بالزائد	9
تؤتي	9
وسيرة	9
واتفاق	9
الأبدية	9
المستور	9
المقطوعة	9
للحدث	9
الإمضاء	9
نجمع	9
فض	9
واسناده	9
نقده	9
منازلها	9
الكيد	9
والفائدة	9
صك	9
يخلقون	9
جرأة	9
عهود	9
معتادة	9
صافيا	9
أحرقت	9
تحيي	9
المائل	9
بطيء	9
لسن	9
نفد	9
ويفيد	9
ملحقة	9
لنص	9
التقيا	9
وأذكر	9
الموكب	9
وقبائل	9
مصنوع	9
يقيمه	9
يضاد	9
ودان	9
ورودها	9
طريقي	9
لمسجد	9
بلاغا	9
ماهر	9
والفلسفة	9
للطلب	9
بادروا	9
محسوب	9
والدينار	9
حروفها	9
ويتصل	9
المسارعة	9
التمادي	9
بجرح	9
أدباء	9
ودق	9
بتعليم	9
نوحي	9
مالنا	9
وربح	9
والأبيض	9
أردف	9
للوزير	9
صناعته	9
شهرته	9
الحصري	9
فلسنا	9
تخصيصها	9
ينحدر	9
الرأفة	9
حفظة	9
يتتبع	9
سريا	9
عتيقا	9
وهجر	9
مترددا	9
والطهر	9
المجرة	9
الدكان	9
الوجودية	9
تأوي	9
انتزع	9
خاطبه	9
بجانبه	9
واترك	9
اكتسبت	9
اللهب	9
العاديات	9
حققناه	9
نخشى	9
نكبة	9
ونطق	9
تبا	9
الحيز	9
وتنقل	9
ودخوله	9
الراكد	9
بتحريك	9
توقفه	9
يفقه	9
نجما	9
بالسيد	9
امة	9
والمخالفة	9
ولات	9
بالحدث	9
والعقار	9
رزقنا	9
ومنعهم	9
الغائبة	9
ونواحيها	9
لغته	9
والمشايخ	9
للمشهور	9
سالبة	9
وثار	9
تبعها	9
بالمسألة	9
والأستاذ	9
أعيدت	9
جماعته	9
توضيحه	9
تقادم	9
رسما	9
يسألوا	9
رضيع	9
تقض	9
مسلوب	9
النابت	9
بترتيب	9
تتصرف	9
عادي	9
ووجدوا	9
القادري	9
لضرب	9
متميزة	9
تستقبل	9
تجلب	9
للزيارة	9
بالعالم	9
وطرد	9
أصولا	9
فكرت	9
ومنعوا	9
ومنازل	9
موحد	9
عبروا	9
بعناية	9
ليتمكن	9
مجموعه	9
تزود	9
رابط	9
تبرز	9
طابق	9
أنصاره	9
معني	9
والاقتداء	9
وفدا	9
الإجازات	9
بكلية	9
والفواكه	9
فقدوا	9
إنهن	9
للمصدر	9
الشقة	9
دوي	9
تعطل	9
ننتظر	9
والوصول	9
الأوعية	9
ارتفاعها	9
اشتداد	9
وأهم	9
تخوف	9
الحوامل	9
القس	9
مدتها	9
يشدد	9
اسماء	9
للشهيد	9
فائق	9
الشمل	9
مصرع	9
العملي	9
السعال	9
المقطع	9
القلبية	9
كتائب	9
والأطفال	9
الحادة	9
أهمها	9
الدقة	9
وتضم	9
إثارة	9
بالبلاد	9
حياتنا	9
الارتباط	9
أوساط	9
وخدمة	9
الملتقى	9
الإسكان	9
تعبر	9
وعقب	9
التطبيق	9
العادلة	9
اليونانية	9
التعليقات	9
الجبرية	9
بسيطة	9
وفريق	9
لبيع	9
إصابته	9
نبدأ	9
لعقد	9
لإحياء	9
تتجاوز	9
مساعد	9
الاستجابة	9
وأصيب	9
مراقبة	9
الاستهلاك	9
البلدية	9
ودور	9
الأهلي	9
الدورة	9
طراز	9
خارجية	9
هجوم	9
جنيه	9
لاقيت	8
أعدائي	8
يرضع	8
مليحة	8
تعطيني	8
قطعنا	8
والدبر	8
زهده	8
والغرس	8
زينت	8
سترت	8
ثقلا	8
حز	8
تقاتلوا	8
سلكوا	8
قالب	8
نواجذه	8
أفرده	8
منونا	8
الإربلي	8
الحرستاني	8
للناظرين	8
قارعة	8
ردائي	8
أجيبوا	8
ملائكتي	8
محقا	8
يصغر	8
فامض	8
الهلالية	8
سهامهم	8
فأبدل	8
عازما	8
تراءى	8
البابي	8
يحلها	8
وأشبه	8
لبلال	8
فيلقى	8
وينقطع	8
طردا	8
الخطيم	8
وتعليمه	8
بباطن	8
بالبلوغ	8
الدنيوي	8
شج	8
أمدا	8
إلهين	8
لقدرته	8
النقط	8
وطئتك	8
الشرعى	8
فارض	8
نورهم	8
أكلمك	8
سبقني	8
كفافا	8
رأيتنا	8
جبيرة	8
عدتهن	8
مفتوحتين	8
الشاذلي	8
بالبخل	8
أبحر	8
أذنا	8
التقوا	8
فوضعته	8
يصالح	8
وأقمت	8
وحسينا	8
لصغر	8
مشدد	8
مستغنى	8
بالشفاعة	8
بالجزاء	8
الجسماني	8
ولحديث	8
الماهيات	8
العصافير	8
بيوسف	8
وتنزل	8
يطوي	8
ودعاه	8
قانتين	8
بمؤمن	8
النحوية	8
يتفقا	8
ملطية	8
الرجفة	8
أتقاكم	8
التل	8
فاسأله	8
الأصاغر	8
استعاذ	8
التكسير	8
بانحصار	8
ليجزي	8
ربحا	8
قرابتي	8
عنت	8
سمه	8
نفائس	8
واسكان	8
زغبة	8
والجزم	8
الغزنوي	8
أولياؤه	8
بالأسانيد	8
قرطاس	8
باتباعه	8
تفارقه	8
مصره	8
والزائد	8
تنبيهان	8
آمركم	8
فاستقبله	8
أذناب	8
التارك	8
فيعم	8
القربات	8
مرسية	8
احرامه	8
أدبارهم	8
والمنزلة	8
فجمعوا	8
أضلاعه	8
والعوام	8
المصدوق	8
الآملي	8
وأعتقه	8
والأصمعي	8
العاقدين	8
وبنا	8
جرما	8
ملت	8
طرفك	8
يسارك	8
والخدم	8
قومت	8
وصاحبيه	8
للمعدة	8
العجماء	8
ورثها	8
منهزما	8
بكراهة	8
والرافعي	8
شرحنا	8
نضح	8
ترمى	8
نسينا	8
الأوتاد	8
يسألك	8
والريحان	8
يقولا	8
فكرهه	8
سهر	8
وصير	8
سائرها	8
مسقطا	8
للأصحاب	8
تضيع	8
يجاء	8
وروحه	8
وصاحبي	8
تزوجني	8
عمتي	8
صيدها	8
بالزنى	8
الرؤاسي	8
والإجازة	8
التحريمة	8
قربوا	8
وقار	8
البرايا	8
المؤونة	8
راجعين	8
فأبطل	8
المصون	8
وغسله	8
الحشو	8
جحده	8
فالفرق	8
معلومية	8
استخف	8
يمنعوا	8
البهيم	8
فماتوا	8
مقارب	8
والشئ	8
النزح	8
وسيأتى	8
التبادر	8
أيقنت	8
ومنزلة	8
وآتى	8
يجره	8
كلبهم	8
كريه	8
مرضاته	8
فكأنك	8
مكثر	8
ميتته	8
متصف	8
الرفاء	8
الاشتمال	8
ظباء	8
وقرآن	8
خلته	8
الأفاعي	8
أنطق	8
يخبرني	8
يعظمه	8
فخص	8
للسياق	8
سياه	8
المصدقين	8
الأضلاع	8
وقاتلوهم	8
فأينما	8
أدركتم	8
ليقتله	8
سفري	8
وينتقل	8
بزرك	8
بطوس	8
عرشك	8
النوال	8
مرضات	8
الجنتين	8
ليظهره	8
فقيد	8
للطباعة	8
يفترقان	8
يستباح	8
ذكرين	8
شرطنا	8
متطوعا	8
وسنذكره	8
بجيم	8
رونق	8
فاسقون	8
ضن	8
سلوة	8
خاطبهم	8
وندم	8
أورق	8
ردائه	8
فيكشف	8
وقصدوا	8
يتنفل	8
فجملة	8
الساكت	8
يزاحم	8
والموقوف	8
بالويه	8
فلقوله	8
العشية	8
وطهرهم	8
والأوصياء	8
المتلمس	8
يراع	8
قيلة	8
تكريت	8
تطليقتين	8
والمتكلمين	8
والاستسقاء	8
صيره	8
وقبضها	8
وأمسى	8
يتقلب	8
صرع	8
والام	8
حجابه	8
ينقضه	8
يرهن	8
وقرره	8
فعجز	8
أدغمت	8
أشعب	8
صصرى	8
أظل	8
وبرق	8
الشكور	8
الثقلان	8
التقبيل	8
بإمامة	8
والمستملي	8
أرعى	8
ضائع	8
سلكت	8
بقادر	8
الشهد	8
يتامى	8
محا	8
عري	8
والحدث	8
متمم	8
للفاضل	8
المؤتمن	8
الأفصح	8
وأربعا	8
بالرجم	8
والكاظم	8
فصلينا	8
بطنان	8
النحرير	8
دلاء	8
أدخلته	8
لتقصيره	8
توفاه	8
تفاوتا	8
وأضيف	8
عصرون	8
تهدى	8
يبخلون	8
صرمة	8
فرائضه	8
كدم	8
وتقرب	8
الخافقين	8
حدثتكم	8
ومتنه	8
مدافعة	8
فعلل	8
اختلعت	8
والتخيير	8
الاستفاضة	8
الطل	8
والخاتم	8
حملني	8
والمشرب	8
وورثه	8
أفردت	8
وأختها	8
الكلامية	8
وطار	8
اياس	8
رؤسهم	8
قسي	8
ومخرج	8
بدينهم	8
الأشيب	8
لزفر	8
طهره	8
جليسه	8
فشكوا	8
لأملأن	8
واف	8
العيدان	8
النسج	8
الجيف	8
بالمحل	8
أحكامهم	8
أتقى	8
والمتولي	8
والجهة	8
المسقط	8
المنبجي	8
نعلا	8
تعذب	8
واهب	8
مأمنه	8
النيشابوري	8
الأوليان	8
لغلامه	8
لآدمي	8
ونقد	8
القلزم	8
ظلمنا	8
معقب	8
عهدها	8
نفوسنا	8
تره	8
كاذبين	8
بأستار	8
وتد	8
فاشتغل	8
طيبه	8
أهداها	8
منصرفه	8
مأجور	8
خروف	8
المحصل	8
العينة	8
الصرع	8
بإباحة	8
يغاب	8
استقصاء	8
الروحاء	8
أممهم	8
الشعرة	8
بانقطاع	8
بالألفاظ	8
الضرس	8
الأزلية	8
يزكيه	8
فيدخلون	8
يجبره	8
رافضي	8
المبرزين	8
استدلالهم	8
التحليف	8
تجزىء	8
والخشب	8
يقولن	8
أسرارهم	8
ضياعا	8
بالعذر	8
الجراحي	8
بضعا	8
المحشي	8
المستهزئين	8
يسرون	8
وبالوالدين	8
منكب	8
الكير	8
قراد	8
وصيتي	8
مغن	8
معمرا	8
كفران	8
فيصرف	8
وزحف	8
وخارجة	8
الاقتران	8
اجازته	8
يرج	8
رمادا	8
الطبل	8
والممات	8
المحجلين	8
وخرجنا	8
وتدبيره	8
وطرفه	8
ووزر	8
فبانت	8
واستيفاء	8
وشعبان	8
للغروب	8
فلفظ	8
الابراء	8
بقرآن	8
الحبش	8
فتركته	8
تنالوا	8
فانهزموا	8
حبشية	8
الحاسد	8
مخالفتهم	8
الغطفاني	8
النعالي	8
خاشعة	8
ويعلمه	8
حكيت	8
حسنويه	8
البهراني	8
يجوزه	8
خمارويه	8
ترم	8
أبناءنا	8
ومعصية	8
هامان	8
فمررت	8
عقلت	8
يؤمهم	8
وللعاهر	8
ينضبط	8
الزراري	8
بقتالهم	8
نبيط	8
أجلة	8
شاهق	8
دنيوية	8
افترق	8
ورضا	8
يوافقها	8
الجمة	8
مأكولا	8
المستكن	8
الأجهوري	8
مؤول	8
قوص	8
اللقاني	8
يتذكرون	8
أرضكم	8
خلقتني	8
ذريتك	8
عوفي	8
عترتي	8
عطاف	8
الأيامى	8
عصبية	8
فترجع	8
أعرفهم	8
لكبر	8
جازم	8
الطبخ	8
أنفقتم	8
نتخذ	8
قربانا	8
والتوراة	8
يلاقي	8
أمنة	8
جنتي	8
ومكانه	8
برسالته	8
بياضة	8
وكنز	8
استفهاما	8
والفؤاد	8
خفا	8
فتر	8
منظره	8
ففعله	8
بأجل	8
وأصحابنا	8
كسرته	8
بهمزتين	8
كلفظ	8
نوجب	8
للحصر	8
والتصوف	8
المستظهر	8
رث	8
كسوتهم	8
مقضيا	8
والنعيم	8
بالذنوب	8
الأنداد	8
فكفارته	8
والتفريط	8
المسكنة	8
فقاتله	8
فسألناه	8
والإخوة	8
المرهونة	8
احرام	8
بثلثه	8
حالفا	8
تالفا	8
سماحتكم	8
تدلى	8
المطمئنة	8
ألسنتكم	8
يحتال	8
فزعموا	8
بصيرته	8
ليلتها	8
ودفنت	8
الأقط	8
أحبهما	8
منحصرة	8
بالنقصان	8
أجزاؤه	8
نفورا	8
ديارنا	8
والنصح	8
يقاربه	8
وخالق	8
المسرة	8
فيبدأ	8
بعلوم	8
كرره	8
المعتوه	8
والأذكار	8
أربد	8
رواء	8
رددنا	8
وماتوا	8
السنون	8
سفهاء	8
سخيا	8
بلجام	8
أرحامكم	8
للعاقل	8
ويرحم	8
ووصى	8
جعلتم	8
طيرة	8
مبلغه	8
وطين	8
قاء	8
المقطم	8
الملامة	8
الصياد	8
وهموا	8
بإسحاق	8
النوح	8
لفضله	8
يلحقهم	8
آبق	8
برجوع	8
زويلة	8
نائل	8
مسلمي	8
والأموات	8
نفست	8
نعبدهم	8
أغني	8
جبلان	8
فاشترط	8
بعمارة	8
متمتع	8
الإقراء	8
الصابي	8
تجود	8
نقيم	8
يبيتون	8
إخوتي	8
وقتال	8
نشرا	8
ويخرجون	8
صفوفكم	8
فأهدى	8
التهليل	8
المغيب	8
والوالد	8
الوتد	8
بجهل	8
والعرق	8
مؤلفا	8
مروياته	8
لفضيلة	8
للمحدث	8
شير	8
افراد	8
أداؤها	8
وحرمه	8
قدوس	8
مضار	8
شاق	8
المصافحة	8
وألفاظ	8
حمولة	8
يحصر	8
وحبه	8
السمعية	8
شعث	8
البائس	8
والكسل	8
وشي	8
القبضة	8
يجلسون	8
بالتساوي	8
تحكي	8
ومجموع	8
وليتم	8
للمهاجرين	8
الغضبان	8
حديثنا	8
فكونوا	8
يخرق	8
شبهات	8
بالأثر	8
الحيلولة	8
الكيف	8
ويخشى	8
المعطل	8
يحسبه	8
ليستا	8
تنادي	8
نمشي	8
والتربية	8
بحملها	8
المهمل	8
التابعون	8
حشيش	8
وتكلف	8
جلدي	8
الملام	8
أسبابا	8
روز	8
أوزارهم	8
والميثاق	8
المقلدين	8
رديف	8
قاضية	8
رثاء	8
صادرا	8
واللمس	8
نرفع	8
عطل	8
ويجعلها	8
بإدخال	8
ترجيحا	8
منتشر	8
تشرق	8
لأولياء	8
العناء	8
مشرفا	8
يعبث	8
تعمدت	8
تنزه	8
مخارج	8
للجار	8
للعدل	8
هموم	8
ولقيت	8
بيوتها	8
بالقصة	8
أسماءهم	8
السماوي	8
تفجر	8
حواه	8
نرجس	8
النسق	8
مينا	8
للمكان	8
هبوب	8
راجعت	8
والجدل	8
بطبعه	8
رمان	8
بالحمى	8
أعلمكم	8
الفخري	8
يتبدل	8
الجفر	8
اند	8
والكرسي	8
يعزى	8
فاتح	8
عبدالوهاب	8
معارج	8
متساويين	8
الرفاق	8
أطلت	8
مؤلفة	8
وافية	8
يقينه	8
منطوق	8
فسواء	8
وعشية	8
فاختارت	8
تشريع	8
فالحجة	8
الأحدب	8
الرمز	8
النبهاني	8
والإسناد	8
يستمتع	8
بنسخ	8
معصومون	8
وتعريف	8
مهمات	8
ويضر	8
بطريقه	8
الإيذاء	8
ابدأ	8
الجص	8
الاحتضار	8
عينية	8
دمك	8
وجهله	8
شدت	8
الأضراس	8
المجهولة	8
وتفعل	8
التقط	8
تضيء	8
مثلث	8
والرمح	8
نزعها	8
تعريفا	8
سرها	8
أومن	8
زجاجة	8
واعتقد	8
ليتحقق	8
نفض	8
والبشر	8
العرم	8
أصواتكم	8
يحصد	8
والانتهاء	8
عرضوا	8
رفعهما	8
ألحقت	8
وليتك	8
باليهود	8
والإنفاق	8
المحكية	8
سفين	8
فروعها	8
وليسا	8
مصيرا	8
العطب	8
مرجعا	8
تنوير	8
والثابت	8
الأنظار	8
بتخصيص	8
المحافل	8
أجراه	8
بحسابه	8
طليعة	8
أبسط	8
مقاليد	8
بعام	8
تخدم	8
العاملون	8
والأمان	8
المتداولة	8
العاطفة	8
المعاهدة	8
طلاء	8
سلوكه	8
الصفحات	8
الهاشمية	8
الثقب	8
نحمل	8
المجاعة	8
الابتدائية	8
ويزداد	8
قرص	8
نخبة	8
وتدفع	8
قراءات	8
برمته	8
ضدها	8
الوداد	8
الرؤوف	8
بالحضور	8
تريده	8
إقدام	8
يجذب	8
تأثيرها	8
العداء	8
بقضية	8
راس	8
نافذا	8
استحضار	8
وخسر	8
ينتصر	8
صعبا	8
اقل	8
الأصدقاء	8
خضع	8
مزرعة	8
عزاء	8
هدنة	8
والاهتمام	8
حاجات	8
والقوى	8
وقود	8
لليوم	8
لفتح	8
الأولي	8
سمعة	8
نعتقد	8
الفرعية	8
كثب	8
ينتمي	8
سواحل	8
يخوض	8
بارزة	8
إقالة	8
بنشر	8
الجدول	8
اجتماعه	8
الزعيم	8
ولعب	8
لعبة	8
أطلقها	8
اختبار	8
لوضع	8
ورفض	8
أوضحت	8
مبالغ	8
ترغب	8
الشوط	8
الأدوات	8
القرم	8
البطالة	8
بضرورة	8
الإعلان	8
النمو	8
جريمة	8
والتعاون	8
ومنذ	8
السيارات	8
الأساسية	8
الحالي	8
المحلية	8
دابر	7
الغريق	7
فأعتقها	7
فجزاء	7
الوسادة	7
وأمرها	7
فتشهد	7
ففيهما	7
أواني	7
للشريعة	7
المبينة	7
حديثهما	7
المخير	7
والقنا	7
شمائل	7
فتأخذ	7
مطرح	7
فازداد	7
درا	7
وعقبه	7
كالمرأة	7
ومطر	7
ضباعة	7
بالكافر	7
منافية	7
خسران	7
معروفه	7
طبائع	7
ناضرة	7
غيثا	7
مقيس	7
يرها	7
مخلب	7
البخت	7
وبلد	7
بالخطبة	7
بأرش	7
كغير	7
بغضا	7
فاجتنبوه	7
ويرزقه	7
العوراء	7
والألفاظ	7
مباينة	7
المصيصة	7
يتنجس	7
الكلاباذي	7
نهضت	7
فنجويه	7
رقت	7
خيرت	7
يصفر	7
الروايتان	7
المواظبة	7
أرمد	7
يذبحه	7
للفرض	7
اشتراكهما	7
صمد	7
كالبدر	7
أدخلني	7
ويطيب	7
وقدرا	7
اهتم	7
مبايعة	7
نوازل	7
غرماء	7
ومطلق	7
ولفظة	7
قوصون	7
عذري	7
سودا	7
والكافرين	7
ملتهم	7
يوفون	7
والإنابة	7
تريدين	7
القذر	7
وغرق	7
نساؤه	7
المكنى	7
يمتحن	7
فرحب	7
بقسطه	7
التتبع	7
المفعولين	7
ونفسي	7
معدا	7
بلادك	7
ينازعه	7
يوسوس	7
ووثب	7
ازدادوا	7
وفضائله	7
كب	7
والأرواح	7
فسقا	7
ويتبعه	7
وتاج	7
أرخه	7
النضح	7
يتملك	7
فقتلوهم	7
بروحه	7
فأقره	7
الثلاثون	7
يوصله	7
يغرب	7
والمحاسن	7
مستدير	7
فقأ	7
زبيبا	7
الإفاقة	7
بفضة	7
بتيمم	7
إلحاقا	7
وطبقتهما	7
والديباج	7
يرثني	7
مغرور	7
فسله	7
فيكونون	7
تعصب	7
والمقتول	7
وللأب	7
الزندقة	7
اغسل	7
لتحريم	7
وجدك	7
ومغفرة	7
أناب	7
يبعثك	7
تعمى	7
الحاذق	7
حصونهم	7
القرشية	7
الحظوظ	7
أبطله	7
لكذا	7
وقتين	7
ومائتان	7
وسحنون	7
عداهما	7
حميت	7
يذب	7
مسحت	7
ووعيد	7
بلل	7
لمعة	7
وسلمها	7
الاعتياض	7
فساء	7
أشدهم	7
يلحن	7
وقرأها	7
حريرا	7
والاقرار	7
فذكرنا	7
غزواته	7
الإسكندري	7
سكناها	7
أهداه	7
حضرنا	7
فعنده	7
فوقك	7
فسوى	7
ظالمة	7
يخادعون	7
جريه	7
وطي	7
أبغضني	7
يحضن	7
جعلوها	7
للمذهب	7
كالوصية	7
ويرضاه	7
اختصاصها	7
فظل	7
لنحن	7
وإبليس	7
الإبرة	7
يبكى	7
الفطام	7
قلوبا	7
البديهة	7
وتلميذه	7
اليربوع	7
وحمص	7
بالقرينة	7
تتصور	7
للتخيير	7
صلواتك	7
والحي	7
حمي	7
وليهم	7
الحطيم	7
عمهم	7
اللف	7
الرجالية	7
الخسوف	7
فقياس	7
خندف	7
لتكونوا	7
تحس	7
عسرا	7
حجتي	7
الأبكار	7
وكفرهم	7
والطبع	7
ناطقا	7
فيأتيه	7
استخفافا	7
ليؤتم	7
طلقي	7
للندب	7
لمدعي	7
وذكرا	7
وملكا	7
للكذب	7
شنوءة	7
أظنك	7
كلأ	7
بولايته	7
إمامي	7
اقرءوا	7
شغلا	7
تترى	7
ورائها	7
برأسها	7
لاتخذت	7
صفه	7
جئتني	7
بمراد	7
شروعه	7
النفاة	7
اخوه	7
خاطري	7
يسئلونك	7
جربت	7
والرياء	7
واسمع	7
راحلتي	7
هداني	7
فوهب	7
البعل	7
الوالبي	7
يزيله	7
أثمانها	7
للغزالي	7
مذهبي	7
متوسطا	7
خطأه	7
والقمل	7
يحمده	7
ظفره	7
مبذول	7
جراحات	7
كبراء	7
فمضت	7
واتسع	7
كالقاضي	7
فواته	7
حيضتها	7
يستفتح	7
للجهالة	7
وبالسند	7
واقبل	7
يؤده	7
يربي	7
تصحب	7
ذمتك	7
المبطلين	7
ور	7
بنبوته	7
قالاه	7
للاستغراق	7
ولكنكم	7
لكشف	7
أقبلنا	7
فحفر	7
وراثة	7
خطباء	7
بنذر	7
بالخمس	7
بثابت	7
بالإنكار	7
معوذ	7
تؤم	7
خرس	7
مقالتي	7
وشرها	7
طينا	7
الفصوص	7
والحجامة	7
والخف	7
شحيح	7
بالذم	7
مسامحة	7
والنجاسة	7
والمنفرد	7
بالمدح	7
الحصيب	7
يقاتلوكم	7
منيرا	7
وكفرا	7
تأمرون	7
ومكارم	7
وآلة	7
ويقعد	7
مصححة	7
اللحظ	7
ينعتق	7
فالعبرة	7
بدرب	7
استدرك	7
متميز	7
استظهره	7
ضيعت	7
بآياته	7
القر	7
علومهم	7
ومنذرين	7
يتبعهم	7
وتشرب	7
والديك	7
وإبقاء	7
مجن	7
بالإخلاص	7
يأنس	7
فتجعل	7
بعبادته	7
فعبدي	7
يستريح	7
وصيي	7
الهالكين	7
واعملوا	7
ينزلوا	7
بوصل	7
ويدفعه	7
نطقا	7
الدواهي	7
تبدى	7
فزعمت	7
وعرفة	7
فأدخلت	7
يتسامح	7
حاذى	7
اعتد	7
حلبس	7
فيهلك	7
لتعلموا	7
يرحمكم	7
الأقمر	7
فشكر	7
والوصايا	7
وابراهيم	7
والرجز	7
شكى	7
دنيوي	7
والجهمية	7
جوابهم	7
المحفوظة	7
الهرمزان	7
تضاعيف	7
وينشد	7
مواتا	7
استوعب	7
البرذعي	7
صريعا	7
بدلت	7
سبقوا	7
فخلوا	7
تبتغوا	7
انسلخ	7
وابناه	7
يطيقون	7
اجتنب	7
للصحابة	7
فنحر	7
توكيله	7
الطريحي	7
فعتق	7
فيتحقق	7
طلقتان	7
عاهدتم	7
بالجود	7
عيالي	7
خدك	7
إبطه	7
نقيبا	7
تكرهه	7
فجئته	7
مستترا	7
والموصل	7
أجزأته	7
الطرطوشي	7
المنكرة	7
فليتوكل	7
شبابي	7
أبتغي	7
وشجرة	7
قاتلك	7
الرعاء	7
ونشهد	7
تكلمه	7
بالتوفيق	7
بابان	7
زنباع	7
والأعمى	7
واختلافهم	7
بالنوافل	7
المؤذنون	7
الإيثار	7
فصالح	7
بالإحياء	7
بفضلك	7
وسال	7
خالقها	7
أوما	7
وخدمه	7
والطاغوت	7
سامرا	7
بالعشاء	7
اصطفاه	7
فليبدأ	7
ويجتهد	7
والوحي	7
كالإمام	7
للمعاني	7
أبوين	7
ورويناه	7
أضحيته	7
فاها	7
وعدوه	7
الباع	7
خرجتم	7
الريع	7
وأسلموا	7
التلذذ	7
الإحلال	7
نزلها	7
قصروا	7
خلاس	7
المخلوط	7
فأهوى	7
حرثكم	7
وقضائه	7
تقوموا	7
شققت	7
زنيا	7
برؤه	7
فأبدلت	7
بمعجمة	7
المتلاعنين	7
لموافقته	7
الكرامية	7
وفيكم	7
يهاجروا	7
ودوا	7
فارجعوا	7
ساقطا	7
والعزة	7
عقرها	7
يرتجز	7
والحرة	7
الاستتار	7
مغصوبة	7
صريع	7
قوارير	7
وأشعث	7
يفرحون	7
صماء	7
وسيعلم	7
وابى	7
فأخرجوه	7
خليفتي	7
مؤنثا	7
للنفوس	7
فبقى	7
بثم	7
اخباره	7
النجاري	7
مغازيه	7
يلحدون	7
متكبر	7
يختصمون	7
وصدقت	7
والفناء	7
لدنه	7
خلقني	7
يرضه	7
وآفة	7
مرضها	7
تستأذن	7
فسرق	7
مكيلا	7
للباقي	7
كالوضوء	7
البرامكة	7
للمضارب	7
أرشه	7
فاسم	7
وأصحابي	7
أفأنت	7
غرا	7
تب	7
مفتر	7
أمورها	7
أزواجك	7
والرهبان	7
تقصروا	7
يسخط	7
والقصص	7
وآكل	7
مرهونا	7
مفعلة	7
بظاهرها	7
فقها	7
فالزيادة	7
بالاستعمال	7
معيشته	7
المليك	7
صائر	7
لعظيم	7
دهقان	7
حيطان	7
يخوضون	7
يحله	7
حسل	7
والمعين	7
وأجلسه	7
العدوية	7
أعاره	7
كسى	7
فدعي	7
البرجمي	7
لمضمون	7
لؤم	7
والعفاف	7
برقه	7
تفضيلا	7
ويحول	7
فأحبه	7
أسلفنا	7
وضحك	7
وملح	7
للعدة	7
والموصول	7
المتيطي	7
والراسخون	7
اسودت	7
فأمروا	7
كفك	7
عبدها	7
فأعطاهم	7
جرمه	7
للجواب	7
مراعى	7
فالمتجه	7
انحصر	7
يكل	7
طلوعه	7
مسلكا	7
الفراديس	7
المداومة	7
السنجي	7
والأهل	7
ارزقني	7
اثبت	7
ويجزي	7
يستبين	7
للتوبة	7
فيقضى	7
المجتمعة	7
وأصلي	7
زبيدة	7
بمثناة	7
الأويسي	7
المواضعة	7
ونفيه	7
اقتصارا	7
وتعب	7
البأساء	7
مهلكة	7
رؤوسها	7
صفحا	7
حملوه	7
والكافور	7
ملل	7
مفرطا	7
للكعبة	7
مكثه	7
اشتهار	7
ولكونه	7
تسامح	7
الحاف	7
صرعى	7
وانحر	7
يلحقوا	7
تموتن	7
تعتدوا	7
وسرى	7
نوما	7
مأثور	7
ووفاة	7
بينوا	7
فهزمه	7
بالمباشرة	7
فاستمع	7
كناسة	7
توليته	7
يستعان	7
هاشمي	7
فأصابوا	7
كالشيء	7
مجودا	7
بأسمائه	7
مالى	7
اگر	7
المستصفى	7
أكنة	7
وأصابه	7
جحود	7
ننسخ	7
فعدت	7
يستقم	7
يزده	7
لحده	7
أرسلك	7
الكوع	7
يغلبوا	7
فاصبروا	7
برسوله	7
أنصت	7
الإهانة	7
مضروبا	7
استغراق	7
فينتفي	7
لثبوته	7
بالتقصير	7
وميثاقه	7
الأتقياء	7
أبوهما	7
ميمنة	7
بثغر	7
أنجم	7
لاستحقاق	7
نفساء	7
فمسلم	7
الجريان	7
يسلمها	7
ويوتر	7
الذاكر	7
ظنكم	7
بعظيم	7
وطلوع	7
جائعا	7
معاند	7
مضبوط	7
بزوج	7
فتثبت	7
وحمار	7
بخارا	7
الخصر	7
ران	7
أوقعت	7
وللإمام	7
اللثة	7
عرفية	7
أماكنها	7
واتفقت	7
والدتي	7
والمحال	7
الاستخفاف	7
للزينة	7
المرضي	7
مقاله	7
وسعي	7
سيظهر	7
النبض	7
يحن	7
السطور	7
بابين	7
فاخر	7
النعش	7
العثمانيين	7
يتنبه	7
محاذاة	7
مرهونة	7
جسيما	7
أجسامهم	7
أسرعت	7
نرسل	7
وفقهاء	7
هزال	7
والأمصار	7
بحبس	7
قيدت	7
سلامان	7
وحفظها	7
التفرد	7
موهوب	7
لحقهم	7
متحدة	7
معنوية	7
يتضمنه	7
شبت	7
للسبب	7
لفظيا	7
دعاها	7
حافل	7
وق	7
مدحت	7
للحقيقة	7
للمقام	7
للاسم	7
إيفاء	7
ولجميع	7
وبحق	7
ويرمي	7
والاعتراف	7
المصنوع	7
دوامه	7
الزيتونة	7
والأحمر	7
ويعاقب	7
وتركته	7
وأدلة	7
ومناقبه	7
وعقاب	7
كليلة	7
أصلان	7
يبدين	7
بجهله	7
وبادر	7
المعاينة	7
جلية	7
محكوما	7
بتصحيح	7
واستقرت	7
المحدثة	7
وينادي	7
يألف	7
مدرج	7
فأحدث	7
يستجيبوا	7
يهتف	7
ممزق	7
معيب	7
بلون	7
الموحد	7
الضلع	7
الكلف	7
شرعوا	7
فالعقد	7
يذكرهم	7
جبان	7
آثارا	7
تلقاها	7
الناعم	7
افتقار	7
المنتقل	7
تبد	7
سكينا	7
صرحا	7
فدعت	7
تحصن	7
متفقين	7
وحروف	7
فال	7
سيقولون	7
وكلنا	7
الحنين	7
ينضج	7
العقارب	7
والمخالف	7
مول	7
الجناحين	7
تشك	7
أحكاما	7
الفا	7
نكد	7
والسبي	7
عصرا	7
وفك	7
لغسل	7
أيامهم	7
موجودين	7
شدا	7
بشهرين	7
سادسا	7
أوضحه	7
وي	7
بيومين	7
دوست	7
ترحل	7
يريدها	7
برزخ	7
دارين	7
حكيمة	7
وعام	7
حكمين	7
ويعلمون	7
ممتد	7
لقيامه	7
ويجد	7
المنوي	7
ونشره	7
والقدح	7
كشفها	7
لزوجة	7
يخفون	7
ويميل	7
التلبيس	7
بأداة	7
يحرز	7
وبمثل	7
مفروضا	7
يلتقط	7
بريئة	7
الفاطميين	7
والبطيخ	7
والحكام	7
والقراء	7
بالقوى	7
فيوم	7
فوزا	7
الخلاق	7
وحملة	7
وكلكم	7
قصدنا	7
عايشة	7
الموسى	7
الاستئصال	7
المبالغ	7
المتخذة	7
أنجز	7
يدير	7
والمستقبل	7
المصنفة	7
تظاهر	7
والدا	7
الطبق	7
الشعاب	7
ليرد	7
ومنعها	7
النوعية	7
بشخص	7
يصنف	7
الغسيل	7
متناول	7
اعتمدت	7
باحث	7
مميزة	7
والذهاب	7
المحققة	7
غرقت	7
طنجة	7
بالانتقال	7
عوائد	7
التأسيس	7
بوصفه	7
الودائع	7
وارتكاب	7
نقلة	7
وعلقت	7
طلبنا	7
الغالي	7
واليسار	7
الحمض	7
تخلى	7
وتقوية	7
الضريبة	7
بضربة	7
وتضع	7
الأداة	7
تزور	7
رحبت	7
شابه	7
تماثل	7
التعويض	7
المجهود	7
والذرة	7
سمحت	7
للعلوم	7
تجاوزت	7
حسم	7
الفاعلة	7
المضافة	7
لفائدة	7
الزلازل	7
أتمنى	7
جدوى	7
احتمالات	7
للخارج	7
نظرية	7
تأثر	7
وتعود	7
أبحاث	7
بارتفاع	7
الاستدامة	7
مؤقت	7
وأمين	7
إضافي	7
يعيشون	7
التهم	7
عمق	7
ضربات	7
التنفيذ	7
اجتماعية	7
قرارا	7
معتدلة	7
مقاعد	7
باتخاذ	7
القادة	7
تمكنت	7
الدستور	7
المالي	7
العمومية	7
جهاز	7
لندن	7
سياسية	7
الشركات	7
البلدين	7
شدوا	6
حدثتنا	6
وكرهت	6
بالربوبية	6
والسمك	6
فخشيت	6
فذكرته	6
فأجلسه	6
ألقته	6
للمبتاع	6
سيدكم	6
كعلم	6
المصبوغ	6
بالدعوى	6
وموجب	6
آليت	6
فكفر	6
قراها	6
ولعلي	6
طعامكم	6
بالنميمة	6
اختصما	6
وبسر	6
مشبها	6
لوقته	6
لجهله	6
الشاكر	6
فيطلب	6
فتحرم	6
الضرورات	6
لامية	6
المشفوع	6
فاجلدوه	6
يضف	6
بالمقصود	6
روحك	6
وطرا	6
بالغدو	6
السفلة	6
وكنانة	6
طلقتموهن	6
والاستهزاء	6
أبرص	6
يافث	6
ولبست	6
حجوا	6
اللؤلؤة	6
ماه	6
بالثلاثة	6
فائدتان	6
حرره	6
البساطي	6
بالويل	6
حامدا	6
وأجمل	6
بالنبات	6
وطمع	6
الطري	6
وباطن	6
ملخصه	6
يقسمها	6
فقوموا	6
أسداس	6
بالأشهر	6
نفوذه	6
قلبى	6
يبعثهم	6
آتيتموهن	6
دعوتي	6
تعجلوا	6
بغرة	6
لامستم	6
فأعطوه	6
والمعوذتين	6
ركعت	6
خدام	6
بسبيل	6
وتؤخذ	6
والأيمان	6
عقيق	6
الحوز	6
أحمده	6
معذرة	6
يحفظون	6
القباء	6
تعديا	6
يتشيع	6
ويأمره	6
بالعسكر	6
أدناها	6
بالنوع	6
المفاعلة	6
خفضه	6
العمادي	6
شبث	6
عيشا	6
يدعوكم	6
يذنب	6
والآصال	6
غارت	6
وعلت	6
يلملم	6
كسبا	6
تيس	6
فنمت	6
الأوداج	6
قرءوا	6
وتطهر	6
فهجرته	6
فلحقه	6
ويش	6
مضارعا	6
تزوجتك	6
الناكثين	6
وابنته	6
وأضلوا	6
لسعة	6
وفقك	6
أسلمه	6
مدائح	6
بالقذف	6
حكمية	6
الناصريات	6
وجاه	6
رغدا	6
فالتمس	6
تضرعا	6
يهاب	6
كلال	6
يستعملها	6
للمقيم	6
لتفسير	6
كوز	6
أفضلها	6
وأفسد	6
وسلف	6
ورجوعه	6
هربوا	6
فعزم	6
الموادعة	6
وضلال	6
اللآلئ	6
التفليس	6
فرقهما	6
الطعان	6
غرابا	6
وابتغوا	6
مودته	6
واجعلوا	6
يحرفون	6
أبايعك	6
والمطلب	6
علفها	6
النياحة	6
العلائق	6
والذبائح	6
والمالكية	6
للقصاص	6
بحريته	6
وأبيك	6
سريرته	6
يبست	6
وكبره	6
وبيني	6
بالسياط	6
أعصر	6
تنوب	6
الكابلي	6
خلطة	6
للبعث	6
مسموعاته	6
مسرهد	6
تري	6
مطمئنة	6
تصفون	6
حسرات	6
كسرا	6
والسيوف	6
ويشق	6
والتمكن	6
يجازى	6
المقرون	6
ويغتسل	6
وقاف	6
يستسقي	6
هاذا	6
شرطان	6
تعديه	6
والتعيين	6
القرط	6
نشوان	6
أشرافهم	6
ردوها	6
رجلك	6
فسروا	6
فيتناول	6
بجناحيه	6
فهرسة	6
أشهرها	6
اسرار	6
ختمها	6
توفية	6
بالتزويج	6
الإباق	6
الغزوات	6
والنشور	6
الأتقاني	6
بالدر	6
رفث	6
عصمه	6
تدرى	6
أعار	6
بدية	6
خدع	6
تهذيبه	6
المكيين	6
مشتقا	6
الزاهرية	6
تدغم	6
وأولادكم	6
زنيم	6
تليت	6
البلاط	6
همم	6
الموتة	6
اقتدوا	6
خداج	6
والكفالة	6
للتوكيد	6
لحقته	6
فتوقف	6
ضياعه	6
موصى	6
عوان	6
فكاك	6
وكثرته	6
وجعا	6
أهليهم	6
أموركم	6
والشهرة	6
اسقني	6
يجتمعوا	6
قاصرا	6
بمعرفته	6
وقاتلهم	6
معاشرة	6
قيدها	6
عرنة	6
طرقت	6
مختوم	6
كسحاب	6
تقاتلون	6
ورجلان	6
وتوحيده	6
تخليل	6
وعظه	6
الأبوان	6
زوجاته	6
والقصور	6
الأزارقة	6
غلطه	6
وبدمشق	6
أبغي	6
سترته	6
كذبوه	6
المتشابهات	6
فأكرم	6
جلسنا	6
صليتم	6
أنهاكم	6
افترقت	6
وعامتهم	6
يبعه	6
للواهب	6
صغرت	6
فيؤمر	6
بامتناع	6
ويفسخ	6
أزمان	6
يشركوا	6
بالرماح	6
ومبشرا	6
شركه	6
والسخاء	6
يحسنه	6
خذلهم	6
أهدت	6
وقورا	6
وخادم	6
لملكه	6
ناظره	6
ومناقب	6
وبالفارسية	6
قرأتها	6
الثمان	6
التطهر	6
فتلفت	6
والوارث	6
نكول	6
اللطائف	6
السبتي	6
لقضي	6
عاينوا	6
برى	6
بقوته	6
وقربة	6
لأبويه	6
فتأخر	6
المتطهرين	6
يفك	6
ففتحها	6
تشتهيه	6
والمركب	6
والالتفات	6
المبتدأة	6
الأحمدي	6
للمعتزلة	6
وحكاية	6
واللائي	6
لهجة	6
النرجس	6
وسقاه	6
الجمادات	6
الأيم	6
أمضاه	6
بقيتا	6
فبيع	6
زناها	6
محكمات	6
اقعد	6
غايات	6
ورماه	6
ونبت	6
السمال	6
ويقتضي	6
فسافر	6
ولهو	6
بمالي	6
حالف	6
المستوي	6
العشير	6
لقلنا	6
السدد	6
بدريا	6
والاعتكاف	6
تباح	6
المغل	6
أوربة	6
حرى	6
والضلالة	6
تكف	6
ينفعنا	6
عظمها	6
واستخرج	6
فمروا	6
بالشدة	6
يطق	6
كذبها	6
فامتنعت	6
كالزنا	6
بالمصلحة	6
قيسارية	6
دثنا	6
حصب	6
فالنار	6
للأنثى	6
حمنة	6
المجدد	6
الأكلة	6
اعتقده	6
ونظره	6
غصبها	6
يندر	6
والأصيلي	6
وسرور	6
مؤمنات	6
وأذهب	6
يجالس	6
طلقا	6
كنحو	6
التامات	6
وإذن	6
وقسمة	6
مكتسب	6
سيذكر	6
حجها	6
بدفعه	6
والهمز	6
وأمال	6
والمناسب	6
بعزة	6
لنزول	6
والبنين	6
وأسفله	6
رموا	6
يلومن	6
يحجون	6
الغرقد	6
مستجابة	6
سلت	6
وحدته	6
مستحسن	6
والقاعدة	6
سؤالات	6
فالشرط	6
وبالنون	6
فصرعه	6
ألد	6
نامت	6
والسابق	6
الدري	6
اقسم	6
وخفت	6
وبهما	6
يستعملون	6
خبرية	6
بإلى	6
افتتحها	6
بمائتي	6
غيا	6
يضله	6
يستعجل	6
يعبدونها	6
خرز	6
فهمها	6
أخلاقا	6
وظني	6
يليهم	6
يربح	6
وأثبته	6
مأمونة	6
ضا	6
بديهة	6
بالشريعة	6
والحنابلة	6
بثبوته	6
الموضح	6
عبادتي	6
ودعه	6
فقعدت	6
قطعتم	6
غرسه	6
ويقاس	6
يعطيني	6
والاستغاثة	6
ووصية	6
فشربه	6
استقرض	6
المدينى	6
ناج	6
مخلدا	6
يهتز	6
بعلا	6
نعيمها	6
جهلوا	6
الوساوس	6
نسكا	6
يتعرف	6
وثاقته	6
والجناية	6
المجازات	6
وأفعل	6
ببطلانه	6
المسيبي	6
أهلكناهم	6
يعاتب	6
مقالتهم	6
فارا	6
والثلج	6
دجا	6
لحياته	6
يؤنث	6
للكبير	6
تمضمض	6
ومرجع	6
استحقاقهم	6
أوطاس	6
متناقض	6
بصحيحة	6
ليؤمنوا	6
الزبانية	6
الأريب	6
وانك	6
رضيا	6
المكثرين	6
يطهرن	6
بكتبه	6
وكيعا	6
المقدمين	6
والسيرة	6
المداد	6
الصفتين	6
آجره	6
معيبة	6
المضموم	6
مأجورين	6
وأطيعون	6
يزكيهم	6
حليلة	6
اسق	6
يستحبون	6
إقرارهم	6
يشهدان	6
يسألها	6
والاختصاص	6
وأخباره	6
والمصباح	6
مسيح	6
المستقرض	6
منتفية	6
لتعديه	6
أدلته	6
المقتفي	6
جاف	6
وتفرقت	6
حفرته	6
واثنتين	6
ينقلون	6
وذوات	6
ورى	6
وتقسم	6
الرقيقة	6
ورواياته	6
خرص	6
للإباحة	6
حملناه	6
ويستحيل	6
وسفر	6
نصركم	6
المستقيمة	6
إبرة	6
العن	6
فيعرض	6
فجعلني	6
فقدمه	6
وشهاب	6
الارسال	6
واعف	6
وعدوكم	6
الورس	6
فعلموا	6
أثال	6
النسوان	6
الخدام	6
شدائد	6
بالجبال	6
أقرض	6
فذبحه	6
ودينا	6
بايعنا	6
ركعتا	6
ابنى	6
بالإدغام	6
وآتينا	6
ترونها	6
الحدقة	6
ماش	6
عفة	6
ملأى	6
الوثنية	6
فيسمى	6
أختان	6
مستقبلة	6
الانتفاء	6
لمعين	6
الولوالجية	6
رعت	6
البكا	6
أواب	6
نصوحا	6
البؤس	6
فجمعهم	6
الغدو	6
تنكرون	6
الراسخون	6
فضربوه	6
يصرفها	6
فنشأ	6
فأحرق	6
يئول	6
يثبتوا	6
لكع	6
بالطب	6
بالإعراض	6
والأرش	6
الأصوليون	6
فقولي	6
كحب	6
شقا	6
يفتيكم	6
فحملها	6
حيى	6
طبيخ	6
والكامل	6
جهاته	6
ينوه	6
ويتأكد	6
تتقي	6
العالمون	6
كالسيف	6
الحريص	6
والذنب	6
دمعه	6
والكلاب	6
حجرين	6
بحقائق	6
بالنقص	6
إيجاده	6
يتوسل	6
فيملك	6
حضرني	6
الغارم	6
والمعتق	6
والكناية	6
وابعث	6
والشيب	6
صبحا	6
والعمد	6
القرح	6
صلبا	6
أعل	6
تتوجه	6
أضحك	6
بغسله	6
الورك	6
وسماك	6
فاختاروا	6
ثوير	6
كالثوب	6
يتقوى	6
اللحوق	6
ذالك	6
لميرزا	6
تسقي	6
سماعون	6
والبهتان	6
العجوة	6
مقدام	6
رعين	6
نبغ	6
مشرقة	6
حسه	6
وموضعه	6
فجلده	6
بعمامة	6
المغلظة	6
انقرضوا	6
ظهارا	6
بالدينار	6
المطوعي	6
الناشري	6
ثرى	6
كنهه	6
فسال	6
ترق	6
والجهالة	6
وخيبر	6
برهانا	6
ينقدح	6
وللزوج	6
وسياق	6
ماهك	6
لموافقة	6
المختلعة	6
التجمل	6
المقتص	6
مشتريا	6
الكرجي	6
والاكرام	6
ناء	6
بغضه	6
بمر	6
يحملهم	6
يجتمعا	6
والوعظ	6
مفاسد	6
المضروبة	6
والمرتد	6
للحيوان	6
التاءين	6
والمحلى	6
لاثنتي	6
بالجنس	6
آسية	6
والذرية	6
يتفضل	6
مواليهم	6
يستثني	6
وعقابه	6
تراد	6
بزرج	6
اعتداد	6
ينكرها	6
وجيم	6
ألوانه	6
يعتدون	6
فتبارك	6
الأترج	6
فيشهد	6
الوائلي	6
لاستلزامه	6
صبور	6
ومني	6
نجوما	6
وراق	6
معدته	6
زكاها	6
المخاصمة	6
وبالإسلام	6
والعمدة	6
يوجبها	6
وسبقه	6
المتقرب	6
التخليط	6
اشتماله	6
مجلدان	6
تساويهما	6
يرزقكم	6
عاتب	6
حرمات	6
يعسوب	6
وصهيب	6
ينضح	6
ومؤمنة	6
يسوء	6
ويتبين	6
أبوان	6
وقبوله	6
لقلته	6
بربح	6
اثم	6
بالنسيان	6
ودنياه	6
وبرا	6
بشجرة	6
معتقة	6
ويجئ	6
مجلسك	6
غلو	6
الأتان	6
وبره	6
إنعامه	6
كعدمه	6
والإعادة	6
شافعيا	6
كاشفا	6
الخارجين	6
والفداء	6
النظائر	6
العيار	6
الغسالة	6
ملكنا	6
راعيا	6
مقيمين	6
وتحرك	6
أعطته	6
والفارسية	6
المالح	6
عينيها	6
أثمر	6
ثائر	6
ويتخرج	6
أعوانه	6
حجهم	6
خفق	6
وروضة	6
للشخص	6
اعظم	6
ويصف	6
احتياط	6
متعدية	6
مجهولان	6
غصنا	6
بالعام	6
يحذرون	6
وتسكن	6
لغويا	6
الاسكندرية	6
رجعي	6
بإصلاح	6
نضج	6
القرويين	6
الرى	6
شغلت	6
أنفا	6
تحريره	6
المسجدين	6
تحققها	6
مسألتي	6
فعملت	6
أحتاج	6
كليات	6
تقنع	6
وألقيت	6
مطروح	6
لهذين	6
وألم	6
بالمشي	6
باكية	6
مكذوب	6
تراك	6
أعراب	6
رميا	6
بالشطرنج	6
للضمير	6
قاذف	6
خلوه	6
أهلهم	6
كغسل	6
بمقابر	6
عظة	6
قناديل	6
ضرس	6
تعقيب	6
مواشيهم	6
يستحضر	6
مررنا	6
اختفى	6
ويغلب	6
صفتان	6
أنتظر	6
ويأكلون	6
محصورا	6
أملكه	6
مندوبة	6
انتقام	6
وأسرار	6
حامض	6
المعوذتين	6
والنيل	6
بهمة	6
منبرا	6
تحري	6
بلطف	6
مخضرم	6
جهدي	6
يحيطون	6
تقلع	6
اعتراضا	6
تهتز	6
ويعملون	6
والصف	6
واتفقا	6
الفاطمي	6
سقفا	6
للدم	6
يشر	6
يراهم	6
البنوة	6
قباب	6
والتحليل	6
بحيلة	6
وتختلف	6
وكادت	6
طبعها	6
أدرج	6
اقتناء	6
وثالث	6
والحدائق	6
بصحبة	6
ينصف	6
لأدنى	6
بزي	6
رشوة	6
لليمين	6
سحره	6
استلزم	6
الصدع	6
أوطانهم	6
يحوي	6
الخداع	6
الركون	6
مضطربة	6
الامتلاء	6
مزين	6
الظريف	6
محتج	6
جاهدا	6
يقي	6
باعوا	6
ويقر	6
بزوجته	6
الراشد	6
اختيارهم	6
زرق	6
يهمل	6
تؤذي	6
للاختصاص	6
بالظهور	6
مضبوطة	6
مزيل	6
مجاور	6
تجني	6
بذلوا	6
المرق	6
الزروع	6
الإعجاب	6
وإخراجه	6
المقاييس	6
صليب	6
يكتبها	6
مردا	6
والأطعمة	6
مقدمي	6
ويصيب	6
شيمة	6
بدوي	6
خزنة	6
وتلخيص	6
أقصاه	6
بالسكر	6
وجلا	6
الثأر	6
بسير	6
يعتري	6
شكلا	6
وعلامات	6
دوحة	6
والقطن	6
قابلية	6
تكسير	6
التولي	6
قاما	6
المخ	6
جهدهم	6
الفراسة	6
يعتني	6
يحترق	6
يغرق	6
الوحل	6
ينتبه	6
المجنونة	6
يسرى	6
بدابة	6
وينقسم	6
ونجم	6
وفاتها	6
وحدهم	6
تلقيه	6
موثوق	6
بطرس	6
نفسية	6
البرودة	6
والتهديد	6
رسمها	6
وإيمان	6
أوصت	6
المحتاجين	6
التباين	6
وتقضي	6
ونظام	6
المكانة	6
ستأتي	6
بالثقة	6
بالتوجه	6
وسيدي	6
الواقعية	6
ويطالب	6
غلاء	6
نقوم	6
ينمو	6
يلجأ	6
بلدي	6
وألقت	6
ومصدر	6
بالمجلس	6
توجهه	6
سمو	6
اعتبروا	6
ولماذا	6
قوبل	6
فلسفة	6
المواسم	6
أتذكر	6
استغرق	6
يعتبرون	6
أعمدة	6
الأبحاث	6
جثة	6
مفوض	6
دعونا	6
الشخصي	6
أوردته	6
قراره	6
تركية	6
لفرض	6
تسليط	6
حاملة	6
أفكار	6
الانقسام	6
معربا	6
المعالجة	6
دفتر	6
صعدة	6
للسلام	6
يمكنني	6
شباك	6
للاحتجاج	6
ثقته	6
سلاسل	6
مصيره	6
المرمى	6
والتغيير	6
يتكون	6
أطباء	6
أدلى	6
تحتوي	6
التفاصيل	6
التحرك	6
جندي	6
يمكنك	6
السواحل	6
لكنني	6
تتمكن	6
الموازنة	6
غاز	6
المدير	6
أثار	6
عشرات	6
المؤسسة	6
لحافظون	5
الغواية	5
يبطش	5
العقيم	5
ومسعود	5
مسطور	5
يدخلان	5
والتدليس	5
أقبض	5
المرجحات	5
الملية	5
المرتضع	5
نجى	5
حبشيا	5
للجبل	5
وخالفوا	5
يتغنى	5
مصحح	5
لعدتهن	5
فثلاث	5
عصموا	5
الجذاذ	5
ومعناهما	5
والمقاصد	5
أرشها	5
الاتلاف	5
ينالها	5
بكفيه	5
أشهدك	5
رغيفا	5
هدمها	5
فجزاؤه	5
لسانها	5
المضيئة	5
تقدح	5
المغيبات	5
يسترق	5
قيئه	5
الجراب	5
مكبرا	5
مستثناة	5
الاستبعاد	5
الخوارق	5
ثنايا	5
يحسد	5
دخيل	5
تشهدون	5
نواحيه	5
المصلوب	5
ويضيق	5
الغريزية	5
مجوسيا	5
مجاهدة	5
فقتلت	5
املاء	5
فسعى	5
وتمييز	5
مضبوطا	5
والمكره	5
بإخبار	5
وثلثان	5
فالثاني	5
الطفاوي	5
كمي	5
فأشرف	5
شفته	5
بردائه	5
لينه	5
ترتيبها	5
نضد	5
والنافلة	5
المتحقق	5
النحوى	5
الأعوان	5
استمسك	5
وهلاك	5
بشرته	5
مواعظ	5
فنيت	5
القاعدون	5
ذرعه	5
الأسدية	5
بسرف	5
والأدباء	5
بثلاثمائة	5
ودابة	5
اوصى	5
الغسلة	5
أندلسي	5
أفتونا	5
والحلبي	5
أتعلمون	5
غائلة	5
بيحيى	5
سحائب	5
ولقيه	5
نقصانه	5
المقعدة	5
باركنا	5
آبائنا	5
وفيت	5
فاقتله	5
يقسمون	5
والسيوطي	5
ويستقبل	5
والدلائل	5
فاجتهد	5
وعرفنا	5
بحسنة	5
والندم	5
الزكوات	5
صحا	5
ورأيه	5
القيان	5
تحزنوا	5
ينالهم	5
فدعه	5
وعمن	5
وضربوا	5
للحجة	5
ينقى	5
وقصته	5
وإسحق	5
مترجم	5
لصح	5
يؤفكون	5
لقيس	5
واكتب	5
لتركبن	5
بالحلم	5
يكفيهم	5
وفرش	5
يسقيه	5
وهند	5
وصبي	5
ترغيبا	5
لابتيها	5
بأسرهم	5
والغرر	5
الأسامي	5
تجزع	5
أهلكناها	5
تلقف	5
يدخلني	5
يقاتلهم	5
انشقاق	5
يخلى	5
كاهنا	5
خمير	5
أوه	5
تميما	5
بخلا	5
تدمع	5
المغلوب	5
بكاف	5
معجلا	5
التشريف	5
بجعله	5
وكيفيته	5
الإضلال	5
البوار	5
فواق	5
جنابه	5
مماته	5
مطلعا	5
بسرا	5
يحببكم	5
ومعن	5
غمام	5
تغشى	5
ساج	5
هلاكا	5
ليثبت	5
السمحة	5
العرج	5
بغيرهم	5
المسنة	5
المحدثات	5
فنبه	5
فأفتى	5
الأحسائي	5
المنقطة	5
خوص	5
للهوى	5
والرماح	5
ويمنعون	5
فاقبلوا	5
ونهاه	5
والجند	5
والبدعة	5
وأخرجها	5
خدمت	5
احلف	5
فضمن	5
بهاتين	5
والحسب	5
ولاح	5
كضرب	5
سدوس	5
سجودا	5
أقتلك	5
فكلوه	5
فجعلته	5
تخليط	5
المبرور	5
أوجبوا	5
وأسمائه	5
رقاع	5
والاستحسان	5
فيقيم	5
مصححه	5
التنبيهات	5
الظهرين	5
التلازم	5
الجوشن	5
عضب	5
واتل	5
أسى	5
العظماء	5
وفصاله	5
نحا	5
لوجدوا	5
الكتبة	5
والإفادة	5
فضاع	5
بحديدة	5
سكنوا	5
ويحلق	5
مشتريه	5
الهوي	5
حزني	5
لغد	5
والمشهود	5
نقضها	5
معذبين	5
بالسماء	5
وميل	5
الشراك	5
السمهودي	5
حظها	5
والاستحباب	5
بالمسمى	5
المبالاة	5
ألفاظا	5
منونة	5
صونا	5
والمبرد	5
فقولا	5
عتوا	5
باليدين	5
ذروا	5
مؤدب	5
فيزول	5
الشاذكوني	5
يرتحل	5
واصطفى	5
متصور	5
الشاذة	5
والتالي	5
اقتل	5
أوزارها	5
فرطنا	5
المعصفر	5
وقرأته	5
نظيرا	5
وبول	5
الحناجر	5
الأرائك	5
رسولنا	5
تصفر	5
بالكرم	5
بالأبطح	5
بقاؤها	5
قوه	5
محدثون	5
ساكنان	5
مديني	5
الذرى	5
ومناة	5
بلطفه	5
فاستخلف	5
بعصاه	5
حجرته	5
تنسخ	5
والخفض	5
إفاقته	5
بالصبي	5
بعه	5
العنبس	5
فههنا	5
شملة	5
تهتدون	5
لإبليس	5
وركن	5
ولج	5
بالتكذيب	5
النقول	5
بالربا	5
مساقاة	5
خصوا	5
أعزه	5
والناسي	5
الجبران	5
رباع	5
صديد	5
جلى	5
يطيقه	5
وينام	5
وأسنده	5
حبلت	5
الجوانح	5
بالعروة	5
الدلاء	5
فسقى	5
كثيب	5
الكوة	5
التضرع	5
ومماتي	5
الوشي	5
والدهن	5
تجهز	5
سقيفة	5
وعمير	5
وحرك	5
وعبدان	5
والواقدي	5
والموالاة	5
للشريف	5
النبوات	5
بالكمال	5
والمعلوم	5
وبلاء	5
استضعفوا	5
ويعبدون	5
سلفت	5
بقيع	5
أرسلته	5
عطائه	5
والمهدي	5
لموته	5
فتقطع	5
بلحيته	5
مقاصده	5
بأصابعه	5
وصلبه	5
لاشتمالها	5
الكرج	5
شعثا	5
تلوم	5
نعيما	5
باك	5
وثنى	5
الحادثات	5
وكرهوا	5
للاسلام	5
فأخرجوا	5
أفيكم	5
والبسط	5
وسكونها	5
فعدتها	5
خندق	5
فليسجد	5
وظاهرها	5
المظفرية	5
تتركوا	5
ينتف	5
ويبسط	5
والعمة	5
بالظاء	5
مراجعته	5
بالعدو	5
وأخواته	5
أطلقك	5
ولعلكم	5
الأبتر	5
والقرابة	5
يحكموك	5
قضاءها	5
الاستجمار	5
عكيم	5
الوحاظي	5
بالمأمور	5
سفها	5
مبصرة	5
عيونهم	5
تبطلوا	5
والجزية	5
كافل	5
فدلت	5
اصطلاحا	5
أوقدت	5
جنتك	5
أثيم	5
تداعى	5
صراطا	5
لأسماء	5
ضللت	5
عميا	5
بالثغر	5
إعراضا	5
وقويت	5
والنقير	5
انفك	5
وأمكنه	5
غلتها	5
ورتبه	5
قعدة	5
وأخرجاه	5
فنوى	5
بالدلائل	5
فيصلى	5
لتعدد	5
هجرت	5
والمسلمات	5
وطئا	5
بأجمعها	5
ويذكرون	5
تنعم	5
بستر	5
شجاعته	5
استيفاؤه	5
المكتوبات	5
وجبير	5
بحاره	5
بالإمالة	5
أساور	5
يوف	5
يسمو	5
اهبطوا	5
وسيدنا	5
يسرك	5
حسر	5
والفصاحة	5
عبودية	5
وموته	5
وأمثالهما	5
أكفاء	5
ونظمه	5
الدلك	5
مطردة	5
خامسها	5
موثقون	5
قديرا	5
يقضون	5
ننجي	5
ومفتاح	5
وتأكل	5
وسمت	5
ويحبونه	5
وثوابه	5
ونبي	5
فذبح	5
زفت	5
أجساد	5
متفرقات	5
وجمعا	5
بالأقراء	5
أبانها	5
ثقتان	5
تبعيضية	5
ودعوت	5
والجرائح	5
تمسه	5
تعضلوهن	5
لأمي	5
المسكوت	5
جنسان	5
تبل	5
وانتظر	5
غفرانك	5
لينذر	5
وشى	5
تقولن	5
قبلتهم	5
أسبغ	5
ويمنعه	5
توجهوا	5
حاذقا	5
ومعتمر	5
للمضطر	5
فليوتر	5
مهموزة	5
وجزة	5
للجواز	5
ضامر	5
تضطرب	5
وافتح	5
أحاديثهم	5
فانتدب	5
قتيلة	5
الملحد	5
مبرور	5
جفا	5
وينبت	5
العارفون	5
آتيا	5
وأو	5
وركعتان	5
العجلاني	5
الاقتصاص	5
المائعات	5
الحفري	5
تسلطن	5
لعبرة	5
تصبهم	5
بشكر	5
يبت	5
مأموم	5
احتجب	5
يرتع	5
يستنبط	5
يحدثون	5
حيدة	5
شهادتهن	5
بخلع	5
وترتب	5
إجارتها	5
جوابان	5
غانية	5
أخرجني	5
نأمن	5
تبيان	5
السوي	5
صنو	5
بدنك	5
وخاصته	5
والنوافل	5
أدلتها	5
والحاج	5
مبناه	5
التقابل	5
الجاعل	5
بالاستحباب	5
الخاقاني	5
كفور	5
جيدها	5
أمهل	5
المرضع	5
القرظ	5
أرويه	5
أربابه	5
آصف	5
يحاط	5
تغلظ	5
تخوم	5
فسألنا	5
بناءه	5
بمرأى	5
لقصر	5
فاستحسن	5
زبرجد	5
الوثاقة	5
تعجيله	5
لاختصاصه	5
التكميل	5
نواحى	5
فضعيف	5
نقيا	5
ببابل	5
القطاة	5
إمامكم	5
شمت	5
بالغنى	5
وبيته	5
يستنجي	5
أعيانها	5
وهامش	5
الخبران	5
فزعوا	5
وطابت	5
أفيضوا	5
ظفروا	5
أطمع	5
المهلكة	5
والقصب	5
النيات	5
صفوفا	5
شفاعتهم	5
ومائتا	5
الاثنا	5
ولولاه	5
منجى	5
هجره	5
والخالات	5
مؤخره	5
ضأن	5
ويصنع	5
نفحات	5
متمسكا	5
انفتح	5
فيعطي	5
بموجود	5
وتقلد	5
قيراطان	5
شرائطه	5
ويدلك	5
وعرق	5
واللعان	5
بالعساكر	5
المحتضر	5
وهدية	5
اليونيني	5
المؤتم	5
وقدح	5
نقضي	5
ودبر	5
أتشهد	5
نواصيها	5
فأنفق	5
لنية	5
إمساكها	5
والنزاع	5
مجازفة	5
فنقص	5
عبادات	5
وأمنا	5
البهتان	5
إنفاقه	5
ركوبها	5
بثياب	5
الشرى	5
الأكباد	5
كافورا	5
الناموس	5
ابتعت	5
وورعه	5
أساطين	5
وبينة	5
مخيمرة	5
لنقصان	5
لوجوبها	5
قذى	5
مقتا	5
وأصحابك	5
ألصق	5
مسنا	5
ظلة	5
مداد	5
وحياته	5
يتعب	5
فغرق	5
للروح	5
الدمعة	5
فدفعت	5
يخاطبه	5
صفتهم	5
بمدح	5
بنصيبه	5
غزاها	5
فيوقف	5
ويدفن	5
المثمن	5
هلالا	5
فأصلح	5
خمارها	5
حركاته	5
بالجلد	5
يتفكر	5
تفاضل	5
مورق	5
بنوء	5
الجلب	5
البهي	5
فيعطيه	5
بالطويل	5
لمالكها	5
كزيد	5
كإن	5
التعجيز	5
كالأسد	5
داخلون	5
والحجاب	5
فانصب	5
يريهم	5
حازما	5
التحميد	5
فقدمنا	5
ببلوغ	5
وحرملة	5
المدلجي	5
الاسماء	5
مظاهرا	5
بغيرهما	5
الفامي	5
بقصده	5
والإيضاح	5
زائر	5
أثقالهم	5
ومزيد	5
الإرجاء	5
ضخما	5
يحارب	5
ويشتمل	5
وللمسلمين	5
المشط	5
معافى	5
والحجج	5
وتقرر	5
المغير	5
ينامون	5
كررت	5
السيء	5
أتهم	5
غزوا	5
لسرعة	5
خفاجة	5
حوز	5
المرتدة	5
مجيدا	5
أكانت	5
للجملة	5
ظرفية	5
ذاتيا	5
يريم	5
أمنيته	5
أثرهم	5
وآثاره	5
مبيعا	5
الحى	5
الاستذكار	5
يستبدل	5
المعزول	5
الشبيبة	5
سكتة	5
للجسم	5
تفسر	5
الوراثة	5
الهبات	5
بأنني	5
حيثية	5
رحلوا	5
المبهمة	5
حتي	5
وترجيح	5
والأشياء	5
احدا	5
ويرجح	5
ونقش	5
وأمانة	5
فمثلا	5
أحضرت	5
اخذت	5
ميمي	5
اعطاء	5
الخبط	5
التباس	5
ورضوانه	5
والرصاص	5
يقتلهم	5
بمشاهدة	5
والتمتع	5
المتعدد	5
بازل	5
جذوة	5
وعامل	5
بالحل	5
خوزستان	5
اشتكت	5
بالشخص	5
عنوانه	5
خللا	5
بسلامة	5
معيار	5
ومقدم	5
بالخط	5
واعية	5
وقلتم	5
كمعظم	5
يتنزل	5
وشروط	5
كفرة	5
الشان	5
رزمة	5
الحمقاء	5
تدعيه	5
حلمي	5
نزر	5
والرخاء	5
تحيا	5
ني	5
بادئ	5
بساعة	5
صوريا	5
صالحي	5
والتأمل	5
أعلمت	5
والطغيان	5
عمنا	5
سكك	5
لات	5
ون	5
بتراب	5
روم	5
المستفادة	5
المدائح	5
وألقوا	5
ببال	5
لقن	5
للموقوف	5
القاع	5
بقتلها	5
ولكنهما	5
سعوا	5
المدر	5
اختير	5
والديانة	5
الغرامة	5
الصحو	5
وجلب	5
غفران	5
بحضوره	5
تخفف	5
بمقال	5
المفاضلة	5
الإيفاء	5
والرؤساء	5
سرقته	5
مفتون	5
وجرد	5
لبقية	5
بإيران	5
خرقاء	5
الوقيعة	5
قهوة	5
بزنة	5
تفيده	5
يجعلنا	5
بالطين	5
فعندها	5
والشأن	5
نسائي	5
الصحفة	5
الملحمة	5
والحمى	5
وجهد	5
تقولين	5
يريدان	5
ويتصور	5
يرتقي	5
مزاجها	5
للطواف	5
اتمام	5
بتحقق	5
رهان	5
يحوز	5
النيروز	5
المكرر	5
بالآثار	5
ونصرة	5
أولاها	5
وثاني	5
إغراء	5
ودقة	5
القطيع	5
وحافظ	5
يحضرها	5
صلتها	5
سكنه	5
اطلق	5
والهوان	5
السل	5
وطالما	5
لديكم	5
بالتعدي	5
تعيينها	5
وسمن	5
الحكمان	5
يختر	5
انني	5
مدرسته	5
هضبة	5
تستقل	5
تقدمهم	5
تكرارا	5
عجلون	5
النجدة	5
قيض	5
الأشباح	5
والضيق	5
الكبريت	5
بالزهد	5
أوراقها	5
ناري	5
أس	5
يقوده	5
والوزراء	5
بطش	5
تعنى	5
حاسة	5
بمواقع	5
محاسبة	5
مستديرة	5
التقاط	5
أبنائهم	5
هبطت	5
يضعون	5
والمدارس	5
لرؤية	5
مكانته	5
تولت	5
وجبال	5
يتخذها	5
منشورات	5
ووسط	5
والمحلل	5
بدأنا	5
اية	5
حضورها	5
خصصت	5
أستطع	5
ولاحظ	5
زلنا	5
خرقا	5
رمزا	5
لاقت	5
الصخور	5
تشتد	5
انتظام	5
للتعليم	5
المحاسبة	5
واثق	5
تدافع	5
ونقلا	5
الضيقة	5
بالخدمة	5
يفوز	5
قوامه	5
الجارة	5
الموسيقى	5
لتقرير	5
الميلاد	5
اتخاذها	5
بحي	5
والجنوب	5
وتجنب	5
وهيئة	5
منحة	5
المرتفعة	5
إشارات	5
أولية	5
المشير	5
بعضهما	5
التحكم	5
وفاز	5
لأبناء	5
المعسكر	5
التحدث	5
أوضاع	5
البطاقة	5
نوعها	5
الاحترام	5
السكك	5
استعداده	5
تربط	5
تفاعل	5
للشركة	5
تعرضه	5
القومية	5
والدواء	5
فسيح	5
قمع	5
للبحث	5
المواجهة	5
الشبكة	5
توقفت	5
حققت	5
الحلفاء	5
يخضع	5
مدرارا	4
فليتق	4
زينتها	4
واللاتي	4
فالقرآن	4
فأبطأ	4
اهله	4
ووعدهم	4
وأسهل	4
بالكسب	4
حجت	4
بزيت	4
مقتضية	4
نسخي	4
طرو	4
كتبغا	4
وصدوا	4
تدنو	4
فاعف	4
فألقوا	4
الخواجة	4
فكذب	4
وسره	4
وخفف	4
يستوى	4
صرعه	4
المآثر	4
استفتح	4
زدته	4
راويا	4
يوهب	4
يفسدها	4
بإشبيلية	4
البرود	4
احذروا	4
أهليكم	4
جهلة	4
لشمس	4
خشونة	4
الطرائف	4
الكمين	4
الكراجكي	4
وضمنه	4
وذكوان	4
معاصرا	4
رستاق	4
الرقيات	4
بالجرح	4
ومجاز	4
اشفع	4
للإضافة	4
وميم	4
المعانى	4
وبالراء	4
ينجي	4
رقد	4
نجدا	4
والصفح	4
بطرا	4
أباهم	4
وقراءته	4
فوه	4
ثغره	4
الراد	4
ضمام	4
كالصبي	4
أبرويز	4
طلل	4
وأياما	4
يستوون	4
بالحصى	4
أكلنا	4
شهيدين	4
أحرارا	4
والمثنى	4
وأتقن	4
المصرحة	4
القماط	4
الانتصاف	4
القيمتين	4
متميزا	4
كزبير	4
صدوركم	4
فارتد	4
أملح	4
لهفي	4
فطهر	4
المديد	4
العلام	4
ماشيته	4
الأبلة	4
والكوفيين	4
المستغفري	4
احتياجه	4
الوثاق	4
وعى	4
وتقدس	4
يشذ	4
احمرت	4
سجادة	4
وقياسا	4
سهوه	4
بلوى	4
شعبا	4
نارها	4
وعترته	4
مصيبته	4
إحكام	4
المحاورة	4
متع	4
وبنوه	4
غمز	4
ويجتنب	4
يشتق	4
فالنبي	4
الظئر	4
تنتقض	4
قفيزا	4
أصليا	4
الثقفى	4
فبعيد	4
المطيعين	4
مشوا	4
بأمرنا	4
لأجد	4
القلنسوة	4
ولبعض	4
كالصوم	4
أهليته	4
الاضطجاع	4
بتلف	4
وشذرات	4
النسور	4
شتمه	4
والمطلقات	4
بيضها	4
يستقي	4
افتعال	4
فصد	4
لطم	4
القوابل	4
انقض	4
السهولة	4
وكفن	4
معتل	4
ضريس	4
ساكتا	4
دروسه	4
جوابنا	4
الإيوان	4
يسهو	4
مهملتين	4
المخابرة	4
المالقي	4
يصيبكم	4
وخسف	4
وخافوا	4
العقال	4
غلول	4
وتلقاه	4
فهبط	4
اسمين	4
يورده	4
ووقوعه	4
الجوزية	4
الناصبة	4
خطابة	4
ومسبوك	4
كأمثال	4
يجور	4
زمانك	4
أعرج	4
وضمه	4
فتحدث	4
أثنيت	4
يغنم	4
رواتها	4
نياتهم	4
بقدومه	4
يؤجل	4
يجفف	4
الإيعاب	4
يلوم	4
ذلول	4
آتيكم	4
وخليفتي	4
عاينت	4
لحاف	4
تعلل	4
والحقائق	4
تستأمر	4
بالسبق	4
وبفتحها	4
والإحاطة	4
السالف	4
ويحد	4
جئتنا	4
عرفان	4
نكرا	4
غبرة	4
فاكتب	4
وحمر	4
دريت	4
مهديا	4
ولياليهن	4
صريحه	4
والحميدي	4
وأفطروا	4
المقريء	4
عاقب	4
جودك	4
ويستغفرون	4
فبدا	4
حواليه	4
أستغفرك	4
وشأن	4
برضى	4
فشهدت	4
اجتمعنا	4
يري	4
والصد	4
مشكلا	4
أطم	4
يوطأ	4
والمجانين	4
الممسوح	4
ريث	4
ليعذبهم	4
سؤالي	4
والرمل	4
وابدأ	4
انفضوا	4
للجارية	4
العراقين	4
الموبقات	4
ولأنهما	4
بمكتبة	4
الحداني	4
التبوذكي	4
الغوري	4
بالصالحين	4
منامها	4
يستحلون	4
وطالق	4
فطعن	4
تاركه	4
والجراح	4
موطئه	4
الفصلين	4
بالاقرار	4
مهتدين	4
يرميه	4
الدق	4
ويسلموا	4
سبقك	4
الدواني	4
فزيد	4
المدلس	4
الغبراء	4
يتوارثون	4
الإفضاء	4
كتخدا	4
ذرأ	4
فسقوا	4
وإحسان	4
بالعقاب	4
تضمر	4
مناسكه	4
تبيح	4
ببعلبك	4
بالانصراف	4
فيباع	4
يستنيب	4
المبعض	4
بالاستصحاب	4
يتول	4
يأتوك	4
والشبهة	4
بالوصل	4
استراح	4
والعمى	4
غابوا	4
للشاهد	4
يستوف	4
يتمشى	4
والعجلي	4
للفتوى	4
استوفاه	4
الخنا	4
طغيانا	4
منكرون	4
للخيل	4
وللمرأة	4
يقصرون	4
محظورات	4
ورهن	4
المسمعي	4
لصحيح	4
أبويها	4
أبلج	4
وهامان	4
للدهر	4
أوفي	4
الشهباء	4
فتأتي	4
الغلظ	4
استغاث	4
فوضعوا	4
يسعها	4
بفرس	4
البغية	4
أبياته	4
للنفقة	4
الحبحاب	4
فقهية	4
ويتصرف	4
تعارضا	4
انتظم	4
كتابيهما	4
وميمون	4
فذو	4
يتوبون	4
أبدان	4
زحفا	4
ذرع	4
الإبصار	4
وطاء	4
والقدمين	4
فلقيته	4
العرفاء	4
إتحاف	4
مفاعلة	4
جبره	4
الجلاس	4
عاملون	4
وعلمك	4
النواصب	4
والعمامة	4
ليتكلم	4
أصلنا	4
ينعت	4
والأشعار	4
تفصيلها	4
والمناقب	4
ساترا	4
المبتدئ	4
القى	4
البعلي	4
للأصنام	4
بالحضرة	4
برسباي	4
يعل	4
فزادهم	4
قعدوا	4
فضلكم	4
فانتبهت	4
تغتر	4
القواطع	4
العاري	4
فأمكن	4
التأريخ	4
ووفى	4
بوطئها	4
قاتلي	4
صبرتم	4
الرسغ	4
المكذب	4
يصلحون	4
خطاياي	4
وسب	4
والغلط	4
وأعلاها	4
أملاه	4
عدتي	4
المعمرين	4
والسفيه	4
مذاكرة	4
بخاء	4
اسجد	4
بتكبيرة	4
اليونينية	4
الكوكبي	4
الطواشي	4
لوازمه	4
أإنا	4
غراء	4
انجلى	4
والصاحب	4
ووصيه	4
وحزنا	4
الأكفان	4
ومحياي	4
حماها	4
والخصومة	4
محبتهم	4
فوجدتها	4
بجملته	4
للحرج	4
الإيتاء	4
وأعدوا	4
سلافة	4
المقت	4
وضحاها	4
بمشقة	4
فضلي	4
انسانا	4
المفتون	4
يعبدونه	4
اليامي	4
مشائخ	4
فقهائنا	4
رضاعا	4
إصبهان	4
المؤيدي	4
تكين	4
ترجف	4
يلقه	4
دودان	4
وصواب	4
واردها	4
رأيناك	4
مناديه	4
وأستغفر	4
لشهوة	4
الجدات	4
للطوسي	4
الحذاق	4
موطوءة	4
الأميني	4
ناعمة	4
يستغيث	4
ينزلها	4
شبعوا	4
وحزبه	4
ومعانيه	4
مأخذه	4
حاك	4
للغالب	4
الفقاع	4
بالحصص	4
هذ	4
فهاهنا	4
للحنفية	4
إبدالها	4
التقادير	4
التأويلين	4
والمن	4
يحشرهم	4
فعجبت	4
زاره	4
لأولاده	4
العدوة	4
وزيدا	4
المقتولين	4
المحيي	4
وصفاتها	4
بسطنا	4
تستعجلون	4
وأعانه	4
وحنين	4
أملس	4
وأخا	4
نعس	4
فبه	4
بجميعه	4
المناهي	4
العسال	4
بالحنث	4
كالشهادة	4
اشتراطها	4
الأبلي	4
للفتى	4
خب	4
شاف	4
أكبرهم	4
يعصمك	4
هلكة	4
خدها	4
المبتلى	4
فضربوا	4
ترفعه	4
متصرفا	4
للفقيه	4
رواياتهم	4
نطقه	4
ووصيته	4
لقبض	4
الزوراء	4
مؤداة	4
للدارقطني	4
وللشافعية	4
السكاكي	4
هيج	4
ليؤمنن	4
ومثلك	4
أمطرت	4
بغت	4
وخالتها	4
بجميل	4
فقدها	4
أزلا	4
فليقرأ	4
الثني	4
الحمويني	4
بحاجته	4
ليبلوكم	4
أردن	4
تبيانا	4
بالضد	4
الباني	4
يصام	4
وغزوة	4
زن	4
التفقه	4
فوكل	4
سنك	4
السقيا	4
الخشخاش	4
المحاذاة	4
الرازى	4
ينجيه	4
وصدقوا	4
الكنيف	4
والقلة	4
لابني	4
أطاعوا	4
الإمهال	4
فمررنا	4
أنكح	4
مفلس	4
متساويان	4
الشرعيات	4
اتفاقهما	4
انتفائه	4
أوب	4
أعداؤه	4
يديم	4
يروونه	4
لنور	4
مولدا	4
كاليد	4
سنتهم	4
ويحج	4
لعمه	4
فمنا	4
معزيا	4
شوطا	4
الأشهلي	4
انفكاك	4
البيد	4
وإياي	4
هينا	4
بالعداوة	4
فبشرهم	4
بطيبة	4
أشداء	4
وليلته	4
والفصول	4
وملأ	4
بالحمرة	4
الزلال	4
واثبات	4
عنين	4
كالمسلم	4
بالإتيان	4
يعظكم	4
مفتحة	4
الحجون	4
يخر	4
مفاتح	4
صدقك	4
جبلين	4
وتضرب	4
للفقه	4
أودعها	4
عقبها	4
النزهة	4
وعزله	4
فيبلغ	4
البيلماني	4
الأنصباء	4
وأجله	4
سلمون	4
الشعيري	4
وتلقب	4
والمنصوص	4
ريطة	4
مضغ	4
للوليد	4
جبلي	4
يفدي	4
يعجن	4
لعامة	4
الكوراني	4
نفطويه	4
تضمينه	4
يشترطون	4
إفتاء	4
نكب	4
حمرا	4
فأذنوا	4
لحظه	4
عنونه	4
والشفعة	4
صيرورته	4
سيس	4
لشيخه	4
وجانب	4
والجزع	4
أسرف	4
غيظه	4
خبيثا	4
تؤاخذنا	4
يرضعن	4
وأدناه	4
لوقا	4
آدميا	4
فأقيم	4
القرافة	4
لشمول	4
البيكندي	4
الأفرم	4
شهباء	4
هويت	4
درت	4
قرظة	4
سبقونا	4
أخبرتهم	4
استأجرت	4
رضيه	4
ينحط	4
طعما	4
يدبغ	4
لربي	4
وبدنه	4
وأفعالهم	4
مقارن	4
المرتين	4
بالاستفهام	4
سكناه	4
الجيزي	4
السراجية	4
الزوايا	4
يصلونها	4
حلقت	4
الأسطوانة	4
يصلب	4
والنميمة	4
كالقمر	4
خضاب	4
تحامل	4
متواليات	4
احتال	4
استحييت	4
وانتصاب	4
الابنين	4
أصرح	4
المهاد	4
فراقها	4
ونادوا	4
فليسوا	4
جفون	4
يلقن	4
فأيما	4
والحس	4
ندبه	4
بخمر	4
بإجازته	4
أخماسا	4
فيتجه	4
تعدية	4
الاستباحة	4
لبيب	4
جسدك	4
والبصري	4
بفصل	4
الحائك	4
أروع	4
المرجان	4
هربت	4
وأحدث	4
نهم	4
الطلاء	4
أزور	4
وإسلام	4
والمنهاج	4
جهتهم	4
بحياته	4
أدبية	4
لاثبات	4
الفضيحة	4
بصدر	4
صورت	4
غيبوبة	4
وجيز	4
المدنى	4
فرعها	4
تود	4
حجبت	4
كلتيهما	4
المألوف	4
أفلاطون	4
حرض	4
بالحب	4
لبعضها	4
يقابلها	4
لمفهوم	4
ويحيي	4
أمتنا	4
وأعمى	4
نزلة	4
بالشركة	4
نك	4
شيع	4
بالبحر	4
والكتان	4
شئون	4
فصرح	4
ضمانا	4
أوجاع	4
السالبة	4
يعلنون	4
وأعلام	4
بالأيدي	4
واهل	4
يميلون	4
وأسبابه	4
للمسألة	4
المتجدد	4
الحربة	4
لظلم	4
وعيب	4
اضطرار	4
انفعال	4
تحتج	4
للاجتهاد	4
فيصبح	4
الحدة	4
بحروف	4
والرسائل	4
بالنقض	4
ينشق	4
وعدتها	4
والمعاملات	4
لشرح	4
للعصر	4
الصائفة	4
يزيدهم	4
وأصناف	4
ويجيب	4
يأس	4
براق	4
خياطة	4
الطاهري	4
اشتبهت	4
ليتنا	4
العامر	4
وشكره	4
واجتهاده	4
خرجن	4
تنهض	4
الذرائع	4
فكاد	4
جمد	4
المبارزة	4
بالأيام	4
يسعد	4
الجرأة	4
الدعائم	4
كثيفا	4
يصلها	4
ونيف	4
رهين	4
سناء	4
بجر	4
مرتكب	4
أسماؤهم	4
جثته	4
الفار	4
السوائي	4
والخدمة	4
اشد	4
سجلماسة	4
ونبيه	4
أطباق	4
يحكيه	4
يقارن	4
والبيوت	4
التعارف	4
يروق	4
لنصر	4
والمضاربة	4
مخلاف	4
القلبي	4
قصدي	4
محررا	4
بأزيد	4
لصورة	4
امتلاء	4
تزيين	4
نخوض	4
بهبة	4
أملا	4
يذهبوا	4
نفدت	4
كني	4
الإنصات	4
أتعلم	4
والهندسة	4
والثلثان	4
منقوص	4
شعلة	4
مرسى	4
صالحهم	4
يترقب	4
انصب	4
فيرتفع	4
بيتنا	4
الإفصاح	4
تغلي	4
للرجوع	4
للخوف	4
طرفيها	4
إذنهم	4
بفلسطين	4
تخافوا	4
للروم	4
ووفاء	4
يجمعهما	4
مسرعين	4
فكون	4
بالتعليق	4
الفاتح	4
المدافعة	4
إعطائه	4
التنظيف	4
المتبرع	4
وسمعة	4
يفخر	4
أسم	4
نديم	4
والشريك	4
نخله	4
سيرت	4
ينقاد	4
بحصن	4
الكرش	4
آتى	4
نقباء	4
التحسين	4
منبع	4
يشبهها	4
اقتصار	4
ونقلته	4
معجب	4
آرائهم	4
تتسع	4
سلطانها	4
يتناولها	4
حفنة	4
المطبق	4
الشهيدين	4
لهي	4
رضاهم	4
واطلع	4
فانك	4
فار	4
المؤثرة	4
الجريح	4
تجعلنا	4
وتنظر	4
بالاستدلال	4
هار	4
لأيام	4
والضعفاء	4
انحراف	4
طلائع	4
وبدونه	4
المطري	4
يعجبك	4
الجيوب	4
يضاهي	4
وصفي	4
للنوم	4
والإطلاق	4
وواصل	4
بجدة	4
لنيل	4
وتجري	4
للأستاذ	4
ماسة	4
تطرح	4
مقاربة	4
بداخل	4
والألم	4
للغة	4
يرام	4
وتطلب	4
المسيحيين	4
صون	4
المؤدية	4
بس	4
المقاربة	4
ينجز	4
أبنائه	4
غلاف	4
بناؤها	4
اختيارها	4
وأبدى	4
المنظور	4
استرداد	4
قلل	4
ومصلحة	4
للجزء	4
غامض	4
لعالم	4
والحركات	4
والذكاء	4
الأخطار	4
التقليل	4
تستدعي	4
ويوضح	4
يشهدها	4
بالرياض	4
سيجعل	4
تبذل	4
كتابها	4
المخرجة	4
الحفيظ	4
لكنهما	4
والسكينة	4
الايام	4
زعماء	4
فوج	4
للمدينة	4
الذهنية	4
الجابر	4
الصيانة	4
تحدثنا	4
فقرة	4
الأخطاء	4
موقفا	4
الثمينة	4
الموقعين	4
والأمراض	4
المسيل	4
دلالات	4
موسع	4
واستقبال	4
الأرباح	4
ازدياد	4
للطفل	4
امتدت	4
الرصد	4
لمحاربة	4
لإسقاط	4
يعودوا	4
إنذار	4
ويتولى	4
طيور	4
وقمع	4
بمفرده	4
بذلها	4
المحدد	4
معاهدة	4
البيرة	4
يعلن	4
الملاحة	4
تلعب	4
الممر	4
قافلة	4
ويشمل	4
حدد	4
وشمال	4
مأرب	4
والمياه	4
والبحرين	4
مزيدا	4
حادة	4
والمباشرة	4
عنصر	4
وسياسة	4
مسرح	4
عنف	4
والأدوية	4
الضحية	4
بالتحقيق	4
صيف	4
والشباب	4
أسوان	4
الأمثل	4
تنتشر	4
اجتماعها	4
يسفر	4
يحدد	4
العنصر	4
الإحصاء	4
رقاق	3
مغانم	3
جحدوا	3
المريضة	3
حمق	3
أثرة	3
يمضى	3
وأتبعه	3
فيرده	3
الإطناب	3
تبايعا	3
يكفيها	3
الصلوة	3
الخطبي	3
ولرب	3
ظلا	3
يبنون	3
فرآها	3
زند	3
رآك	3
وماؤها	3
وحرموا	3
فاسمعوا	3
سالمين	3
خمسها	3
خطؤه	3
توفيقا	3
بالوحدانية	3
الأشعريين	3
والظل	3
مؤلم	3
وتعدد	3
غصبت	3
حويطب	3
يستمسك	3
شهركم	3
والخلوة	3
هندا	3
يدخلوها	3
قوائمها	3
العوجاء	3
فلأمه	3
عابه	3
وإلي	3
إصبعين	3
المحو	3
ثاء	3
عباراتهم	3
تريني	3
بربي	3
قصورا	3
وأرفع	3
ويدرك	3
عقالا	3
وتوضيح	3
والكتم	3
كالنجوم	3
بالزعفران	3
المجالسة	3
وظهوره	3
بعفو	3
وأحال	3
صمغ	3
مهابة	3
سقما	3
بالمودة	3
تبك	3
الأسقام	3
تقنطوا	3
إزارا	3
تشربوا	3
وعلمهم	3
وحسابهم	3
وانقضى	3
صورتي	3
خنزيرا	3
استخلاف	3
الجلية	3
التنعم	3
ومولاه	3
والمزابنة	3
البنتين	3
أقبضه	3
بجميعها	3
فدرس	3
بنانه	3
جنيت	3
متكئ	3
شقائق	3
سمنت	3
علاك	3
ليأكل	3
أنكرتم	3
صرورة	3
الوصلة	3
الأعجمي	3
فاستدعى	3
الافتعال	3
يتخرج	3
السروجي	3
وهناد	3
المتكبرين	3
وافعل	3
شقت	3
يسرف	3
جنبها	3
شيعيا	3
والمرسلات	3
وفت	3
استودع	3
هامته	3
مخراق	3
يخطبها	3
النحلة	3
وتسكين	3
هذى	3
مقبوضا	3
مطهرا	3
ولطفه	3
وسين	3
وبمكة	3
والتسعين	3
مغصوبا	3
المغسول	3
الأترازي	3
أعجاز	3
لقلبي	3
بدعا	3
بالسهام	3
أحسنتم	3
محضرا	3
والأصوات	3
الشقائق	3
قنفذ	3
بالدموع	3
صنعتم	3
غفلته	3
للحكمة	3
كداء	3
دعها	3
الإمرة	3
أبكى	3
أبعده	3
بهت	3
فيؤتى	3
استطاعة	3
اظهر	3
نونه	3
منابت	3
بالسريانية	3
فيتصدق	3
حثا	3
ويأمرهم	3
بعورة	3
لوذان	3
قصرها	3
بكشف	3
افعلوا	3
المفتري	3
والتلاوة	3
فأحرى	3
برمز	3
القتات	3
وحبان	3
الصنهاجي	3
واصطلاحا	3
أيامنا	3
أيحسب	3
ترفعوا	3
رسولهم	3
فتنوا	3
ليزدادوا	3
المآكل	3
يلهث	3
يصله	3
فأقامت	3
والعصبة	3
المزوجة	3
المزيل	3
حبطت	3
بالبلاء	3
جعلناك	3
فديتك	3
وأولات	3
إخراجهم	3
ومدار	3
فوره	3
بالحرة	3
يخلوا	3
سطيح	3
آلته	3
لإسحاق	3
الغريبين	3
مآل	3
لاستوائهما	3
المدنيان	3
والرياسة	3
وبانت	3
بعيري	3
فاجعله	3
غيبا	3
أوذي	3
وظننت	3
اصطلحوا	3
وألبسه	3
وأخبرته	3
عنبا	3
إزاري	3
وميمونة	3
وقطعه	3
مفطر	3
بفاء	3
إعلاما	3
أتلفها	3
همزه	3
واستحسن	3
مأمورون	3
ليوافق	3
التنجيس	3
مضطجع	3
تنح	3
للبصر	3
يأن	3
والفلاح	3
بإن	3
المبشر	3
شهير	3
سعدون	3
ممنون	3
التذلل	3
تنفعهم	3
تبنا	3
النسيء	3
ليقربونا	3
ليطمئن	3
القراب	3
عريف	3
بإجارة	3
ميلين	3
وللأصيلي	3
أفيدوا	3
شقاء	3
ينقضون	3
قست	3
والأنفس	3
للرحم	3
ويقاتل	3
الطست	3
أقربهم	3
المهابة	3
فنه	3
امية	3
كظم	3
العتاقة	3
فوافقناه	3
الناسك	3
وأزواجهم	3
تهيج	3
ضعفين	3
قتر	3
العشار	3
إفك	3
غلبهم	3
عدوة	3
بقومه	3
مقامهما	3
يفتن	3
واستشهدوا	3
بالمؤمن	3
معجلة	3
أتمه	3
وكنى	3
والاتباع	3
بالتفريق	3
الألهاني	3
والقولان	3
المستحبة	3
وقرز	3
حجتك	3
خطبت	3
لاه	3
والدخان	3
مستلزمة	3
الفيئة	3
تغمده	3
استهلكه	3
المسميات	3
الشجاعي	3
لحى	3
كرائم	3
فتدلى	3
مشتغل	3
وغضبه	3
تعرفني	3
رايت	3
الخوص	3
ويسرة	3
التصفيق	3
أماه	3
والتعريض	3
يقتضيها	3
سرخس	3
المارستان	3
حسيبا	3
بالحسين	3
الرضاء	3
فأجبته	3
أشنع	3
ومالكا	3
فعادوا	3
أبة	3
ووقته	3
جذعا	3
البواسير	3
ويعزر	3
متقوما	3
وعسل	3
الاخلال	3
مبدء	3
ضراء	3
يأتهم	3
يسجدوا	3
الصافية	3
وادخل	3
جحدر	3
واجتنب	3
قطعك	3
والمسكن	3
فشر	3
يبلغهم	3
هيأ	3
وسألني	3
ترتيبا	3
ينزعه	3
نقموا	3
راعنا	3
اختصموا	3
المتردد	3
عاكفون	3
الرحيق	3
فلنا	3
وأقاربه	3
معتذرا	3
متغيرا	3
وإقراره	3
بكبشين	3
لنوع	3
صمصام	3
ذكروها	3
خشيش	3
المنصورية	3
ظعن	3
واخفض	3
عودي	3
فرحت	3
جناحا	3
أمكنت	3
نجعله	3
وقيمتها	3
أضبط	3
مفلسا	3
برجوعه	3
دخلتها	3
فمحل	3
مجلدة	3
منطاش	3
تحملوا	3
الملعونة	3
سيقت	3
المناكب	3
يكثرون	3
سائره	3
والدعوى	3
اعترضه	3
فرجم	3
طاق	3
الطولى	3
جيوشه	3
تضارون	3
وجملته	3
مخلوف	3
بجكم	3
مشفقون	3
خبالا	3
بتأويله	3
نفصل	3
لنوح	3
حنة	3
لبدا	3
العناق	3
أطرق	3
سلطانهم	3
تولب	3
والمرجع	3
لأمكن	3
فسألتها	3
ابتياع	3
مضرس	3
مكذبا	3
الاستفصال	3
بلائه	3
مغاضبا	3
يهتدوا	3
يبايعونك	3
الصابرون	3
قبا	3
سبحت	3
ومحرم	3
وحشيا	3
رجما	3
اقتلوه	3
أستر	3
احتملت	3
سحقا	3
اليزني	3
يكلفه	3
زكاه	3
ضروريات	3
ذال	3
الحبير	3
النواس	3
العذارى	3
فبشره	3
وضياء	3
يدهن	3
واجدا	3
عيالك	3
خصي	3
وبعثوا	3
تحله	3
كسروا	3
المجمر	3
العتب	3
الخسيس	3
يؤخرون	3
وعمتها	3
لعلو	3
عروضا	3
خصيفة	3
التفعيل	3
ووطء	3
والأجود	3
للإشعار	3
تتش	3
بأعلم	3
وعر	3
رعبا	3
الأصفياء	3
السلو	3
بالثياب	3
السقام	3
يهده	3
خفه	3
أشفع	3
يؤاجر	3
ولمحمد	3
فلقيني	3
بتسليمة	3
بالجارية	3
الفوطي	3
الخراسانيين	3
بهتانا	3
والحكماء	3
سيماهم	3
أيدك	3
ويحسب	3
والنمر	3
المأثم	3
يناظر	3
كالمريض	3
تجدها	3
المعدودة	3
وكسبه	3
تسوى	3
والخمسة	3
العافي	3
للمشقة	3
بالمفعول	3
للمأمور	3
بمنعه	3
فاتى	3
بالحذف	3
قررته	3
ونوحا	3
ولنعم	3
أعوج	3
الخدر	3
ردي	3
ونسكي	3
توارت	3
يذبحون	3
فهلكوا	3
المعطلة	3
وسنته	3
أغناه	3
مشتري	3
ببنت	3
العصفري	3
وسؤاله	3
نسيانه	3
تعرج	3
أمنتم	3
ورهبانهم	3
مخلع	3
بروج	3
وإتمام	3
خرت	3
بمكروه	3
المقلوب	3
قشور	3
لذهاب	3
والمقصرين	3
بالتثنية	3
استيفائه	3
خاء	3
استرد	3
والدوام	3
حقية	3
وأربعمئة	3
أرقت	3
ويؤتى	3
بتثليث	3
القتاد	3
والوبر	3
منتصبا	3
مصرحة	3
المكتسب	3
الجذعة	3
يلتذ	3
ووجهها	3
وللثاني	3
ثلثيه	3
أسانيده	3
ولأبيه	3
فممنوع	3
الدست	3
زيلعي	3
أريك	3
بطر	3
غمرات	3
الجفنة	3
وضعفت	3
بالبيعة	3
والقريب	3
الفضلة	3
والقنوت	3
قاص	3
فغلط	3
صححنا	3
ولبعضهم	3
الإسفرايني	3
لإخوانهم	3
أعقابكم	3
يستنكف	3
وصغر	3
قبرك	3
أسراره	3
وسمعوا	3
فشهادة	3
شبهوا	3
نوب	3
فصادف	3
فأولدها	3
الحدق	3
جبلت	3
الحجازيين	3
والمساقاة	3
كقتل	3
فلعدم	3
بالمعجزات	3
المضمرات	3
أضيع	3
بريق	3
يقروا	3
وعيش	3
أضله	3
مجازاة	3
شعارا	3
نصحه	3
بسطها	3
بالهدي	3
الاسترقاق	3
ولربما	3
يخلون	3
فتنحى	3
بالبعد	3
يتعجل	3
فعمر	3
عينت	3
أزيل	3
بالاتباع	3
خراساني	3
لفاعله	3
والبطلان	3
للوافي	3
أتتني	3
ومنهن	3
اجمعوا	3
ينبو	3
سنى	3
بالصيد	3
ونعمت	3
بساحل	3
اعتدل	3
ينوبه	3
السيلان	3
مستأجر	3
لدعوى	3
القاصرة	3
واصبروا	3
والناصر	3
ومجد	3
عيص	3
الصديقون	3
الانفطار	3
محيطة	3
الحوانيت	3
وأقلها	3
أبوال	3
شفة	3
فالماء	3
ردئ	3
فطلبت	3
مشاع	3
الربوية	3
التسري	3
صورتان	3
سنت	3
نجي	3
وليصل	3
فكلها	3
ولون	3
لأمرتهم	3
بالصاع	3
وأسأله	3
سبك	3
تكفيه	3
مخلف	3
العاشقين	3
عددت	3
فجعلناه	3
عطشان	3
سواي	3
استعينوا	3
يكنزون	3
الكفعمي	3
مناقض	3
بمعين	3
أملاكه	3
والقعنبي	3
القصري	3
المستكفي	3
الحقب	3
قعرها	3
فاعتبروا	3
واها	3
حفيرة	3
النرد	3
وشاهده	3
مزامير	3
والقال	3
فينتقل	3
أيحل	3
والنداء	3
لاستيفاء	3
فوهبه	3
الاحتساب	3
المتوقف	3
مترتبة	3
الآقا	3
الخجندي	3
فاجلدوا	3
بالحجج	3
جوارح	3
بالزور	3
جماعه	3
عمرتك	3
حنثه	3
كمسألة	3
وإعلام	3
ملاء	3
بصلاتك	3
فقاتلوهم	3
غلف	3
غدرا	3
فألقاها	3
حامله	3
الكواء	3
كالمال	3
علباء	3
والردة	3
تتبين	3
ولنذكر	3
غلامك	3
وإطعام	3
والمعجزات	3
وبندار	3
النقشبندي	3
ذكرتك	3
السبخة	3
يرضيك	3
وخذوا	3
فأحيا	3
يأخذهم	3
وجوهنا	3
بقرا	3
محالها	3
أريده	3
بعزل	3
اصلاح	3
أردناه	3
إحدانا	3
ورثتها	3
صلاهما	3
بأل	3
فصلاها	3
وراءكم	3
الكفور	3
فابعثوا	3
المتكلف	3
فآتوهن	3
ثنيته	3
فأطلقه	3
دخلته	3
الأزج	3
بلبيس	3
المتقدمتين	3
الإسفار	3
بالسمن	3
للمخاطب	3
بغرناطة	3
لقلب	3
زورا	3
جاءتكم	3
المحصب	3
نجيا	3
حوضه	3
رميته	3
سقته	3
فليدع	3
تفرع	3
يظاهرون	3
وبينوا	3
فطنة	3
الجرار	3
مظان	3
نوبته	3
الرصافي	3
الأمجد	3
والمكاتبة	3
نفاة	3
غراما	3
مصاحبة	3
معطلة	3
تتركه	3
عفيفة	3
فانما	3
الشبيه	3
وخطاب	3
يرجوه	3
بالفرج	3
ينفون	3
المنقلب	3
وسيرته	3
الهذيان	3
حمو	3
غلاة	3
أبلى	3
يقفوا	3
الخمول	3
بالجهة	3
ونصح	3
بصلاح	3
خواتيم	3
ارى	3
منفردين	3
بأقوال	3
أكرموا	3
تمور	3
ويطول	3
صفائح	3
الحشرات	3
سعير	3
لشرط	3
والبصل	3
رشيدة	3
بالتعريف	3
الوصفية	3
أشهى	3
فأجرى	3
بآثار	3
تجول	3
يجرون	3
تدفعه	3
ونبينا	3
تطرف	3
فاخترت	3
وبغض	3
وعياش	3
والصلب	3
والسابعة	3
لصلاح	3
فالإمام	3
ذائقة	3
بحكمته	3
متزوجة	3
الحسبان	3
المكتبات	3
والمقاييس	3
الصيداوي	3
والجوز	3
والإرث	3
غداء	3
حجمه	3
غالية	3
وغريب	3
تسميتهم	3
وصديق	3
الإباء	3
للأخذ	3
حفره	3
يئست	3
وعزا	3
واقترب	3
جحيم	3
اخضر	3
والمحب	3
جاءا	3
عالة	3
ونرجو	3
بفاطمة	3
مطولة	3
مدان	3
الطوق	3
مهجة	3
واجبه	3
بالشجاعة	3
المصاحبة	3
وضربة	3
محط	3
استمراره	3
ثعبان	3
الحسود	3
فاختر	3
بضربه	3
العرضي	3
والموضوع	3
بتقدم	3
وغم	3
أعدائك	3
بهدي	3
ويحق	3
أعواد	3
الفك	3
الدباس	3
بسخط	3
نحمله	3
نسختين	3
منقوض	3
تردده	3
بتكرار	3
لعجز	3
واتصلت	3
ألسنا	3
طمس	3
اسأل	3
الخصمان	3
ومساكن	3
رصاص	3
خصها	3
وولاء	3
تثمر	3
أجدها	3
قبال	3
انهدمت	3
وأرسلوا	3
الطيف	3
انقسم	3
والنقد	3
وإطلاقه	3
مخالفتها	3
كحالة	3
يلوذ	3
وأعني	3
تكرم	3
والتردد	3
تمكث	3
والحادي	3
أستعين	3
معروفين	3
جامدة	3
مرق	3
لتعرف	3
أهبة	3
راحت	3
فجعلوه	3
خيول	3
بإتلاف	3
الوجودي	3
الخرج	3
مشحونة	3
شرائها	3
مناصفة	3
بوجودها	3
وأدخلت	3
بالجمال	3
والسلب	3
فرقها	3
بنينا	3
عمودا	3
ينقلها	3
بالفاعل	3
عاديا	3
تثق	3
البغاء	3
كار	3
روحانية	3
إسماع	3
سطوة	3
وأخبرت	3
والاطلاع	3
يوزع	3
فسحة	3
بأخلاق	3
العمالقة	3
والرافضة	3
الأوربية	3
يذكرني	3
أغضب	3
مختلطة	3
هاته	3
والإكثار	3
الفيوم	3
الضريح	3
مواساة	3
ضربتين	3
امن	3
الرمق	3
والبلدان	3
فعالا	3
الكثيف	3
والتسوية	3
الأمواج	3
الجدري	3
يختبر	3
ومبلغ	3
بالطرق	3
تضمنها	3
اعتذار	3
نوري	3
التشكيك	3
تسلمه	3
ووصفها	3
شقير	3
عبدالواحد	3
إحراق	3
الجوهرية	3
نفاد	3
ونريد	3
السلك	3
تضيف	3
بالإمكان	3
بصناعة	3
تسلسل	3
للمصالح	3
شهده	3
الدائر	3
عاتق	3
صارخا	3
يتعامل	3
هيا	3
وتوحيد	3
أشاروا	3
شهيرة	3
المستحقة	3
وسلاح	3
نفهم	3
وضد	3
بإنشاء	3
ويؤثر	3
الفاعلين	3
تقطعت	3
وصولها	3
والاستمرار	3
هدمت	3
رباعي	3
أمينة	3
يعتمدون	3
وكافة	3
داريا	3
الزفاف	3
عراقي	3
يهودا	3
ومشاهدة	3
يعي	3
والمطالبة	3
عناد	3
الاصلاح	3
للجمهور	3
والأمل	3
والجهد	3
المتعمد	3
نفق	3
وابنتها	3
وشجاعة	3
قناع	3
ورؤيا	2
أعطينا	2
وفاتي	2
أعلا	2
رهطا	2
أفراس	2
أمضي	2
فأيكم	2
وأعطاهم	2
صراطي	2
استحلال	2
سوقها	2
البار	2
والغني	2
رباعيا	2
السهمان	2
متضمنا	2
للاحتراز	2
قاصدين	2
شروان	2
زهدم	2
بحالهم	2
اسامة	2
باستعماله	2
يشفى	2
جزاؤهم	2
فاحذر	2
فجاءهم	2
والحمرة	2
شبهته	2
وهداية	2
والعذر	2
وشرحبيل	2
فأخذني	2
لسكونها	2
فألحق	2
بيوع	2
أسلفناه	2
لهف	2
معاشه	2
حميما	2
ويزيدهم	2
صحيفته	2
فواتح	2
وأوفى	2
الزناة	2
قصه	2
نفعت	2
سائله	2
طعمها	2
فخطبها	2
بحره	2
موصل	2
استنبط	2
مكسورا	2
الملاعن	2
كمذهب	2
فاضطرب	2
العشاءين	2
تصادقا	2
لنبينا	2
شمائله	2
والأزلام	2
لأهلك	2
عاق	2
تشتكي	2
تحتك	2
جلباب	2
أفئدتهم	2
تبسط	2
والحشر	2
الخرافات	2
كالعين	2
سبخة	2
المقطعة	2
أتوضأ	2
والتفويض	2
يقسمه	2
وتيمم	2
كترك	2
أشهرهما	2
مدكر	2
ظبيا	2
إبلي	2
بفقد	2
الفهامة	2
حاجبا	2
بالوفيات	2
المنن	2
الكرسف	2
المضغة	2
مزاحمة	2
لجلال	2
المصراع	2
رضعة	2
فلعمري	2
ذكركم	2
وصلواته	2
حقكم	2
غمده	2
وعاقبة	2
سوادها	2
وبصر	2
بإنسان	2
يجزيك	2
تعذبهم	2
وعيناه	2
وجلده	2
مغيرا	2
النبط	2
يحبط	2
فوقهما	2
وعدما	2
وأحسنها	2
مسور	2
فاختلفا	2
عناه	2
السعدية	2
التثويب	2
استدان	2
البينتان	2
فسماها	2
بقاف	2
تلبيس	2
واستعماله	2
بخصوصها	2
للفسخ	2
السمناني	2
خطرت	2
مقتصد	2
طست	2
فوتها	2
بتمرة	2
أطوع	2
الداخلين	2
بتسع	2
التختم	2
والمسند	2
مخرجها	2
فاقتصر	2
بضعها	2
الإسرار	2
شقص	2
وللمشتري	2
اتحدت	2
الربوي	2
الأغيار	2
وأقسموا	2
فكفروا	2
لذنبك	2
عليلا	2
ثنيت	2
الرجيع	2
المنيع	2
ألزمناه	2
يل	2
والقروح	2
فركبها	2
اللاهوت	2
بثبت	2
ألطنبغا	2
سجيل	2
كهل	2
راكعون	2
بالكافرين	2
وثيابه	2
بسد	2
وقلده	2
قبيلته	2
ثالثهما	2
المنسي	2
منصوصة	2
حسبا	2
غص	2
انجلت	2
شبابا	2
لسؤال	2
افتدى	2
يسرة	2
والنصيب	2
بخلف	2
التصرية	2
بالوقوع	2
الجماهر	2
متفننا	2
والدارقطنى	2
رؤياك	2
إليكما	2
مقطعة	2
ناصية	2
واهي	2
قلعت	2
مشرقا	2
المقصر	2
بعز	2
هرما	2
والمشاهدة	2
تمض	2
ووطئها	2
الأنملة	2
العجائز	2
ملوكها	2
الرجا	2
وحلم	2
ازددت	2
يحدثني	2
والخيلاء	2
فيوضع	2
استنجى	2
يعرفني	2
يسقطه	2
أضمرت	2
والمعدن	2
والعيد	2
مساواته	2
للامر	2
لجانب	2
للمفيد	2
وحاق	2
لنكونن	2
بضر	2
تتولوا	2
أعرفك	2
فأشارت	2
ترابه	2
فحلق	2
والفرش	2
مبعثه	2
السياط	2
وأقروا	2
ليجمع	2
أوعد	2
والقربة	2
للهدى	2
دوابه	2
أجنحتها	2
يكتحل	2
رباعيته	2
والنائم	2
انتظاره	2
نسبوه	2
طغرل	2
لقومي	2
خصيب	2
وذر	2
مائلة	2
لبسوا	2
جفنه	2
باسط	2
الشحوم	2
امرا	2
يزيغ	2
تعاطى	2
الممسك	2
القناديل	2
الأعجم	2
والتزويج	2
فحد	2
ينعدم	2
رضاعه	2
آنكه	2
الإحراز	2
واللوز	2
بإحداهما	2
التثبيت	2
للعزاوي	2
بلغن	2
بعينيه	2
أبصاركم	2
أطوار	2
ففدية	2
الجذوع	2
بحرة	2
لأمرت	2
فاستشار	2
صبيحتها	2
يشاركهم	2
لمعناه	2
فوهم	2
ولحقه	2
جرموز	2
كالإجارة	2
فظلت	2
أجدك	2
الملاء	2
صدقتم	2
مارد	2
الرحا	2
وإيمانا	2
الفقهي	2
والذلة	2
نازعه	2
فتقوم	2
أتممت	2
تحلى	2
الوقاع	2
واتصال	2
مجاهيل	2
الصائل	2
الانفكاك	2
سلبت	2
تحكمون	2
تلكم	2
برجلها	2
بالطول	2
بالبطحاء	2
المختوم	2
فاعترض	2
يرفعوا	2
والماوردي	2
يبرئه	2
المحرق	2
أعيانهم	2
والكنز	2
والمبيع	2
تلقح	2
يلقاها	2
ساعيا	2
ذخرا	2
وعبرة	2
فأتيا	2
بشد	2
أمال	2
أعهد	2
وبطون	2
كليل	2
بأمرها	2
وفطر	2
المغتسل	2
نكاية	2
سجع	2
تستحقه	2
معاصره	2
فيوجب	2
بالعزل	2
جهلها	2
الذماري	2
وتسميته	2
ينقصون	2
الرزية	2
تقدروا	2
جزت	2
أصلحه	2
رديئا	2
واليها	2
صهبان	2
خلاصه	2
المزادة	2
الخجل	2
والفاسد	2
والإيجاب	2
محرمون	2
والعمات	2
بخرصها	2
زاجر	2
وأنفسنا	2
الأدواء	2
للهلاك	2
سباب	2
الائمة	2
فصلناه	2
وواسط	2
فتحرك	2
والضحك	2
واعتزل	2
فلبسه	2
واستوطن	2
وسيره	2
فتوهم	2
الخدور	2
يعذبكم	2
أولكم	2
ينقلبون	2
برهانه	2
أعمامه	2
ولعنه	2
السؤدد	2
فتمثل	2
وأتبع	2
منتن	2
تيمموا	2
أقنى	2
فيطوف	2
وإرسال	2
سائرة	2
جنيد	2
التبسم	2
يقرأون	2
بالزوجة	2
بذى	2
إهلاكهم	2
الزاهدي	2
عف	2
يساق	2
بعلمك	2
رميم	2
وعصمة	2
للشيعة	2
والخسران	2
حقاق	2
فقسمه	2
فسلك	2
فنال	2
شبعت	2
سنامه	2
وتنبيها	2
ويتشهد	2
شريق	2
أشفى	2
أسلفت	2
بكما	2
تطمع	2
والعياشي	2
نحفظ	2
أورع	2
تستقيم	2
العلقمي	2
وأنكم	2
ففطن	2
يوفقنا	2
اتجر	2
بلعان	2
فللمشتري	2
قسطه	2
استناب	2
ركابه	2
أقسموا	2
فلقوا	2
لكفى	2
تنحر	2
بالجوهر	2
الفوق	2
بالدرهم	2
بالجميل	2
المعاجم	2
وبحديث	2
عوضها	2
وقعدت	2
محترما	2
سجدتان	2
جدنا	2
مهرويه	2
وتكرير	2
شهردار	2
عسيب	2
سخريا	2
فاطلب	2
كفها	2
فراشك	2
والفم	2
صدقتك	2
خصهم	2
الجاحد	2
نقلوه	2
ليشتري	2
بشيئين	2
للسكنى	2
منتقى	2
التخيل	2
جايز	2
الألطاف	2
غضاضة	2
أفغير	2
رضوى	2
حلقا	2
يزجر	2
كسبتم	2
ونجعل	2
ولسوف	2
الذوائب	2
تتقوا	2
وغلقت	2
منهزمين	2
والكعبة	2
بأوصاف	2
والذب	2
كالقتل	2
ويركع	2
الرطل	2
طغج	2
الغندجاني	2
طيىء	2
تطيعوا	2
أروني	2
وشربوا	2
سحرة	2
وخمار	2
بالأزهر	2
بالحلق	2
بطرسوس	2
والقرينة	2
والعمومات	2
خطيئتي	2
فزعت	2
صنوان	2
ويمسي	2
الملكان	2
ضجر	2
وانكشف	2
غنمي	2
الرشا	2
لدلوك	2
بخارج	2
ويكذب	2
وأنظر	2
منام	2
عاقد	2
تزوجوا	2
بريدا	2
اكتحل	2
بأنطاكية	2
الإدام	2
يتبرع	2
يارب	2
التحف	2
يستدلون	2
وزادوا	2
صعير	2
الفهرس	2
الأهتم	2
طهارتها	2
البرلسي	2
زناتة	2
نادمين	2
شكرتم	2
بابني	2
يتبرأ	2
فمنعهم	2
وأعلاه	2
مغير	2
سمعتك	2
يحبنا	2
رويدك	2
إرثا	2
فالفعل	2
والمجمع	2
قبرس	2
فالباء	2
الأبيوردي	2
تح	2
تيه	2
تخفوه	2
لليل	2
سهمي	2
يحبني	2
وهداه	2
للحارث	2
يلمع	2
للام	2
فارفع	2
يساوى	2
وأطاع	2
وأيسر	2
منهجه	2
تبايع	2
أجناد	2
للمفلس	2
للزبيدي	2
المظفري	2
وراد	2
سبوح	2
فسكنت	2
للدعوة	2
تجدوه	2
بكربلاء	2
صورهم	2
لابنة	2
فيشرب	2
جزيلا	2
مجوسية	2
خوخة	2
الصدغ	2
الأساطين	2
وتغتسل	2
موكول	2
انعزل	2
كرهته	2
أعجمية	2
حروبه	2
القراد	2
العدس	2
وشاح	2
عقائدهم	2
لأقرب	2
الشيبة	2
أصبعيه	2
يعضده	2
لنفع	2
لإنكار	2
لصار	2
معنييه	2
ودعائه	2
البزدوي	2
البرتي	2
الجارودي	2
ينالون	2
مبيت	2
المضلين	2
الزلة	2
الإشراق	2
طوقه	2
وجبر	2
والفطرة	2
رثاه	2
حجك	2
بالغيبة	2
إفاضة	2
ملازمته	2
مملوكين	2
فحرك	2
والكنى	2
الصايغ	2
وليدا	2
والمعتر	2
ودنيا	2
ولوط	2
وسما	2
وألح	2
ونصبوا	2
القيسراني	2
وجلالته	2
مفاخر	2
بعارض	2
فتفل	2
المثقال	2
وأقاما	2
لياقوت	2
فقرائهم	2
لقاضي	2
نثره	2
أنفك	2
قطاة	2
يحدثهم	2
وأجمعت	2
الوزغ	2
عاملها	2
أنسابهم	2
الكتفين	2
مدحهم	2
ذراعين	2
بالتذكير	2
المطالعة	2
لفظهما	2
الإستيعاب	2
بإفادة	2
دمرداش	2
بدمع	2
قودا	2
حربهم	2
وطولها	2
فتياتكم	2
منجما	2
تحبط	2
والرضوان	2
معضل	2
أمتعة	2
باذان	2
إحصان	2
سرقسطة	2
الحنفى	2
زجل	2
أبونا	2
توابا	2
يلقونه	2
ويأتيه	2
بياضها	2
خلطوا	2
ويقيمون	2
وسبي	2
معدول	2
تخاصم	2
السفرجل	2
السائبة	2
ببر	2
أزوجك	2
كربلا	2
المقتدى	2
قالوها	2
بالتصديق	2
فيشكل	2
فلوس	2
ميقاته	2
بالشاة	2
فأربعة	2
اللفتواني	2
سربا	2
وتصديقا	2
وتواضع	2
مقلوبة	2
والمغارب	2
والفلاسفة	2
حجاجا	2
ترس	2
والخصال	2
وأحبه	2
بعقب	2
الكهانة	2
الفتور	2
وهلة	2
مستهلكا	2
لتعلقه	2
شود	2
أسئلكم	2
كذي	2
دمعها	2
تتابعت	2
همك	2
منازله	2
يشوبه	2
أقران	2
العذيب	2
ونهانا	2
واستفاد	2
وخيف	2
وخطه	2
مزوجة	2
الموصوفين	2
الأناجيل	2
صبرنا	2
فأبصر	2
السواري	2
نفوسكم	2
فأطلع	2
وسيفه	2
والتواريخ	2
الكاس	2
التمسوا	2
التبري	2
نسقا	2
مدلولها	2
فرعنا	2
غنت	2
للموهوب	2
وتأخيره	2
الزاب	2
المنتسب	2
ظلمته	2
يمنعكم	2
لعلنا	2
يعاقبه	2
رؤوسكم	2
خواطر	2
وملكوا	2
فهزم	2
جوين	2
جهور	2
المخالفون	2
داؤد	2
وللسيد	2
مزارعة	2
عدالتهم	2
القونوي	2
ارفعوا	2
بحبه	2
منطلقا	2
بالسعادة	2
شملهم	2
تحليله	2
ملاذ	2
وجوهر	2
المسندة	2
النووى	2
وهيبة	2
شام	2
مدفون	2
يحصن	2
والنهب	2
كالبرق	2
فالإنسان	2
اقتصرت	2
مغايرا	2
الشواء	2
إظهارها	2
اللائقة	2
حكت	2
قاربت	2
نظرها	2
شغب	2
وقرية	2
حض	2
بالنزول	2
والاثنان	2
إنكارها	2
إصلاحها	2
والوسط	2
القطران	2
مفقودة	2
تعليما	2
بخار	2
الغرابة	2
المتطوع	2
والتقديم	2
المهين	2
ربحت	2
وتقريب	2
والدقيق	2
بالتقريب	2
بولادة	2
الاستعجال	2
وحاجته	2
شوط	2
يتمم	2
والأساس	2
جرس	2
إرجاع	2
حتفه	2
للحوادث	2
وبكم	2
وسكر	2
نسيج	2
الحفيد	2
والاستيلاء	2
الجسيم	2
للشياطين	2
وشدته	2
الشنيعة	2
لكلمات	2
تعودوا	2
خجل	2
بغزة	2
ونصرته	2
وحرق	2
ليقول	2
حصصهم	2
المأمول	2
ودارت	2
تربيته	2
مصدران	2
وهتك	2
مشاهدته	2
الإختصاص	2
وسلط	2
خطي	2
بالجسم	2
وأخص	2
خصلتان	2
مستندة	2
ضعاف	2
بشرة	2
توليت	2
عميت	2
عنيفا	2
ورقية	2
شوائب	2
سعدي	2
السخي	2
يقومان	2
والكون	2
مربعة	2
نصبوا	2
وسيما	2
يعوض	2
صومعة	2
ونسأله	2
يعترفون	2
وبدت	2
فكلاهما	2
مطاوع	2
الصحاف	2
بكونهم	2
عصي	2
تعزية	2
وحدوث	2
محسوسة	2
دمعة	2
شهادتها	2
لوصف	2
بسكين	2
الندرة	2
تنفد	2
الدهليز	2
وقطيعة	2
التزين	2
يرددها	2
بمسح	2
نختار	2
أعجوبة	2
بإنزال	2
الأهرام	2
تضعه	2
الخاصرة	2
الاستدانة	2
قدمناها	2
هضم	2
بنسخة	2
الفطري	2
تثني	2
غرقا	2
إقباله	2
يثنون	2
وبيوت	2
وافرا	2
التقت	2
حقد	2
التبشير	2
مقربا	2
نزولا	2
والجروح	2
بالضرر	2
لاعتقاده	2
والتصنيف	2
فرقهم	2
ذكرناهم	2
اقتطع	2
التفصيلي	2
النوار	2
وأخذهم	2
المحصنة	2
عفر	2
يسوقها	2
واليأس	2
بحت	2
بأثر	2
بالإيماء	2
إجباره	2
استمتع	2
مغلقا	2
ملتزما	2
مشروعيته	2
غي	2
بيا	2
روايتها	2
أنشأت	2
أقرن	2
وأشعر	2
بالامتناع	2
أعيت	2
جدتي	2
بالترتيب	2
عاهة	2
صدقنا	1
نعام	1
ينتصف	1
الصادقون	1
مسجدها	1
الصلات	1
لواحدة	1
رجليك	1
جاوزه	1
يشغلهم	1
فحكمها	1
زجره	1
دللنا	1
حري	1
أنبه	1
المربد	1
المحاقلة	1
والمؤذن	1
بالأحجار	1
المعوض	1
يعارضها	1
الصديقي	1
والسادسة	1
آتاني	1
وأقبح	1
فاستغفروا	1
تشيعه	1
الذاكرين	1
مفاصله	1
مطمئنا	1
أوساخ	1
أفترى	1
العذق	1
والآراء	1
مضرا	1
لعسر	1
بالفاتحة	1
يعدى	1
ووافقهم	1
موجبها	1
عبدى	1
الأشعرى	1
والصداق	1
وصاياه	1
ترضين	1
الأشدق	1
نكتبه	1
عيونها	1
ضلالتهم	1
فارقوا	1
الناصحين	1
عروشها	1
مكرمون	1
وحنظلة	1
والطور	1
صادفت	1
شربته	1
وقتاله	1
ويقيموا	1
واللباب	1
سورتين	1
قياسهم	1
فنص	1
فرسم	1
أغنيائهم	1
فاتصل	1
قراريط	1
المنهيات	1
معلولا	1
واشكروا	1
والصابرين	1
بإذني	1
فليكفر	1
ارتحلوا	1
دخلوها	1
المتخلف	1
استدبرت	1
بالربذة	1
أسئلك	1
وسادسها	1
فندب	1
المزاحمة	1
اقتسموا	1
فيحد	1
وجودهما	1
متطهرا	1
الحيدرية	1
بدرة	1
تغيرا	1
التأني	1
وجحدوا	1
فبهت	1
نزف	1
تأديبا	1
اؤتمن	1
يتفرد	1
أنكروه	1
لنافع	1
عترة	1
فنهوا	1
فليجعل	1
بالموضع	1
الظافر	1
تشبيهه	1
ظهاره	1
فللزوج	1
واقتضى	1
والأنوثة	1
بالاصل	1
راى	1
وراحة	1
وعافية	1
يترددون	1
مشيد	1
جنيا	1
الأثواب	1
مسرف	1
بفاعل	1
بصرها	1
أخطأه	1
فعلام	1
فاك	1
يحرس	1
هنيهة	1
مراتبه	1
صقع	1
والحدأة	1
بالصبح	1
وأرادت	1
ثبوتا	1
كالولد	1
نفعنا	1
بخلوا	1
صفاتهم	1
بعمان	1
ذخر	1
أورث	1
آمره	1
والهرم	1
سكرت	1
حصرت	1
وفوقه	1
وتعجب	1
يوفيه	1
ملبيا	1
مكحولا	1
مستغرقا	1
قبلتها	1
دلامة	1
بدرجتين	1
بوكيل	1
بيثرب	1
ناسكا	1
يشف	1
فأمسكوهن	1
ارتبتم	1
للقمر	1
وزجر	1
وأجزل	1
فاحتج	1
الكراث	1
والقسط	1
منثور	1
القصواء	1
ألحقوا	1
الأحساء	1
تصاوير	1
لمذهبه	1
بنفيه	1
المفطرات	1
والموصوف	1
المتفلسفة	1
صما	1
أوائلها	1
كئيبا	1
سرجه	1
طالعا	1
أصلع	1
والقبر	1
لعبادي	1
فوجا	1
فناوله	1
عاج	1
ركوعها	1
ثناه	1
والمرضع	1
والرطوبة	1
ليسهل	1
احتلام	1
تحتانية	1
إبداله	1
اعتق	1
وكسوته	1
امتثل	1
لنعم	1
مهينا	1
شيعتهم	1
جناحان	1
صناديد	1
وياقوت	1
والوحش	1
حرائر	1
استرق	1
والنسك	1
تنتفع	1
وعشيرته	1
خراجا	1
يتراءى	1
مخل	1
متعبد	1
ليدن	1
فرجح	1
سنبل	1
ديناران	1
المناقضة	1
التلفيق	1
مائعا	1
معتقه	1
الفاطمية	1
قوتي	1
أذنبت	1
ورضوانا	1
أضاعوا	1
يتفرق	1
مبشرا	1
ألفوا	1
المجروحين	1
وثاق	1
والتمام	1
الوثن	1
نؤمر	1
بفتحهما	1
المكروهات	1
يهبه	1
وتعليل	1
بالمراد	1
التغريب	1
بالعشرة	1
وجهالة	1
للمتكلم	1
كصحيحة	1
المقسطين	1
وأعوانه	1
يبالون	1
وخفية	1
السنابل	1
تطهرهم	1
فأطعم	1
نبيذا	1
العامرية	1
يستدعيه	1
فدخلا	1
وأغلظ	1
بالعمد	1
وحفيده	1
المستفتي	1
التقسيط	1
التيمى	1
الحضرمى	1
يخوضوا	1
الحائر	1
متحيزا	1
يذكرونه	1
وأبت	1
سفاح	1
المثوبة	1
يعصب	1
لأحدكم	1
صيفا	1
الصدائي	1
والقائلون	1
الأصمعى	1
للمجني	1
للاستدلال	1
يعدهم	1
مخلقة	1
أولاه	1
سرة	1
فيزداد	1
يفقهه	1
جدارا	1
استحلف	1
فلقيهم	1
غيرى	1
تجهيزه	1
وللبنت	1
وانتصر	1
للحرة	1
سدسه	1
فدعوى	1
وانشق	1
بالمأثور	1
أوزار	1
وأشهدهم	1
إثره	1
والأوثان	1
والبهاء	1
والأعضاء	1
لعبادته	1
حسية	1
والحيلة	1
ضعوا	1
خطئه	1
الدعاوي	1
الأمرد	1
كالجمعة	1
بالجمل	1
بالكسرة	1
أخرجهما	1
توجبه	1
نادم	1
يفري	1
فتعالى	1
البهم	1
تختلفوا	1
حاش	1
فقدره	1
ديباجة	1
مجاورا	1
يستهل	1
الروث	1
الحصباء	1
اصفر	1
فتركوه	1
وميت	1
العنعنة	1
وز	1
ياءات	1
فوصله	1
المهايأة	1
إعساره	1
عبل	1
فخرت	1
ألقاك	1
العظائم	1
بركت	1
ونوفل	1
وانزل	1
فاختلط	1
خليت	1
وفضلها	1
شرطته	1
رزاح	1
الإتباع	1
استثناؤه	1
الإقطاع	1
والمحاملي	1
الكبراء	1
يعطها	1
الندي	1
أظلت	1
وأطول	1
فحلفت	1
ضمنوا	1
الاغترار	1
أبغضك	1
فراسة	1
الغطريف	1
السمرة	1
يأمرها	1
والشقاوة	1
عصرهم	1
سماعي	1
إخلال	1
المجاورين	1
بالصالحية	1
واسمعوا	1
واجمع	1
أكب	1
بلسانك	1
والعاصي	1
محاربا	1
لليدين	1
فضاق	1
غزلها	1
يطلى	1
فيأخذها	1
تلده	1
وأفاض	1
القروي	1
المباينة	1
اللالكائي	1
كشجرة	1
خدود	1
حشا	1
أدهى	1
أوليائهم	1
فلتكن	1
شطرا	1
معنعنا	1
أمكنك	1
إصبعيه	1
الوجيزة	1
اخبره	1
ونثرا	1
والتعزير	1
تسبيحا	1
فطلقت	1
والمبيت	1
مقرئا	1
شارحه	1
تفخيم	1
جاهه	1
بمعجزين	1
فإخوانكم	1
سنح	1
بيوتكن	1
فصاحت	1
القنوع	1
وخنازير	1
فقف	1
القضا	1
وحم	1
كؤوس	1
خمرة	1
مقداما	1
أفعالا	1
ويأخذه	1
فحلا	1
وثبوته	1
بالحافظ	1
انتزاعه	1
التحرم	1
لجريان	1
غازان	1
شكرك	1
سفاهة	1
مظلما	1
وأحمر	1
يفض	1
فانكسرت	1
أبطن	1
والرواة	1
بالفريضة	1
الديباجي	1
والوقوع	1
لبطل	1
حبش	1
دابتي	1
التفخيم	1
ظالمي	1
مشركو	1
بالفحشاء	1
وهود	1
عجائبه	1
الاسفار	1
ينكل	1
ووارث	1
كالجواب	1
يتمنون	1
فاستدل	1
الجافي	1
أسماؤه	1
وأثبتها	1
مصون	1
صنفين	1
ينهاه	1
بالقدوم	1
وثلثين	1
يولج	1
مرجانة	1
وفيك	1
مرط	1
بالظفر	1
استيقن	1
والإقدام	1
علموه	1
وبقر	1
صحاحا	1
زانيا	1
ويكفيه	1
بزكاة	1
المهاجرات	1
وإيراد	1
وأقواله	1
غسلة	1
الميمنية	1
يترخص	1
ورواة	1
تميلة	1
الأحدية	1
وأرسلنا	1
أيامي	1
جهادا	1
والخشية	1
خفين	1
يقلبها	1
تنكشف	1
بإخلاص	1
أتأذن	1
بخطبة	1
وسموه	1
واختفى	1
ويستقر	1
الانصار	1
ربوي	1
لعيني	1
أكرمهم	1
لمجنون	1
نزد	1
أضغاث	1
المشاورة	1
يعرق	1
منتصب	1
ليصلح	1
قنطارا	1
بالتدريج	1
ألحقنا	1
مقوم	1
المطمئن	1
وكاف	1
ودعي	1
وتغريب	1
السواق	1
أذهبت	1
فليسلم	1
تكنى	1
بمرج	1
غرزة	1
تخال	1
يدني	1
ودك	1
بالعظم	1
يغشاها	1
مهور	1
بجنبه	1
أقطارها	1
يتلألأ	1
نجعلها	1
تأتني	1
لاحقون	1
والفراغ	1
للمهدي	1
كردوس	1
المنصوبة	1
وفعلوا	1
فنكاحها	1
النباش	1
الآبي	1
نكلت	1
شيزر	1
يقرضه	1
تجويزه	1
المدركة	1
واعتنى	1
وسرورا	1
برقا	1
الأسل	1
وأضحى	1
لغيري	1
معيد	1
فتنتهم	1
بالجوع	1
الأذل	1
بالسنن	1
والمنذر	1
والرازي	1
فناولته	1
أعزك	1
كردم	1
والنوادر	1
الأوزان	1
زفرة	1
كأنكم	1
والغدر	1
أقدامنا	1
ربيب	1
تبعك	1
والشقاق	1
والصبا	1
كالنار	1
محرابه	1
بالرزق	1
يقرء	1
وسميته	1
فأفاق	1
المرادة	1
التوأمة	1
إسباغ	1
اخوته	1
تفضيله	1
السنى	1
فيتخير	1
منسرح	1
غضبوا	1
عنانه	1
موتك	1
أعن	1
حروفا	1
أتل	1
فارتحل	1
عجمي	1
المفصلة	1
يكرمه	1
والنطق	1
فأعطيه	1
تخلفت	1
الزوزني	1
مروى	1
اليقينية	1
النقيع	1
البندار	1
والتنقيح	1
الحوطي	1
بمضمونها	1
آباءكم	1
أعينكم	1
فادعوه	1
توفيقي	1
بمصيبة	1
وقصرت	1
وقلوب	1
فأمسكوا	1
بإحرام	1
أمرائه	1
ويخير	1
يؤمل	1
نشدتك	1
محصنين	1
طرائف	1
بطحاء	1
الملي	1
اللحيين	1
ككرم	1
فأكلها	1
والأبناء	1
لحييه	1
فأصابت	1
يتعلمون	1
أبطلت	1
حذلم	1
فنفذ	1
فأضحى	1
للذنوب	1
يصفو	1
المفاوز	1
وأجدر	1
صغت	1
تراخى	1
أزلي	1
أجابهم	1
مكانهما	1
ييبس	1
مراعاته	1
فهارس	1
سمراء	1
إهداء	1
التنفير	1
والفيء	1
إقطاعه	1
عيوبه	1
يزري	1
حانت	1
والرحمن	1
فدق	1
ضاحك	1
أفعى	1
واشفع	1
وأرق	1
فاعتدوا	1
أردته	1
بجاه	1
يردهم	1
وجعلهما	1
للغرباء	1
يكمله	1
فالمعتبر	1
شبويه	1
يقاتلونكم	1
بحمدك	1
أمما	1
المئزر	1
فأعطي	1
صنائع	1
بسنته	1
التائبين	1
يريك	1
بأنوار	1
المزين	1
ويطلع	1
ويرشد	1
بالعصر	1
أموالها	1
والقبيح	1
يدعيها	1
مبيح	1
بالأيمان	1
إصلاحا	1
تدعه	1
والأنصاب	1
إعظاما	1
يبتغ	1
جناه	1
يرجعان	1
شهما	1
بلحارث	1
الوافية	1
الراجحة	1
وكلتا	1
والمحكم	1
للموصي	1
وتقديمه	1
بيعتي	1
يعب	1
فخفت	1
يركض	1
وتطيب	1
قادحا	1
بحده	1
فأتيناه	1
المرابط	1
ويخفف	1
بالركوب	1
أبيعك	1
ينتسبون	1
الأنكحة	1
ينافيها	1
والخطابة	1
بالتحديث	1
أخوهم	1
وعافني	1
مدارج	1
وخاله	1
فكلا	1
يغشاه	1
الاطعام	1
إعراضهم	1
صبغه	1
بلسانهم	1
أوعى	1
المستفيض	1
وسوس	1
والمرآة	1
كلمتان	1
فالمؤمن	1
الإجارات	1
بشروطه	1
وأصبهان	1
باختصاص	1
والصوفية	1
للتقية	1
غبراء	1
يطيعه	1
وليك	1
كلبة	1
خلقتك	1
بكران	1
نثرا	1
والمماليك	1
والسكران	1
لزوج	1
زق	1
دانق	1
الأبي	1
ططر	1
نوء	1
بالمن	1
اتبعني	1
يهتد	1
يسيء	1
طاعم	1
بثواب	1
وتروح	1
الميسور	1
وقوت	1
منعما	1
يصرع	1
طبقاتهم	1
الفرجة	1
ضممت	1
حكينا	1
ذكرناهما	1
الفتاوي	1
يئسوا	1
تلم	1
وإخوة	1
قوامين	1
ذيلها	1
انثنى	1
المسوح	1
اسقنا	1
ويسبح	1
والحنتم	1
فسقة	1
عجزهم	1
داوم	1
مجيئها	1
يلقوا	1
فيؤذن	1
ويتيمم	1
يكسى	1
والبينات	1
وعلومه	1
المتعارفة	1
كالبينة	1
للتقييد	1
بسيفي	1
يقلن	1
أطعت	1
مسخرات	1
لطاعته	1
وبصيرة	1
قبورا	1
وانصر	1
طافوا	1
